case,cycle,resetn,rd_start,wr_start,rd_busy,wr_busy,rd_err,wr_err,arvalid,arready,rvalid,rready,awvalid,awready,wvalid,wready,bvalid,bready,R,W,AR,AW,B,rd_state,wr_state,injections
E1_E3_RRESP_middle,4,1,0,0,0,0,0,0,0,0,0,0,0,0,0,0,0,0,x,x,x,x,x,0,0          0
E1_E3_RRESP_middle,5,1,0,0,0,0,0,0,0,1,0,0,0,1,0,1,0,0,x,x,x,x,x,0,0          0
E1_E3_RRESP_middle,6,1,1,0,0,0,0,0,0,1,0,0,0,1,0,1,0,0,0,0,0,0,0,0,0          0
E1_E3_RRESP_middle,7,1,0,0,1,0,0,0,0,1,0,0,0,1,0,1,0,0,0,0,0,0,0,1,0          0
E1_E3_RRESP_middle,8,1,0,0,1,0,0,0,1,1,0,0,0,1,0,1,0,0,0,0,1,0,0,2,0          0
E1_E3_RRESP_middle,9,1,0,0,1,0,0,0,0,0,1,1,0,1,0,1,0,0,1,0,1,0,0,3,0          0
E1_E3_RRESP_middle,10,1,0,0,1,0,0,0,0,0,1,1,0,1,0,1,0,0,2,0,1,0,0,3,0          0
E1_E3_RRESP_middle,11,1,0,0,1,0,0,0,0,0,1,1,0,1,0,1,0,0,3,0,1,0,0,3,0          0
E1_E3_RRESP_middle,12,1,0,0,1,0,0,0,0,0,1,1,0,1,0,1,0,0,4,0,1,0,0,3,0          0
E1_E3_RRESP_middle,13,1,0,0,1,0,0,0,0,0,1,1,0,1,0,1,0,0,5,0,1,0,0,3,0          0
E1_E3_RRESP_middle,14,1,0,0,1,0,0,0,0,0,1,1,0,1,0,1,0,0,6,0,1,0,0,3,0          0
E1_E3_RRESP_middle,15,1,0,0,1,0,0,0,0,0,1,1,0,1,0,1,0,0,7,0,1,0,0,3,0          0
E1_E3_RRESP_middle,16,1,0,0,1,0,0,0,0,0,1,1,0,1,0,1,0,0,8,0,1,0,0,3,0          0
E1_E3_RRESP_middle,17,1,0,0,1,0,0,0,0,0,1,1,0,1,0,1,0,0,9,0,1,0,0,3,0          0
E1_E3_RRESP_middle,18,1,0,0,1,0,0,0,0,0,1,1,0,1,0,1,0,0,10,0,1,0,0,3,0          0
E1_E3_RRESP_middle,19,1,0,0,1,0,0,0,0,0,1,1,0,1,0,1,0,0,11,0,1,0,0,3,0          0
E1_E3_RRESP_middle,20,1,0,0,1,0,0,0,0,0,1,1,0,1,0,1,0,0,12,0,1,0,0,3,0          0
E1_E3_RRESP_middle,21,1,0,0,1,0,0,0,0,0,1,1,0,1,0,1,0,0,13,0,1,0,0,3,0          0
E1_E3_RRESP_middle,22,1,0,0,1,0,0,0,0,0,1,1,0,1,0,1,0,0,14,0,1,0,0,3,0          0
E1_E3_RRESP_middle,23,1,0,0,1,0,0,0,0,0,1,1,0,1,0,1,0,0,15,0,1,0,0,3,0          0
E1_E3_RRESP_middle,24,1,0,0,1,0,0,0,0,0,1,1,0,1,0,1,0,0,16,0,1,0,0,3,0          0
E1_E3_RRESP_middle,25,1,0,0,1,0,0,0,0,1,0,0,0,1,0,1,0,0,16,0,1,0,0,1,0          0
E1_E3_RRESP_middle,26,1,0,0,1,0,0,0,1,1,0,0,0,1,0,1,0,0,16,0,2,0,0,2,0          0
E1_E3_RRESP_middle,27,1,0,0,1,0,0,0,0,0,1,1,0,1,0,1,0,0,17,0,2,0,0,3,0          0
E1_E3_RRESP_middle,28,1,0,0,1,0,0,0,0,0,1,1,0,1,0,1,0,0,18,0,2,0,0,3,0          0
E1_E3_RRESP_middle,29,1,0,0,1,0,0,0,0,0,1,1,0,1,0,1,0,0,19,0,2,0,0,3,0          0
E1_E3_RRESP_middle,30,1,0,0,1,0,0,0,0,0,1,1,0,1,0,1,0,0,20,0,2,0,0,3,0          0
E1_E3_RRESP_middle,31,1,0,0,1,0,0,0,0,0,1,1,0,1,0,1,0,0,21,0,2,0,0,3,0          1
E1_E3_RRESP_middle,32,1,0,0,1,0,1,0,0,0,1,1,0,1,0,1,0,0,22,0,2,0,0,3,0          1
E1_E3_RRESP_middle,33,1,0,0,1,0,1,0,0,0,1,1,0,1,0,1,0,0,23,0,2,0,0,3,0          1
E1_E3_RRESP_middle,34,1,0,0,1,0,1,0,0,0,1,1,0,1,0,1,0,0,24,0,2,0,0,3,0          1
E1_E3_RRESP_middle,35,1,0,0,1,0,1,0,0,0,1,1,0,1,0,1,0,0,25,0,2,0,0,3,0          1
E1_E3_RRESP_middle,36,1,0,0,1,0,1,0,0,0,1,1,0,1,0,1,0,0,26,0,2,0,0,3,0          1
E1_E3_RRESP_middle,37,1,0,0,1,0,1,0,0,0,1,1,0,1,0,1,0,0,27,0,2,0,0,3,0          1
E1_E3_RRESP_middle,38,1,0,0,1,0,1,0,0,0,1,1,0,1,0,1,0,0,28,0,2,0,0,3,0          1
E1_E3_RRESP_middle,39,1,0,0,1,0,1,0,0,0,1,1,0,1,0,1,0,0,29,0,2,0,0,3,0          1
E1_E3_RRESP_middle,40,1,0,0,1,0,1,0,0,0,1,1,0,1,0,1,0,0,30,0,2,0,0,3,0          1
E1_E3_RRESP_middle,41,1,0,0,1,0,1,0,0,0,1,1,0,1,0,1,0,0,31,0,2,0,0,3,0          1
E1_E3_RRESP_middle,42,1,0,0,1,0,1,0,0,0,1,1,0,1,0,1,0,0,32,0,2,0,0,3,0          1
E1_E3_RRESP_middle,43,1,0,0,1,0,1,0,0,1,0,0,0,1,0,1,0,0,32,0,2,0,0,1,0          1
E1_E3_RRESP_middle,44,1,0,0,1,0,1,0,1,1,0,0,0,1,0,1,0,0,32,0,3,0,0,2,0          1
E1_E3_RRESP_middle,45,1,0,0,1,0,1,0,0,0,1,1,0,1,0,1,0,0,33,0,3,0,0,3,0          1
E1_E3_RRESP_middle,46,1,0,0,1,0,1,0,0,0,1,1,0,1,0,1,0,0,34,0,3,0,0,3,0          1
E1_E3_RRESP_middle,47,1,0,0,1,0,1,0,0,0,1,1,0,1,0,1,0,0,35,0,3,0,0,3,0          1
E1_E3_RRESP_middle,48,1,0,0,1,0,1,0,0,0,1,1,0,1,0,1,0,0,36,0,3,0,0,3,0          1
E1_E3_RRESP_middle,49,1,0,0,1,0,1,0,0,0,1,1,0,1,0,1,0,0,37,0,3,0,0,3,0          1
E1_E3_RRESP_middle,50,1,0,0,1,0,1,0,0,0,1,1,0,1,0,1,0,0,38,0,3,0,0,3,0          1
E1_E3_RRESP_middle,51,1,0,0,1,0,1,0,0,0,1,1,0,1,0,1,0,0,39,0,3,0,0,3,0          1
E1_E3_RRESP_middle,52,1,0,0,1,0,1,0,0,0,1,1,0,1,0,1,0,0,40,0,3,0,0,3,0          1
E1_E3_RRESP_middle,53,1,0,0,1,0,1,0,0,0,1,1,0,1,0,1,0,0,41,0,3,0,0,3,0          1
E1_E3_RRESP_middle,54,1,0,0,1,0,1,0,0,0,1,1,0,1,0,1,0,0,42,0,3,0,0,3,0          1
E1_E3_RRESP_middle,55,1,0,0,1,0,1,0,0,0,1,1,0,1,0,1,0,0,43,0,3,0,0,3,0          1
E1_E3_RRESP_middle,56,1,0,0,1,0,1,0,0,0,1,1,0,1,0,1,0,0,44,0,3,0,0,3,0          1
E1_E3_RRESP_middle,57,1,0,0,1,0,1,0,0,0,1,1,0,1,0,1,0,0,45,0,3,0,0,3,0          1
E1_E3_RRESP_middle,58,1,0,0,1,0,1,0,0,0,1,1,0,1,0,1,0,0,46,0,3,0,0,3,0          1
E1_E3_RRESP_middle,59,1,0,0,1,0,1,0,0,0,1,1,0,1,0,1,0,0,47,0,3,0,0,3,0          1
E1_E3_RRESP_middle,60,1,0,0,1,0,1,0,0,0,1,1,0,1,0,1,0,0,48,0,3,0,0,3,0          1
E1_E3_RRESP_middle,61,1,0,0,0,0,1,0,0,1,0,0,0,1,0,1,0,0,48,0,3,0,0,0,0          1
E1_E3_RRESP_middle,62,1,0,0,0,0,1,0,0,1,0,0,0,1,0,1,0,0,48,0,3,0,0,0,0          1
E1_E3_RRESP_middle,63,1,0,0,0,0,1,0,0,1,0,0,0,1,0,1,0,0,48,0,3,0,0,0,0          1
E1_E3_RRESP_middle,64,1,0,0,0,0,1,0,0,1,0,0,0,1,0,1,0,0,48,0,3,0,0,0,0          1
E1_E3_RRESP_middle,65,1,0,0,0,0,1,0,0,1,0,0,0,1,0,1,0,0,48,0,3,0,0,0,0          1
E1_E3_RRESP_middle,66,1,1,0,0,0,1,0,0,1,0,0,0,1,0,1,0,0,0,0,0,0,0,0,0          1
E1_E3_RRESP_middle,67,1,0,0,1,0,0,0,0,1,0,0,0,1,0,1,0,0,0,0,0,0,0,1,0          1
E1_E3_RRESP_middle,68,1,0,0,1,0,0,0,1,1,0,0,0,1,0,1,0,0,0,0,1,0,0,2,0          1
E1_E3_RRESP_middle,69,1,0,0,1,0,0,0,0,0,1,1,0,1,0,1,0,0,1,0,1,0,0,3,0          1
E1_E3_RRESP_middle,70,1,0,0,0,0,0,0,0,1,0,0,0,1,0,1,0,0,1,0,1,0,0,0,0          1
E1_E3_RRESP_middle,71,1,0,0,0,0,0,0,0,1,0,0,0,1,0,1,0,0,1,0,1,0,0,0,0          1
E1_E3_RRESP_middle,72,1,0,0,0,0,0,0,0,1,0,0,0,1,0,1,0,0,1,0,1,0,0,0,0          1
E1_E3_RRESP_middle,73,1,0,0,0,0,0,0,0,1,0,0,0,1,0,1,0,0,1,0,1,0,0,0,0          1
E1_E3_RRESP_middle,74,1,0,0,0,0,0,0,0,1,0,0,0,1,0,1,0,0,1,0,1,0,0,0,0          1
E2_E3_RID_middle,77,1,0,0,0,0,0,0,0,0,0,0,0,0,0,0,0,0,1,0,1,0,0,0,0          1
E2_E3_RID_middle,78,1,0,0,0,0,0,0,0,1,0,0,0,1,0,1,0,0,1,0,1,0,0,0,0          1
E2_E3_RID_middle,79,1,1,0,0,0,0,0,0,1,0,0,0,1,0,1,0,0,0,0,0,0,0,0,0          1
E2_E3_RID_middle,80,1,0,0,1,0,0,0,0,1,0,0,0,1,0,1,0,0,0,0,0,0,0,1,0          1
E2_E3_RID_middle,81,1,0,0,1,0,0,0,1,1,0,0,0,1,0,1,0,0,0,0,1,0,0,2,0          1
E2_E3_RID_middle,82,1,0,0,1,0,0,0,0,0,1,1,0,1,0,1,0,0,1,0,1,0,0,3,0          1
E2_E3_RID_middle,83,1,0,0,1,0,0,0,0,0,1,1,0,1,0,1,0,0,2,0,1,0,0,3,0          1
E2_E3_RID_middle,84,1,0,0,1,0,0,0,0,0,1,1,0,1,0,1,0,0,3,0,1,0,0,3,0          1
E2_E3_RID_middle,85,1,0,0,1,0,0,0,0,0,1,1,0,1,0,1,0,0,4,0,1,0,0,3,0          1
E2_E3_RID_middle,86,1,0,0,1,0,0,0,0,0,1,1,0,1,0,1,0,0,5,0,1,0,0,3,0          1
E2_E3_RID_middle,87,1,0,0,1,0,0,0,0,0,1,1,0,1,0,1,0,0,6,0,1,0,0,3,0          1
E2_E3_RID_middle,88,1,0,0,1,0,0,0,0,0,1,1,0,1,0,1,0,0,7,0,1,0,0,3,0          1
E2_E3_RID_middle,89,1,0,0,1,0,0,0,0,0,1,1,0,1,0,1,0,0,8,0,1,0,0,3,0          1
E2_E3_RID_middle,90,1,0,0,1,0,0,0,0,0,1,1,0,1,0,1,0,0,9,0,1,0,0,3,0          1
E2_E3_RID_middle,91,1,0,0,1,0,0,0,0,0,1,1,0,1,0,1,0,0,10,0,1,0,0,3,0          1
E2_E3_RID_middle,92,1,0,0,1,0,0,0,0,0,1,1,0,1,0,1,0,0,11,0,1,0,0,3,0          1
E2_E3_RID_middle,93,1,0,0,1,0,0,0,0,0,1,1,0,1,0,1,0,0,12,0,1,0,0,3,0          1
E2_E3_RID_middle,94,1,0,0,1,0,0,0,0,0,1,1,0,1,0,1,0,0,13,0,1,0,0,3,0          1
E2_E3_RID_middle,95,1,0,0,1,0,0,0,0,0,1,1,0,1,0,1,0,0,14,0,1,0,0,3,0          1
E2_E3_RID_middle,96,1,0,0,1,0,0,0,0,0,1,1,0,1,0,1,0,0,15,0,1,0,0,3,0          1
E2_E3_RID_middle,97,1,0,0,1,0,0,0,0,0,1,1,0,1,0,1,0,0,16,0,1,0,0,3,0          1
E2_E3_RID_middle,98,1,0,0,1,0,0,0,0,1,0,0,0,1,0,1,0,0,16,0,1,0,0,1,0          1
E2_E3_RID_middle,99,1,0,0,1,0,0,0,1,1,0,0,0,1,0,1,0,0,16,0,2,0,0,2,0          1
E2_E3_RID_middle,100,1,0,0,1,0,0,0,0,0,1,1,0,1,0,1,0,0,17,0,2,0,0,3,0          2
E2_E3_RID_middle,101,1,0,0,1,0,1,0,0,0,1,1,0,1,0,1,0,0,18,0,2,0,0,3,0          2
E2_E3_RID_middle,102,1,0,0,1,0,1,0,0,0,1,1,0,1,0,1,0,0,19,0,2,0,0,3,0          2
E2_E3_RID_middle,103,1,0,0,1,0,1,0,0,0,1,1,0,1,0,1,0,0,20,0,2,0,0,3,0          2
E2_E3_RID_middle,104,1,0,0,1,0,1,0,0,0,1,1,0,1,0,1,0,0,21,0,2,0,0,3,0          2
E2_E3_RID_middle,105,1,0,0,1,0,1,0,0,0,1,1,0,1,0,1,0,0,22,0,2,0,0,3,0          2
E2_E3_RID_middle,106,1,0,0,1,0,1,0,0,0,1,1,0,1,0,1,0,0,23,0,2,0,0,3,0          2
E2_E3_RID_middle,107,1,0,0,1,0,1,0,0,0,1,1,0,1,0,1,0,0,24,0,2,0,0,3,0          2
E2_E3_RID_middle,108,1,0,0,1,0,1,0,0,0,1,1,0,1,0,1,0,0,25,0,2,0,0,3,0          2
E2_E3_RID_middle,109,1,0,0,1,0,1,0,0,0,1,1,0,1,0,1,0,0,26,0,2,0,0,3,0          2
E2_E3_RID_middle,110,1,0,0,1,0,1,0,0,0,1,1,0,1,0,1,0,0,27,0,2,0,0,3,0          2
E2_E3_RID_middle,111,1,0,0,1,0,1,0,0,0,1,1,0,1,0,1,0,0,28,0,2,0,0,3,0          2
E2_E3_RID_middle,112,1,0,0,1,0,1,0,0,0,1,1,0,1,0,1,0,0,29,0,2,0,0,3,0          2
E2_E3_RID_middle,113,1,0,0,1,0,1,0,0,0,1,1,0,1,0,1,0,0,30,0,2,0,0,3,0          2
E2_E3_RID_middle,114,1,0,0,1,0,1,0,0,0,1,1,0,1,0,1,0,0,31,0,2,0,0,3,0          2
E2_E3_RID_middle,115,1,0,0,1,0,1,0,0,0,1,1,0,1,0,1,0,0,32,0,2,0,0,3,0          2
E2_E3_RID_middle,116,1,0,0,1,0,1,0,0,1,0,0,0,1,0,1,0,0,32,0,2,0,0,1,0          2
E2_E3_RID_middle,117,1,0,0,1,0,1,0,1,1,0,0,0,1,0,1,0,0,32,0,3,0,0,2,0          2
E2_E3_RID_middle,118,1,0,0,1,0,1,0,0,0,1,1,0,1,0,1,0,0,33,0,3,0,0,3,0          2
E2_E3_RID_middle,119,1,0,0,1,0,1,0,0,0,1,1,0,1,0,1,0,0,34,0,3,0,0,3,0          2
E2_E3_RID_middle,120,1,0,0,1,0,1,0,0,0,1,1,0,1,0,1,0,0,35,0,3,0,0,3,0          2
E2_E3_RID_middle,121,1,0,0,1,0,1,0,0,0,1,1,0,1,0,1,0,0,36,0,3,0,0,3,0          2
E2_E3_RID_middle,122,1,0,0,1,0,1,0,0,0,1,1,0,1,0,1,0,0,37,0,3,0,0,3,0          2
E2_E3_RID_middle,123,1,0,0,1,0,1,0,0,0,1,1,0,1,0,1,0,0,38,0,3,0,0,3,0          2
E2_E3_RID_middle,124,1,0,0,1,0,1,0,0,0,1,1,0,1,0,1,0,0,39,0,3,0,0,3,0          2
E2_E3_RID_middle,125,1,0,0,1,0,1,0,0,0,1,1,0,1,0,1,0,0,40,0,3,0,0,3,0          2
E2_E3_RID_middle,126,1,0,0,1,0,1,0,0,0,1,1,0,1,0,1,0,0,41,0,3,0,0,3,0          2
E2_E3_RID_middle,127,1,0,0,1,0,1,0,0,0,1,1,0,1,0,1,0,0,42,0,3,0,0,3,0          2
E2_E3_RID_middle,128,1,0,0,1,0,1,0,0,0,1,1,0,1,0,1,0,0,43,0,3,0,0,3,0          2
E2_E3_RID_middle,129,1,0,0,1,0,1,0,0,0,1,1,0,1,0,1,0,0,44,0,3,0,0,3,0          2
E2_E3_RID_middle,130,1,0,0,1,0,1,0,0,0,1,1,0,1,0,1,0,0,45,0,3,0,0,3,0          2
E2_E3_RID_middle,131,1,0,0,1,0,1,0,0,0,1,1,0,1,0,1,0,0,46,0,3,0,0,3,0          2
E2_E3_RID_middle,132,1,0,0,1,0,1,0,0,0,1,1,0,1,0,1,0,0,47,0,3,0,0,3,0          2
E2_E3_RID_middle,133,1,0,0,1,0,1,0,0,0,1,1,0,1,0,1,0,0,48,0,3,0,0,3,0          2
E2_E3_RID_middle,134,1,0,0,0,0,1,0,0,1,0,0,0,1,0,1,0,0,48,0,3,0,0,0,0          2
E2_E3_RID_middle,135,1,0,0,0,0,1,0,0,1,0,0,0,1,0,1,0,0,48,0,3,0,0,0,0          2
E2_E3_RID_middle,136,1,0,0,0,0,1,0,0,1,0,0,0,1,0,1,0,0,48,0,3,0,0,0,0          2
E2_E3_RID_middle,137,1,0,0,0,0,1,0,0,1,0,0,0,1,0,1,0,0,48,0,3,0,0,0,0          2
E2_E3_RID_middle,138,1,0,0,0,0,1,0,0,1,0,0,0,1,0,1,0,0,48,0,3,0,0,0,0          2
E2_E3_RID_middle,139,1,1,0,0,0,1,0,0,1,0,0,0,1,0,1,0,0,0,0,0,0,0,0,0          2
E2_E3_RID_middle,140,1,0,0,1,0,0,0,0,1,0,0,0,1,0,1,0,0,0,0,0,0,0,1,0          2
E2_E3_RID_middle,141,1,0,0,1,0,0,0,1,1,0,0,0,1,0,1,0,0,0,0,1,0,0,2,0          2
E2_E3_RID_middle,142,1,0,0,1,0,0,0,0,0,1,1,0,1,0,1,0,0,1,0,1,0,0,3,0          2
E2_E3_RID_middle,143,1,0,0,0,0,0,0,0,1,0,0,0,1,0,1,0,0,1,0,1,0,0,0,0          2
E2_E3_RID_middle,144,1,0,0,0,0,0,0,0,1,0,0,0,1,0,1,0,0,1,0,1,0,0,0,0          2
E2_E3_RID_middle,145,1,0,0,0,0,0,0,0,1,0,0,0,1,0,1,0,0,1,0,1,0,0,0,0          2
E2_E3_RID_middle,146,1,0,0,0,0,0,0,0,1,0,0,0,1,0,1,0,0,1,0,1,0,0,0,0          2
E2_E3_RID_middle,147,1,0,0,0,0,0,0,0,1,0,0,0,1,0,1,0,0,1,0,1,0,0,0,0          2
E4_BRESP_middle,150,1,0,0,0,0,0,0,0,0,0,0,0,0,0,0,0,0,1,0,1,0,0,0,0          2
E4_BRESP_middle,151,1,0,0,0,0,0,0,0,1,0,0,0,1,0,1,0,0,1,0,1,0,0,0,0          2
E4_BRESP_middle,152,1,0,1,0,0,0,0,0,1,0,0,0,1,0,1,0,0,0,0,0,0,0,0,0          2
E4_BRESP_middle,153,1,0,0,0,1,0,0,0,1,0,0,0,1,0,1,0,0,0,0,0,0,0,0,1          2
E4_BRESP_middle,154,1,0,0,0,1,0,0,0,1,0,0,1,1,1,1,0,0,0,1,0,1,0,0,2          2
E4_BRESP_middle,155,1,0,0,0,1,0,0,0,1,0,0,0,0,1,1,0,0,0,2,0,1,0,0,2          2
E4_BRESP_middle,156,1,0,0,0,1,0,0,0,1,0,0,0,0,1,1,0,0,0,3,0,1,0,0,2          2
E4_BRESP_middle,157,1,0,0,0,1,0,0,0,1,0,0,0,0,1,1,0,0,0,4,0,1,0,0,2          2
E4_BRESP_middle,158,1,0,0,0,1,0,0,0,1,0,0,0,0,1,1,0,0,0,5,0,1,0,0,2          2
E4_BRESP_middle,159,1,0,0,0,1,0,0,0,1,0,0,0,0,1,1,0,0,0,6,0,1,0,0,2          2
E4_BRESP_middle,160,1,0,0,0,1,0,0,0,1,0,0,0,0,1,1,0,0,0,7,0,1,0,0,2          2
E4_BRESP_middle,161,1,0,0,0,1,0,0,0,1,0,0,0,0,1,1,0,0,0,8,0,1,0,0,2          2
E4_BRESP_middle,162,1,0,0,0,1,0,0,0,1,0,0,0,0,1,1,0,0,0,9,0,1,0,0,2          2
E4_BRESP_middle,163,1,0,0,0,1,0,0,0,1,0,0,0,0,1,1,0,0,0,10,0,1,0,0,2          2
E4_BRESP_middle,164,1,0,0,0,1,0,0,0,1,0,0,0,0,1,1,0,0,0,11,0,1,0,0,2          2
E4_BRESP_middle,165,1,0,0,0,1,0,0,0,1,0,0,0,0,1,1,0,0,0,12,0,1,0,0,2          2
E4_BRESP_middle,166,1,0,0,0,1,0,0,0,1,0,0,0,0,1,1,0,0,0,13,0,1,0,0,2          2
E4_BRESP_middle,167,1,0,0,0,1,0,0,0,1,0,0,0,0,1,1,0,0,0,14,0,1,0,0,2          2
E4_BRESP_middle,168,1,0,0,0,1,0,0,0,1,0,0,0,0,1,1,0,0,0,15,0,1,0,0,2          2
E4_BRESP_middle,169,1,0,0,0,1,0,0,0,1,0,0,0,0,1,1,0,0,0,16,0,1,0,0,2          2
E4_BRESP_middle,170,1,0,0,0,1,0,0,0,1,0,0,0,0,0,0,1,1,0,16,0,1,1,0,3          2
E4_BRESP_middle,171,1,0,0,0,1,0,0,0,1,0,0,0,1,0,0,0,0,0,16,0,1,1,0,1          2
E4_BRESP_middle,172,1,0,0,0,1,0,0,0,1,0,0,1,1,1,1,0,0,0,17,0,2,1,0,2          2
E4_BRESP_middle,173,1,0,0,0,1,0,0,0,1,0,0,0,0,1,1,0,0,0,18,0,2,1,0,2          2
E4_BRESP_middle,174,1,0,0,0,1,0,0,0,1,0,0,0,0,1,1,0,0,0,19,0,2,1,0,2          2
E4_BRESP_middle,175,1,0,0,0,1,0,0,0,1,0,0,0,0,1,1,0,0,0,20,0,2,1,0,2          2
E4_BRESP_middle,176,1,0,0,0,1,0,0,0,1,0,0,0,0,1,1,0,0,0,21,0,2,1,0,2          2
E4_BRESP_middle,177,1,0,0,0,1,0,0,0,1,0,0,0,0,1,1,0,0,0,22,0,2,1,0,2          2
E4_BRESP_middle,178,1,0,0,0,1,0,0,0,1,0,0,0,0,1,1,0,0,0,23,0,2,1,0,2          2
E4_BRESP_middle,179,1,0,0,0,1,0,0,0,1,0,0,0,0,1,1,0,0,0,24,0,2,1,0,2          2
E4_BRESP_middle,180,1,0,0,0,1,0,0,0,1,0,0,0,0,1,1,0,0,0,25,0,2,1,0,2          2
E4_BRESP_middle,181,1,0,0,0,1,0,0,0,1,0,0,0,0,1,1,0,0,0,26,0,2,1,0,2          2
E4_BRESP_middle,182,1,0,0,0,1,0,0,0,1,0,0,0,0,1,1,0,0,0,27,0,2,1,0,2          2
E4_BRESP_middle,183,1,0,0,0,1,0,0,0,1,0,0,0,0,1,1,0,0,0,28,0,2,1,0,2          2
E4_BRESP_middle,184,1,0,0,0,1,0,0,0,1,0,0,0,0,1,1,0,0,0,29,0,2,1,0,2          2
E4_BRESP_middle,185,1,0,0,0,1,0,0,0,1,0,0,0,0,1,1,0,0,0,30,0,2,1,0,2          2
E4_BRESP_middle,186,1,0,0,0,1,0,0,0,1,0,0,0,0,1,1,0,0,0,31,0,2,1,0,2          2
E4_BRESP_middle,187,1,0,0,0,1,0,0,0,1,0,0,0,0,1,1,0,0,0,32,0,2,1,0,2          2
E4_BRESP_middle,188,1,0,0,0,1,0,0,0,1,0,0,0,0,0,0,1,1,0,32,0,2,2,0,3          3
E4_BRESP_middle,189,1,0,0,0,1,0,1,0,1,0,0,0,1,0,0,0,0,0,32,0,2,2,0,1          3
E4_BRESP_middle,190,1,0,0,0,1,0,1,0,1,0,0,1,1,1,1,0,0,0,33,0,3,2,0,2          3
E4_BRESP_middle,191,1,0,0,0,1,0,1,0,1,0,0,0,0,1,1,0,0,0,34,0,3,2,0,2          3
E4_BRESP_middle,192,1,0,0,0,1,0,1,0,1,0,0,0,0,1,1,0,0,0,35,0,3,2,0,2          3
E4_BRESP_middle,193,1,0,0,0,1,0,1,0,1,0,0,0,0,1,1,0,0,0,36,0,3,2,0,2          3
E4_BRESP_middle,194,1,0,0,0,1,0,1,0,1,0,0,0,0,1,1,0,0,0,37,0,3,2,0,2          3
E4_BRESP_middle,195,1,0,0,0,1,0,1,0,1,0,0,0,0,1,1,0,0,0,38,0,3,2,0,2          3
E4_BRESP_middle,196,1,0,0,0,1,0,1,0,1,0,0,0,0,1,1,0,0,0,39,0,3,2,0,2          3
E4_BRESP_middle,197,1,0,0,0,1,0,1,0,1,0,0,0,0,1,1,0,0,0,40,0,3,2,0,2          3
E4_BRESP_middle,198,1,0,0,0,1,0,1,0,1,0,0,0,0,1,1,0,0,0,41,0,3,2,0,2          3
E4_BRESP_middle,199,1,0,0,0,1,0,1,0,1,0,0,0,0,1,1,0,0,0,42,0,3,2,0,2          3
E4_BRESP_middle,200,1,0,0,0,1,0,1,0,1,0,0,0,0,1,1,0,0,0,43,0,3,2,0,2          3
E4_BRESP_middle,201,1,0,0,0,1,0,1,0,1,0,0,0,0,1,1,0,0,0,44,0,3,2,0,2          3
E4_BRESP_middle,202,1,0,0,0,1,0,1,0,1,0,0,0,0,1,1,0,0,0,45,0,3,2,0,2          3
E4_BRESP_middle,203,1,0,0,0,1,0,1,0,1,0,0,0,0,1,1,0,0,0,46,0,3,2,0,2          3
E4_BRESP_middle,204,1,0,0,0,1,0,1,0,1,0,0,0,0,1,1,0,0,0,47,0,3,2,0,2          3
E4_BRESP_middle,205,1,0,0,0,1,0,1,0,1,0,0,0,0,1,1,0,0,0,48,0,3,2,0,2          3
E4_BRESP_middle,206,1,0,0,0,1,0,1,0,1,0,0,0,0,0,0,1,1,0,48,0,3,3,0,3          3
E4_BRESP_middle,207,1,0,0,0,0,0,1,0,1,0,0,0,1,0,0,0,0,0,48,0,3,3,0,0          3
E4_BRESP_middle,208,1,1,0,0,0,0,1,0,1,0,0,0,1,0,1,0,0,0,48,0,3,3,0,0          3
E4_BRESP_middle,209,1,0,0,1,0,0,1,0,1,0,0,0,1,0,1,0,0,0,48,0,3,3,1,0          3
E4_BRESP_middle,210,1,0,0,1,0,0,1,1,1,0,0,0,1,0,1,0,0,0,48,1,3,3,2,0          3
E4_BRESP_middle,211,1,0,0,1,0,0,1,0,0,1,1,0,1,0,1,0,0,1,48,1,3,3,3,0          3
E4_BRESP_middle,212,1,0,0,1,0,0,1,0,0,1,1,0,1,0,1,0,0,2,48,1,3,3,3,0          3
E4_BRESP_middle,213,1,0,0,1,0,0,1,0,0,1,1,0,1,0,1,0,0,3,48,1,3,3,3,0          3
E4_BRESP_middle,214,1,0,0,1,0,0,1,0,0,1,1,0,1,0,1,0,0,4,48,1,3,3,3,0          3
E4_BRESP_middle,215,1,0,0,1,0,0,1,0,0,1,1,0,1,0,1,0,0,5,48,1,3,3,3,0          3
E4_BRESP_middle,216,1,0,0,1,0,0,1,0,0,1,1,0,1,0,1,0,0,6,48,1,3,3,3,0          3
E4_BRESP_middle,217,1,0,0,1,0,0,1,0,0,1,1,0,1,0,1,0,0,7,48,1,3,3,3,0          3
E4_BRESP_middle,218,1,0,0,1,0,0,1,0,0,1,1,0,1,0,1,0,0,8,48,1,3,3,3,0          3
E4_BRESP_middle,219,1,0,0,1,0,0,1,0,0,1,1,0,1,0,1,0,0,9,48,1,3,3,3,0          3
E4_BRESP_middle,220,1,0,0,1,0,0,1,0,0,1,1,0,1,0,1,0,0,10,48,1,3,3,3,0          3
E4_BRESP_middle,221,1,0,0,1,0,0,1,0,0,1,1,0,1,0,1,0,0,11,48,1,3,3,3,0          3
E4_BRESP_middle,222,1,0,0,1,0,0,1,0,0,1,1,0,1,0,1,0,0,12,48,1,3,3,3,0          3
E4_BRESP_middle,223,1,0,0,1,0,0,1,0,0,1,1,0,1,0,1,0,0,13,48,1,3,3,3,0          3
E4_BRESP_middle,224,1,0,0,1,0,0,1,0,0,1,1,0,1,0,1,0,0,14,48,1,3,3,3,0          3
E4_BRESP_middle,225,1,0,0,1,0,0,1,0,0,1,1,0,1,0,1,0,0,15,48,1,3,3,3,0          3
E4_BRESP_middle,226,1,0,0,1,0,0,1,0,0,1,1,0,1,0,1,0,0,16,48,1,3,3,3,0          3
E4_BRESP_middle,227,1,0,0,1,0,0,1,0,1,0,0,0,1,0,1,0,0,16,48,1,3,3,1,0          3
E4_BRESP_middle,228,1,0,0,1,0,0,1,1,1,0,0,0,1,0,1,0,0,16,48,2,3,3,2,0          3
E4_BRESP_middle,229,1,0,0,1,0,0,1,0,0,1,1,0,1,0,1,0,0,17,48,2,3,3,3,0          3
E4_BRESP_middle,230,1,0,0,1,0,0,1,0,0,1,1,0,1,0,1,0,0,18,48,2,3,3,3,0          3
E4_BRESP_middle,231,1,0,0,1,0,0,1,0,0,1,1,0,1,0,1,0,0,19,48,2,3,3,3,0          3
E4_BRESP_middle,232,1,0,0,1,0,0,1,0,0,1,1,0,1,0,1,0,0,20,48,2,3,3,3,0          3
E4_BRESP_middle,233,1,0,0,1,0,0,1,0,0,1,1,0,1,0,1,0,0,21,48,2,3,3,3,0          3
E4_BRESP_middle,234,1,0,0,1,0,0,1,0,0,1,1,0,1,0,1,0,0,22,48,2,3,3,3,0          3
E4_BRESP_middle,235,1,0,0,1,0,0,1,0,0,1,1,0,1,0,1,0,0,23,48,2,3,3,3,0          3
E4_BRESP_middle,236,1,0,0,1,0,0,1,0,0,1,1,0,1,0,1,0,0,24,48,2,3,3,3,0          3
E4_BRESP_middle,237,1,0,0,1,0,0,1,0,0,1,1,0,1,0,1,0,0,25,48,2,3,3,3,0          3
E4_BRESP_middle,238,1,0,0,1,0,0,1,0,0,1,1,0,1,0,1,0,0,26,48,2,3,3,3,0          3
E4_BRESP_middle,239,1,0,0,1,0,0,1,0,0,1,1,0,1,0,1,0,0,27,48,2,3,3,3,0          3
E4_BRESP_middle,240,1,0,0,1,0,0,1,0,0,1,1,0,1,0,1,0,0,28,48,2,3,3,3,0          3
E4_BRESP_middle,241,1,0,0,1,0,0,1,0,0,1,1,0,1,0,1,0,0,29,48,2,3,3,3,0          3
E4_BRESP_middle,242,1,0,0,1,0,0,1,0,0,1,1,0,1,0,1,0,0,30,48,2,3,3,3,0          3
E4_BRESP_middle,243,1,0,0,1,0,0,1,0,0,1,1,0,1,0,1,0,0,31,48,2,3,3,3,0          3
E4_BRESP_middle,244,1,0,0,1,0,0,1,0,0,1,1,0,1,0,1,0,0,32,48,2,3,3,3,0          3
E4_BRESP_middle,245,1,0,0,1,0,0,1,0,1,0,0,0,1,0,1,0,0,32,48,2,3,3,1,0          3
E4_BRESP_middle,246,1,0,0,1,0,0,1,1,1,0,0,0,1,0,1,0,0,32,48,3,3,3,2,0          3
E4_BRESP_middle,247,1,0,0,1,0,0,1,0,0,1,1,0,1,0,1,0,0,33,48,3,3,3,3,0          3
E4_BRESP_middle,248,1,0,0,1,0,0,1,0,0,1,1,0,1,0,1,0,0,34,48,3,3,3,3,0          3
E4_BRESP_middle,249,1,0,0,1,0,0,1,0,0,1,1,0,1,0,1,0,0,35,48,3,3,3,3,0          3
E4_BRESP_middle,250,1,0,0,1,0,0,1,0,0,1,1,0,1,0,1,0,0,36,48,3,3,3,3,0          3
E4_BRESP_middle,251,1,0,0,1,0,0,1,0,0,1,1,0,1,0,1,0,0,37,48,3,3,3,3,0          3
E4_BRESP_middle,252,1,0,0,1,0,0,1,0,0,1,1,0,1,0,1,0,0,38,48,3,3,3,3,0          3
E4_BRESP_middle,253,1,0,0,1,0,0,1,0,0,1,1,0,1,0,1,0,0,39,48,3,3,3,3,0          3
E4_BRESP_middle,254,1,0,0,1,0,0,1,0,0,1,1,0,1,0,1,0,0,40,48,3,3,3,3,0          3
E4_BRESP_middle,255,1,0,0,1,0,0,1,0,0,1,1,0,1,0,1,0,0,41,48,3,3,3,3,0          3
E4_BRESP_middle,256,1,0,0,1,0,0,1,0,0,1,1,0,1,0,1,0,0,42,48,3,3,3,3,0          3
E4_BRESP_middle,257,1,0,0,1,0,0,1,0,0,1,1,0,1,0,1,0,0,43,48,3,3,3,3,0          3
E4_BRESP_middle,258,1,0,0,1,0,0,1,0,0,1,1,0,1,0,1,0,0,44,48,3,3,3,3,0          3
E4_BRESP_middle,259,1,0,0,1,0,0,1,0,0,1,1,0,1,0,1,0,0,45,48,3,3,3,3,0          3
E4_BRESP_middle,260,1,0,0,1,0,0,1,0,0,1,1,0,1,0,1,0,0,46,48,3,3,3,3,0          3
E4_BRESP_middle,261,1,0,0,1,0,0,1,0,0,1,1,0,1,0,1,0,0,47,48,3,3,3,3,0          3
E4_BRESP_middle,262,1,0,0,1,0,0,1,0,0,1,1,0,1,0,1,0,0,48,48,3,3,3,3,0          3
E4_BRESP_middle,263,1,0,0,0,0,0,1,0,1,0,0,0,1,0,1,0,0,48,48,3,3,3,0,0          3
E4_BRESP_middle,264,1,0,0,0,0,0,1,0,1,0,0,0,1,0,1,0,0,48,48,3,3,3,0,0          3
E4_BRESP_middle,265,1,0,0,0,0,0,1,0,1,0,0,0,1,0,1,0,0,48,48,3,3,3,0,0          3
E4_BRESP_middle,266,1,0,0,0,0,0,1,0,1,0,0,0,1,0,1,0,0,48,48,3,3,3,0,0          3
E4_BRESP_middle,267,1,0,0,0,0,0,1,0,1,0,0,0,1,0,1,0,0,48,48,3,3,3,0,0          3
E4_BRESP_middle,268,1,0,1,0,0,0,1,0,1,0,0,0,1,0,1,0,0,48,0,3,0,0,0,0          3
E4_BRESP_middle,269,1,0,0,0,1,0,0,0,1,0,0,0,1,0,1,0,0,48,0,3,0,0,0,1          3
E4_BRESP_middle,270,1,0,0,0,1,0,0,0,1,0,0,1,1,1,1,0,0,48,1,3,1,0,0,2          3
E4_BRESP_middle,271,1,0,0,0,1,0,0,0,1,0,0,0,0,0,1,1,1,48,1,3,1,1,0,3          3
E4_BRESP_middle,272,1,0,0,0,0,0,0,0,1,0,0,0,1,0,0,0,0,48,1,3,1,1,0,0          3
E4_BRESP_middle,273,1,0,0,0,0,0,0,0,1,0,0,0,1,0,1,0,0,48,1,3,1,1,0,0          3
E4_BRESP_middle,274,1,0,0,0,0,0,0,0,1,0,0,0,1,0,1,0,0,48,1,3,1,1,0,0          3
E4_BRESP_middle,275,1,0,0,0,0,0,0,0,1,0,0,0,1,0,1,0,0,48,1,3,1,1,0,0          3
E4_BRESP_middle,276,1,0,0,0,0,0,0,0,1,0,0,0,1,0,1,0,0,48,1,3,1,1,0,0          3
E4_BID_middle,279,1,0,0,0,0,0,0,0,0,0,0,0,0,0,0,0,0,48,1,3,1,1,0,0          3
E4_BID_middle,280,1,0,0,0,0,0,0,0,1,0,0,0,1,0,1,0,0,48,1,3,1,1,0,0          3
E4_BID_middle,281,1,0,1,0,0,0,0,0,1,0,0,0,1,0,1,0,0,0,0,0,0,0,0,0          3
E4_BID_middle,282,1,0,0,0,1,0,0,0,1,0,0,0,1,0,1,0,0,0,0,0,0,0,0,1          3
E4_BID_middle,283,1,0,0,0,1,0,0,0,1,0,0,1,1,1,1,0,0,0,1,0,1,0,0,2          3
E4_BID_middle,284,1,0,0,0,1,0,0,0,1,0,0,0,0,1,1,0,0,0,2,0,1,0,0,2          3
E4_BID_middle,285,1,0,0,0,1,0,0,0,1,0,0,0,0,1,1,0,0,0,3,0,1,0,0,2          3
E4_BID_middle,286,1,0,0,0,1,0,0,0,1,0,0,0,0,1,1,0,0,0,4,0,1,0,0,2          3
E4_BID_middle,287,1,0,0,0,1,0,0,0,1,0,0,0,0,1,1,0,0,0,5,0,1,0,0,2          3
E4_BID_middle,288,1,0,0,0,1,0,0,0,1,0,0,0,0,1,1,0,0,0,6,0,1,0,0,2          3
E4_BID_middle,289,1,0,0,0,1,0,0,0,1,0,0,0,0,1,1,0,0,0,7,0,1,0,0,2          3
E4_BID_middle,290,1,0,0,0,1,0,0,0,1,0,0,0,0,1,1,0,0,0,8,0,1,0,0,2          3
E4_BID_middle,291,1,0,0,0,1,0,0,0,1,0,0,0,0,1,1,0,0,0,9,0,1,0,0,2          3
E4_BID_middle,292,1,0,0,0,1,0,0,0,1,0,0,0,0,1,1,0,0,0,10,0,1,0,0,2          3
E4_BID_middle,293,1,0,0,0,1,0,0,0,1,0,0,0,0,1,1,0,0,0,11,0,1,0,0,2          3
E4_BID_middle,294,1,0,0,0,1,0,0,0,1,0,0,0,0,1,1,0,0,0,12,0,1,0,0,2          3
E4_BID_middle,295,1,0,0,0,1,0,0,0,1,0,0,0,0,1,1,0,0,0,13,0,1,0,0,2          3
E4_BID_middle,296,1,0,0,0,1,0,0,0,1,0,0,0,0,1,1,0,0,0,14,0,1,0,0,2          3
E4_BID_middle,297,1,0,0,0,1,0,0,0,1,0,0,0,0,1,1,0,0,0,15,0,1,0,0,2          3
E4_BID_middle,298,1,0,0,0,1,0,0,0,1,0,0,0,0,1,1,0,0,0,16,0,1,0,0,2          3
E4_BID_middle,299,1,0,0,0,1,0,0,0,1,0,0,0,0,0,0,1,1,0,16,0,1,1,0,3          3
E4_BID_middle,300,1,0,0,0,1,0,0,0,1,0,0,0,1,0,0,0,0,0,16,0,1,1,0,1          3
E4_BID_middle,301,1,0,0,0,1,0,0,0,1,0,0,1,1,1,1,0,0,0,17,0,2,1,0,2          3
E4_BID_middle,302,1,0,0,0,1,0,0,0,1,0,0,0,0,1,1,0,0,0,18,0,2,1,0,2          3
E4_BID_middle,303,1,0,0,0,1,0,0,0,1,0,0,0,0,1,1,0,0,0,19,0,2,1,0,2          3
E4_BID_middle,304,1,0,0,0,1,0,0,0,1,0,0,0,0,1,1,0,0,0,20,0,2,1,0,2          3
E4_BID_middle,305,1,0,0,0,1,0,0,0,1,0,0,0,0,1,1,0,0,0,21,0,2,1,0,2          3
E4_BID_middle,306,1,0,0,0,1,0,0,0,1,0,0,0,0,1,1,0,0,0,22,0,2,1,0,2          3
E4_BID_middle,307,1,0,0,0,1,0,0,0,1,0,0,0,0,1,1,0,0,0,23,0,2,1,0,2          3
E4_BID_middle,308,1,0,0,0,1,0,0,0,1,0,0,0,0,1,1,0,0,0,24,0,2,1,0,2          3
E4_BID_middle,309,1,0,0,0,1,0,0,0,1,0,0,0,0,1,1,0,0,0,25,0,2,1,0,2          3
E4_BID_middle,310,1,0,0,0,1,0,0,0,1,0,0,0,0,1,1,0,0,0,26,0,2,1,0,2          3
E4_BID_middle,311,1,0,0,0,1,0,0,0,1,0,0,0,0,1,1,0,0,0,27,0,2,1,0,2          3
E4_BID_middle,312,1,0,0,0,1,0,0,0,1,0,0,0,0,1,1,0,0,0,28,0,2,1,0,2          3
E4_BID_middle,313,1,0,0,0,1,0,0,0,1,0,0,0,0,1,1,0,0,0,29,0,2,1,0,2          3
E4_BID_middle,314,1,0,0,0,1,0,0,0,1,0,0,0,0,1,1,0,0,0,30,0,2,1,0,2          3
E4_BID_middle,315,1,0,0,0,1,0,0,0,1,0,0,0,0,1,1,0,0,0,31,0,2,1,0,2          3
E4_BID_middle,316,1,0,0,0,1,0,0,0,1,0,0,0,0,1,1,0,0,0,32,0,2,1,0,2          3
E4_BID_middle,317,1,0,0,0,1,0,0,0,1,0,0,0,0,0,0,1,1,0,32,0,2,2,0,3          4
E4_BID_middle,318,1,0,0,0,1,0,1,0,1,0,0,0,1,0,0,0,0,0,32,0,2,2,0,1          4
E4_BID_middle,319,1,0,0,0,1,0,1,0,1,0,0,1,1,1,1,0,0,0,33,0,3,2,0,2          4
E4_BID_middle,320,1,0,0,0,1,0,1,0,1,0,0,0,0,1,1,0,0,0,34,0,3,2,0,2          4
E4_BID_middle,321,1,0,0,0,1,0,1,0,1,0,0,0,0,1,1,0,0,0,35,0,3,2,0,2          4
E4_BID_middle,322,1,0,0,0,1,0,1,0,1,0,0,0,0,1,1,0,0,0,36,0,3,2,0,2          4
E4_BID_middle,323,1,0,0,0,1,0,1,0,1,0,0,0,0,1,1,0,0,0,37,0,3,2,0,2          4
E4_BID_middle,324,1,0,0,0,1,0,1,0,1,0,0,0,0,1,1,0,0,0,38,0,3,2,0,2          4
E4_BID_middle,325,1,0,0,0,1,0,1,0,1,0,0,0,0,1,1,0,0,0,39,0,3,2,0,2          4
E4_BID_middle,326,1,0,0,0,1,0,1,0,1,0,0,0,0,1,1,0,0,0,40,0,3,2,0,2          4
E4_BID_middle,327,1,0,0,0,1,0,1,0,1,0,0,0,0,1,1,0,0,0,41,0,3,2,0,2          4
E4_BID_middle,328,1,0,0,0,1,0,1,0,1,0,0,0,0,1,1,0,0,0,42,0,3,2,0,2          4
E4_BID_middle,329,1,0,0,0,1,0,1,0,1,0,0,0,0,1,1,0,0,0,43,0,3,2,0,2          4
E4_BID_middle,330,1,0,0,0,1,0,1,0,1,0,0,0,0,1,1,0,0,0,44,0,3,2,0,2          4
E4_BID_middle,331,1,0,0,0,1,0,1,0,1,0,0,0,0,1,1,0,0,0,45,0,3,2,0,2          4
E4_BID_middle,332,1,0,0,0,1,0,1,0,1,0,0,0,0,1,1,0,0,0,46,0,3,2,0,2          4
E4_BID_middle,333,1,0,0,0,1,0,1,0,1,0,0,0,0,1,1,0,0,0,47,0,3,2,0,2          4
E4_BID_middle,334,1,0,0,0,1,0,1,0,1,0,0,0,0,1,1,0,0,0,48,0,3,2,0,2          4
E4_BID_middle,335,1,0,0,0,1,0,1,0,1,0,0,0,0,0,0,1,1,0,48,0,3,3,0,3          4
E4_BID_middle,336,1,0,0,0,0,0,1,0,1,0,0,0,1,0,0,0,0,0,48,0,3,3,0,0          4
E4_BID_middle,337,1,1,0,0,0,0,1,0,1,0,0,0,1,0,1,0,0,0,48,0,3,3,0,0          4
E4_BID_middle,338,1,0,0,1,0,0,1,0,1,0,0,0,1,0,1,0,0,0,48,0,3,3,1,0          4
E4_BID_middle,339,1,0,0,1,0,0,1,1,1,0,0,0,1,0,1,0,0,0,48,1,3,3,2,0          4
E4_BID_middle,340,1,0,0,1,0,0,1,0,0,1,1,0,1,0,1,0,0,1,48,1,3,3,3,0          4
E4_BID_middle,341,1,0,0,1,0,0,1,0,0,1,1,0,1,0,1,0,0,2,48,1,3,3,3,0          4
E4_BID_middle,342,1,0,0,1,0,0,1,0,0,1,1,0,1,0,1,0,0,3,48,1,3,3,3,0          4
E4_BID_middle,343,1,0,0,1,0,0,1,0,0,1,1,0,1,0,1,0,0,4,48,1,3,3,3,0          4
E4_BID_middle,344,1,0,0,1,0,0,1,0,0,1,1,0,1,0,1,0,0,5,48,1,3,3,3,0          4
E4_BID_middle,345,1,0,0,1,0,0,1,0,0,1,1,0,1,0,1,0,0,6,48,1,3,3,3,0          4
E4_BID_middle,346,1,0,0,1,0,0,1,0,0,1,1,0,1,0,1,0,0,7,48,1,3,3,3,0          4
E4_BID_middle,347,1,0,0,1,0,0,1,0,0,1,1,0,1,0,1,0,0,8,48,1,3,3,3,0          4
E4_BID_middle,348,1,0,0,1,0,0,1,0,0,1,1,0,1,0,1,0,0,9,48,1,3,3,3,0          4
E4_BID_middle,349,1,0,0,1,0,0,1,0,0,1,1,0,1,0,1,0,0,10,48,1,3,3,3,0          4
E4_BID_middle,350,1,0,0,1,0,0,1,0,0,1,1,0,1,0,1,0,0,11,48,1,3,3,3,0          4
E4_BID_middle,351,1,0,0,1,0,0,1,0,0,1,1,0,1,0,1,0,0,12,48,1,3,3,3,0          4
E4_BID_middle,352,1,0,0,1,0,0,1,0,0,1,1,0,1,0,1,0,0,13,48,1,3,3,3,0          4
E4_BID_middle,353,1,0,0,1,0,0,1,0,0,1,1,0,1,0,1,0,0,14,48,1,3,3,3,0          4
E4_BID_middle,354,1,0,0,1,0,0,1,0,0,1,1,0,1,0,1,0,0,15,48,1,3,3,3,0          4
E4_BID_middle,355,1,0,0,1,0,0,1,0,0,1,1,0,1,0,1,0,0,16,48,1,3,3,3,0          4
E4_BID_middle,356,1,0,0,1,0,0,1,0,1,0,0,0,1,0,1,0,0,16,48,1,3,3,1,0          4
E4_BID_middle,357,1,0,0,1,0,0,1,1,1,0,0,0,1,0,1,0,0,16,48,2,3,3,2,0          4
E4_BID_middle,358,1,0,0,1,0,0,1,0,0,1,1,0,1,0,1,0,0,17,48,2,3,3,3,0          4
E4_BID_middle,359,1,0,0,1,0,0,1,0,0,1,1,0,1,0,1,0,0,18,48,2,3,3,3,0          4
E4_BID_middle,360,1,0,0,1,0,0,1,0,0,1,1,0,1,0,1,0,0,19,48,2,3,3,3,0          4
E4_BID_middle,361,1,0,0,1,0,0,1,0,0,1,1,0,1,0,1,0,0,20,48,2,3,3,3,0          4
E4_BID_middle,362,1,0,0,1,0,0,1,0,0,1,1,0,1,0,1,0,0,21,48,2,3,3,3,0          4
E4_BID_middle,363,1,0,0,1,0,0,1,0,0,1,1,0,1,0,1,0,0,22,48,2,3,3,3,0          4
E4_BID_middle,364,1,0,0,1,0,0,1,0,0,1,1,0,1,0,1,0,0,23,48,2,3,3,3,0          4
E4_BID_middle,365,1,0,0,1,0,0,1,0,0,1,1,0,1,0,1,0,0,24,48,2,3,3,3,0          4
E4_BID_middle,366,1,0,0,1,0,0,1,0,0,1,1,0,1,0,1,0,0,25,48,2,3,3,3,0          4
E4_BID_middle,367,1,0,0,1,0,0,1,0,0,1,1,0,1,0,1,0,0,26,48,2,3,3,3,0          4
E4_BID_middle,368,1,0,0,1,0,0,1,0,0,1,1,0,1,0,1,0,0,27,48,2,3,3,3,0          4
E4_BID_middle,369,1,0,0,1,0,0,1,0,0,1,1,0,1,0,1,0,0,28,48,2,3,3,3,0          4
E4_BID_middle,370,1,0,0,1,0,0,1,0,0,1,1,0,1,0,1,0,0,29,48,2,3,3,3,0          4
E4_BID_middle,371,1,0,0,1,0,0,1,0,0,1,1,0,1,0,1,0,0,30,48,2,3,3,3,0          4
E4_BID_middle,372,1,0,0,1,0,0,1,0,0,1,1,0,1,0,1,0,0,31,48,2,3,3,3,0          4
E4_BID_middle,373,1,0,0,1,0,0,1,0,0,1,1,0,1,0,1,0,0,32,48,2,3,3,3,0          4
E4_BID_middle,374,1,0,0,1,0,0,1,0,1,0,0,0,1,0,1,0,0,32,48,2,3,3,1,0          4
E4_BID_middle,375,1,0,0,1,0,0,1,1,1,0,0,0,1,0,1,0,0,32,48,3,3,3,2,0          4
E4_BID_middle,376,1,0,0,1,0,0,1,0,0,1,1,0,1,0,1,0,0,33,48,3,3,3,3,0          4
E4_BID_middle,377,1,0,0,1,0,0,1,0,0,1,1,0,1,0,1,0,0,34,48,3,3,3,3,0          4
E4_BID_middle,378,1,0,0,1,0,0,1,0,0,1,1,0,1,0,1,0,0,35,48,3,3,3,3,0          4
E4_BID_middle,379,1,0,0,1,0,0,1,0,0,1,1,0,1,0,1,0,0,36,48,3,3,3,3,0          4
E4_BID_middle,380,1,0,0,1,0,0,1,0,0,1,1,0,1,0,1,0,0,37,48,3,3,3,3,0          4
E4_BID_middle,381,1,0,0,1,0,0,1,0,0,1,1,0,1,0,1,0,0,38,48,3,3,3,3,0          4
E4_BID_middle,382,1,0,0,1,0,0,1,0,0,1,1,0,1,0,1,0,0,39,48,3,3,3,3,0          4
E4_BID_middle,383,1,0,0,1,0,0,1,0,0,1,1,0,1,0,1,0,0,40,48,3,3,3,3,0          4
E4_BID_middle,384,1,0,0,1,0,0,1,0,0,1,1,0,1,0,1,0,0,41,48,3,3,3,3,0          4
E4_BID_middle,385,1,0,0,1,0,0,1,0,0,1,1,0,1,0,1,0,0,42,48,3,3,3,3,0          4
E4_BID_middle,386,1,0,0,1,0,0,1,0,0,1,1,0,1,0,1,0,0,43,48,3,3,3,3,0          4
E4_BID_middle,387,1,0,0,1,0,0,1,0,0,1,1,0,1,0,1,0,0,44,48,3,3,3,3,0          4
E4_BID_middle,388,1,0,0,1,0,0,1,0,0,1,1,0,1,0,1,0,0,45,48,3,3,3,3,0          4
E4_BID_middle,389,1,0,0,1,0,0,1,0,0,1,1,0,1,0,1,0,0,46,48,3,3,3,3,0          4
E4_BID_middle,390,1,0,0,1,0,0,1,0,0,1,1,0,1,0,1,0,0,47,48,3,3,3,3,0          4
E4_BID_middle,391,1,0,0,1,0,0,1,0,0,1,1,0,1,0,1,0,0,48,48,3,3,3,3,0          4
E4_BID_middle,392,1,0,0,0,0,0,1,0,1,0,0,0,1,0,1,0,0,48,48,3,3,3,0,0          4
E4_BID_middle,393,1,0,0,0,0,0,1,0,1,0,0,0,1,0,1,0,0,48,48,3,3,3,0,0          4
E4_BID_middle,394,1,0,0,0,0,0,1,0,1,0,0,0,1,0,1,0,0,48,48,3,3,3,0,0          4
E4_BID_middle,395,1,0,0,0,0,0,1,0,1,0,0,0,1,0,1,0,0,48,48,3,3,3,0,0          4
E4_BID_middle,396,1,0,0,0,0,0,1,0,1,0,0,0,1,0,1,0,0,48,48,3,3,3,0,0          4
E4_BID_middle,397,1,0,1,0,0,0,1,0,1,0,0,0,1,0,1,0,0,48,0,3,0,0,0,0          4
E4_BID_middle,398,1,0,0,0,1,0,0,0,1,0,0,0,1,0,1,0,0,48,0,3,0,0,0,1          4
E4_BID_middle,399,1,0,0,0,1,0,0,0,1,0,0,1,1,1,1,0,0,48,1,3,1,0,0,2          4
E4_BID_middle,400,1,0,0,0,1,0,0,0,1,0,0,0,0,0,1,1,1,48,1,3,1,1,0,3          4
E4_BID_middle,401,1,0,0,0,0,0,0,0,1,0,0,0,1,0,0,0,0,48,1,3,1,1,0,0          4
E4_BID_middle,402,1,0,0,0,0,0,0,0,1,0,0,0,1,0,1,0,0,48,1,3,1,1,0,0          4
E4_BID_middle,403,1,0,0,0,0,0,0,0,1,0,0,0,1,0,1,0,0,48,1,3,1,1,0,0          4
E4_BID_middle,404,1,0,0,0,0,0,0,0,1,0,0,0,1,0,1,0,0,48,1,3,1,1,0,0          4
E4_BID_middle,405,1,0,0,0,0,0,0,0,1,0,0,0,1,0,1,0,0,48,1,3,1,1,0,0          4
E6_zero_length,408,1,0,0,0,0,0,0,0,0,0,0,0,0,0,0,0,0,48,1,3,1,1,0,0          4
E6_zero_length,409,1,0,0,0,0,0,0,0,1,0,0,0,1,0,1,0,0,48,1,3,1,1,0,0          4
E6_zero_length,410,1,1,1,0,0,0,0,0,1,0,0,0,1,0,1,0,0,0,0,0,0,0,0,0          4
E6_zero_length,411,1,0,0,1,1,0,0,0,1,0,0,0,1,0,1,0,0,0,0,0,0,0,1,1          4
E6_zero_length,412,1,0,0,0,0,1,1,0,1,0,0,0,1,0,1,0,0,0,0,0,0,0,0,0          4
E6_zero_length,413,1,0,0,0,0,1,1,0,1,0,0,0,1,0,1,0,0,0,0,0,0,0,0,0          4
E6_zero_length,414,1,0,0,0,0,1,1,0,1,0,0,0,1,0,1,0,0,0,0,0,0,0,0,0          4
E6_zero_length,415,1,0,0,0,0,1,1,0,1,0,0,0,1,0,1,0,0,0,0,0,0,0,0,0          4
E6_zero_length,416,1,0,0,0,0,1,1,0,1,0,0,0,1,0,1,0,0,0,0,0,0,0,0,0          4
E6_unaligned_address,419,1,0,0,0,0,0,0,0,0,0,0,0,0,0,0,0,0,0,0,0,0,0,0,0          4
E6_unaligned_address,420,1,0,0,0,0,0,0,0,1,0,0,0,1,0,1,0,0,0,0,0,0,0,0,0          4
E6_unaligned_address,421,1,1,1,0,0,0,0,0,1,0,0,0,1,0,1,0,0,0,0,0,0,0,0,0          4
E6_unaligned_address,422,1,0,0,1,1,0,0,0,1,0,0,0,1,0,1,0,0,0,0,0,0,0,1,1          4
E6_unaligned_address,423,1,0,0,0,0,1,1,0,1,0,0,0,1,0,1,0,0,0,0,0,0,0,0,0          4
E6_unaligned_address,424,1,0,0,0,0,1,1,0,1,0,0,0,1,0,1,0,0,0,0,0,0,0,0,0          4
E6_unaligned_address,425,1,0,0,0,0,1,1,0,1,0,0,0,1,0,1,0,0,0,0,0,0,0,0,0          4
E6_unaligned_address,426,1,0,0,0,0,1,1,0,1,0,0,0,1,0,1,0,0,0,0,0,0,0,0,0          4
E6_unaligned_address,427,1,0,0,0,0,1,1,0,1,0,0,0,1,0,1,0,0,0,0,0,0,0,0,0          4
E6_unaligned_length,430,1,0,0,0,0,0,0,0,0,0,0,0,0,0,0,0,0,0,0,0,0,0,0,0          4
E6_unaligned_length,431,1,0,0,0,0,0,0,0,1,0,0,0,1,0,1,0,0,0,0,0,0,0,0,0          4
E6_unaligned_length,432,1,1,1,0,0,0,0,0,1,0,0,0,1,0,1,0,0,0,0,0,0,0,0,0          4
E6_unaligned_length,433,1,0,0,1,1,0,0,0,1,0,0,0,1,0,1,0,0,0,0,0,0,0,1,1          4
E6_unaligned_length,434,1,0,0,0,0,1,1,0,1,0,0,0,1,0,1,0,0,0,0,0,0,0,0,0          4
E6_unaligned_length,435,1,0,0,0,0,1,1,0,1,0,0,0,1,0,1,0,0,0,0,0,0,0,0,0          4
E6_unaligned_length,436,1,0,0,0,0,1,1,0,1,0,0,0,1,0,1,0,0,0,0,0,0,0,0,0          4
E6_unaligned_length,437,1,0,0,0,0,1,1,0,1,0,0,0,1,0,1,0,0,0,0,0,0,0,0,0          4
E6_unaligned_length,438,1,0,0,0,0,1,1,0,1,0,0,0,1,0,1,0,0,0,0,0,0,0,0,0          4
E6_address_overflow,441,1,0,0,0,0,0,0,0,0,0,0,0,0,0,0,0,0,0,0,0,0,0,0,0          4
E6_address_overflow,442,1,0,0,0,0,0,0,0,1,0,0,0,1,0,1,0,0,0,0,0,0,0,0,0          4
E6_address_overflow,443,1,1,1,0,0,0,0,0,1,0,0,0,1,0,1,0,0,0,0,0,0,0,0,0          4
E6_address_overflow,444,1,0,0,1,1,0,0,0,1,0,0,0,1,0,1,0,0,0,0,0,0,0,1,1          4
E6_address_overflow,445,1,0,0,0,0,1,1,0,1,0,0,0,1,0,1,0,0,0,0,0,0,0,0,0          4
E6_address_overflow,446,1,0,0,0,0,1,1,0,1,0,0,0,1,0,1,0,0,0,0,0,0,0,0,0          4
E6_address_overflow,447,1,0,0,0,0,1,1,0,1,0,0,0,1,0,1,0,0,0,0,0,0,0,0,0          4
E6_address_overflow,448,1,0,0,0,0,1,1,0,1,0,0,0,1,0,1,0,0,0,0,0,0,0,0,0          4
E6_address_overflow,449,1,0,0,0,0,1,1,0,1,0,0,0,1,0,1,0,0,0,0,0,0,0,0,0          4
E6_end_exactly_2pow32_is_valid,452,1,0,0,0,0,0,0,0,0,0,0,0,0,0,0,0,0,0,0,0,0,0,0,0          4
E6_end_exactly_2pow32_is_valid,453,1,0,0,0,0,0,0,0,1,0,0,0,1,0,1,0,0,0,0,0,0,0,0,0          4
E6_end_exactly_2pow32_is_valid,454,1,1,1,0,0,0,0,0,1,0,0,0,1,0,1,0,0,0,0,0,0,0,0,0          4
E6_end_exactly_2pow32_is_valid,455,1,0,0,1,1,0,0,0,1,0,0,0,1,0,1,0,0,0,0,0,0,0,1,1          4
E6_end_exactly_2pow32_is_valid,456,1,0,0,1,1,0,0,1,1,0,0,1,1,1,1,0,0,0,1,1,1,0,2,2          4
E6_end_exactly_2pow32_is_valid,457,1,0,0,1,1,0,0,0,0,1,1,0,0,0,1,1,1,1,1,1,1,1,3,3          4
E8_clean_W_finishes_first,458,1,0,0,0,0,0,0,0,1,0,0,0,1,0,0,0,0,1,1,1,1,1,0,0          4
E8_clean_W_finishes_first,461,1,0,0,0,0,0,0,0,0,0,0,0,0,0,0,0,0,1,1,1,1,1,0,0          4
E8_clean_W_finishes_first,462,1,0,0,0,0,0,0,0,1,0,0,0,1,0,1,0,0,1,1,1,1,1,0,0          4
E8_clean_W_finishes_first,463,1,1,1,0,0,0,0,0,1,0,0,0,1,0,1,0,0,0,0,0,0,0,0,0          4
E8_clean_W_finishes_first,464,1,0,0,1,1,0,0,0,1,0,0,0,1,0,1,0,0,0,0,0,0,0,1,1          4
E8_clean_W_finishes_first,465,1,0,0,1,1,0,0,1,1,0,0,1,1,1,1,0,0,0,1,1,1,0,2,2          4
E8_clean_W_finishes_first,466,1,0,0,1,1,0,0,0,0,1,1,0,0,1,1,0,0,1,2,1,1,0,3,2          4
E8_clean_W_finishes_first,467,1,0,0,1,1,0,0,0,0,1,1,0,0,1,1,0,0,2,3,1,1,0,3,2          4
E8_clean_W_finishes_first,468,1,0,0,1,1,0,0,0,0,1,1,0,0,0,1,1,1,3,3,1,1,1,3,3          4
E8_clean_W_finishes_first,469,1,0,0,1,0,0,0,0,0,1,1,0,1,0,0,0,0,4,3,1,1,1,3,0          4
E8_clean_W_finishes_first,470,1,0,0,1,0,0,0,0,0,1,1,0,1,0,1,0,0,5,3,1,1,1,3,0          4
E8_clean_W_finishes_first,471,1,0,0,1,0,0,0,0,0,1,1,0,1,0,1,0,0,6,3,1,1,1,3,0          4
E8_clean_W_finishes_first,472,1,0,0,1,0,0,0,0,0,1,1,0,1,0,1,0,0,7,3,1,1,1,3,0          4
E8_clean_W_finishes_first,473,1,0,0,1,0,0,0,0,0,1,1,0,1,0,1,0,0,8,3,1,1,1,3,0          4
E8_clean_W_finishes_first,474,1,0,0,1,0,0,0,0,0,1,1,0,1,0,1,0,0,9,3,1,1,1,3,0          4
E8_clean_W_finishes_first,475,1,0,0,1,0,0,0,0,0,1,1,0,1,0,1,0,0,10,3,1,1,1,3,0          4
E8_clean_W_finishes_first,476,1,0,0,1,0,0,0,0,0,1,1,0,1,0,1,0,0,11,3,1,1,1,3,0          4
E8_clean_W_finishes_first,477,1,0,0,1,0,0,0,0,0,1,1,0,1,0,1,0,0,12,3,1,1,1,3,0          4
E8_clean_W_finishes_first,478,1,0,0,1,0,0,0,0,0,1,1,0,1,0,1,0,0,13,3,1,1,1,3,0          4
E8_clean_W_finishes_first,479,1,0,0,1,0,0,0,0,0,1,1,0,1,0,1,0,0,14,3,1,1,1,3,0          4
E8_clean_W_finishes_first,480,1,0,0,1,0,0,0,0,0,1,1,0,1,0,1,0,0,15,3,1,1,1,3,0          4
E8_clean_W_finishes_first,481,1,0,0,1,0,0,0,0,0,1,1,0,1,0,1,0,0,16,3,1,1,1,3,0          4
E8_clean_W_finishes_first,482,1,0,0,1,0,0,0,0,1,0,0,0,1,0,1,0,0,16,3,1,1,1,1,0          4
E8_clean_W_finishes_first,483,1,0,0,1,0,0,0,1,1,0,0,0,1,0,1,0,0,16,3,2,1,1,2,0          4
E8_clean_W_finishes_first,484,1,0,0,1,0,0,0,0,0,1,1,0,1,0,1,0,0,17,3,2,1,1,3,0          4
E8_clean_W_finishes_first,485,1,0,0,1,0,0,0,0,0,1,1,0,1,0,1,0,0,18,3,2,1,1,3,0          4
E8_clean_W_finishes_first,486,1,0,0,1,0,0,0,0,0,1,1,0,1,0,1,0,0,19,3,2,1,1,3,0          4
E8_clean_W_finishes_first,487,1,0,0,1,0,0,0,0,0,1,1,0,1,0,1,0,0,20,3,2,1,1,3,0          4
E8_clean_W_finishes_first,488,1,0,0,1,0,0,0,0,0,1,1,0,1,0,1,0,0,21,3,2,1,1,3,0          4
E8_clean_W_finishes_first,489,1,0,0,1,0,0,0,0,0,1,1,0,1,0,1,0,0,22,3,2,1,1,3,0          4
E8_clean_W_finishes_first,490,1,0,0,1,0,0,0,0,0,1,1,0,1,0,1,0,0,23,3,2,1,1,3,0          4
E8_clean_W_finishes_first,491,1,0,0,1,0,0,0,0,0,1,1,0,1,0,1,0,0,24,3,2,1,1,3,0          4
E8_clean_W_finishes_first,492,1,0,0,1,0,0,0,0,0,1,1,0,1,0,1,0,0,25,3,2,1,1,3,0          4
E8_clean_W_finishes_first,493,1,0,0,1,0,0,0,0,0,1,1,0,1,0,1,0,0,26,3,2,1,1,3,0          4
E8_clean_W_finishes_first,494,1,0,0,1,0,0,0,0,0,1,1,0,1,0,1,0,0,27,3,2,1,1,3,0          4
E8_clean_W_finishes_first,495,1,0,0,1,0,0,0,0,0,1,1,0,1,0,1,0,0,28,3,2,1,1,3,0          4
E8_clean_W_finishes_first,496,1,0,0,1,0,0,0,0,0,1,1,0,1,0,1,0,0,29,3,2,1,1,3,0          4
E8_clean_W_finishes_first,497,1,0,0,1,0,0,0,0,0,1,1,0,1,0,1,0,0,30,3,2,1,1,3,0          4
E8_clean_W_finishes_first,498,1,0,0,1,0,0,0,0,0,1,1,0,1,0,1,0,0,31,3,2,1,1,3,0          4
E8_clean_W_finishes_first,499,1,0,0,1,0,0,0,0,0,1,1,0,1,0,1,0,0,32,3,2,1,1,3,0          4
E8_clean_W_finishes_first,500,1,0,0,1,0,0,0,0,1,0,0,0,1,0,1,0,0,32,3,2,1,1,1,0          4
E8_clean_W_finishes_first,501,1,0,0,1,0,0,0,1,1,0,0,0,1,0,1,0,0,32,3,3,1,1,2,0          4
E8_clean_W_finishes_first,502,1,0,0,1,0,0,0,0,0,1,1,0,1,0,1,0,0,33,3,3,1,1,3,0          4
E8_clean_W_finishes_first,503,1,0,0,1,0,0,0,0,0,1,1,0,1,0,1,0,0,34,3,3,1,1,3,0          4
E8_clean_W_finishes_first,504,1,0,0,1,0,0,0,0,0,1,1,0,1,0,1,0,0,35,3,3,1,1,3,0          4
E8_clean_W_finishes_first,505,1,0,0,1,0,0,0,0,0,1,1,0,1,0,1,0,0,36,3,3,1,1,3,0          4
E8_clean_W_finishes_first,506,1,0,0,1,0,0,0,0,0,1,1,0,1,0,1,0,0,37,3,3,1,1,3,0          4
E8_clean_W_finishes_first,507,1,0,0,1,0,0,0,0,0,1,1,0,1,0,1,0,0,38,3,3,1,1,3,0          4
E8_clean_W_finishes_first,508,1,0,0,1,0,0,0,0,0,1,1,0,1,0,1,0,0,39,3,3,1,1,3,0          4
E8_clean_W_finishes_first,509,1,0,0,1,0,0,0,0,0,1,1,0,1,0,1,0,0,40,3,3,1,1,3,0          4
E8_clean_W_finishes_first,510,1,0,0,1,0,0,0,0,0,1,1,0,1,0,1,0,0,41,3,3,1,1,3,0          4
E8_clean_W_finishes_first,511,1,0,0,1,0,0,0,0,0,1,1,0,1,0,1,0,0,42,3,3,1,1,3,0          4
E8_clean_W_finishes_first,512,1,0,0,1,0,0,0,0,0,1,1,0,1,0,1,0,0,43,3,3,1,1,3,0          4
E8_clean_W_finishes_first,513,1,0,0,1,0,0,0,0,0,1,1,0,1,0,1,0,0,44,3,3,1,1,3,0          4
E8_clean_W_finishes_first,514,1,0,0,1,0,0,0,0,0,1,1,0,1,0,1,0,0,45,3,3,1,1,3,0          4
E8_clean_W_finishes_first,515,1,0,0,1,0,0,0,0,0,1,1,0,1,0,1,0,0,46,3,3,1,1,3,0          4
E8_clean_W_finishes_first,516,1,0,0,1,0,0,0,0,0,1,1,0,1,0,1,0,0,47,3,3,1,1,3,0          4
E8_clean_W_finishes_first,517,1,0,0,1,0,0,0,0,0,1,1,0,1,0,1,0,0,48,3,3,1,1,3,0          4
E8_clean_W_finishes_first,518,1,0,0,0,0,0,0,0,1,0,0,0,1,0,1,0,0,0,3,0,1,1,0,0          4
E8_clean_W_finishes_first,519,1,1,0,0,0,0,0,0,1,0,0,0,1,0,1,0,0,0,3,0,1,1,0,0          4
E8_clean_W_finishes_first,520,1,0,0,1,0,0,0,0,1,0,0,0,1,0,1,0,0,0,3,0,1,1,1,0          4
E8_clean_W_finishes_first,521,1,0,0,1,0,0,0,1,1,0,0,0,1,0,1,0,0,0,3,1,1,1,2,0          4
E8_clean_W_finishes_first,522,1,0,0,1,0,0,0,0,0,1,1,0,1,0,1,0,0,1,3,1,1,1,3,0          4
E8_clean_W_finishes_first,523,1,0,0,1,0,0,0,0,0,1,1,0,1,0,1,0,0,2,3,1,1,1,3,0          4
E8_clean_W_finishes_first,524,1,0,0,1,0,0,0,0,0,1,1,0,1,0,1,0,0,3,3,1,1,1,3,0          4
E8_R_error_R_finishes_first,525,1,0,0,0,0,0,0,0,1,0,0,0,1,0,1,0,0,3,3,1,1,1,0,0          4
E8_R_error_R_finishes_first,528,1,0,0,0,0,0,0,0,0,0,0,0,0,0,0,0,0,3,3,1,1,1,0,0          4
E8_R_error_R_finishes_first,529,1,0,0,0,0,0,0,0,1,0,0,0,1,0,1,0,0,3,3,1,1,1,0,0          4
E8_R_error_R_finishes_first,530,1,1,1,0,0,0,0,0,1,0,0,0,1,0,1,0,0,0,0,0,0,0,0,0          4
E8_R_error_R_finishes_first,531,1,0,0,1,1,0,0,0,1,0,0,0,1,0,1,0,0,0,0,0,0,0,1,1          4
E8_R_error_R_finishes_first,532,1,0,0,1,1,0,0,1,1,0,0,1,1,1,1,0,0,0,1,1,1,0,2,2          4
E8_R_error_R_finishes_first,533,1,0,0,1,1,0,0,0,0,1,1,0,0,1,1,0,0,1,2,1,1,0,3,2          4
E8_R_error_R_finishes_first,534,1,0,0,1,1,0,0,0,0,1,1,0,0,1,1,0,0,2,3,1,1,0,3,2          4
E8_R_error_R_finishes_first,535,1,0,0,1,1,0,0,0,0,1,1,0,0,0,1,0,1,3,3,1,1,0,3,3          4
E8_R_error_R_finishes_first,536,1,0,0,1,1,0,0,0,0,1,1,0,0,0,1,0,1,4,3,1,1,0,3,3          4
E8_R_error_R_finishes_first,537,1,0,0,1,1,0,0,0,0,1,1,0,0,0,1,0,1,5,3,1,1,0,3,3          4
E8_R_error_R_finishes_first,538,1,0,0,1,1,0,0,0,0,1,1,0,0,0,1,0,1,6,3,1,1,0,3,3          4
E8_R_error_R_finishes_first,539,1,0,0,1,1,0,0,0,0,1,1,0,0,0,1,0,1,7,3,1,1,0,3,3          4
E8_R_error_R_finishes_first,540,1,0,0,1,1,0,0,0,0,1,1,0,0,0,1,0,1,8,3,1,1,0,3,3          4
E8_R_error_R_finishes_first,541,1,0,0,1,1,0,0,0,0,1,1,0,0,0,1,0,1,9,3,1,1,0,3,3          4
E8_R_error_R_finishes_first,542,1,0,0,1,1,0,0,0,0,1,1,0,0,0,1,0,1,10,3,1,1,0,3,3          4
E8_R_error_R_finishes_first,543,1,0,0,1,1,0,0,0,0,1,1,0,0,0,1,0,1,11,3,1,1,0,3,3          4
E8_R_error_R_finishes_first,544,1,0,0,1,1,0,0,0,0,1,1,0,0,0,1,0,1,12,3,1,1,0,3,3          4
E8_R_error_R_finishes_first,545,1,0,0,1,1,0,0,0,0,1,1,0,0,0,1,0,1,13,3,1,1,0,3,3          4
E8_R_error_R_finishes_first,546,1,0,0,1,1,0,0,0,0,1,1,0,0,0,1,0,1,14,3,1,1,0,3,3          4
E8_R_error_R_finishes_first,547,1,0,0,1,1,0,0,0,0,1,1,0,0,0,1,0,1,15,3,1,1,0,3,3          4
E8_R_error_R_finishes_first,548,1,0,0,1,1,0,0,0,0,1,1,0,0,0,1,0,1,16,3,1,1,0,3,3          4
E8_R_error_R_finishes_first,549,1,0,0,1,1,0,0,0,1,0,0,0,0,0,1,0,1,16,3,1,1,0,1,3          4
E8_R_error_R_finishes_first,550,1,0,0,1,1,0,0,1,1,0,0,0,0,0,1,0,1,16,3,2,1,0,2,3          4
E8_R_error_R_finishes_first,551,1,0,0,1,1,0,0,0,0,1,1,0,0,0,1,0,1,17,3,2,1,0,3,3          4
E8_R_error_R_finishes_first,552,1,0,0,1,1,0,0,0,0,1,1,0,0,0,1,0,1,18,3,2,1,0,3,3          4
E8_R_error_R_finishes_first,553,1,0,0,1,1,0,0,0,0,1,1,0,0,0,1,0,1,19,3,2,1,0,3,3          4
E8_R_error_R_finishes_first,554,1,0,0,1,1,0,0,0,0,1,1,0,0,0,1,0,1,20,3,2,1,0,3,3          4
E8_R_error_R_finishes_first,555,1,0,0,1,1,0,0,0,0,1,1,0,0,0,1,0,1,21,3,2,1,0,3,3          5
E8_R_error_R_finishes_first,556,1,0,0,1,1,1,0,0,0,1,1,0,0,0,1,0,1,22,3,2,1,0,3,3          5
E8_R_error_R_finishes_first,557,1,0,0,1,1,1,0,0,0,1,1,0,0,0,1,0,1,23,3,2,1,0,3,3          5
E8_R_error_R_finishes_first,558,1,0,0,1,1,1,0,0,0,1,1,0,0,0,1,0,1,24,3,2,1,0,3,3          5
E8_R_error_R_finishes_first,559,1,0,0,1,1,1,0,0,0,1,1,0,0,0,1,0,1,25,3,2,1,0,3,3          5
E8_R_error_R_finishes_first,560,1,0,0,1,1,1,0,0,0,1,1,0,0,0,1,0,1,26,3,2,1,0,3,3          5
E8_R_error_R_finishes_first,561,1,0,0,1,1,1,0,0,0,1,1,0,0,0,1,0,1,27,3,2,1,0,3,3          5
E8_R_error_R_finishes_first,562,1,0,0,1,1,1,0,0,0,1,1,0,0,0,1,0,1,28,3,2,1,0,3,3          5
E8_R_error_R_finishes_first,563,1,0,0,1,1,1,0,0,0,1,1,0,0,0,1,0,1,29,3,2,1,0,3,3          5
E8_R_error_R_finishes_first,564,1,0,0,1,1,1,0,0,0,1,1,0,0,0,1,0,1,30,3,2,1,0,3,3          5
E8_R_error_R_finishes_first,565,1,0,0,1,1,1,0,0,0,1,1,0,0,0,1,0,1,31,3,2,1,0,3,3          5
E8_R_error_R_finishes_first,566,1,0,0,1,1,1,0,0,0,1,1,0,0,0,1,0,1,32,3,2,1,0,3,3          5
E8_R_error_R_finishes_first,567,1,0,0,1,1,1,0,0,1,0,0,0,0,0,1,0,1,32,3,2,1,0,1,3          5
E8_R_error_R_finishes_first,568,1,0,0,1,1,1,0,1,1,0,0,0,0,0,1,0,1,32,3,3,1,0,2,3          5
E8_R_error_R_finishes_first,569,1,0,0,1,1,1,0,0,0,1,1,0,0,0,1,0,1,33,3,3,1,0,3,3          5
E8_R_error_R_finishes_first,570,1,0,0,1,1,1,0,0,0,1,1,0,0,0,1,0,1,34,3,3,1,0,3,3          5
E8_R_error_R_finishes_first,571,1,0,0,1,1,1,0,0,0,1,1,0,0,0,1,0,1,35,3,3,1,0,3,3          5
E8_R_error_R_finishes_first,572,1,0,0,1,1,1,0,0,0,1,1,0,0,0,1,0,1,36,3,3,1,0,3,3          5
E8_R_error_R_finishes_first,573,1,0,0,1,1,1,0,0,0,1,1,0,0,0,1,0,1,37,3,3,1,0,3,3          5
E8_R_error_R_finishes_first,574,1,0,0,1,1,1,0,0,0,1,1,0,0,0,1,0,1,38,3,3,1,0,3,3          5
E8_R_error_R_finishes_first,575,1,0,0,1,1,1,0,0,0,1,1,0,0,0,1,0,1,39,3,3,1,0,3,3          5
E8_R_error_R_finishes_first,576,1,0,0,1,1,1,0,0,0,1,1,0,0,0,1,0,1,40,3,3,1,0,3,3          5
E8_R_error_R_finishes_first,577,1,0,0,1,1,1,0,0,0,1,1,0,0,0,1,0,1,41,3,3,1,0,3,3          5
E8_R_error_R_finishes_first,578,1,0,0,1,1,1,0,0,0,1,1,0,0,0,1,0,1,42,3,3,1,0,3,3          5
E8_R_error_R_finishes_first,579,1,0,0,1,1,1,0,0,0,1,1,0,0,0,1,0,1,43,3,3,1,0,3,3          5
E8_R_error_R_finishes_first,580,1,0,0,1,1,1,0,0,0,1,1,0,0,0,1,0,1,44,3,3,1,0,3,3          5
E8_R_error_R_finishes_first,581,1,0,0,1,1,1,0,0,0,1,1,0,0,0,1,0,1,45,3,3,1,0,3,3          5
E8_R_error_R_finishes_first,582,1,0,0,1,1,1,0,0,0,1,1,0,0,0,1,0,1,46,3,3,1,0,3,3          5
E8_R_error_R_finishes_first,583,1,0,0,1,1,1,0,0,0,1,1,0,0,0,1,0,1,47,3,3,1,0,3,3          5
E8_R_error_R_finishes_first,584,1,0,0,1,1,1,0,0,0,1,1,0,0,0,1,0,1,48,3,3,1,0,3,3          5
E8_R_error_R_finishes_first,585,1,0,0,0,1,1,0,0,1,0,0,0,0,0,1,0,1,48,3,3,1,0,0,3          5
E8_R_error_R_finishes_first,586,1,0,0,0,1,1,0,0,1,0,0,0,0,0,1,0,1,48,3,3,1,0,0,3          5
E8_R_error_R_finishes_first,587,1,0,0,0,1,1,0,0,1,0,0,0,0,0,1,0,1,48,3,3,1,0,0,3          5
E8_R_error_R_finishes_first,588,1,0,0,0,1,1,0,0,1,0,0,0,0,0,1,0,1,48,3,3,1,0,0,3          5
E8_R_error_R_finishes_first,589,1,0,0,0,1,1,0,0,1,0,0,0,0,0,1,0,1,48,3,3,1,0,0,3          5
E8_R_error_R_finishes_first,590,1,0,0,0,1,1,0,0,1,0,0,0,0,0,1,0,1,48,3,3,1,0,0,3          5
E8_R_error_R_finishes_first,591,1,0,0,0,1,1,0,0,1,0,0,0,0,0,1,0,1,48,3,3,1,0,0,3          5
E8_R_error_R_finishes_first,592,1,0,0,0,1,1,0,0,1,0,0,0,0,0,1,0,1,48,3,3,1,0,0,3          5
E8_R_error_R_finishes_first,593,1,0,0,0,1,1,0,0,1,0,0,0,0,0,1,0,1,48,3,3,1,0,0,3          5
E8_R_error_R_finishes_first,594,1,0,0,0,1,1,0,0,1,0,0,0,0,0,1,0,1,48,3,3,1,0,0,3          5
E8_R_error_R_finishes_first,595,1,0,0,0,1,1,0,0,1,0,0,0,0,0,1,0,1,48,3,3,1,0,0,3          5
E8_R_error_R_finishes_first,596,1,0,0,0,1,1,0,0,1,0,0,0,0,0,1,0,1,48,3,3,1,0,0,3          5
E8_R_error_R_finishes_first,597,1,0,0,0,1,1,0,0,1,0,0,0,0,0,1,0,1,48,3,3,1,0,0,3          5
E8_R_error_R_finishes_first,598,1,0,0,0,1,1,0,0,1,0,0,0,0,0,1,0,1,48,3,3,1,0,0,3          5
E8_R_error_R_finishes_first,599,1,0,0,0,1,1,0,0,1,0,0,0,0,0,1,0,1,48,3,3,1,0,0,3          5
E8_R_error_R_finishes_first,600,1,0,0,0,1,1,0,0,1,0,0,0,0,0,1,0,1,48,3,3,1,0,0,3          5
E8_R_error_R_finishes_first,601,1,0,0,0,1,1,0,0,1,0,0,0,0,0,1,0,1,48,3,3,1,0,0,3          5
E8_R_error_R_finishes_first,602,1,0,0,0,1,1,0,0,1,0,0,0,0,0,1,0,1,48,3,3,1,0,0,3          5
E8_R_error_R_finishes_first,603,1,0,0,0,1,1,0,0,1,0,0,0,0,0,1,0,1,48,3,3,1,0,0,3          5
E8_R_error_R_finishes_first,604,1,0,0,0,1,1,0,0,1,0,0,0,0,0,1,0,1,48,3,3,1,0,0,3          5
E8_R_error_R_finishes_first,605,1,0,0,0,1,1,0,0,1,0,0,0,0,0,1,0,1,48,3,3,1,0,0,3          5
E8_R_error_R_finishes_first,606,1,0,0,0,1,1,0,0,1,0,0,0,0,0,1,0,1,48,3,3,1,0,0,3          5
E8_R_error_R_finishes_first,607,1,0,0,0,1,1,0,0,1,0,0,0,0,0,1,0,1,48,3,3,1,0,0,3          5
E8_R_error_R_finishes_first,608,1,0,0,0,1,1,0,0,1,0,0,0,0,0,1,0,1,48,3,3,1,0,0,3          5
E8_R_error_R_finishes_first,609,1,0,0,0,1,1,0,0,1,0,0,0,0,0,1,0,1,48,3,3,1,0,0,3          5
E8_R_error_R_finishes_first,610,1,0,0,0,1,1,0,0,1,0,0,0,0,0,1,0,1,48,3,3,1,0,0,3          5
E8_R_error_R_finishes_first,611,1,0,0,0,1,1,0,0,1,0,0,0,0,0,1,0,1,48,3,3,1,0,0,3          5
E8_R_error_R_finishes_first,612,1,0,0,0,1,1,0,0,1,0,0,0,0,0,1,0,1,48,3,3,1,0,0,3          5
E8_R_error_R_finishes_first,613,1,0,0,0,1,1,0,0,1,0,0,0,0,0,1,0,1,48,3,3,1,0,0,3          5
E8_R_error_R_finishes_first,614,1,0,0,0,1,1,0,0,1,0,0,0,0,0,1,0,1,48,3,3,1,0,0,3          5
E8_R_error_R_finishes_first,615,1,0,0,0,1,1,0,0,1,0,0,0,0,0,1,1,1,48,3,3,1,1,0,3          5
E8_R_error_R_finishes_first,616,1,0,0,0,0,1,0,0,1,0,0,0,1,0,0,0,0,0,3,0,1,1,0,0          5
E8_R_error_R_finishes_first,617,1,1,0,0,0,1,0,0,1,0,0,0,1,0,1,0,0,0,3,0,1,1,0,0          5
E8_R_error_R_finishes_first,618,1,0,0,1,0,0,0,0,1,0,0,0,1,0,1,0,0,0,3,0,1,1,1,0          5
E8_R_error_R_finishes_first,619,1,0,0,1,0,0,0,1,1,0,0,0,1,0,1,0,0,0,3,1,1,1,2,0          5
E8_R_error_R_finishes_first,620,1,0,0,1,0,0,0,0,0,1,1,0,1,0,1,0,0,1,3,1,1,1,3,0          5
E8_R_error_R_finishes_first,621,1,0,0,1,0,0,0,0,0,1,1,0,1,0,1,0,0,2,3,1,1,1,3,0          5
E8_R_error_R_finishes_first,622,1,0,0,1,0,0,0,0,0,1,1,0,1,0,1,0,0,3,3,1,1,1,3,0          5
E8_W_error_W_finishes_first,623,1,0,0,0,0,0,0,0,1,0,0,0,1,0,1,0,0,3,3,1,1,1,0,0          5
E8_W_error_W_finishes_first,626,1,0,0,0,0,0,0,0,0,0,0,0,0,0,0,0,0,3,3,1,1,1,0,0          5
E8_W_error_W_finishes_first,627,1,0,0,0,0,0,0,0,1,0,0,0,1,0,1,0,0,3,3,1,1,1,0,0          5
E8_W_error_W_finishes_first,628,1,1,1,0,0,0,0,0,1,0,0,0,1,0,1,0,0,0,0,0,0,0,0,0          5
E8_W_error_W_finishes_first,629,1,0,0,1,1,0,0,0,1,0,0,0,1,0,1,0,0,0,0,0,0,0,1,1          5
E8_W_error_W_finishes_first,630,1,0,0,1,1,0,0,1,1,0,0,1,1,1,1,0,0,0,1,1,1,0,2,2          5
E8_W_error_W_finishes_first,631,1,0,0,1,1,0,0,0,0,1,1,0,0,1,1,0,0,1,2,1,1,0,3,2          5
E8_W_error_W_finishes_first,632,1,0,0,1,1,0,0,0,0,0,1,0,0,1,1,0,0,1,3,1,1,0,3,2          5
E8_W_error_W_finishes_first,633,1,0,0,1,1,0,0,0,0,0,1,0,0,1,1,0,0,1,4,1,1,0,3,2          5
E8_W_error_W_finishes_first,634,1,0,0,1,1,0,0,0,0,0,1,0,0,1,1,0,0,1,5,1,1,0,3,2          5
E8_W_error_W_finishes_first,635,1,0,0,1,1,0,0,0,0,0,1,0,0,1,1,0,0,1,6,1,1,0,3,2          5
E8_W_error_W_finishes_first,636,1,0,0,1,1,0,0,0,0,1,1,0,0,1,1,0,0,2,7,1,1,0,3,2          5
E8_W_error_W_finishes_first,637,1,0,0,1,1,0,0,0,0,0,1,0,0,1,1,0,0,2,8,1,1,0,3,2          5
E8_W_error_W_finishes_first,638,1,0,0,1,1,0,0,0,0,0,1,0,0,1,1,0,0,2,9,1,1,0,3,2          5
E8_W_error_W_finishes_first,639,1,0,0,1,1,0,0,0,0,0,1,0,0,1,1,0,0,2,10,1,1,0,3,2          5
E8_W_error_W_finishes_first,640,1,0,0,1,1,0,0,0,0,0,1,0,0,1,1,0,0,2,11,1,1,0,3,2          5
E8_W_error_W_finishes_first,641,1,0,0,1,1,0,0,0,0,1,1,0,0,1,1,0,0,3,12,1,1,0,3,2          5
E8_W_error_W_finishes_first,642,1,0,0,1,1,0,0,0,0,0,1,0,0,1,1,0,0,3,13,1,1,0,3,2          5
E8_W_error_W_finishes_first,643,1,0,0,1,1,0,0,0,0,0,1,0,0,1,1,0,0,3,14,1,1,0,3,2          5
E8_W_error_W_finishes_first,644,1,0,0,1,1,0,0,0,0,0,1,0,0,1,1,0,0,3,15,1,1,0,3,2          5
E8_W_error_W_finishes_first,645,1,0,0,1,1,0,0,0,0,0,1,0,0,1,1,0,0,3,16,1,1,0,3,2          5
E8_W_error_W_finishes_first,646,1,0,0,1,1,0,0,0,0,1,1,0,0,0,0,1,1,4,16,1,1,1,3,3          5
E8_W_error_W_finishes_first,647,1,0,0,1,1,0,0,0,0,0,1,0,1,0,0,0,0,4,16,1,1,1,3,1          5
E8_W_error_W_finishes_first,648,1,0,0,1,1,0,0,0,0,0,1,1,1,1,1,0,0,4,17,1,2,1,3,2          5
E8_W_error_W_finishes_first,649,1,0,0,1,1,0,0,0,0,0,1,0,0,1,1,0,0,4,18,1,2,1,3,2          5
E8_W_error_W_finishes_first,650,1,0,0,1,1,0,0,0,0,0,1,0,0,1,1,0,0,4,19,1,2,1,3,2          5
E8_W_error_W_finishes_first,651,1,0,0,1,1,0,0,0,0,1,1,0,0,1,1,0,0,5,20,1,2,1,3,2          5
E8_W_error_W_finishes_first,652,1,0,0,1,1,0,0,0,0,0,1,0,0,1,1,0,0,5,21,1,2,1,3,2          5
E8_W_error_W_finishes_first,653,1,0,0,1,1,0,0,0,0,0,1,0,0,1,1,0,0,5,22,1,2,1,3,2          5
E8_W_error_W_finishes_first,654,1,0,0,1,1,0,0,0,0,0,1,0,0,1,1,0,0,5,23,1,2,1,3,2          5
E8_W_error_W_finishes_first,655,1,0,0,1,1,0,0,0,0,0,1,0,0,1,1,0,0,5,24,1,2,1,3,2          5
E8_W_error_W_finishes_first,656,1,0,0,1,1,0,0,0,0,1,1,0,0,1,1,0,0,6,25,1,2,1,3,2          5
E8_W_error_W_finishes_first,657,1,0,0,1,1,0,0,0,0,0,1,0,0,1,1,0,0,6,26,1,2,1,3,2          5
E8_W_error_W_finishes_first,658,1,0,0,1,1,0,0,0,0,0,1,0,0,1,1,0,0,6,27,1,2,1,3,2          5
E8_W_error_W_finishes_first,659,1,0,0,1,1,0,0,0,0,0,1,0,0,1,1,0,0,6,28,1,2,1,3,2          5
E8_W_error_W_finishes_first,660,1,0,0,1,1,0,0,0,0,0,1,0,0,1,1,0,0,6,29,1,2,1,3,2          5
E8_W_error_W_finishes_first,661,1,0,0,1,1,0,0,0,0,1,1,0,0,1,1,0,0,7,30,1,2,1,3,2          5
E8_W_error_W_finishes_first,662,1,0,0,1,1,0,0,0,0,0,1,0,0,1,1,0,0,7,31,1,2,1,3,2          5
E8_W_error_W_finishes_first,663,1,0,0,1,1,0,0,0,0,0,1,0,0,1,1,0,0,7,32,1,2,1,3,2          5
E8_W_error_W_finishes_first,664,1,0,0,1,1,0,0,0,0,0,1,0,0,0,0,1,1,7,32,1,2,2,3,3          6
E8_W_error_W_finishes_first,665,1,0,0,1,1,0,1,0,0,0,1,0,1,0,0,0,0,7,32,1,2,2,3,1          6
E8_W_error_W_finishes_first,666,1,0,0,1,1,0,1,0,0,1,1,1,1,1,1,0,0,8,33,1,3,2,3,2          6
E8_W_error_W_finishes_first,667,1,0,0,1,1,0,1,0,0,0,1,0,0,1,1,0,0,8,34,1,3,2,3,2          6
E8_W_error_W_finishes_first,668,1,0,0,1,1,0,1,0,0,0,1,0,0,1,1,0,0,8,35,1,3,2,3,2          6
E8_W_error_W_finishes_first,669,1,0,0,1,1,0,1,0,0,0,1,0,0,1,1,0,0,8,36,1,3,2,3,2          6
E8_W_error_W_finishes_first,670,1,0,0,1,1,0,1,0,0,0,1,0,0,1,1,0,0,8,37,1,3,2,3,2          6
E8_W_error_W_finishes_first,671,1,0,0,1,1,0,1,0,0,1,1,0,0,1,1,0,0,9,38,1,3,2,3,2          6
E8_W_error_W_finishes_first,672,1,0,0,1,1,0,1,0,0,0,1,0,0,1,1,0,0,9,39,1,3,2,3,2          6
E8_W_error_W_finishes_first,673,1,0,0,1,1,0,1,0,0,0,1,0,0,1,1,0,0,9,40,1,3,2,3,2          6
E8_W_error_W_finishes_first,674,1,0,0,1,1,0,1,0,0,0,1,0,0,1,1,0,0,9,41,1,3,2,3,2          6
E8_W_error_W_finishes_first,675,1,0,0,1,1,0,1,0,0,0,1,0,0,1,1,0,0,9,42,1,3,2,3,2          6
E8_W_error_W_finishes_first,676,1,0,0,1,1,0,1,0,0,1,1,0,0,1,1,0,0,10,43,1,3,2,3,2          6
E8_W_error_W_finishes_first,677,1,0,0,1,1,0,1,0,0,0,1,0,0,1,1,0,0,10,44,1,3,2,3,2          6
E8_W_error_W_finishes_first,678,1,0,0,1,1,0,1,0,0,0,1,0,0,1,1,0,0,10,45,1,3,2,3,2          6
E8_W_error_W_finishes_first,679,1,0,0,1,1,0,1,0,0,0,1,0,0,1,1,0,0,10,46,1,3,2,3,2          6
E8_W_error_W_finishes_first,680,1,0,0,1,1,0,1,0,0,0,1,0,0,1,1,0,0,10,47,1,3,2,3,2          6
E8_W_error_W_finishes_first,681,1,0,0,1,1,0,1,0,0,1,1,0,0,1,1,0,0,11,48,1,3,2,3,2          6
E8_W_error_W_finishes_first,682,1,0,0,1,1,0,1,0,0,0,1,0,0,0,0,1,1,11,48,1,3,3,3,3          6
E8_W_error_W_finishes_first,683,1,0,0,1,0,0,1,0,0,0,1,0,1,0,0,0,0,11,48,1,3,3,3,0          6
E8_W_error_W_finishes_first,684,1,0,0,1,0,0,1,0,0,0,1,0,1,0,1,0,0,11,48,1,3,3,3,0          6
E8_W_error_W_finishes_first,685,1,0,0,1,0,0,1,0,0,0,1,0,1,0,1,0,0,11,48,1,3,3,3,0          6
E8_W_error_W_finishes_first,686,1,0,0,1,0,0,1,0,0,1,1,0,1,0,1,0,0,12,48,1,3,3,3,0          6
E8_W_error_W_finishes_first,687,1,0,0,1,0,0,1,0,0,0,1,0,1,0,1,0,0,12,48,1,3,3,3,0          6
E8_W_error_W_finishes_first,688,1,0,0,1,0,0,1,0,0,0,1,0,1,0,1,0,0,12,48,1,3,3,3,0          6
E8_W_error_W_finishes_first,689,1,0,0,1,0,0,1,0,0,0,1,0,1,0,1,0,0,12,48,1,3,3,3,0          6
E8_W_error_W_finishes_first,690,1,0,0,1,0,0,1,0,0,0,1,0,1,0,1,0,0,12,48,1,3,3,3,0          6
E8_W_error_W_finishes_first,691,1,0,0,1,0,0,1,0,0,1,1,0,1,0,1,0,0,13,48,1,3,3,3,0          6
E8_W_error_W_finishes_first,692,1,0,0,1,0,0,1,0,0,0,1,0,1,0,1,0,0,13,48,1,3,3,3,0          6
E8_W_error_W_finishes_first,693,1,0,0,1,0,0,1,0,0,0,1,0,1,0,1,0,0,13,48,1,3,3,3,0          6
E8_W_error_W_finishes_first,694,1,0,0,1,0,0,1,0,0,0,1,0,1,0,1,0,0,13,48,1,3,3,3,0          6
E8_W_error_W_finishes_first,695,1,0,0,1,0,0,1,0,0,0,1,0,1,0,1,0,0,13,48,1,3,3,3,0          6
E8_W_error_W_finishes_first,696,1,0,0,1,0,0,1,0,0,1,1,0,1,0,1,0,0,14,48,1,3,3,3,0          6
E8_W_error_W_finishes_first,697,1,0,0,1,0,0,1,0,0,0,1,0,1,0,1,0,0,14,48,1,3,3,3,0          6
E8_W_error_W_finishes_first,698,1,0,0,1,0,0,1,0,0,0,1,0,1,0,1,0,0,14,48,1,3,3,3,0          6
E8_W_error_W_finishes_first,699,1,0,0,1,0,0,1,0,0,0,1,0,1,0,1,0,0,14,48,1,3,3,3,0          6
E8_W_error_W_finishes_first,700,1,0,0,1,0,0,1,0,0,0,1,0,1,0,1,0,0,14,48,1,3,3,3,0          6
E8_W_error_W_finishes_first,701,1,0,0,1,0,0,1,0,0,1,1,0,1,0,1,0,0,15,48,1,3,3,3,0          6
E8_W_error_W_finishes_first,702,1,0,0,1,0,0,1,0,0,0,1,0,1,0,1,0,0,15,48,1,3,3,3,0          6
E8_W_error_W_finishes_first,703,1,0,0,1,0,0,1,0,0,0,1,0,1,0,1,0,0,15,48,1,3,3,3,0          6
E8_W_error_W_finishes_first,704,1,0,0,1,0,0,1,0,0,0,1,0,1,0,1,0,0,15,48,1,3,3,3,0          6
E8_W_error_W_finishes_first,705,1,0,0,1,0,0,1,0,0,0,1,0,1,0,1,0,0,15,48,1,3,3,3,0          6
E8_W_error_W_finishes_first,706,1,0,0,1,0,0,1,0,0,1,1,0,1,0,1,0,0,16,48,1,3,3,3,0          6
E8_W_error_W_finishes_first,707,1,0,0,1,0,0,1,0,1,0,0,0,1,0,1,0,0,16,48,1,3,3,1,0          6
E8_W_error_W_finishes_first,708,1,0,0,1,0,0,1,1,1,0,0,0,1,0,1,0,0,16,48,2,3,3,2,0          6
E8_W_error_W_finishes_first,709,1,0,0,1,0,0,1,0,0,1,1,0,1,0,1,0,0,17,48,2,3,3,3,0          6
E8_W_error_W_finishes_first,710,1,0,0,1,0,0,1,0,0,0,1,0,1,0,1,0,0,17,48,2,3,3,3,0          6
E8_W_error_W_finishes_first,711,1,0,0,1,0,0,1,0,0,0,1,0,1,0,1,0,0,17,48,2,3,3,3,0          6
E8_W_error_W_finishes_first,712,1,0,0,1,0,0,1,0,0,0,1,0,1,0,1,0,0,17,48,2,3,3,3,0          6
E8_W_error_W_finishes_first,713,1,0,0,1,0,0,1,0,0,0,1,0,1,0,1,0,0,17,48,2,3,3,3,0          6
E8_W_error_W_finishes_first,714,1,0,0,1,0,0,1,0,0,1,1,0,1,0,1,0,0,18,48,2,3,3,3,0          6
E8_W_error_W_finishes_first,715,1,0,0,1,0,0,1,0,0,0,1,0,1,0,1,0,0,18,48,2,3,3,3,0          6
E8_W_error_W_finishes_first,716,1,0,0,1,0,0,1,0,0,0,1,0,1,0,1,0,0,18,48,2,3,3,3,0          6
E8_W_error_W_finishes_first,717,1,0,0,1,0,0,1,0,0,0,1,0,1,0,1,0,0,18,48,2,3,3,3,0          6
E8_W_error_W_finishes_first,718,1,0,0,1,0,0,1,0,0,0,1,0,1,0,1,0,0,18,48,2,3,3,3,0          6
E8_W_error_W_finishes_first,719,1,0,0,1,0,0,1,0,0,1,1,0,1,0,1,0,0,19,48,2,3,3,3,0          6
E8_W_error_W_finishes_first,720,1,0,0,1,0,0,1,0,0,0,1,0,1,0,1,0,0,19,48,2,3,3,3,0          6
E8_W_error_W_finishes_first,721,1,0,0,1,0,0,1,0,0,0,1,0,1,0,1,0,0,19,48,2,3,3,3,0          6
E8_W_error_W_finishes_first,722,1,0,0,1,0,0,1,0,0,0,1,0,1,0,1,0,0,19,48,2,3,3,3,0          6
E8_W_error_W_finishes_first,723,1,0,0,1,0,0,1,0,0,0,1,0,1,0,1,0,0,19,48,2,3,3,3,0          6
E8_W_error_W_finishes_first,724,1,0,0,1,0,0,1,0,0,1,1,0,1,0,1,0,0,20,48,2,3,3,3,0          6
E8_W_error_W_finishes_first,725,1,0,0,1,0,0,1,0,0,0,1,0,1,0,1,0,0,20,48,2,3,3,3,0          6
E8_W_error_W_finishes_first,726,1,0,0,1,0,0,1,0,0,0,1,0,1,0,1,0,0,20,48,2,3,3,3,0          6
E8_W_error_W_finishes_first,727,1,0,0,1,0,0,1,0,0,0,1,0,1,0,1,0,0,20,48,2,3,3,3,0          6
E8_W_error_W_finishes_first,728,1,0,0,1,0,0,1,0,0,0,1,0,1,0,1,0,0,20,48,2,3,3,3,0          6
E8_W_error_W_finishes_first,729,1,0,0,1,0,0,1,0,0,1,1,0,1,0,1,0,0,21,48,2,3,3,3,0          6
E8_W_error_W_finishes_first,730,1,0,0,1,0,0,1,0,0,0,1,0,1,0,1,0,0,21,48,2,3,3,3,0          6
E8_W_error_W_finishes_first,731,1,0,0,1,0,0,1,0,0,0,1,0,1,0,1,0,0,21,48,2,3,3,3,0          6
E8_W_error_W_finishes_first,732,1,0,0,1,0,0,1,0,0,0,1,0,1,0,1,0,0,21,48,2,3,3,3,0          6
E8_W_error_W_finishes_first,733,1,0,0,1,0,0,1,0,0,0,1,0,1,0,1,0,0,21,48,2,3,3,3,0          6
E8_W_error_W_finishes_first,734,1,0,0,1,0,0,1,0,0,1,1,0,1,0,1,0,0,22,48,2,3,3,3,0          6
E8_W_error_W_finishes_first,735,1,0,0,1,0,0,1,0,0,0,1,0,1,0,1,0,0,22,48,2,3,3,3,0          6
E8_W_error_W_finishes_first,736,1,0,0,1,0,0,1,0,0,0,1,0,1,0,1,0,0,22,48,2,3,3,3,0          6
E8_W_error_W_finishes_first,737,1,0,0,1,0,0,1,0,0,0,1,0,1,0,1,0,0,22,48,2,3,3,3,0          6
E8_W_error_W_finishes_first,738,1,0,0,1,0,0,1,0,0,0,1,0,1,0,1,0,0,22,48,2,3,3,3,0          6
E8_W_error_W_finishes_first,739,1,0,0,1,0,0,1,0,0,1,1,0,1,0,1,0,0,23,48,2,3,3,3,0          6
E8_W_error_W_finishes_first,740,1,0,0,1,0,0,1,0,0,0,1,0,1,0,1,0,0,23,48,2,3,3,3,0          6
E8_W_error_W_finishes_first,741,1,0,0,1,0,0,1,0,0,0,1,0,1,0,1,0,0,23,48,2,3,3,3,0          6
E8_W_error_W_finishes_first,742,1,0,0,1,0,0,1,0,0,0,1,0,1,0,1,0,0,23,48,2,3,3,3,0          6
E8_W_error_W_finishes_first,743,1,0,0,1,0,0,1,0,0,0,1,0,1,0,1,0,0,23,48,2,3,3,3,0          6
E8_W_error_W_finishes_first,744,1,0,0,1,0,0,1,0,0,1,1,0,1,0,1,0,0,24,48,2,3,3,3,0          6
E8_W_error_W_finishes_first,745,1,0,0,1,0,0,1,0,0,0,1,0,1,0,1,0,0,24,48,2,3,3,3,0          6
E8_W_error_W_finishes_first,746,1,0,0,1,0,0,1,0,0,0,1,0,1,0,1,0,0,24,48,2,3,3,3,0          6
E8_W_error_W_finishes_first,747,1,0,0,1,0,0,1,0,0,0,1,0,1,0,1,0,0,24,48,2,3,3,3,0          6
E8_W_error_W_finishes_first,748,1,0,0,1,0,0,1,0,0,0,1,0,1,0,1,0,0,24,48,2,3,3,3,0          6
E8_W_error_W_finishes_first,749,1,0,0,1,0,0,1,0,0,1,1,0,1,0,1,0,0,25,48,2,3,3,3,0          6
E8_W_error_W_finishes_first,750,1,0,0,1,0,0,1,0,0,0,1,0,1,0,1,0,0,25,48,2,3,3,3,0          6
E8_W_error_W_finishes_first,751,1,0,0,1,0,0,1,0,0,0,1,0,1,0,1,0,0,25,48,2,3,3,3,0          6
E8_W_error_W_finishes_first,752,1,0,0,1,0,0,1,0,0,0,1,0,1,0,1,0,0,25,48,2,3,3,3,0          6
E8_W_error_W_finishes_first,753,1,0,0,1,0,0,1,0,0,0,1,0,1,0,1,0,0,25,48,2,3,3,3,0          6
E8_W_error_W_finishes_first,754,1,0,0,1,0,0,1,0,0,1,1,0,1,0,1,0,0,26,48,2,3,3,3,0          6
E8_W_error_W_finishes_first,755,1,0,0,1,0,0,1,0,0,0,1,0,1,0,1,0,0,26,48,2,3,3,3,0          6
E8_W_error_W_finishes_first,756,1,0,0,1,0,0,1,0,0,0,1,0,1,0,1,0,0,26,48,2,3,3,3,0          6
E8_W_error_W_finishes_first,757,1,0,0,1,0,0,1,0,0,0,1,0,1,0,1,0,0,26,48,2,3,3,3,0          6
E8_W_error_W_finishes_first,758,1,0,0,1,0,0,1,0,0,0,1,0,1,0,1,0,0,26,48,2,3,3,3,0          6
E8_W_error_W_finishes_first,759,1,0,0,1,0,0,1,0,0,1,1,0,1,0,1,0,0,27,48,2,3,3,3,0          6
E8_W_error_W_finishes_first,760,1,0,0,1,0,0,1,0,0,0,1,0,1,0,1,0,0,27,48,2,3,3,3,0          6
E8_W_error_W_finishes_first,761,1,0,0,1,0,0,1,0,0,0,1,0,1,0,1,0,0,27,48,2,3,3,3,0          6
E8_W_error_W_finishes_first,762,1,0,0,1,0,0,1,0,0,0,1,0,1,0,1,0,0,27,48,2,3,3,3,0          6
E8_W_error_W_finishes_first,763,1,0,0,1,0,0,1,0,0,0,1,0,1,0,1,0,0,27,48,2,3,3,3,0          6
E8_W_error_W_finishes_first,764,1,0,0,1,0,0,1,0,0,1,1,0,1,0,1,0,0,28,48,2,3,3,3,0          6
E8_W_error_W_finishes_first,765,1,0,0,1,0,0,1,0,0,0,1,0,1,0,1,0,0,28,48,2,3,3,3,0          6
E8_W_error_W_finishes_first,766,1,0,0,1,0,0,1,0,0,0,1,0,1,0,1,0,0,28,48,2,3,3,3,0          6
E8_W_error_W_finishes_first,767,1,0,0,1,0,0,1,0,0,0,1,0,1,0,1,0,0,28,48,2,3,3,3,0          6
E8_W_error_W_finishes_first,768,1,0,0,1,0,0,1,0,0,0,1,0,1,0,1,0,0,28,48,2,3,3,3,0          6
E8_W_error_W_finishes_first,769,1,0,0,1,0,0,1,0,0,1,1,0,1,0,1,0,0,29,48,2,3,3,3,0          6
E8_W_error_W_finishes_first,770,1,0,0,1,0,0,1,0,0,0,1,0,1,0,1,0,0,29,48,2,3,3,3,0          6
E8_W_error_W_finishes_first,771,1,0,0,1,0,0,1,0,0,0,1,0,1,0,1,0,0,29,48,2,3,3,3,0          6
E8_W_error_W_finishes_first,772,1,0,0,1,0,0,1,0,0,0,1,0,1,0,1,0,0,29,48,2,3,3,3,0          6
E8_W_error_W_finishes_first,773,1,0,0,1,0,0,1,0,0,0,1,0,1,0,1,0,0,29,48,2,3,3,3,0          6
E8_W_error_W_finishes_first,774,1,0,0,1,0,0,1,0,0,1,1,0,1,0,1,0,0,30,48,2,3,3,3,0          6
E8_W_error_W_finishes_first,775,1,0,0,1,0,0,1,0,0,0,1,0,1,0,1,0,0,30,48,2,3,3,3,0          6
E8_W_error_W_finishes_first,776,1,0,0,1,0,0,1,0,0,0,1,0,1,0,1,0,0,30,48,2,3,3,3,0          6
E8_W_error_W_finishes_first,777,1,0,0,1,0,0,1,0,0,0,1,0,1,0,1,0,0,30,48,2,3,3,3,0          6
E8_W_error_W_finishes_first,778,1,0,0,1,0,0,1,0,0,0,1,0,1,0,1,0,0,30,48,2,3,3,3,0          6
E8_W_error_W_finishes_first,779,1,0,0,1,0,0,1,0,0,1,1,0,1,0,1,0,0,31,48,2,3,3,3,0          6
E8_W_error_W_finishes_first,780,1,0,0,1,0,0,1,0,0,0,1,0,1,0,1,0,0,31,48,2,3,3,3,0          6
E8_W_error_W_finishes_first,781,1,0,0,1,0,0,1,0,0,0,1,0,1,0,1,0,0,31,48,2,3,3,3,0          6
E8_W_error_W_finishes_first,782,1,0,0,1,0,0,1,0,0,0,1,0,1,0,1,0,0,31,48,2,3,3,3,0          6
E8_W_error_W_finishes_first,783,1,0,0,1,0,0,1,0,0,0,1,0,1,0,1,0,0,31,48,2,3,3,3,0          6
E8_W_error_W_finishes_first,784,1,0,0,1,0,0,1,0,0,1,1,0,1,0,1,0,0,32,48,2,3,3,3,0          6
E8_W_error_W_finishes_first,785,1,0,0,1,0,0,1,0,1,0,0,0,1,0,1,0,0,32,48,2,3,3,1,0          6
E8_W_error_W_finishes_first,786,1,0,0,1,0,0,1,1,1,0,0,0,1,0,1,0,0,32,48,3,3,3,2,0          6
E8_W_error_W_finishes_first,787,1,0,0,1,0,0,1,0,0,1,1,0,1,0,1,0,0,33,48,3,3,3,3,0          6
E8_W_error_W_finishes_first,788,1,0,0,1,0,0,1,0,0,0,1,0,1,0,1,0,0,33,48,3,3,3,3,0          6
E8_W_error_W_finishes_first,789,1,0,0,1,0,0,1,0,0,0,1,0,1,0,1,0,0,33,48,3,3,3,3,0          6
E8_W_error_W_finishes_first,790,1,0,0,1,0,0,1,0,0,0,1,0,1,0,1,0,0,33,48,3,3,3,3,0          6
E8_W_error_W_finishes_first,791,1,0,0,1,0,0,1,0,0,0,1,0,1,0,1,0,0,33,48,3,3,3,3,0          6
E8_W_error_W_finishes_first,792,1,0,0,1,0,0,1,0,0,1,1,0,1,0,1,0,0,34,48,3,3,3,3,0          6
E8_W_error_W_finishes_first,793,1,0,0,1,0,0,1,0,0,0,1,0,1,0,1,0,0,34,48,3,3,3,3,0          6
E8_W_error_W_finishes_first,794,1,0,0,1,0,0,1,0,0,0,1,0,1,0,1,0,0,34,48,3,3,3,3,0          6
E8_W_error_W_finishes_first,795,1,0,0,1,0,0,1,0,0,0,1,0,1,0,1,0,0,34,48,3,3,3,3,0          6
E8_W_error_W_finishes_first,796,1,0,0,1,0,0,1,0,0,0,1,0,1,0,1,0,0,34,48,3,3,3,3,0          6
E8_W_error_W_finishes_first,797,1,0,0,1,0,0,1,0,0,1,1,0,1,0,1,0,0,35,48,3,3,3,3,0          6
E8_W_error_W_finishes_first,798,1,0,0,1,0,0,1,0,0,0,1,0,1,0,1,0,0,35,48,3,3,3,3,0          6
E8_W_error_W_finishes_first,799,1,0,0,1,0,0,1,0,0,0,1,0,1,0,1,0,0,35,48,3,3,3,3,0          6
E8_W_error_W_finishes_first,800,1,0,0,1,0,0,1,0,0,0,1,0,1,0,1,0,0,35,48,3,3,3,3,0          6
E8_W_error_W_finishes_first,801,1,0,0,1,0,0,1,0,0,0,1,0,1,0,1,0,0,35,48,3,3,3,3,0          6
E8_W_error_W_finishes_first,802,1,0,0,1,0,0,1,0,0,1,1,0,1,0,1,0,0,36,48,3,3,3,3,0          6
E8_W_error_W_finishes_first,803,1,0,0,1,0,0,1,0,0,0,1,0,1,0,1,0,0,36,48,3,3,3,3,0          6
E8_W_error_W_finishes_first,804,1,0,0,1,0,0,1,0,0,0,1,0,1,0,1,0,0,36,48,3,3,3,3,0          6
E8_W_error_W_finishes_first,805,1,0,0,1,0,0,1,0,0,0,1,0,1,0,1,0,0,36,48,3,3,3,3,0          6
E8_W_error_W_finishes_first,806,1,0,0,1,0,0,1,0,0,0,1,0,1,0,1,0,0,36,48,3,3,3,3,0          6
E8_W_error_W_finishes_first,807,1,0,0,1,0,0,1,0,0,1,1,0,1,0,1,0,0,37,48,3,3,3,3,0          6
E8_W_error_W_finishes_first,808,1,0,0,1,0,0,1,0,0,0,1,0,1,0,1,0,0,37,48,3,3,3,3,0          6
E8_W_error_W_finishes_first,809,1,0,0,1,0,0,1,0,0,0,1,0,1,0,1,0,0,37,48,3,3,3,3,0          6
E8_W_error_W_finishes_first,810,1,0,0,1,0,0,1,0,0,0,1,0,1,0,1,0,0,37,48,3,3,3,3,0          6
E8_W_error_W_finishes_first,811,1,0,0,1,0,0,1,0,0,0,1,0,1,0,1,0,0,37,48,3,3,3,3,0          6
E8_W_error_W_finishes_first,812,1,0,0,1,0,0,1,0,0,1,1,0,1,0,1,0,0,38,48,3,3,3,3,0          6
E8_W_error_W_finishes_first,813,1,0,0,1,0,0,1,0,0,0,1,0,1,0,1,0,0,38,48,3,3,3,3,0          6
E8_W_error_W_finishes_first,814,1,0,0,1,0,0,1,0,0,0,1,0,1,0,1,0,0,38,48,3,3,3,3,0          6
E8_W_error_W_finishes_first,815,1,0,0,1,0,0,1,0,0,0,1,0,1,0,1,0,0,38,48,3,3,3,3,0          6
E8_W_error_W_finishes_first,816,1,0,0,1,0,0,1,0,0,0,1,0,1,0,1,0,0,38,48,3,3,3,3,0          6
E8_W_error_W_finishes_first,817,1,0,0,1,0,0,1,0,0,1,1,0,1,0,1,0,0,39,48,3,3,3,3,0          6
E8_W_error_W_finishes_first,818,1,0,0,1,0,0,1,0,0,0,1,0,1,0,1,0,0,39,48,3,3,3,3,0          6
E8_W_error_W_finishes_first,819,1,0,0,1,0,0,1,0,0,0,1,0,1,0,1,0,0,39,48,3,3,3,3,0          6
E8_W_error_W_finishes_first,820,1,0,0,1,0,0,1,0,0,0,1,0,1,0,1,0,0,39,48,3,3,3,3,0          6
E8_W_error_W_finishes_first,821,1,0,0,1,0,0,1,0,0,0,1,0,1,0,1,0,0,39,48,3,3,3,3,0          6
E8_W_error_W_finishes_first,822,1,0,0,1,0,0,1,0,0,1,1,0,1,0,1,0,0,40,48,3,3,3,3,0          6
E8_W_error_W_finishes_first,823,1,0,0,1,0,0,1,0,0,0,1,0,1,0,1,0,0,40,48,3,3,3,3,0          6
E8_W_error_W_finishes_first,824,1,0,0,1,0,0,1,0,0,0,1,0,1,0,1,0,0,40,48,3,3,3,3,0          6
E8_W_error_W_finishes_first,825,1,0,0,1,0,0,1,0,0,0,1,0,1,0,1,0,0,40,48,3,3,3,3,0          6
E8_W_error_W_finishes_first,826,1,0,0,1,0,0,1,0,0,0,1,0,1,0,1,0,0,40,48,3,3,3,3,0          6
E8_W_error_W_finishes_first,827,1,0,0,1,0,0,1,0,0,1,1,0,1,0,1,0,0,41,48,3,3,3,3,0          6
E8_W_error_W_finishes_first,828,1,0,0,1,0,0,1,0,0,0,1,0,1,0,1,0,0,41,48,3,3,3,3,0          6
E8_W_error_W_finishes_first,829,1,0,0,1,0,0,1,0,0,0,1,0,1,0,1,0,0,41,48,3,3,3,3,0          6
E8_W_error_W_finishes_first,830,1,0,0,1,0,0,1,0,0,0,1,0,1,0,1,0,0,41,48,3,3,3,3,0          6
E8_W_error_W_finishes_first,831,1,0,0,1,0,0,1,0,0,0,1,0,1,0,1,0,0,41,48,3,3,3,3,0          6
E8_W_error_W_finishes_first,832,1,0,0,1,0,0,1,0,0,1,1,0,1,0,1,0,0,42,48,3,3,3,3,0          6
E8_W_error_W_finishes_first,833,1,0,0,1,0,0,1,0,0,0,1,0,1,0,1,0,0,42,48,3,3,3,3,0          6
E8_W_error_W_finishes_first,834,1,0,0,1,0,0,1,0,0,0,1,0,1,0,1,0,0,42,48,3,3,3,3,0          6
E8_W_error_W_finishes_first,835,1,0,0,1,0,0,1,0,0,0,1,0,1,0,1,0,0,42,48,3,3,3,3,0          6
E8_W_error_W_finishes_first,836,1,0,0,1,0,0,1,0,0,0,1,0,1,0,1,0,0,42,48,3,3,3,3,0          6
E8_W_error_W_finishes_first,837,1,0,0,1,0,0,1,0,0,1,1,0,1,0,1,0,0,43,48,3,3,3,3,0          6
E8_W_error_W_finishes_first,838,1,0,0,1,0,0,1,0,0,0,1,0,1,0,1,0,0,43,48,3,3,3,3,0          6
E8_W_error_W_finishes_first,839,1,0,0,1,0,0,1,0,0,0,1,0,1,0,1,0,0,43,48,3,3,3,3,0          6
E8_W_error_W_finishes_first,840,1,0,0,1,0,0,1,0,0,0,1,0,1,0,1,0,0,43,48,3,3,3,3,0          6
E8_W_error_W_finishes_first,841,1,0,0,1,0,0,1,0,0,0,1,0,1,0,1,0,0,43,48,3,3,3,3,0          6
E8_W_error_W_finishes_first,842,1,0,0,1,0,0,1,0,0,1,1,0,1,0,1,0,0,44,48,3,3,3,3,0          6
E8_W_error_W_finishes_first,843,1,0,0,1,0,0,1,0,0,0,1,0,1,0,1,0,0,44,48,3,3,3,3,0          6
E8_W_error_W_finishes_first,844,1,0,0,1,0,0,1,0,0,0,1,0,1,0,1,0,0,44,48,3,3,3,3,0          6
E8_W_error_W_finishes_first,845,1,0,0,1,0,0,1,0,0,0,1,0,1,0,1,0,0,44,48,3,3,3,3,0          6
E8_W_error_W_finishes_first,846,1,0,0,1,0,0,1,0,0,0,1,0,1,0,1,0,0,44,48,3,3,3,3,0          6
E8_W_error_W_finishes_first,847,1,0,0,1,0,0,1,0,0,1,1,0,1,0,1,0,0,45,48,3,3,3,3,0          6
E8_W_error_W_finishes_first,848,1,0,0,1,0,0,1,0,0,0,1,0,1,0,1,0,0,45,48,3,3,3,3,0          6
E8_W_error_W_finishes_first,849,1,0,0,1,0,0,1,0,0,0,1,0,1,0,1,0,0,45,48,3,3,3,3,0          6
E8_W_error_W_finishes_first,850,1,0,0,1,0,0,1,0,0,0,1,0,1,0,1,0,0,45,48,3,3,3,3,0          6
E8_W_error_W_finishes_first,851,1,0,0,1,0,0,1,0,0,0,1,0,1,0,1,0,0,45,48,3,3,3,3,0          6
E8_W_error_W_finishes_first,852,1,0,0,1,0,0,1,0,0,1,1,0,1,0,1,0,0,46,48,3,3,3,3,0          6
E8_W_error_W_finishes_first,853,1,0,0,1,0,0,1,0,0,0,1,0,1,0,1,0,0,46,48,3,3,3,3,0          6
E8_W_error_W_finishes_first,854,1,0,0,1,0,0,1,0,0,0,1,0,1,0,1,0,0,46,48,3,3,3,3,0          6
E8_W_error_W_finishes_first,855,1,0,0,1,0,0,1,0,0,0,1,0,1,0,1,0,0,46,48,3,3,3,3,0          6
E8_W_error_W_finishes_first,856,1,0,0,1,0,0,1,0,0,0,1,0,1,0,1,0,0,46,48,3,3,3,3,0          6
E8_W_error_W_finishes_first,857,1,0,0,1,0,0,1,0,0,1,1,0,1,0,1,0,0,47,48,3,3,3,3,0          6
E8_W_error_W_finishes_first,858,1,0,0,1,0,0,1,0,0,0,1,0,1,0,1,0,0,47,48,3,3,3,3,0          6
E8_W_error_W_finishes_first,859,1,0,0,1,0,0,1,0,0,0,1,0,1,0,1,0,0,47,48,3,3,3,3,0          6
E8_W_error_W_finishes_first,860,1,0,0,1,0,0,1,0,0,0,1,0,1,0,1,0,0,47,48,3,3,3,3,0          6
E8_W_error_W_finishes_first,861,1,0,0,1,0,0,1,0,0,0,1,0,1,0,1,0,0,47,48,3,3,3,3,0          6
E8_W_error_W_finishes_first,862,1,0,0,1,0,0,1,0,0,1,1,0,1,0,1,0,0,48,48,3,3,3,3,0          6
E8_W_error_W_finishes_first,863,1,0,0,0,0,0,1,0,1,0,0,0,1,0,1,0,0,0,48,0,3,3,0,0          6
E8_W_error_W_finishes_first,864,1,1,0,0,0,0,1,0,1,0,0,0,1,0,1,0,0,0,48,0,3,3,0,0          6
E8_W_error_W_finishes_first,865,1,0,0,1,0,0,1,0,1,0,0,0,1,0,1,0,0,0,48,0,3,3,1,0          6
E8_W_error_W_finishes_first,866,1,0,0,1,0,0,1,1,1,0,0,0,1,0,1,0,0,0,48,1,3,3,2,0          6
E8_W_error_W_finishes_first,867,1,0,0,1,0,0,1,0,0,1,1,0,1,0,1,0,0,1,48,1,3,3,3,0          6
E8_W_error_W_finishes_first,868,1,0,0,1,0,0,1,0,0,0,1,0,1,0,1,0,0,1,48,1,3,3,3,0          6
E8_W_error_W_finishes_first,869,1,0,0,1,0,0,1,0,0,0,1,0,1,0,1,0,0,1,48,1,3,3,3,0          6
E8_W_error_W_finishes_first,870,1,0,0,1,0,0,1,0,0,0,1,0,1,0,1,0,0,1,48,1,3,3,3,0          6
E8_W_error_W_finishes_first,871,1,0,0,1,0,0,1,0,0,0,1,0,1,0,1,0,0,1,48,1,3,3,3,0          6
E8_W_error_W_finishes_first,872,1,0,0,1,0,0,1,0,0,1,1,0,1,0,1,0,0,2,48,1,3,3,3,0          6
E8_W_error_W_finishes_first,873,1,0,0,1,0,0,1,0,0,0,1,0,1,0,1,0,0,2,48,1,3,3,3,0          6
E8_W_error_W_finishes_first,874,1,0,0,1,0,0,1,0,0,0,1,0,1,0,1,0,0,2,48,1,3,3,3,0          6
E8_W_error_W_finishes_first,875,1,0,0,1,0,0,1,0,0,0,1,0,1,0,1,0,0,2,48,1,3,3,3,0          6
E8_W_error_W_finishes_first,876,1,0,0,1,0,0,1,0,0,0,1,0,1,0,1,0,0,2,48,1,3,3,3,0          6
E8_W_error_W_finishes_first,877,1,0,0,1,0,0,1,0,0,1,1,0,1,0,1,0,0,3,48,1,3,3,3,0          6
E8_W_error_W_finishes_first,878,1,0,0,1,0,0,1,0,0,0,1,0,1,0,1,0,0,3,48,1,3,3,3,0          6
E8_W_error_W_finishes_first,879,1,0,0,1,0,0,1,0,0,0,1,0,1,0,1,0,0,3,48,1,3,3,3,0          6
E8_W_error_W_finishes_first,880,1,0,0,1,0,0,1,0,0,0,1,0,1,0,1,0,0,3,48,1,3,3,3,0          6
E8_W_error_W_finishes_first,881,1,0,0,1,0,0,1,0,0,0,1,0,1,0,1,0,0,3,48,1,3,3,3,0          6
E8_W_error_W_finishes_first,882,1,0,0,1,0,0,1,0,0,1,1,0,1,0,1,0,0,4,48,1,3,3,3,0          6
E8_W_error_W_finishes_first,883,1,0,0,1,0,0,1,0,0,0,1,0,1,0,1,0,0,4,48,1,3,3,3,0          6
E8_W_error_W_finishes_first,884,1,0,0,1,0,0,1,0,0,0,1,0,1,0,1,0,0,4,48,1,3,3,3,0          6
E8_W_error_W_finishes_first,885,1,0,0,1,0,0,1,0,0,0,1,0,1,0,1,0,0,4,48,1,3,3,3,0          6
E8_W_error_W_finishes_first,886,1,0,0,1,0,0,1,0,0,0,1,0,1,0,1,0,0,4,48,1,3,3,3,0          6
E8_W_error_W_finishes_first,887,1,0,0,1,0,0,1,0,0,1,1,0,1,0,1,0,0,5,48,1,3,3,3,0          6
E8_W_error_W_finishes_first,888,1,0,0,1,0,0,1,0,0,0,1,0,1,0,1,0,0,5,48,1,3,3,3,0          6
E8_W_error_W_finishes_first,889,1,0,0,1,0,0,1,0,0,0,1,0,1,0,1,0,0,5,48,1,3,3,3,0          6
E8_W_error_W_finishes_first,890,1,0,0,1,0,0,1,0,0,0,1,0,1,0,1,0,0,5,48,1,3,3,3,0          6
E8_W_error_W_finishes_first,891,1,0,0,1,0,0,1,0,0,0,1,0,1,0,1,0,0,5,48,1,3,3,3,0          6
E8_W_error_W_finishes_first,892,1,0,0,1,0,0,1,0,0,1,1,0,1,0,1,0,0,6,48,1,3,3,3,0          6
E8_W_error_W_finishes_first,893,1,0,0,1,0,0,1,0,0,0,1,0,1,0,1,0,0,6,48,1,3,3,3,0          6
E8_W_error_W_finishes_first,894,1,0,0,1,0,0,1,0,0,0,1,0,1,0,1,0,0,6,48,1,3,3,3,0          6
E8_W_error_W_finishes_first,895,1,0,0,1,0,0,1,0,0,0,1,0,1,0,1,0,0,6,48,1,3,3,3,0          6
E8_W_error_W_finishes_first,896,1,0,0,1,0,0,1,0,0,0,1,0,1,0,1,0,0,6,48,1,3,3,3,0          6
E8_W_error_W_finishes_first,897,1,0,0,1,0,0,1,0,0,1,1,0,1,0,1,0,0,7,48,1,3,3,3,0          6
E8_W_error_W_finishes_first,898,1,0,0,1,0,0,1,0,0,0,1,0,1,0,1,0,0,7,48,1,3,3,3,0          6
E8_W_error_W_finishes_first,899,1,0,0,1,0,0,1,0,0,0,1,0,1,0,1,0,0,7,48,1,3,3,3,0          6
E8_W_error_W_finishes_first,900,1,0,0,1,0,0,1,0,0,0,1,0,1,0,1,0,0,7,48,1,3,3,3,0          6
E8_W_error_W_finishes_first,901,1,0,0,1,0,0,1,0,0,0,1,0,1,0,1,0,0,7,48,1,3,3,3,0          6
E8_W_error_W_finishes_first,902,1,0,0,1,0,0,1,0,0,1,1,0,1,0,1,0,0,8,48,1,3,3,3,0          6
E8_W_error_W_finishes_first,903,1,0,0,1,0,0,1,0,0,0,1,0,1,0,1,0,0,8,48,1,3,3,3,0          6
E8_W_error_W_finishes_first,904,1,0,0,1,0,0,1,0,0,0,1,0,1,0,1,0,0,8,48,1,3,3,3,0          6
E8_W_error_W_finishes_first,905,1,0,0,1,0,0,1,0,0,0,1,0,1,0,1,0,0,8,48,1,3,3,3,0          6
E8_W_error_W_finishes_first,906,1,0,0,1,0,0,1,0,0,0,1,0,1,0,1,0,0,8,48,1,3,3,3,0          6
E8_W_error_W_finishes_first,907,1,0,0,1,0,0,1,0,0,1,1,0,1,0,1,0,0,9,48,1,3,3,3,0          6
E8_W_error_W_finishes_first,908,1,0,0,1,0,0,1,0,0,0,1,0,1,0,1,0,0,9,48,1,3,3,3,0          6
E8_W_error_W_finishes_first,909,1,0,0,1,0,0,1,0,0,0,1,0,1,0,1,0,0,9,48,1,3,3,3,0          6
E8_W_error_W_finishes_first,910,1,0,0,1,0,0,1,0,0,0,1,0,1,0,1,0,0,9,48,1,3,3,3,0          6
E8_W_error_W_finishes_first,911,1,0,0,1,0,0,1,0,0,0,1,0,1,0,1,0,0,9,48,1,3,3,3,0          6
E8_W_error_W_finishes_first,912,1,0,0,1,0,0,1,0,0,1,1,0,1,0,1,0,0,10,48,1,3,3,3,0          6
E8_W_error_W_finishes_first,913,1,0,0,1,0,0,1,0,0,0,1,0,1,0,1,0,0,10,48,1,3,3,3,0          6
E8_W_error_W_finishes_first,914,1,0,0,1,0,0,1,0,0,0,1,0,1,0,1,0,0,10,48,1,3,3,3,0          6
E8_W_error_W_finishes_first,915,1,0,0,1,0,0,1,0,0,0,1,0,1,0,1,0,0,10,48,1,3,3,3,0          6
E8_W_error_W_finishes_first,916,1,0,0,1,0,0,1,0,0,0,1,0,1,0,1,0,0,10,48,1,3,3,3,0          6
E8_W_error_W_finishes_first,917,1,0,0,1,0,0,1,0,0,1,1,0,1,0,1,0,0,11,48,1,3,3,3,0          6
E8_W_error_W_finishes_first,918,1,0,0,1,0,0,1,0,0,0,1,0,1,0,1,0,0,11,48,1,3,3,3,0          6
E8_W_error_W_finishes_first,919,1,0,0,1,0,0,1,0,0,0,1,0,1,0,1,0,0,11,48,1,3,3,3,0          6
E8_W_error_W_finishes_first,920,1,0,0,1,0,0,1,0,0,0,1,0,1,0,1,0,0,11,48,1,3,3,3,0          6
E8_W_error_W_finishes_first,921,1,0,0,1,0,0,1,0,0,0,1,0,1,0,1,0,0,11,48,1,3,3,3,0          6
E8_W_error_W_finishes_first,922,1,0,0,1,0,0,1,0,0,1,1,0,1,0,1,0,0,12,48,1,3,3,3,0          6
E8_W_error_W_finishes_first,923,1,0,0,1,0,0,1,0,0,0,1,0,1,0,1,0,0,12,48,1,3,3,3,0          6
E8_W_error_W_finishes_first,924,1,0,0,1,0,0,1,0,0,0,1,0,1,0,1,0,0,12,48,1,3,3,3,0          6
E8_W_error_W_finishes_first,925,1,0,0,1,0,0,1,0,0,0,1,0,1,0,1,0,0,12,48,1,3,3,3,0          6
E8_W_error_W_finishes_first,926,1,0,0,1,0,0,1,0,0,0,1,0,1,0,1,0,0,12,48,1,3,3,3,0          6
E8_W_error_W_finishes_first,927,1,0,0,1,0,0,1,0,0,1,1,0,1,0,1,0,0,13,48,1,3,3,3,0          6
E8_W_error_W_finishes_first,928,1,0,0,1,0,0,1,0,0,0,1,0,1,0,1,0,0,13,48,1,3,3,3,0          6
E8_W_error_W_finishes_first,929,1,0,0,1,0,0,1,0,0,0,1,0,1,0,1,0,0,13,48,1,3,3,3,0          6
E8_W_error_W_finishes_first,930,1,0,0,1,0,0,1,0,0,0,1,0,1,0,1,0,0,13,48,1,3,3,3,0          6
E8_W_error_W_finishes_first,931,1,0,0,1,0,0,1,0,0,0,1,0,1,0,1,0,0,13,48,1,3,3,3,0          6
E8_W_error_W_finishes_first,932,1,0,0,1,0,0,1,0,0,1,1,0,1,0,1,0,0,14,48,1,3,3,3,0          6
E8_W_error_W_finishes_first,933,1,0,0,1,0,0,1,0,0,0,1,0,1,0,1,0,0,14,48,1,3,3,3,0          6
E8_W_error_W_finishes_first,934,1,0,0,1,0,0,1,0,0,0,1,0,1,0,1,0,0,14,48,1,3,3,3,0          6
E8_W_error_W_finishes_first,935,1,0,0,1,0,0,1,0,0,0,1,0,1,0,1,0,0,14,48,1,3,3,3,0          6
E8_W_error_W_finishes_first,936,1,0,0,1,0,0,1,0,0,0,1,0,1,0,1,0,0,14,48,1,3,3,3,0          6
E8_W_error_W_finishes_first,937,1,0,0,1,0,0,1,0,0,1,1,0,1,0,1,0,0,15,48,1,3,3,3,0          6
E8_W_error_W_finishes_first,938,1,0,0,1,0,0,1,0,0,0,1,0,1,0,1,0,0,15,48,1,3,3,3,0          6
E8_W_error_W_finishes_first,939,1,0,0,1,0,0,1,0,0,0,1,0,1,0,1,0,0,15,48,1,3,3,3,0          6
E8_W_error_W_finishes_first,940,1,0,0,1,0,0,1,0,0,0,1,0,1,0,1,0,0,15,48,1,3,3,3,0          6
E8_W_error_W_finishes_first,941,1,0,0,1,0,0,1,0,0,0,1,0,1,0,1,0,0,15,48,1,3,3,3,0          6
E8_W_error_W_finishes_first,942,1,0,0,1,0,0,1,0,0,1,1,0,1,0,1,0,0,16,48,1,3,3,3,0          6
E8_W_error_W_finishes_first,943,1,0,0,1,0,0,1,0,1,0,0,0,1,0,1,0,0,16,48,1,3,3,1,0          6
E8_W_error_W_finishes_first,944,1,0,0,1,0,0,1,1,1,0,0,0,1,0,1,0,0,16,48,2,3,3,2,0          6
E8_W_error_W_finishes_first,945,1,0,0,1,0,0,1,0,0,1,1,0,1,0,1,0,0,17,48,2,3,3,3,0          6
E8_W_error_W_finishes_first,946,1,0,0,1,0,0,1,0,0,0,1,0,1,0,1,0,0,17,48,2,3,3,3,0          6
E8_W_error_W_finishes_first,947,1,0,0,1,0,0,1,0,0,0,1,0,1,0,1,0,0,17,48,2,3,3,3,0          6
E8_W_error_W_finishes_first,948,1,0,0,1,0,0,1,0,0,0,1,0,1,0,1,0,0,17,48,2,3,3,3,0          6
E8_W_error_W_finishes_first,949,1,0,0,1,0,0,1,0,0,0,1,0,1,0,1,0,0,17,48,2,3,3,3,0          6
E8_W_error_W_finishes_first,950,1,0,0,1,0,0,1,0,0,1,1,0,1,0,1,0,0,18,48,2,3,3,3,0          6
E8_W_error_W_finishes_first,951,1,0,0,1,0,0,1,0,0,0,1,0,1,0,1,0,0,18,48,2,3,3,3,0          6
E8_W_error_W_finishes_first,952,1,0,0,1,0,0,1,0,0,0,1,0,1,0,1,0,0,18,48,2,3,3,3,0          6
E8_W_error_W_finishes_first,953,1,0,0,1,0,0,1,0,0,0,1,0,1,0,1,0,0,18,48,2,3,3,3,0          6
E8_W_error_W_finishes_first,954,1,0,0,1,0,0,1,0,0,0,1,0,1,0,1,0,0,18,48,2,3,3,3,0          6
E8_W_error_W_finishes_first,955,1,0,0,1,0,0,1,0,0,1,1,0,1,0,1,0,0,19,48,2,3,3,3,0          6
E8_W_error_W_finishes_first,956,1,0,0,1,0,0,1,0,0,0,1,0,1,0,1,0,0,19,48,2,3,3,3,0          6
E8_W_error_W_finishes_first,957,1,0,0,1,0,0,1,0,0,0,1,0,1,0,1,0,0,19,48,2,3,3,3,0          6
E8_W_error_W_finishes_first,958,1,0,0,1,0,0,1,0,0,0,1,0,1,0,1,0,0,19,48,2,3,3,3,0          6
E8_W_error_W_finishes_first,959,1,0,0,1,0,0,1,0,0,0,1,0,1,0,1,0,0,19,48,2,3,3,3,0          6
E8_W_error_W_finishes_first,960,1,0,0,1,0,0,1,0,0,1,1,0,1,0,1,0,0,20,48,2,3,3,3,0          6
E8_W_error_W_finishes_first,961,1,0,0,1,0,0,1,0,0,0,1,0,1,0,1,0,0,20,48,2,3,3,3,0          6
E8_W_error_W_finishes_first,962,1,0,0,1,0,0,1,0,0,0,1,0,1,0,1,0,0,20,48,2,3,3,3,0          6
E8_W_error_W_finishes_first,963,1,0,0,1,0,0,1,0,0,0,1,0,1,0,1,0,0,20,48,2,3,3,3,0          6
E8_W_error_W_finishes_first,964,1,0,0,1,0,0,1,0,0,0,1,0,1,0,1,0,0,20,48,2,3,3,3,0          6
E8_W_error_W_finishes_first,965,1,0,0,1,0,0,1,0,0,1,1,0,1,0,1,0,0,21,48,2,3,3,3,0          6
E8_W_error_W_finishes_first,966,1,0,0,1,0,0,1,0,0,0,1,0,1,0,1,0,0,21,48,2,3,3,3,0          6
E8_W_error_W_finishes_first,967,1,0,0,1,0,0,1,0,0,0,1,0,1,0,1,0,0,21,48,2,3,3,3,0          6
E8_W_error_W_finishes_first,968,1,0,0,1,0,0,1,0,0,0,1,0,1,0,1,0,0,21,48,2,3,3,3,0          6
E8_W_error_W_finishes_first,969,1,0,0,1,0,0,1,0,0,0,1,0,1,0,1,0,0,21,48,2,3,3,3,0          6
E8_W_error_W_finishes_first,970,1,0,0,1,0,0,1,0,0,1,1,0,1,0,1,0,0,22,48,2,3,3,3,0          6
E8_W_error_W_finishes_first,971,1,0,0,1,0,0,1,0,0,0,1,0,1,0,1,0,0,22,48,2,3,3,3,0          6
E8_W_error_W_finishes_first,972,1,0,0,1,0,0,1,0,0,0,1,0,1,0,1,0,0,22,48,2,3,3,3,0          6
E8_W_error_W_finishes_first,973,1,0,0,1,0,0,1,0,0,0,1,0,1,0,1,0,0,22,48,2,3,3,3,0          6
E8_W_error_W_finishes_first,974,1,0,0,1,0,0,1,0,0,0,1,0,1,0,1,0,0,22,48,2,3,3,3,0          6
E8_W_error_W_finishes_first,975,1,0,0,1,0,0,1,0,0,1,1,0,1,0,1,0,0,23,48,2,3,3,3,0          6
E8_W_error_W_finishes_first,976,1,0,0,1,0,0,1,0,0,0,1,0,1,0,1,0,0,23,48,2,3,3,3,0          6
E8_W_error_W_finishes_first,977,1,0,0,1,0,0,1,0,0,0,1,0,1,0,1,0,0,23,48,2,3,3,3,0          6
E8_W_error_W_finishes_first,978,1,0,0,1,0,0,1,0,0,0,1,0,1,0,1,0,0,23,48,2,3,3,3,0          6
E8_W_error_W_finishes_first,979,1,0,0,1,0,0,1,0,0,0,1,0,1,0,1,0,0,23,48,2,3,3,3,0          6
E8_W_error_W_finishes_first,980,1,0,0,1,0,0,1,0,0,1,1,0,1,0,1,0,0,24,48,2,3,3,3,0          6
E8_W_error_W_finishes_first,981,1,0,0,1,0,0,1,0,0,0,1,0,1,0,1,0,0,24,48,2,3,3,3,0          6
E8_W_error_W_finishes_first,982,1,0,0,1,0,0,1,0,0,0,1,0,1,0,1,0,0,24,48,2,3,3,3,0          6
E8_W_error_W_finishes_first,983,1,0,0,1,0,0,1,0,0,0,1,0,1,0,1,0,0,24,48,2,3,3,3,0          6
E8_W_error_W_finishes_first,984,1,0,0,1,0,0,1,0,0,0,1,0,1,0,1,0,0,24,48,2,3,3,3,0          6
E8_W_error_W_finishes_first,985,1,0,0,1,0,0,1,0,0,1,1,0,1,0,1,0,0,25,48,2,3,3,3,0          6
E8_W_error_W_finishes_first,986,1,0,0,1,0,0,1,0,0,0,1,0,1,0,1,0,0,25,48,2,3,3,3,0          6
E8_W_error_W_finishes_first,987,1,0,0,1,0,0,1,0,0,0,1,0,1,0,1,0,0,25,48,2,3,3,3,0          6
E8_W_error_W_finishes_first,988,1,0,0,1,0,0,1,0,0,0,1,0,1,0,1,0,0,25,48,2,3,3,3,0          6
E8_W_error_W_finishes_first,989,1,0,0,1,0,0,1,0,0,0,1,0,1,0,1,0,0,25,48,2,3,3,3,0          6
E8_W_error_W_finishes_first,990,1,0,0,1,0,0,1,0,0,1,1,0,1,0,1,0,0,26,48,2,3,3,3,0          6
E8_W_error_W_finishes_first,991,1,0,0,1,0,0,1,0,0,0,1,0,1,0,1,0,0,26,48,2,3,3,3,0          6
E8_W_error_W_finishes_first,992,1,0,0,1,0,0,1,0,0,0,1,0,1,0,1,0,0,26,48,2,3,3,3,0          6
E8_W_error_W_finishes_first,993,1,0,0,1,0,0,1,0,0,0,1,0,1,0,1,0,0,26,48,2,3,3,3,0          6
E8_W_error_W_finishes_first,994,1,0,0,1,0,0,1,0,0,0,1,0,1,0,1,0,0,26,48,2,3,3,3,0          6
E8_W_error_W_finishes_first,995,1,0,0,1,0,0,1,0,0,1,1,0,1,0,1,0,0,27,48,2,3,3,3,0          6
E8_W_error_W_finishes_first,996,1,0,0,1,0,0,1,0,0,0,1,0,1,0,1,0,0,27,48,2,3,3,3,0          6
E8_W_error_W_finishes_first,997,1,0,0,1,0,0,1,0,0,0,1,0,1,0,1,0,0,27,48,2,3,3,3,0          6
E8_W_error_W_finishes_first,998,1,0,0,1,0,0,1,0,0,0,1,0,1,0,1,0,0,27,48,2,3,3,3,0          6
E8_W_error_W_finishes_first,999,1,0,0,1,0,0,1,0,0,0,1,0,1,0,1,0,0,27,48,2,3,3,3,0          6
E8_W_error_W_finishes_first,1000,1,0,0,1,0,0,1,0,0,1,1,0,1,0,1,0,0,28,48,2,3,3,3,0          6
E8_W_error_W_finishes_first,1001,1,0,0,1,0,0,1,0,0,0,1,0,1,0,1,0,0,28,48,2,3,3,3,0          6
E8_W_error_W_finishes_first,1002,1,0,0,1,0,0,1,0,0,0,1,0,1,0,1,0,0,28,48,2,3,3,3,0          6
E8_W_error_W_finishes_first,1003,1,0,0,1,0,0,1,0,0,0,1,0,1,0,1,0,0,28,48,2,3,3,3,0          6
E8_W_error_W_finishes_first,1004,1,0,0,1,0,0,1,0,0,0,1,0,1,0,1,0,0,28,48,2,3,3,3,0          6
E8_W_error_W_finishes_first,1005,1,0,0,1,0,0,1,0,0,1,1,0,1,0,1,0,0,29,48,2,3,3,3,0          6
E8_W_error_W_finishes_first,1006,1,0,0,1,0,0,1,0,0,0,1,0,1,0,1,0,0,29,48,2,3,3,3,0          6
E8_W_error_W_finishes_first,1007,1,0,0,1,0,0,1,0,0,0,1,0,1,0,1,0,0,29,48,2,3,3,3,0          6
E8_W_error_W_finishes_first,1008,1,0,0,1,0,0,1,0,0,0,1,0,1,0,1,0,0,29,48,2,3,3,3,0          6
E8_W_error_W_finishes_first,1009,1,0,0,1,0,0,1,0,0,0,1,0,1,0,1,0,0,29,48,2,3,3,3,0          6
E8_W_error_W_finishes_first,1010,1,0,0,1,0,0,1,0,0,1,1,0,1,0,1,0,0,30,48,2,3,3,3,0          6
E8_W_error_W_finishes_first,1011,1,0,0,1,0,0,1,0,0,0,1,0,1,0,1,0,0,30,48,2,3,3,3,0          6
E8_W_error_W_finishes_first,1012,1,0,0,1,0,0,1,0,0,0,1,0,1,0,1,0,0,30,48,2,3,3,3,0          6
E8_W_error_W_finishes_first,1013,1,0,0,1,0,0,1,0,0,0,1,0,1,0,1,0,0,30,48,2,3,3,3,0          6
E8_W_error_W_finishes_first,1014,1,0,0,1,0,0,1,0,0,0,1,0,1,0,1,0,0,30,48,2,3,3,3,0          6
E8_W_error_W_finishes_first,1015,1,0,0,1,0,0,1,0,0,1,1,0,1,0,1,0,0,31,48,2,3,3,3,0          6
E8_W_error_W_finishes_first,1016,1,0,0,1,0,0,1,0,0,0,1,0,1,0,1,0,0,31,48,2,3,3,3,0          6
E8_W_error_W_finishes_first,1017,1,0,0,1,0,0,1,0,0,0,1,0,1,0,1,0,0,31,48,2,3,3,3,0          6
E8_W_error_W_finishes_first,1018,1,0,0,1,0,0,1,0,0,0,1,0,1,0,1,0,0,31,48,2,3,3,3,0          6
E8_W_error_W_finishes_first,1019,1,0,0,1,0,0,1,0,0,0,1,0,1,0,1,0,0,31,48,2,3,3,3,0          6
E8_W_error_W_finishes_first,1020,1,0,0,1,0,0,1,0,0,1,1,0,1,0,1,0,0,32,48,2,3,3,3,0          6
E8_W_error_W_finishes_first,1021,1,0,0,1,0,0,1,0,1,0,0,0,1,0,1,0,0,32,48,2,3,3,1,0          6
E8_W_error_W_finishes_first,1022,1,0,0,1,0,0,1,1,1,0,0,0,1,0,1,0,0,32,48,3,3,3,2,0          6
E8_W_error_W_finishes_first,1023,1,0,0,1,0,0,1,0,0,1,1,0,1,0,1,0,0,33,48,3,3,3,3,0          6
E8_W_error_W_finishes_first,1024,1,0,0,1,0,0,1,0,0,0,1,0,1,0,1,0,0,33,48,3,3,3,3,0          6
E8_W_error_W_finishes_first,1025,1,0,0,1,0,0,1,0,0,0,1,0,1,0,1,0,0,33,48,3,3,3,3,0          6
E8_W_error_W_finishes_first,1026,1,0,0,1,0,0,1,0,0,0,1,0,1,0,1,0,0,33,48,3,3,3,3,0          6
E8_W_error_W_finishes_first,1027,1,0,0,1,0,0,1,0,0,0,1,0,1,0,1,0,0,33,48,3,3,3,3,0          6
E8_W_error_W_finishes_first,1028,1,0,0,1,0,0,1,0,0,1,1,0,1,0,1,0,0,34,48,3,3,3,3,0          6
E8_W_error_W_finishes_first,1029,1,0,0,1,0,0,1,0,0,0,1,0,1,0,1,0,0,34,48,3,3,3,3,0          6
E8_W_error_W_finishes_first,1030,1,0,0,1,0,0,1,0,0,0,1,0,1,0,1,0,0,34,48,3,3,3,3,0          6
E8_W_error_W_finishes_first,1031,1,0,0,1,0,0,1,0,0,0,1,0,1,0,1,0,0,34,48,3,3,3,3,0          6
E8_W_error_W_finishes_first,1032,1,0,0,1,0,0,1,0,0,0,1,0,1,0,1,0,0,34,48,3,3,3,3,0          6
E8_W_error_W_finishes_first,1033,1,0,0,1,0,0,1,0,0,1,1,0,1,0,1,0,0,35,48,3,3,3,3,0          6
E8_W_error_W_finishes_first,1034,1,0,0,1,0,0,1,0,0,0,1,0,1,0,1,0,0,35,48,3,3,3,3,0          6
E8_W_error_W_finishes_first,1035,1,0,0,1,0,0,1,0,0,0,1,0,1,0,1,0,0,35,48,3,3,3,3,0          6
E8_W_error_W_finishes_first,1036,1,0,0,1,0,0,1,0,0,0,1,0,1,0,1,0,0,35,48,3,3,3,3,0          6
E8_W_error_W_finishes_first,1037,1,0,0,1,0,0,1,0,0,0,1,0,1,0,1,0,0,35,48,3,3,3,3,0          6
E8_W_error_W_finishes_first,1038,1,0,0,1,0,0,1,0,0,1,1,0,1,0,1,0,0,36,48,3,3,3,3,0          6
E8_W_error_W_finishes_first,1039,1,0,0,1,0,0,1,0,0,0,1,0,1,0,1,0,0,36,48,3,3,3,3,0          6
E8_W_error_W_finishes_first,1040,1,0,0,1,0,0,1,0,0,0,1,0,1,0,1,0,0,36,48,3,3,3,3,0          6
E8_W_error_W_finishes_first,1041,1,0,0,1,0,0,1,0,0,0,1,0,1,0,1,0,0,36,48,3,3,3,3,0          6
E8_W_error_W_finishes_first,1042,1,0,0,1,0,0,1,0,0,0,1,0,1,0,1,0,0,36,48,3,3,3,3,0          6
E8_W_error_W_finishes_first,1043,1,0,0,1,0,0,1,0,0,1,1,0,1,0,1,0,0,37,48,3,3,3,3,0          6
E8_W_error_W_finishes_first,1044,1,0,0,1,0,0,1,0,0,0,1,0,1,0,1,0,0,37,48,3,3,3,3,0          6
E8_W_error_W_finishes_first,1045,1,0,0,1,0,0,1,0,0,0,1,0,1,0,1,0,0,37,48,3,3,3,3,0          6
E8_W_error_W_finishes_first,1046,1,0,0,1,0,0,1,0,0,0,1,0,1,0,1,0,0,37,48,3,3,3,3,0          6
E8_W_error_W_finishes_first,1047,1,0,0,1,0,0,1,0,0,0,1,0,1,0,1,0,0,37,48,3,3,3,3,0          6
E8_W_error_W_finishes_first,1048,1,0,0,1,0,0,1,0,0,1,1,0,1,0,1,0,0,38,48,3,3,3,3,0          6
E8_W_error_W_finishes_first,1049,1,0,0,1,0,0,1,0,0,0,1,0,1,0,1,0,0,38,48,3,3,3,3,0          6
E8_W_error_W_finishes_first,1050,1,0,0,1,0,0,1,0,0,0,1,0,1,0,1,0,0,38,48,3,3,3,3,0          6
E8_W_error_W_finishes_first,1051,1,0,0,1,0,0,1,0,0,0,1,0,1,0,1,0,0,38,48,3,3,3,3,0          6
E8_W_error_W_finishes_first,1052,1,0,0,1,0,0,1,0,0,0,1,0,1,0,1,0,0,38,48,3,3,3,3,0          6
E8_W_error_W_finishes_first,1053,1,0,0,1,0,0,1,0,0,1,1,0,1,0,1,0,0,39,48,3,3,3,3,0          6
E8_W_error_W_finishes_first,1054,1,0,0,1,0,0,1,0,0,0,1,0,1,0,1,0,0,39,48,3,3,3,3,0          6
E8_W_error_W_finishes_first,1055,1,0,0,1,0,0,1,0,0,0,1,0,1,0,1,0,0,39,48,3,3,3,3,0          6
E8_W_error_W_finishes_first,1056,1,0,0,1,0,0,1,0,0,0,1,0,1,0,1,0,0,39,48,3,3,3,3,0          6
E8_W_error_W_finishes_first,1057,1,0,0,1,0,0,1,0,0,0,1,0,1,0,1,0,0,39,48,3,3,3,3,0          6
E8_W_error_W_finishes_first,1058,1,0,0,1,0,0,1,0,0,1,1,0,1,0,1,0,0,40,48,3,3,3,3,0          6
E8_W_error_W_finishes_first,1059,1,0,0,1,0,0,1,0,0,0,1,0,1,0,1,0,0,40,48,3,3,3,3,0          6
E8_W_error_W_finishes_first,1060,1,0,0,1,0,0,1,0,0,0,1,0,1,0,1,0,0,40,48,3,3,3,3,0          6
E8_W_error_W_finishes_first,1061,1,0,0,1,0,0,1,0,0,0,1,0,1,0,1,0,0,40,48,3,3,3,3,0          6
E8_W_error_W_finishes_first,1062,1,0,0,1,0,0,1,0,0,0,1,0,1,0,1,0,0,40,48,3,3,3,3,0          6
E8_W_error_W_finishes_first,1063,1,0,0,1,0,0,1,0,0,1,1,0,1,0,1,0,0,41,48,3,3,3,3,0          6
E8_W_error_W_finishes_first,1064,1,0,0,1,0,0,1,0,0,0,1,0,1,0,1,0,0,41,48,3,3,3,3,0          6
E8_W_error_W_finishes_first,1065,1,0,0,1,0,0,1,0,0,0,1,0,1,0,1,0,0,41,48,3,3,3,3,0          6
E8_W_error_W_finishes_first,1066,1,0,0,1,0,0,1,0,0,0,1,0,1,0,1,0,0,41,48,3,3,3,3,0          6
E8_W_error_W_finishes_first,1067,1,0,0,1,0,0,1,0,0,0,1,0,1,0,1,0,0,41,48,3,3,3,3,0          6
E8_W_error_W_finishes_first,1068,1,0,0,1,0,0,1,0,0,1,1,0,1,0,1,0,0,42,48,3,3,3,3,0          6
E8_W_error_W_finishes_first,1069,1,0,0,1,0,0,1,0,0,0,1,0,1,0,1,0,0,42,48,3,3,3,3,0          6
E8_W_error_W_finishes_first,1070,1,0,0,1,0,0,1,0,0,0,1,0,1,0,1,0,0,42,48,3,3,3,3,0          6
E8_W_error_W_finishes_first,1071,1,0,0,1,0,0,1,0,0,0,1,0,1,0,1,0,0,42,48,3,3,3,3,0          6
E8_W_error_W_finishes_first,1072,1,0,0,1,0,0,1,0,0,0,1,0,1,0,1,0,0,42,48,3,3,3,3,0          6
E8_W_error_W_finishes_first,1073,1,0,0,1,0,0,1,0,0,1,1,0,1,0,1,0,0,43,48,3,3,3,3,0          6
E8_W_error_W_finishes_first,1074,1,0,0,1,0,0,1,0,0,0,1,0,1,0,1,0,0,43,48,3,3,3,3,0          6
E8_W_error_W_finishes_first,1075,1,0,0,1,0,0,1,0,0,0,1,0,1,0,1,0,0,43,48,3,3,3,3,0          6
E8_W_error_W_finishes_first,1076,1,0,0,1,0,0,1,0,0,0,1,0,1,0,1,0,0,43,48,3,3,3,3,0          6
E8_W_error_W_finishes_first,1077,1,0,0,1,0,0,1,0,0,0,1,0,1,0,1,0,0,43,48,3,3,3,3,0          6
E8_W_error_W_finishes_first,1078,1,0,0,1,0,0,1,0,0,1,1,0,1,0,1,0,0,44,48,3,3,3,3,0          6
E8_W_error_W_finishes_first,1079,1,0,0,1,0,0,1,0,0,0,1,0,1,0,1,0,0,44,48,3,3,3,3,0          6
E8_W_error_W_finishes_first,1080,1,0,0,1,0,0,1,0,0,0,1,0,1,0,1,0,0,44,48,3,3,3,3,0          6
E8_W_error_W_finishes_first,1081,1,0,0,1,0,0,1,0,0,0,1,0,1,0,1,0,0,44,48,3,3,3,3,0          6
E8_W_error_W_finishes_first,1082,1,0,0,1,0,0,1,0,0,0,1,0,1,0,1,0,0,44,48,3,3,3,3,0          6
E8_W_error_W_finishes_first,1083,1,0,0,1,0,0,1,0,0,1,1,0,1,0,1,0,0,45,48,3,3,3,3,0          6
E8_W_error_W_finishes_first,1084,1,0,0,1,0,0,1,0,0,0,1,0,1,0,1,0,0,45,48,3,3,3,3,0          6
E8_W_error_W_finishes_first,1085,1,0,0,1,0,0,1,0,0,0,1,0,1,0,1,0,0,45,48,3,3,3,3,0          6
E8_W_error_W_finishes_first,1086,1,0,0,1,0,0,1,0,0,0,1,0,1,0,1,0,0,45,48,3,3,3,3,0          6
E8_W_error_W_finishes_first,1087,1,0,0,1,0,0,1,0,0,0,1,0,1,0,1,0,0,45,48,3,3,3,3,0          6
E8_W_error_W_finishes_first,1088,1,0,0,1,0,0,1,0,0,1,1,0,1,0,1,0,0,46,48,3,3,3,3,0          6
E8_W_error_W_finishes_first,1089,1,0,0,1,0,0,1,0,0,0,1,0,1,0,1,0,0,46,48,3,3,3,3,0          6
E8_W_error_W_finishes_first,1090,1,0,0,1,0,0,1,0,0,0,1,0,1,0,1,0,0,46,48,3,3,3,3,0          6
E8_W_error_W_finishes_first,1091,1,0,0,1,0,0,1,0,0,0,1,0,1,0,1,0,0,46,48,3,3,3,3,0          6
E8_W_error_W_finishes_first,1092,1,0,0,1,0,0,1,0,0,0,1,0,1,0,1,0,0,46,48,3,3,3,3,0          6
E8_W_error_W_finishes_first,1093,1,0,0,1,0,0,1,0,0,1,1,0,1,0,1,0,0,47,48,3,3,3,3,0          6
E8_W_error_W_finishes_first,1094,1,0,0,1,0,0,1,0,0,0,1,0,1,0,1,0,0,47,48,3,3,3,3,0          6
E8_W_error_W_finishes_first,1095,1,0,0,1,0,0,1,0,0,0,1,0,1,0,1,0,0,47,48,3,3,3,3,0          6
E8_W_error_W_finishes_first,1096,1,0,0,1,0,0,1,0,0,0,1,0,1,0,1,0,0,47,48,3,3,3,3,0          6
E8_W_error_W_finishes_first,1097,1,0,0,1,0,0,1,0,0,0,1,0,1,0,1,0,0,47,48,3,3,3,3,0          6
E8_W_error_W_finishes_first,1098,1,0,0,1,0,0,1,0,0,1,1,0,1,0,1,0,0,48,48,3,3,3,3,0          6
E8_W_error_W_finishes_first,1099,1,0,0,0,0,0,1,0,1,0,0,0,1,0,1,0,0,48,48,3,3,3,0,0          6
E8_W_error_W_finishes_first,1100,1,0,0,0,0,0,1,0,1,0,0,0,1,0,1,0,0,48,48,3,3,3,0,0          6
E8_W_error_W_finishes_first,1101,1,0,0,0,0,0,1,0,1,0,0,0,1,0,1,0,0,48,48,3,3,3,0,0          6
E8_W_error_W_finishes_first,1102,1,0,0,0,0,0,1,0,1,0,0,0,1,0,1,0,0,48,48,3,3,3,0,0          6
E8_W_error_W_finishes_first,1103,1,0,0,0,0,0,1,0,1,0,0,0,1,0,1,0,0,48,48,3,3,3,0,0          6
E8_W_error_W_finishes_first,1104,1,0,0,0,0,0,1,0,1,0,0,0,1,0,1,0,0,48,48,3,3,3,0,0          6
E8_W_error_W_finishes_first,1105,1,0,0,0,0,0,1,0,1,0,0,0,1,0,1,0,0,48,48,3,3,3,0,0          6
E8_W_error_W_finishes_first,1106,1,0,0,0,0,0,1,0,1,0,0,0,1,0,1,0,0,48,48,3,3,3,0,0          6
E8_W_error_W_finishes_first,1107,1,0,0,0,0,0,1,0,1,0,0,0,1,0,1,0,0,48,48,3,3,3,0,0          6
E8_W_error_W_finishes_first,1108,1,0,0,0,0,0,1,0,1,0,0,0,1,0,1,0,0,48,48,3,3,3,0,0          6
E8_W_error_W_finishes_first,1109,1,0,0,0,0,0,1,0,1,0,0,0,1,0,1,0,0,48,48,3,3,3,0,0          6
E8_W_error_W_finishes_first,1110,1,0,0,0,0,0,1,0,1,0,0,0,1,0,1,0,0,48,48,3,3,3,0,0          6
E8_W_error_W_finishes_first,1111,1,0,0,0,0,0,1,0,1,0,0,0,1,0,1,0,0,48,48,3,3,3,0,0          6
E8_W_error_W_finishes_first,1112,1,0,0,0,0,0,1,0,1,0,0,0,1,0,1,0,0,48,48,3,3,3,0,0          6
E8_W_error_W_finishes_first,1113,1,0,0,0,0,0,1,0,1,0,0,0,1,0,1,0,0,48,48,3,3,3,0,0          6
E8_W_error_W_finishes_first,1114,1,0,0,0,0,0,1,0,1,0,0,0,1,0,1,0,0,48,48,3,3,3,0,0          6
E8_W_error_W_finishes_first,1115,1,0,0,0,0,0,1,0,1,0,0,0,1,0,1,0,0,48,48,3,3,3,0,0          6
E8_W_error_W_finishes_first,1116,1,0,0,0,0,0,1,0,1,0,0,0,1,0,1,0,0,48,48,3,3,3,0,0          6
E8_W_error_W_finishes_first,1117,1,0,0,0,0,0,1,0,1,0,0,0,1,0,1,0,0,48,48,3,3,3,0,0          6
E8_W_error_W_finishes_first,1118,1,0,0,0,0,0,1,0,1,0,0,0,1,0,1,0,0,48,48,3,3,3,0,0          6
E8_W_error_W_finishes_first,1119,1,0,0,0,0,0,1,0,1,0,0,0,1,0,1,0,0,48,48,3,3,3,0,0          6
E8_W_error_W_finishes_first,1120,1,0,0,0,0,0,1,0,1,0,0,0,1,0,1,0,0,48,48,3,3,3,0,0          6
E8_W_error_W_finishes_first,1121,1,0,0,0,0,0,1,0,1,0,0,0,1,0,1,0,0,48,48,3,3,3,0,0          6
E8_W_error_W_finishes_first,1122,1,0,0,0,0,0,1,0,1,0,0,0,1,0,1,0,0,48,48,3,3,3,0,0          6
E8_W_error_W_finishes_first,1123,1,0,0,0,0,0,1,0,1,0,0,0,1,0,1,0,0,48,48,3,3,3,0,0          6
E8_W_error_W_finishes_first,1124,1,0,0,0,0,0,1,0,1,0,0,0,1,0,1,0,0,48,48,3,3,3,0,0          6
E8_W_error_W_finishes_first,1125,1,0,0,0,0,0,1,0,1,0,0,0,1,0,1,0,0,48,48,3,3,3,0,0          6
E8_W_error_W_finishes_first,1126,1,0,0,0,0,0,1,0,1,0,0,0,1,0,1,0,0,48,48,3,3,3,0,0          6
E8_W_error_W_finishes_first,1127,1,0,0,0,0,0,1,0,1,0,0,0,1,0,1,0,0,48,48,3,3,3,0,0          6
E8_W_error_W_finishes_first,1128,1,0,0,0,0,0,1,0,1,0,0,0,1,0,1,0,0,48,48,3,3,3,0,0          6
E8_W_error_W_finishes_first,1129,1,0,0,0,0,0,1,0,1,0,0,0,1,0,1,0,0,48,48,3,3,3,0,0          6
E8_W_error_W_finishes_first,1130,1,0,0,0,0,0,1,0,1,0,0,0,1,0,1,0,0,48,48,3,3,3,0,0          6
E8_W_error_W_finishes_first,1131,1,0,0,0,0,0,1,0,1,0,0,0,1,0,1,0,0,48,48,3,3,3,0,0          6
E8_W_error_W_finishes_first,1132,1,0,0,0,0,0,1,0,1,0,0,0,1,0,1,0,0,48,48,3,3,3,0,0          6
E8_W_error_W_finishes_first,1133,1,0,0,0,0,0,1,0,1,0,0,0,1,0,1,0,0,48,48,3,3,3,0,0          6
E8_W_error_W_finishes_first,1134,1,0,0,0,0,0,1,0,1,0,0,0,1,0,1,0,0,48,48,3,3,3,0,0          6
E8_W_error_W_finishes_first,1135,1,0,0,0,0,0,1,0,1,0,0,0,1,0,1,0,0,48,48,3,3,3,0,0          6
E8_W_error_W_finishes_first,1136,1,0,0,0,0,0,1,0,1,0,0,0,1,0,1,0,0,48,48,3,3,3,0,0          6
E8_W_error_W_finishes_first,1137,1,0,0,0,0,0,1,0,1,0,0,0,1,0,1,0,0,48,48,3,3,3,0,0          6
E8_W_error_W_finishes_first,1138,1,0,0,0,0,0,1,0,1,0,0,0,1,0,1,0,0,48,48,3,3,3,0,0          6
E8_W_error_W_finishes_first,1139,1,0,0,0,0,0,1,0,1,0,0,0,1,0,1,0,0,48,48,3,3,3,0,0          6
E8_W_error_W_finishes_first,1140,1,0,0,0,0,0,1,0,1,0,0,0,1,0,1,0,0,48,48,3,3,3,0,0          6
E8_W_error_W_finishes_first,1141,1,0,0,0,0,0,1,0,1,0,0,0,1,0,1,0,0,48,48,3,3,3,0,0          6
E8_W_error_W_finishes_first,1142,1,0,0,0,0,0,1,0,1,0,0,0,1,0,1,0,0,48,48,3,3,3,0,0          6
E8_W_error_W_finishes_first,1143,1,0,0,0,0,0,1,0,1,0,0,0,1,0,1,0,0,48,48,3,3,3,0,0          6
E8_W_error_W_finishes_first,1144,1,0,0,0,0,0,1,0,1,0,0,0,1,0,1,0,0,48,48,3,3,3,0,0          6
E8_W_error_W_finishes_first,1145,1,0,0,0,0,0,1,0,1,0,0,0,1,0,1,0,0,48,48,3,3,3,0,0          6
E8_W_error_W_finishes_first,1146,1,0,0,0,0,0,1,0,1,0,0,0,1,0,1,0,0,48,48,3,3,3,0,0          6
E8_W_error_W_finishes_first,1147,1,0,0,0,0,0,1,0,1,0,0,0,1,0,1,0,0,48,48,3,3,3,0,0          6
E8_W_error_W_finishes_first,1148,1,0,0,0,0,0,1,0,1,0,0,0,1,0,1,0,0,48,48,3,3,3,0,0          6
E8_W_error_W_finishes_first,1149,1,0,0,0,0,0,1,0,1,0,0,0,1,0,1,0,0,48,48,3,3,3,0,0          6
E8_W_error_W_finishes_first,1150,1,0,0,0,0,0,1,0,1,0,0,0,1,0,1,0,0,48,48,3,3,3,0,0          6
E8_W_error_W_finishes_first,1151,1,0,0,0,0,0,1,0,1,0,0,0,1,0,1,0,0,48,48,3,3,3,0,0          6
E8_W_error_W_finishes_first,1152,1,0,0,0,0,0,1,0,1,0,0,0,1,0,1,0,0,48,48,3,3,3,0,0          6
E8_W_error_W_finishes_first,1153,1,0,0,0,0,0,1,0,1,0,0,0,1,0,1,0,0,48,48,3,3,3,0,0          6
E8_W_error_W_finishes_first,1154,1,0,0,0,0,0,1,0,1,0,0,0,1,0,1,0,0,48,48,3,3,3,0,0          6
E8_W_error_W_finishes_first,1155,1,0,0,0,0,0,1,0,1,0,0,0,1,0,1,0,0,48,48,3,3,3,0,0          6
E8_W_error_W_finishes_first,1156,1,0,0,0,0,0,1,0,1,0,0,0,1,0,1,0,0,48,48,3,3,3,0,0          6
E8_W_error_W_finishes_first,1157,1,0,0,0,0,0,1,0,1,0,0,0,1,0,1,0,0,48,48,3,3,3,0,0          6
E8_W_error_W_finishes_first,1158,1,0,0,0,0,0,1,0,1,0,0,0,1,0,1,0,0,48,48,3,3,3,0,0          6
E8_W_error_W_finishes_first,1159,1,0,0,0,0,0,1,0,1,0,0,0,1,0,1,0,0,48,48,3,3,3,0,0          6
E8_W_error_W_finishes_first,1160,1,0,0,0,0,0,1,0,1,0,0,0,1,0,1,0,0,48,48,3,3,3,0,0          6
E8_W_error_W_finishes_first,1161,1,0,0,0,0,0,1,0,1,0,0,0,1,0,1,0,0,48,48,3,3,3,0,0          6
E8_W_error_W_finishes_first,1162,1,0,0,0,0,0,1,0,1,0,0,0,1,0,1,0,0,48,48,3,3,3,0,0          6
E8_W_error_W_finishes_first,1163,1,0,0,0,0,0,1,0,1,0,0,0,1,0,1,0,0,48,48,3,3,3,0,0          6
E8_W_error_W_finishes_first,1164,1,0,0,0,0,0,1,0,1,0,0,0,1,0,1,0,0,48,48,3,3,3,0,0          6
E8_W_error_W_finishes_first,1165,1,0,0,0,0,0,1,0,1,0,0,0,1,0,1,0,0,48,48,3,3,3,0,0          6
E8_W_error_W_finishes_first,1166,1,0,0,0,0,0,1,0,1,0,0,0,1,0,1,0,0,48,48,3,3,3,0,0          6
E8_W_error_W_finishes_first,1167,1,0,0,0,0,0,1,0,1,0,0,0,1,0,1,0,0,48,48,3,3,3,0,0          6
E8_W_error_W_finishes_first,1168,1,0,0,0,0,0,1,0,1,0,0,0,1,0,1,0,0,48,48,3,3,3,0,0          6
E8_W_error_W_finishes_first,1169,1,0,0,0,0,0,1,0,1,0,0,0,1,0,1,0,0,48,48,3,3,3,0,0          6
E8_W_error_W_finishes_first,1170,1,0,0,0,0,0,1,0,1,0,0,0,1,0,1,0,0,48,48,3,3,3,0,0          6
E8_W_error_W_finishes_first,1171,1,0,0,0,0,0,1,0,1,0,0,0,1,0,1,0,0,48,48,3,3,3,0,0          6
E8_W_error_W_finishes_first,1172,1,0,0,0,0,0,1,0,1,0,0,0,1,0,1,0,0,48,48,3,3,3,0,0          6
E8_W_error_W_finishes_first,1173,1,0,0,0,0,0,1,0,1,0,0,0,1,0,1,0,0,48,48,3,3,3,0,0          6
E8_W_error_W_finishes_first,1174,1,0,0,0,0,0,1,0,1,0,0,0,1,0,1,0,0,48,48,3,3,3,0,0          6
E8_W_error_W_finishes_first,1175,1,0,0,0,0,0,1,0,1,0,0,0,1,0,1,0,0,48,48,3,3,3,0,0          6
E8_W_error_W_finishes_first,1176,1,0,0,0,0,0,1,0,1,0,0,0,1,0,1,0,0,48,48,3,3,3,0,0          6
E8_W_error_W_finishes_first,1177,1,0,0,0,0,0,1,0,1,0,0,0,1,0,1,0,0,48,48,3,3,3,0,0          6
E8_W_error_W_finishes_first,1178,1,0,0,0,0,0,1,0,1,0,0,0,1,0,1,0,0,48,48,3,3,3,0,0          6
E8_W_error_W_finishes_first,1179,1,0,0,0,0,0,1,0,1,0,0,0,1,0,1,0,0,48,48,3,3,3,0,0          6
E8_W_error_W_finishes_first,1180,1,0,0,0,0,0,1,0,1,0,0,0,1,0,1,0,0,48,48,3,3,3,0,0          6
E8_W_error_W_finishes_first,1181,1,0,0,0,0,0,1,0,1,0,0,0,1,0,1,0,0,48,48,3,3,3,0,0          6
E8_W_error_W_finishes_first,1182,1,0,0,0,0,0,1,0,1,0,0,0,1,0,1,0,0,48,48,3,3,3,0,0          6
E8_W_error_W_finishes_first,1183,1,0,0,0,0,0,1,0,1,0,0,0,1,0,1,0,0,48,48,3,3,3,0,0          6
E8_W_error_W_finishes_first,1184,1,0,0,0,0,0,1,0,1,0,0,0,1,0,1,0,0,48,48,3,3,3,0,0          6
E8_W_error_W_finishes_first,1185,1,0,0,0,0,0,1,0,1,0,0,0,1,0,1,0,0,48,48,3,3,3,0,0          6
E8_W_error_W_finishes_first,1186,1,0,0,0,0,0,1,0,1,0,0,0,1,0,1,0,0,48,48,3,3,3,0,0          6
E8_W_error_W_finishes_first,1187,1,0,0,0,0,0,1,0,1,0,0,0,1,0,1,0,0,48,48,3,3,3,0,0          6
E8_W_error_W_finishes_first,1188,1,0,0,0,0,0,1,0,1,0,0,0,1,0,1,0,0,48,48,3,3,3,0,0          6
E8_W_error_W_finishes_first,1189,1,0,0,0,0,0,1,0,1,0,0,0,1,0,1,0,0,48,48,3,3,3,0,0          6
E8_W_error_W_finishes_first,1190,1,0,0,0,0,0,1,0,1,0,0,0,1,0,1,0,0,48,48,3,3,3,0,0          6
E8_W_error_W_finishes_first,1191,1,0,0,0,0,0,1,0,1,0,0,0,1,0,1,0,0,48,48,3,3,3,0,0          6
E8_W_error_W_finishes_first,1192,1,0,0,0,0,0,1,0,1,0,0,0,1,0,1,0,0,48,48,3,3,3,0,0          6
E8_W_error_W_finishes_first,1193,1,0,0,0,0,0,1,0,1,0,0,0,1,0,1,0,0,48,48,3,3,3,0,0          6
E8_W_error_W_finishes_first,1194,1,0,0,0,0,0,1,0,1,0,0,0,1,0,1,0,0,48,48,3,3,3,0,0          6
E8_W_error_W_finishes_first,1195,1,0,0,0,0,0,1,0,1,0,0,0,1,0,1,0,0,48,48,3,3,3,0,0          6
E8_W_error_W_finishes_first,1196,1,0,0,0,0,0,1,0,1,0,0,0,1,0,1,0,0,48,48,3,3,3,0,0          6
E8_W_error_W_finishes_first,1197,1,0,0,0,0,0,1,0,1,0,0,0,1,0,1,0,0,48,48,3,3,3,0,0          6
E8_W_error_W_finishes_first,1198,1,0,0,0,0,0,1,0,1,0,0,0,1,0,1,0,0,48,48,3,3,3,0,0          6
E8_W_error_W_finishes_first,1199,1,0,0,0,0,0,1,0,1,0,0,0,1,0,1,0,0,48,48,3,3,3,0,0          6
E8_W_error_W_finishes_first,1200,1,0,0,0,0,0,1,0,1,0,0,0,1,0,1,0,0,48,48,3,3,3,0,0          6
E8_W_error_W_finishes_first,1201,1,0,0,0,0,0,1,0,1,0,0,0,1,0,1,0,0,48,48,3,3,3,0,0          6
E8_W_error_W_finishes_first,1202,1,0,0,0,0,0,1,0,1,0,0,0,1,0,1,0,0,48,48,3,3,3,0,0          6
E8_W_error_W_finishes_first,1203,1,0,0,0,0,0,1,0,1,0,0,0,1,0,1,0,0,48,48,3,3,3,0,0          6
E8_W_error_W_finishes_first,1204,1,0,0,0,0,0,1,0,1,0,0,0,1,0,1,0,0,48,48,3,3,3,0,0          6
E8_W_error_W_finishes_first,1205,1,0,0,0,0,0,1,0,1,0,0,0,1,0,1,0,0,48,48,3,3,3,0,0          6
E8_W_error_W_finishes_first,1206,1,0,0,0,0,0,1,0,1,0,0,0,1,0,1,0,0,48,48,3,3,3,0,0          6
E8_W_error_W_finishes_first,1207,1,0,0,0,0,0,1,0,1,0,0,0,1,0,1,0,0,48,48,3,3,3,0,0          6
E8_W_error_W_finishes_first,1208,1,0,0,0,0,0,1,0,1,0,0,0,1,0,1,0,0,48,48,3,3,3,0,0          6
E8_W_error_W_finishes_first,1209,1,0,0,0,0,0,1,0,1,0,0,0,1,0,1,0,0,48,48,3,3,3,0,0          6
E8_W_error_W_finishes_first,1210,1,0,0,0,0,0,1,0,1,0,0,0,1,0,1,0,0,48,48,3,3,3,0,0          6
E8_W_error_W_finishes_first,1211,1,0,0,0,0,0,1,0,1,0,0,0,1,0,1,0,0,48,48,3,3,3,0,0          6
E8_W_error_W_finishes_first,1212,1,0,0,0,0,0,1,0,1,0,0,0,1,0,1,0,0,48,48,3,3,3,0,0          6
E8_W_error_W_finishes_first,1213,1,0,0,0,0,0,1,0,1,0,0,0,1,0,1,0,0,48,48,3,3,3,0,0          6
E8_W_error_W_finishes_first,1214,1,0,0,0,0,0,1,0,1,0,0,0,1,0,1,0,0,48,48,3,3,3,0,0          6
E8_W_error_W_finishes_first,1215,1,0,0,0,0,0,1,0,1,0,0,0,1,0,1,0,0,48,48,3,3,3,0,0          6
E8_W_error_W_finishes_first,1216,1,0,0,0,0,0,1,0,1,0,0,0,1,0,1,0,0,48,48,3,3,3,0,0          6
E8_W_error_W_finishes_first,1217,1,0,0,0,0,0,1,0,1,0,0,0,1,0,1,0,0,48,48,3,3,3,0,0          6
E8_W_error_W_finishes_first,1218,1,0,0,0,0,0,1,0,1,0,0,0,1,0,1,0,0,48,48,3,3,3,0,0          6
E8_W_error_W_finishes_first,1219,1,0,0,0,0,0,1,0,1,0,0,0,1,0,1,0,0,48,48,3,3,3,0,0          6
E8_W_error_W_finishes_first,1220,1,0,0,0,0,0,1,0,1,0,0,0,1,0,1,0,0,48,48,3,3,3,0,0          6
E8_W_error_W_finishes_first,1221,1,0,0,0,0,0,1,0,1,0,0,0,1,0,1,0,0,48,48,3,3,3,0,0          6
E8_W_error_W_finishes_first,1222,1,0,0,0,0,0,1,0,1,0,0,0,1,0,1,0,0,48,48,3,3,3,0,0          6
E8_W_error_W_finishes_first,1223,1,0,0,0,0,0,1,0,1,0,0,0,1,0,1,0,0,48,48,3,3,3,0,0          6
E8_W_error_W_finishes_first,1224,1,0,0,0,0,0,1,0,1,0,0,0,1,0,1,0,0,48,48,3,3,3,0,0          6
E8_W_error_W_finishes_first,1225,1,0,0,0,0,0,1,0,1,0,0,0,1,0,1,0,0,48,48,3,3,3,0,0          6
E8_W_error_W_finishes_first,1226,1,0,0,0,0,0,1,0,1,0,0,0,1,0,1,0,0,48,48,3,3,3,0,0          6
E8_W_error_W_finishes_first,1227,1,0,0,0,0,0,1,0,1,0,0,0,1,0,1,0,0,48,48,3,3,3,0,0          6
E8_W_error_W_finishes_first,1228,1,0,0,0,0,0,1,0,1,0,0,0,1,0,1,0,0,48,48,3,3,3,0,0          6
E8_W_error_W_finishes_first,1229,1,0,0,0,0,0,1,0,1,0,0,0,1,0,1,0,0,48,48,3,3,3,0,0          6
E8_W_error_W_finishes_first,1230,1,0,0,0,0,0,1,0,1,0,0,0,1,0,1,0,0,48,48,3,3,3,0,0          6
E8_W_error_W_finishes_first,1231,1,0,0,0,0,0,1,0,1,0,0,0,1,0,1,0,0,48,48,3,3,3,0,0          6
E8_W_error_W_finishes_first,1232,1,0,0,0,0,0,1,0,1,0,0,0,1,0,1,0,0,48,48,3,3,3,0,0          6
E8_W_error_W_finishes_first,1233,1,0,0,0,0,0,1,0,1,0,0,0,1,0,1,0,0,48,48,3,3,3,0,0          6
E8_W_error_W_finishes_first,1234,1,0,0,0,0,0,1,0,1,0,0,0,1,0,1,0,0,48,48,3,3,3,0,0          6
E8_W_error_W_finishes_first,1235,1,0,0,0,0,0,1,0,1,0,0,0,1,0,1,0,0,48,48,3,3,3,0,0          6
E8_W_error_W_finishes_first,1236,1,0,0,0,0,0,1,0,1,0,0,0,1,0,1,0,0,48,48,3,3,3,0,0          6
E8_W_error_W_finishes_first,1237,1,0,0,0,0,0,1,0,1,0,0,0,1,0,1,0,0,48,48,3,3,3,0,0          6
E8_W_error_W_finishes_first,1238,1,0,0,0,0,0,1,0,1,0,0,0,1,0,1,0,0,48,48,3,3,3,0,0          6
E8_W_error_W_finishes_first,1239,1,0,0,0,0,0,1,0,1,0,0,0,1,0,1,0,0,48,48,3,3,3,0,0          6
E8_W_error_W_finishes_first,1240,1,0,0,0,0,0,1,0,1,0,0,0,1,0,1,0,0,48,48,3,3,3,0,0          6
E8_W_error_W_finishes_first,1241,1,0,0,0,0,0,1,0,1,0,0,0,1,0,1,0,0,48,48,3,3,3,0,0          6
E8_W_error_W_finishes_first,1242,1,0,0,0,0,0,1,0,1,0,0,0,1,0,1,0,0,48,48,3,3,3,0,0          6
E8_W_error_W_finishes_first,1243,1,0,0,0,0,0,1,0,1,0,0,0,1,0,1,0,0,48,48,3,3,3,0,0          6
E8_W_error_W_finishes_first,1244,1,0,0,0,0,0,1,0,1,0,0,0,1,0,1,0,0,48,48,3,3,3,0,0          6
E8_W_error_W_finishes_first,1245,1,0,0,0,0,0,1,0,1,0,0,0,1,0,1,0,0,48,48,3,3,3,0,0          6
E8_W_error_W_finishes_first,1246,1,0,0,0,0,0,1,0,1,0,0,0,1,0,1,0,0,48,48,3,3,3,0,0          6
E8_W_error_W_finishes_first,1247,1,0,0,0,0,0,1,0,1,0,0,0,1,0,1,0,0,48,48,3,3,3,0,0          6
E8_W_error_W_finishes_first,1248,1,0,0,0,0,0,1,0,1,0,0,0,1,0,1,0,0,48,48,3,3,3,0,0          6
E8_W_error_W_finishes_first,1249,1,0,0,0,0,0,1,0,1,0,0,0,1,0,1,0,0,48,48,3,3,3,0,0          6
E8_W_error_W_finishes_first,1250,1,0,0,0,0,0,1,0,1,0,0,0,1,0,1,0,0,48,48,3,3,3,0,0          6
E8_W_error_W_finishes_first,1251,1,0,0,0,0,0,1,0,1,0,0,0,1,0,1,0,0,48,48,3,3,3,0,0          6
E8_W_error_W_finishes_first,1252,1,0,0,0,0,0,1,0,1,0,0,0,1,0,1,0,0,48,48,3,3,3,0,0          6
E8_W_error_W_finishes_first,1253,1,0,0,0,0,0,1,0,1,0,0,0,1,0,1,0,0,48,48,3,3,3,0,0          6
E8_W_error_W_finishes_first,1254,1,0,0,0,0,0,1,0,1,0,0,0,1,0,1,0,0,48,48,3,3,3,0,0          6
E8_W_error_W_finishes_first,1255,1,0,0,0,0,0,1,0,1,0,0,0,1,0,1,0,0,48,48,3,3,3,0,0          6
E8_W_error_W_finishes_first,1256,1,0,0,0,0,0,1,0,1,0,0,0,1,0,1,0,0,48,48,3,3,3,0,0          6
E8_W_error_W_finishes_first,1257,1,0,0,0,0,0,1,0,1,0,0,0,1,0,1,0,0,48,48,3,3,3,0,0          6
E8_W_error_W_finishes_first,1258,1,0,0,0,0,0,1,0,1,0,0,0,1,0,1,0,0,48,48,3,3,3,0,0          6
E8_W_error_W_finishes_first,1259,1,0,0,0,0,0,1,0,1,0,0,0,1,0,1,0,0,48,48,3,3,3,0,0          6
E8_W_error_W_finishes_first,1260,1,0,0,0,0,0,1,0,1,0,0,0,1,0,1,0,0,48,48,3,3,3,0,0          6
E8_W_error_W_finishes_first,1261,1,0,0,0,0,0,1,0,1,0,0,0,1,0,1,0,0,48,48,3,3,3,0,0          6
E8_W_error_W_finishes_first,1262,1,0,0,0,0,0,1,0,1,0,0,0,1,0,1,0,0,48,48,3,3,3,0,0          6
E8_W_error_W_finishes_first,1263,1,0,0,0,0,0,1,0,1,0,0,0,1,0,1,0,0,48,48,3,3,3,0,0          6
E8_W_error_W_finishes_first,1264,1,0,0,0,0,0,1,0,1,0,0,0,1,0,1,0,0,48,48,3,3,3,0,0          6
E8_W_error_W_finishes_first,1265,1,0,0,0,0,0,1,0,1,0,0,0,1,0,1,0,0,48,48,3,3,3,0,0          6
E8_W_error_W_finishes_first,1266,1,0,0,0,0,0,1,0,1,0,0,0,1,0,1,0,0,48,48,3,3,3,0,0          6
E8_W_error_W_finishes_first,1267,1,0,0,0,0,0,1,0,1,0,0,0,1,0,1,0,0,48,48,3,3,3,0,0          6
E8_W_error_W_finishes_first,1268,1,0,0,0,0,0,1,0,1,0,0,0,1,0,1,0,0,48,48,3,3,3,0,0          6
E8_W_error_W_finishes_first,1269,1,0,0,0,0,0,1,0,1,0,0,0,1,0,1,0,0,48,48,3,3,3,0,0          6
E8_W_error_W_finishes_first,1270,1,0,0,0,0,0,1,0,1,0,0,0,1,0,1,0,0,48,48,3,3,3,0,0          6
E8_W_error_W_finishes_first,1271,1,0,0,0,0,0,1,0,1,0,0,0,1,0,1,0,0,48,48,3,3,3,0,0          6
E8_W_error_W_finishes_first,1272,1,0,0,0,0,0,1,0,1,0,0,0,1,0,1,0,0,48,48,3,3,3,0,0          6
E8_W_error_W_finishes_first,1273,1,0,0,0,0,0,1,0,1,0,0,0,1,0,1,0,0,48,48,3,3,3,0,0          6
E8_W_error_W_finishes_first,1274,1,0,0,0,0,0,1,0,1,0,0,0,1,0,1,0,0,48,48,3,3,3,0,0          6
E8_W_error_W_finishes_first,1275,1,0,0,0,0,0,1,0,1,0,0,0,1,0,1,0,0,48,48,3,3,3,0,0          6
E8_W_error_W_finishes_first,1276,1,0,0,0,0,0,1,0,1,0,0,0,1,0,1,0,0,48,48,3,3,3,0,0          6
E8_W_error_W_finishes_first,1277,1,0,0,0,0,0,1,0,1,0,0,0,1,0,1,0,0,48,48,3,3,3,0,0          6
E8_W_error_W_finishes_first,1278,1,0,0,0,0,0,1,0,1,0,0,0,1,0,1,0,0,48,48,3,3,3,0,0          6
E8_W_error_W_finishes_first,1279,1,0,0,0,0,0,1,0,1,0,0,0,1,0,1,0,0,48,48,3,3,3,0,0          6
E8_W_error_W_finishes_first,1280,1,0,0,0,0,0,1,0,1,0,0,0,1,0,1,0,0,48,48,3,3,3,0,0          6
E8_W_error_W_finishes_first,1281,1,0,0,0,0,0,1,0,1,0,0,0,1,0,1,0,0,48,48,3,3,3,0,0          6
E8_W_error_W_finishes_first,1282,1,0,0,0,0,0,1,0,1,0,0,0,1,0,1,0,0,48,48,3,3,3,0,0          6
E8_W_error_W_finishes_first,1283,1,0,0,0,0,0,1,0,1,0,0,0,1,0,1,0,0,48,48,3,3,3,0,0          6
E8_W_error_W_finishes_first,1284,1,0,0,0,0,0,1,0,1,0,0,0,1,0,1,0,0,48,48,3,3,3,0,0          6
E8_W_error_W_finishes_first,1285,1,0,0,0,0,0,1,0,1,0,0,0,1,0,1,0,0,48,48,3,3,3,0,0          6
E8_W_error_W_finishes_first,1286,1,0,0,0,0,0,1,0,1,0,0,0,1,0,1,0,0,48,48,3,3,3,0,0          6
E8_W_error_W_finishes_first,1287,1,0,0,0,0,0,1,0,1,0,0,0,1,0,1,0,0,48,48,3,3,3,0,0          6
E8_W_error_W_finishes_first,1288,1,0,0,0,0,0,1,0,1,0,0,0,1,0,1,0,0,48,48,3,3,3,0,0          6
E8_W_error_W_finishes_first,1289,1,0,0,0,0,0,1,0,1,0,0,0,1,0,1,0,0,48,48,3,3,3,0,0          6
E8_W_error_W_finishes_first,1290,1,0,0,0,0,0,1,0,1,0,0,0,1,0,1,0,0,48,48,3,3,3,0,0          6
E8_W_error_W_finishes_first,1291,1,0,0,0,0,0,1,0,1,0,0,0,1,0,1,0,0,48,48,3,3,3,0,0          6
E8_W_error_W_finishes_first,1292,1,0,0,0,0,0,1,0,1,0,0,0,1,0,1,0,0,48,48,3,3,3,0,0          6
E8_W_error_W_finishes_first,1293,1,0,0,0,0,0,1,0,1,0,0,0,1,0,1,0,0,48,48,3,3,3,0,0          6
E8_W_error_W_finishes_first,1294,1,0,0,0,0,0,1,0,1,0,0,0,1,0,1,0,0,48,48,3,3,3,0,0          6
E8_W_error_W_finishes_first,1295,1,0,0,0,0,0,1,0,1,0,0,0,1,0,1,0,0,48,48,3,3,3,0,0          6
E8_W_error_W_finishes_first,1296,1,0,0,0,0,0,1,0,1,0,0,0,1,0,1,0,0,48,48,3,3,3,0,0          6
E8_W_error_W_finishes_first,1297,1,0,0,0,0,0,1,0,1,0,0,0,1,0,1,0,0,48,48,3,3,3,0,0          6
E8_W_error_W_finishes_first,1298,1,0,0,0,0,0,1,0,1,0,0,0,1,0,1,0,0,48,48,3,3,3,0,0          6
E8_W_error_W_finishes_first,1299,1,0,0,0,0,0,1,0,1,0,0,0,1,0,1,0,0,48,48,3,3,3,0,0          6
E8_W_error_W_finishes_first,1300,1,0,0,0,0,0,1,0,1,0,0,0,1,0,1,0,0,48,48,3,3,3,0,0          6
E8_W_error_W_finishes_first,1301,1,0,0,0,0,0,1,0,1,0,0,0,1,0,1,0,0,48,48,3,3,3,0,0          6
E8_W_error_W_finishes_first,1302,1,0,0,0,0,0,1,0,1,0,0,0,1,0,1,0,0,48,48,3,3,3,0,0          6
E8_W_error_W_finishes_first,1303,1,0,0,0,0,0,1,0,1,0,0,0,1,0,1,0,0,48,48,3,3,3,0,0          6
E8_W_error_W_finishes_first,1304,1,0,0,0,0,0,1,0,1,0,0,0,1,0,1,0,0,48,48,3,3,3,0,0          6
E8_W_error_W_finishes_first,1305,1,0,0,0,0,0,1,0,1,0,0,0,1,0,1,0,0,48,48,3,3,3,0,0          6
E8_W_error_W_finishes_first,1306,1,0,0,0,0,0,1,0,1,0,0,0,1,0,1,0,0,48,48,3,3,3,0,0          6
E8_W_error_W_finishes_first,1307,1,0,0,0,0,0,1,0,1,0,0,0,1,0,1,0,0,48,48,3,3,3,0,0          6
E8_W_error_W_finishes_first,1308,1,0,0,0,0,0,1,0,1,0,0,0,1,0,1,0,0,48,48,3,3,3,0,0          6
E8_W_error_W_finishes_first,1309,1,0,0,0,0,0,1,0,1,0,0,0,1,0,1,0,0,48,48,3,3,3,0,0          6
E8_W_error_W_finishes_first,1310,1,0,0,0,0,0,1,0,1,0,0,0,1,0,1,0,0,48,48,3,3,3,0,0          6
E8_W_error_W_finishes_first,1311,1,0,0,0,0,0,1,0,1,0,0,0,1,0,1,0,0,48,48,3,3,3,0,0          6
E8_W_error_W_finishes_first,1312,1,0,0,0,0,0,1,0,1,0,0,0,1,0,1,0,0,48,48,3,3,3,0,0          6
E8_W_error_W_finishes_first,1313,1,0,0,0,0,0,1,0,1,0,0,0,1,0,1,0,0,48,48,3,3,3,0,0          6
E8_W_error_W_finishes_first,1314,1,0,0,0,0,0,1,0,1,0,0,0,1,0,1,0,0,48,48,3,3,3,0,0          6
E8_W_error_W_finishes_first,1315,1,0,0,0,0,0,1,0,1,0,0,0,1,0,1,0,0,48,48,3,3,3,0,0          6
E8_W_error_W_finishes_first,1316,1,0,0,0,0,0,1,0,1,0,0,0,1,0,1,0,0,48,48,3,3,3,0,0          6
E8_W_error_W_finishes_first,1317,1,0,0,0,0,0,1,0,1,0,0,0,1,0,1,0,0,48,48,3,3,3,0,0          6
E8_W_error_W_finishes_first,1318,1,0,0,0,0,0,1,0,1,0,0,0,1,0,1,0,0,48,48,3,3,3,0,0          6
E8_W_error_W_finishes_first,1319,1,0,0,0,0,0,1,0,1,0,0,0,1,0,1,0,0,48,48,3,3,3,0,0          6
E8_W_error_W_finishes_first,1320,1,0,0,0,0,0,1,0,1,0,0,0,1,0,1,0,0,48,48,3,3,3,0,0          6
E8_W_error_W_finishes_first,1321,1,0,0,0,0,0,1,0,1,0,0,0,1,0,1,0,0,48,48,3,3,3,0,0          6
E8_W_error_W_finishes_first,1322,1,0,0,0,0,0,1,0,1,0,0,0,1,0,1,0,0,48,48,3,3,3,0,0          6
E8_W_error_W_finishes_first,1323,1,0,0,0,0,0,1,0,1,0,0,0,1,0,1,0,0,48,48,3,3,3,0,0          6
E8_W_error_W_finishes_first,1324,1,0,0,0,0,0,1,0,1,0,0,0,1,0,1,0,0,48,48,3,3,3,0,0          6
E8_W_error_W_finishes_first,1325,1,0,0,0,0,0,1,0,1,0,0,0,1,0,1,0,0,48,48,3,3,3,0,0          6
E8_W_error_W_finishes_first,1326,1,0,0,0,0,0,1,0,1,0,0,0,1,0,1,0,0,48,48,3,3,3,0,0          6
E8_W_error_W_finishes_first,1327,1,0,0,0,0,0,1,0,1,0,0,0,1,0,1,0,0,48,48,3,3,3,0,0          6
E8_W_error_W_finishes_first,1328,1,0,0,0,0,0,1,0,1,0,0,0,1,0,1,0,0,48,48,3,3,3,0,0          6
E8_W_error_W_finishes_first,1329,1,0,0,0,0,0,1,0,1,0,0,0,1,0,1,0,0,48,48,3,3,3,0,0          6
E8_W_error_W_finishes_first,1330,1,0,0,0,0,0,1,0,1,0,0,0,1,0,1,0,0,48,48,3,3,3,0,0          6
E8_W_error_W_finishes_first,1331,1,0,0,0,0,0,1,0,1,0,0,0,1,0,1,0,0,48,48,3,3,3,0,0          6
E8_W_error_W_finishes_first,1332,1,0,0,0,0,0,1,0,1,0,0,0,1,0,1,0,0,48,48,3,3,3,0,0          6
E8_W_error_W_finishes_first,1333,1,0,0,0,0,0,1,0,1,0,0,0,1,0,1,0,0,48,48,3,3,3,0,0          6
E8_W_error_W_finishes_first,1334,1,0,0,0,0,0,1,0,1,0,0,0,1,0,1,0,0,48,48,3,3,3,0,0          6
E8_W_error_W_finishes_first,1335,1,0,0,0,0,0,1,0,1,0,0,0,1,0,1,0,0,48,48,3,3,3,0,0          6
E8_W_error_W_finishes_first,1336,1,0,0,0,0,0,1,0,1,0,0,0,1,0,1,0,0,48,48,3,3,3,0,0          6
E8_W_error_W_finishes_first,1337,1,0,0,0,0,0,1,0,1,0,0,0,1,0,1,0,0,48,48,3,3,3,0,0          6
E8_W_error_W_finishes_first,1338,1,0,0,0,0,0,1,0,1,0,0,0,1,0,1,0,0,48,48,3,3,3,0,0          6
E8_W_error_W_finishes_first,1339,1,0,0,0,0,0,1,0,1,0,0,0,1,0,1,0,0,48,48,3,3,3,0,0          6
E8_W_error_W_finishes_first,1340,1,0,0,0,0,0,1,0,1,0,0,0,1,0,1,0,0,48,48,3,3,3,0,0          6
E8_W_error_W_finishes_first,1341,1,0,0,0,0,0,1,0,1,0,0,0,1,0,1,0,0,48,48,3,3,3,0,0          6
E8_W_error_W_finishes_first,1342,1,0,0,0,0,0,1,0,1,0,0,0,1,0,1,0,0,48,48,3,3,3,0,0          6
E8_W_error_W_finishes_first,1343,1,0,0,0,0,0,1,0,1,0,0,0,1,0,1,0,0,48,48,3,3,3,0,0          6
E8_W_error_W_finishes_first,1344,1,0,0,0,0,0,1,0,1,0,0,0,1,0,1,0,0,48,48,3,3,3,0,0          6
E8_W_error_W_finishes_first,1345,1,0,0,0,0,0,1,0,1,0,0,0,1,0,1,0,0,48,48,3,3,3,0,0          6
E8_W_error_W_finishes_first,1346,1,0,0,0,0,0,1,0,1,0,0,0,1,0,1,0,0,48,48,3,3,3,0,0          6
E8_W_error_W_finishes_first,1347,1,0,0,0,0,0,1,0,1,0,0,0,1,0,1,0,0,48,48,3,3,3,0,0          6
E8_W_error_W_finishes_first,1348,1,0,0,0,0,0,1,0,1,0,0,0,1,0,1,0,0,48,48,3,3,3,0,0          6
E8_W_error_W_finishes_first,1349,1,0,0,0,0,0,1,0,1,0,0,0,1,0,1,0,0,48,48,3,3,3,0,0          6
E8_W_error_W_finishes_first,1350,1,0,0,0,0,0,1,0,1,0,0,0,1,0,1,0,0,48,48,3,3,3,0,0          6
E8_W_error_W_finishes_first,1351,1,0,0,0,0,0,1,0,1,0,0,0,1,0,1,0,0,48,48,3,3,3,0,0          6
E8_W_error_W_finishes_first,1352,1,0,0,0,0,0,1,0,1,0,0,0,1,0,1,0,0,48,48,3,3,3,0,0          6
E8_W_error_W_finishes_first,1353,1,0,0,0,0,0,1,0,1,0,0,0,1,0,1,0,0,48,48,3,3,3,0,0          6
E8_W_error_W_finishes_first,1354,1,0,0,0,0,0,1,0,1,0,0,0,1,0,1,0,0,48,48,3,3,3,0,0          6
E8_W_error_W_finishes_first,1355,1,0,0,0,0,0,1,0,1,0,0,0,1,0,1,0,0,48,48,3,3,3,0,0          6
E8_W_error_W_finishes_first,1356,1,0,0,0,0,0,1,0,1,0,0,0,1,0,1,0,0,48,48,3,3,3,0,0          6
E8_W_error_W_finishes_first,1357,1,0,0,0,0,0,1,0,1,0,0,0,1,0,1,0,0,48,48,3,3,3,0,0          6
E8_W_error_W_finishes_first,1358,1,0,0,0,0,0,1,0,1,0,0,0,1,0,1,0,0,48,48,3,3,3,0,0          6
E8_W_error_W_finishes_first,1359,1,0,0,0,0,0,1,0,1,0,0,0,1,0,1,0,0,48,48,3,3,3,0,0          6
E8_W_error_W_finishes_first,1360,1,0,0,0,0,0,1,0,1,0,0,0,1,0,1,0,0,48,48,3,3,3,0,0          6
E8_W_error_W_finishes_first,1361,1,0,0,0,0,0,1,0,1,0,0,0,1,0,1,0,0,48,48,3,3,3,0,0          6
E8_W_error_W_finishes_first,1362,1,0,0,0,0,0,1,0,1,0,0,0,1,0,1,0,0,48,48,3,3,3,0,0          6
E8_W_error_W_finishes_first,1363,1,0,0,0,0,0,1,0,1,0,0,0,1,0,1,0,0,48,48,3,3,3,0,0          6
E8_W_error_W_finishes_first,1364,1,0,0,0,0,0,1,0,1,0,0,0,1,0,1,0,0,48,48,3,3,3,0,0          6
E8_W_error_W_finishes_first,1365,1,0,0,0,0,0,1,0,1,0,0,0,1,0,1,0,0,48,48,3,3,3,0,0          6
E8_W_error_W_finishes_first,1366,1,0,0,0,0,0,1,0,1,0,0,0,1,0,1,0,0,48,48,3,3,3,0,0          6
E8_W_error_W_finishes_first,1367,1,0,0,0,0,0,1,0,1,0,0,0,1,0,1,0,0,48,48,3,3,3,0,0          6
E8_W_error_W_finishes_first,1368,1,0,0,0,0,0,1,0,1,0,0,0,1,0,1,0,0,48,48,3,3,3,0,0          6
E8_W_error_W_finishes_first,1369,1,0,0,0,0,0,1,0,1,0,0,0,1,0,1,0,0,48,48,3,3,3,0,0          6
E8_W_error_W_finishes_first,1370,1,0,0,0,0,0,1,0,1,0,0,0,1,0,1,0,0,48,48,3,3,3,0,0          6
E8_W_error_W_finishes_first,1371,1,0,0,0,0,0,1,0,1,0,0,0,1,0,1,0,0,48,48,3,3,3,0,0          6
E8_W_error_W_finishes_first,1372,1,0,0,0,0,0,1,0,1,0,0,0,1,0,1,0,0,48,48,3,3,3,0,0          6
E8_W_error_W_finishes_first,1373,1,0,0,0,0,0,1,0,1,0,0,0,1,0,1,0,0,48,48,3,3,3,0,0          6
E8_W_error_W_finishes_first,1374,1,0,0,0,0,0,1,0,1,0,0,0,1,0,1,0,0,48,48,3,3,3,0,0          6
E8_W_error_W_finishes_first,1375,1,0,0,0,0,0,1,0,1,0,0,0,1,0,1,0,0,48,48,3,3,3,0,0          6
E8_W_error_W_finishes_first,1376,1,0,0,0,0,0,1,0,1,0,0,0,1,0,1,0,0,48,48,3,3,3,0,0          6
E8_W_error_W_finishes_first,1377,1,0,0,0,0,0,1,0,1,0,0,0,1,0,1,0,0,48,48,3,3,3,0,0          6
E8_W_error_W_finishes_first,1378,1,0,0,0,0,0,1,0,1,0,0,0,1,0,1,0,0,48,48,3,3,3,0,0          6
E8_W_error_W_finishes_first,1379,1,0,0,0,0,0,1,0,1,0,0,0,1,0,1,0,0,48,48,3,3,3,0,0          6
E8_W_error_W_finishes_first,1380,1,0,0,0,0,0,1,0,1,0,0,0,1,0,1,0,0,48,48,3,3,3,0,0          6
E8_W_error_W_finishes_first,1381,1,0,0,0,0,0,1,0,1,0,0,0,1,0,1,0,0,48,48,3,3,3,0,0          6
E8_W_error_W_finishes_first,1382,1,0,0,0,0,0,1,0,1,0,0,0,1,0,1,0,0,48,48,3,3,3,0,0          6
E8_W_error_W_finishes_first,1383,1,0,0,0,0,0,1,0,1,0,0,0,1,0,1,0,0,48,48,3,3,3,0,0          6
E8_W_error_W_finishes_first,1384,1,0,0,0,0,0,1,0,1,0,0,0,1,0,1,0,0,48,48,3,3,3,0,0          6
E8_W_error_W_finishes_first,1385,1,0,0,0,0,0,1,0,1,0,0,0,1,0,1,0,0,48,48,3,3,3,0,0          6
E8_W_error_W_finishes_first,1386,1,0,0,0,0,0,1,0,1,0,0,0,1,0,1,0,0,48,48,3,3,3,0,0          6
E8_W_error_W_finishes_first,1387,1,0,0,0,0,0,1,0,1,0,0,0,1,0,1,0,0,48,48,3,3,3,0,0          6
E8_W_error_W_finishes_first,1388,1,0,0,0,0,0,1,0,1,0,0,0,1,0,1,0,0,48,48,3,3,3,0,0          6
E8_W_error_W_finishes_first,1389,1,0,0,0,0,0,1,0,1,0,0,0,1,0,1,0,0,48,48,3,3,3,0,0          6
E8_W_error_W_finishes_first,1390,1,0,0,0,0,0,1,0,1,0,0,0,1,0,1,0,0,48,48,3,3,3,0,0          6
E8_W_error_W_finishes_first,1391,1,0,0,0,0,0,1,0,1,0,0,0,1,0,1,0,0,48,48,3,3,3,0,0          6
E8_W_error_W_finishes_first,1392,1,0,0,0,0,0,1,0,1,0,0,0,1,0,1,0,0,48,48,3,3,3,0,0          6
E8_W_error_W_finishes_first,1393,1,0,0,0,0,0,1,0,1,0,0,0,1,0,1,0,0,48,48,3,3,3,0,0          6
E8_W_error_W_finishes_first,1394,1,0,0,0,0,0,1,0,1,0,0,0,1,0,1,0,0,48,48,3,3,3,0,0          6
E8_W_error_W_finishes_first,1395,1,0,0,0,0,0,1,0,1,0,0,0,1,0,1,0,0,48,48,3,3,3,0,0          6
E8_W_error_W_finishes_first,1396,1,0,0,0,0,0,1,0,1,0,0,0,1,0,1,0,0,48,48,3,3,3,0,0          6
E8_W_error_W_finishes_first,1397,1,0,0,0,0,0,1,0,1,0,0,0,1,0,1,0,0,48,48,3,3,3,0,0          6
E8_W_error_W_finishes_first,1398,1,0,0,0,0,0,1,0,1,0,0,0,1,0,1,0,0,48,48,3,3,3,0,0          6
E8_W_error_W_finishes_first,1399,1,0,0,0,0,0,1,0,1,0,0,0,1,0,1,0,0,48,48,3,3,3,0,0          6
E8_W_error_W_finishes_first,1400,1,0,0,0,0,0,1,0,1,0,0,0,1,0,1,0,0,48,48,3,3,3,0,0          6
E8_W_error_W_finishes_first,1401,1,0,0,0,0,0,1,0,1,0,0,0,1,0,1,0,0,48,48,3,3,3,0,0          6
E8_W_error_W_finishes_first,1402,1,0,0,0,0,0,1,0,1,0,0,0,1,0,1,0,0,48,48,3,3,3,0,0          6
E8_W_error_W_finishes_first,1403,1,0,0,0,0,0,1,0,1,0,0,0,1,0,1,0,0,48,48,3,3,3,0,0          6
E8_W_error_W_finishes_first,1404,1,0,0,0,0,0,1,0,1,0,0,0,1,0,1,0,0,48,48,3,3,3,0,0          6
E8_W_error_W_finishes_first,1405,1,0,0,0,0,0,1,0,1,0,0,0,1,0,1,0,0,48,48,3,3,3,0,0          6
E8_W_error_W_finishes_first,1406,1,0,0,0,0,0,1,0,1,0,0,0,1,0,1,0,0,48,48,3,3,3,0,0          6
E8_W_error_W_finishes_first,1407,1,0,0,0,0,0,1,0,1,0,0,0,1,0,1,0,0,48,48,3,3,3,0,0          6
E8_W_error_W_finishes_first,1408,1,0,0,0,0,0,1,0,1,0,0,0,1,0,1,0,0,48,48,3,3,3,0,0          6
E8_W_error_W_finishes_first,1409,1,0,0,0,0,0,1,0,1,0,0,0,1,0,1,0,0,48,48,3,3,3,0,0          6
E8_W_error_W_finishes_first,1410,1,0,0,0,0,0,1,0,1,0,0,0,1,0,1,0,0,48,48,3,3,3,0,0          6
E8_W_error_W_finishes_first,1411,1,0,0,0,0,0,1,0,1,0,0,0,1,0,1,0,0,48,48,3,3,3,0,0          6
E8_W_error_W_finishes_first,1412,1,0,0,0,0,0,1,0,1,0,0,0,1,0,1,0,0,48,48,3,3,3,0,0          6
E8_W_error_W_finishes_first,1413,1,0,0,0,0,0,1,0,1,0,0,0,1,0,1,0,0,48,48,3,3,3,0,0          6
E8_W_error_W_finishes_first,1414,1,0,0,0,0,0,1,0,1,0,0,0,1,0,1,0,0,48,48,3,3,3,0,0          6
E8_W_error_W_finishes_first,1415,1,0,0,0,0,0,1,0,1,0,0,0,1,0,1,0,0,48,48,3,3,3,0,0          6
E8_W_error_W_finishes_first,1416,1,0,0,0,0,0,1,0,1,0,0,0,1,0,1,0,0,48,48,3,3,3,0,0          6
E8_W_error_W_finishes_first,1417,1,0,0,0,0,0,1,0,1,0,0,0,1,0,1,0,0,48,48,3,3,3,0,0          6
E8_W_error_W_finishes_first,1418,1,0,0,0,0,0,1,0,1,0,0,0,1,0,1,0,0,48,48,3,3,3,0,0          6
E8_W_error_W_finishes_first,1419,1,0,0,0,0,0,1,0,1,0,0,0,1,0,1,0,0,48,48,3,3,3,0,0          6
E8_W_error_W_finishes_first,1420,1,0,0,0,0,0,1,0,1,0,0,0,1,0,1,0,0,48,48,3,3,3,0,0          6
E8_W_error_W_finishes_first,1421,1,0,0,0,0,0,1,0,1,0,0,0,1,0,1,0,0,48,48,3,3,3,0,0          6
E8_W_error_W_finishes_first,1422,1,0,0,0,0,0,1,0,1,0,0,0,1,0,1,0,0,48,48,3,3,3,0,0          6
E8_W_error_W_finishes_first,1423,1,0,0,0,0,0,1,0,1,0,0,0,1,0,1,0,0,48,48,3,3,3,0,0          6
E8_W_error_W_finishes_first,1424,1,0,0,0,0,0,1,0,1,0,0,0,1,0,1,0,0,48,48,3,3,3,0,0          6
E8_W_error_W_finishes_first,1425,1,0,0,0,0,0,1,0,1,0,0,0,1,0,1,0,0,48,48,3,3,3,0,0          6
E8_W_error_W_finishes_first,1426,1,0,0,0,0,0,1,0,1,0,0,0,1,0,1,0,0,48,48,3,3,3,0,0          6
E8_W_error_W_finishes_first,1427,1,0,0,0,0,0,1,0,1,0,0,0,1,0,1,0,0,48,48,3,3,3,0,0          6
E8_W_error_W_finishes_first,1428,1,0,0,0,0,0,1,0,1,0,0,0,1,0,1,0,0,48,48,3,3,3,0,0          6
E8_W_error_W_finishes_first,1429,1,0,0,0,0,0,1,0,1,0,0,0,1,0,1,0,0,48,48,3,3,3,0,0          6
E8_W_error_W_finishes_first,1430,1,0,0,0,0,0,1,0,1,0,0,0,1,0,1,0,0,48,48,3,3,3,0,0          6
E8_W_error_W_finishes_first,1431,1,0,0,0,0,0,1,0,1,0,0,0,1,0,1,0,0,48,48,3,3,3,0,0          6
E8_W_error_W_finishes_first,1432,1,0,0,0,0,0,1,0,1,0,0,0,1,0,1,0,0,48,48,3,3,3,0,0          6
E8_W_error_W_finishes_first,1433,1,0,0,0,0,0,1,0,1,0,0,0,1,0,1,0,0,48,48,3,3,3,0,0          6
E8_W_error_W_finishes_first,1434,1,0,0,0,0,0,1,0,1,0,0,0,1,0,1,0,0,48,48,3,3,3,0,0          6
E8_W_error_W_finishes_first,1435,1,0,0,0,0,0,1,0,1,0,0,0,1,0,1,0,0,48,48,3,3,3,0,0          6
E8_W_error_W_finishes_first,1436,1,0,0,0,0,0,1,0,1,0,0,0,1,0,1,0,0,48,48,3,3,3,0,0          6
E8_W_error_W_finishes_first,1437,1,0,0,0,0,0,1,0,1,0,0,0,1,0,1,0,0,48,48,3,3,3,0,0          6
E8_W_error_W_finishes_first,1438,1,0,0,0,0,0,1,0,1,0,0,0,1,0,1,0,0,48,48,3,3,3,0,0          6
E8_W_error_W_finishes_first,1439,1,0,0,0,0,0,1,0,1,0,0,0,1,0,1,0,0,48,48,3,3,3,0,0          6
E8_W_error_W_finishes_first,1440,1,0,0,0,0,0,1,0,1,0,0,0,1,0,1,0,0,48,48,3,3,3,0,0          6
E9_read_mid_reset,1441,1,0,0,0,0,0,1,0,1,0,0,0,1,0,1,0,0,48,48,3,3,3,0,0          6
E9_read_mid_reset,1444,1,0,0,0,0,0,0,0,0,0,0,0,0,0,0,0,0,48,48,3,3,3,0,0          6
E9_read_mid_reset,1445,1,0,0,0,0,0,0,0,1,0,0,0,1,0,1,0,0,48,48,3,3,3,0,0          6
E9_read_mid_reset,1446,1,1,0,0,0,0,0,0,1,0,0,0,1,0,1,0,0,0,0,0,0,0,0,0          6
E9_read_mid_reset,1447,1,0,0,1,0,0,0,0,1,0,0,0,1,0,1,0,0,0,0,0,0,0,1,0          6
E9_read_mid_reset,1448,1,0,0,1,0,0,0,1,1,0,0,0,1,0,1,0,0,0,0,1,0,0,2,0          6
E9_read_mid_reset,1449,1,0,0,1,0,0,0,0,0,1,1,0,1,0,1,0,0,1,0,1,0,0,3,0          6
E9_read_mid_reset,1450,1,0,0,1,0,0,0,0,0,1,1,0,1,0,1,0,0,2,0,1,0,0,3,0          6
E9_read_mid_reset,1451,1,0,0,1,0,0,0,0,0,1,1,0,1,0,1,0,0,3,0,1,0,0,3,0          6
E9_read_mid_reset,1452,1,0,0,1,0,0,0,0,0,1,1,0,1,0,1,0,0,4,0,1,0,0,3,0          6
E9_read_mid_reset,1453,1,0,0,1,0,0,0,0,0,1,1,0,1,0,1,0,0,5,0,1,0,0,3,0          6
E9_read_mid_reset,1456,1,0,0,0,0,0,0,0,0,0,0,0,0,0,0,0,0,5,0,1,0,0,0,0          6
E9_read_mid_reset,1457,1,0,0,0,0,0,0,0,1,0,0,0,1,0,1,0,0,5,0,1,0,0,0,0          6
E9_read_mid_reset,1458,1,1,0,0,0,0,0,0,1,0,0,0,1,0,1,0,0,0,0,0,0,0,0,0          6
E9_read_mid_reset,1459,1,0,0,1,0,0,0,0,1,0,0,0,1,0,1,0,0,0,0,0,0,0,1,0          6
E9_read_mid_reset,1460,1,0,0,1,0,0,0,1,1,0,0,0,1,0,1,0,0,0,0,1,0,0,2,0          6
E9_read_mid_reset,1461,1,0,0,1,0,0,0,0,0,1,1,0,1,0,1,0,0,1,0,1,0,0,3,0          6
E9_read_mid_reset,1462,1,0,0,1,0,0,0,0,0,1,1,0,1,0,1,0,0,2,0,1,0,0,3,0          6
E9_read_mid_reset,1463,1,0,0,1,0,0,0,0,0,1,1,0,1,0,1,0,0,3,0,1,0,0,3,0          6
E9_read_mid_reset,1464,1,0,0,1,0,0,0,0,0,1,1,0,1,0,1,0,0,4,0,1,0,0,3,0          6
E9_read_mid_reset,1465,1,0,0,1,0,0,0,0,0,1,1,0,1,0,1,0,0,5,0,1,0,0,3,0          6
E9_read_mid_reset,1466,1,0,0,1,0,0,0,0,0,1,1,0,1,0,1,0,0,6,0,1,0,0,3,0          6
E9_read_mid_reset,1467,1,0,0,1,0,0,0,0,0,1,1,0,1,0,1,0,0,7,0,1,0,0,3,0          6
E9_read_mid_reset,1468,1,0,0,1,0,0,0,0,0,1,1,0,1,0,1,0,0,8,0,1,0,0,3,0          6
E9_read_mid_reset,1469,1,0,0,1,0,0,0,0,0,1,1,0,1,0,1,0,0,9,0,1,0,0,3,0          6
E9_read_mid_reset,1470,1,0,0,1,0,0,0,0,0,1,1,0,1,0,1,0,0,10,0,1,0,0,3,0          6
E9_read_mid_reset,1471,1,0,0,1,0,0,0,0,0,1,1,0,1,0,1,0,0,11,0,1,0,0,3,0          6
E9_read_mid_reset,1472,1,0,0,1,0,0,0,0,0,1,1,0,1,0,1,0,0,12,0,1,0,0,3,0          6
E9_read_mid_reset,1473,1,0,0,1,0,0,0,0,0,1,1,0,1,0,1,0,0,13,0,1,0,0,3,0          6
E9_read_mid_reset,1474,1,0,0,1,0,0,0,0,0,1,1,0,1,0,1,0,0,14,0,1,0,0,3,0          6
E9_read_mid_reset,1475,1,0,0,1,0,0,0,0,0,1,1,0,1,0,1,0,0,15,0,1,0,0,3,0          6
E9_read_mid_reset,1476,1,0,0,1,0,0,0,0,0,1,1,0,1,0,1,0,0,16,0,1,0,0,3,0          6
E9_write_mid_reset,1477,1,0,0,0,0,0,0,0,1,0,0,0,1,0,1,0,0,16,0,1,0,0,0,0          6
E9_write_mid_reset,1480,1,0,0,0,0,0,0,0,0,0,0,0,0,0,0,0,0,16,0,1,0,0,0,0          6
E9_write_mid_reset,1481,1,0,0,0,0,0,0,0,1,0,0,0,1,0,1,0,0,16,0,1,0,0,0,0          6
E9_write_mid_reset,1482,1,0,1,0,0,0,0,0,1,0,0,0,1,0,1,0,0,0,0,0,0,0,0,0          6
E9_write_mid_reset,1483,1,0,0,0,1,0,0,0,1,0,0,0,1,0,1,0,0,0,0,0,0,0,0,1          6
E9_write_mid_reset,1484,1,0,0,0,1,0,0,0,1,0,0,1,1,1,1,0,0,0,1,0,1,0,0,2          6
E9_write_mid_reset,1485,1,0,0,0,1,0,0,0,1,0,0,0,0,1,1,0,0,0,2,0,1,0,0,2          6
E9_write_mid_reset,1486,1,0,0,0,1,0,0,0,1,0,0,0,0,1,1,0,0,0,3,0,1,0,0,2          6
E9_write_mid_reset,1487,1,0,0,0,1,0,0,0,1,0,0,0,0,1,1,0,0,0,4,0,1,0,0,2          6
E9_write_mid_reset,1488,1,0,0,0,1,0,0,0,1,0,0,0,0,1,1,0,0,0,5,0,1,0,0,2          6
E9_write_mid_reset,1491,1,0,0,0,0,0,0,0,0,0,0,0,0,0,0,0,0,0,5,0,1,0,0,0          6
E9_write_mid_reset,1492,1,0,0,0,0,0,0,0,1,0,0,0,1,0,1,0,0,0,5,0,1,0,0,0          6
E9_write_mid_reset,1493,1,0,1,0,0,0,0,0,1,0,0,0,1,0,1,0,0,0,0,0,0,0,0,0          6
E9_write_mid_reset,1494,1,0,0,0,1,0,0,0,1,0,0,0,1,0,1,0,0,0,0,0,0,0,0,1          6
E9_write_mid_reset,1495,1,0,0,0,1,0,0,0,1,0,0,1,1,1,1,0,0,0,1,0,1,0,0,2          6
E9_write_mid_reset,1496,1,0,0,0,1,0,0,0,1,0,0,0,0,1,1,0,0,0,2,0,1,0,0,2          6
E9_write_mid_reset,1497,1,0,0,0,1,0,0,0,1,0,0,0,0,1,1,0,0,0,3,0,1,0,0,2          6
E9_write_mid_reset,1498,1,0,0,0,1,0,0,0,1,0,0,0,0,1,1,0,0,0,4,0,1,0,0,2          6
E9_write_mid_reset,1499,1,0,0,0,1,0,0,0,1,0,0,0,0,1,1,0,0,0,5,0,1,0,0,2          6
E9_write_mid_reset,1500,1,0,0,0,1,0,0,0,1,0,0,0,0,1,1,0,0,0,6,0,1,0,0,2          6
E9_write_mid_reset,1501,1,0,0,0,1,0,0,0,1,0,0,0,0,1,1,0,0,0,7,0,1,0,0,2          6
E9_write_mid_reset,1502,1,0,0,0,1,0,0,0,1,0,0,0,0,1,1,0,0,0,8,0,1,0,0,2          6
E9_write_mid_reset,1503,1,0,0,0,1,0,0,0,1,0,0,0,0,1,1,0,0,0,9,0,1,0,0,2          6
E9_write_mid_reset,1504,1,0,0,0,1,0,0,0,1,0,0,0,0,1,1,0,0,0,10,0,1,0,0,2          6
E9_write_mid_reset,1505,1,0,0,0,1,0,0,0,1,0,0,0,0,1,1,0,0,0,11,0,1,0,0,2          6
E9_write_mid_reset,1506,1,0,0,0,1,0,0,0,1,0,0,0,0,1,1,0,0,0,12,0,1,0,0,2          6
E9_write_mid_reset,1507,1,0,0,0,1,0,0,0,1,0,0,0,0,1,1,0,0,0,13,0,1,0,0,2          6
E9_write_mid_reset,1508,1,0,0,0,1,0,0,0,1,0,0,0,0,1,1,0,0,0,14,0,1,0,0,2          6
E9_write_mid_reset,1509,1,0,0,0,1,0,0,0,1,0,0,0,0,1,1,0,0,0,15,0,1,0,0,2          6
E9_write_mid_reset,1510,1,0,0,0,1,0,0,0,1,0,0,0,0,1,1,0,0,0,16,0,1,0,0,2          6
E9_write_mid_reset,1511,1,0,0,0,1,0,0,0,1,0,0,0,0,0,0,1,1,0,16,0,1,1,0,3          6
E9_write_mid_reset,1512,1,0,0,0,0,0,0,0,1,0,0,0,1,0,0,0,0,0,16,0,1,1,0,0          6
E9_write_mid_reset,1513,1,1,0,0,0,0,0,0,1,0,0,0,1,0,1,0,0,0,16,0,1,1,0,0          6
E9_write_mid_reset,1514,1,0,0,1,0,0,0,0,1,0,0,0,1,0,1,0,0,0,16,0,1,1,1,0          6
E9_write_mid_reset,1515,1,0,0,1,0,0,0,1,1,0,0,0,1,0,1,0,0,0,16,1,1,1,2,0          6
E9_write_mid_reset,1516,1,0,0,1,0,0,0,0,0,1,1,0,1,0,1,0,0,1,16,1,1,1,3,0          6
E9_write_mid_reset,1517,1,0,0,1,0,0,0,0,0,1,1,0,1,0,1,0,0,2,16,1,1,1,3,0          6
E9_write_mid_reset,1518,1,0,0,1,0,0,0,0,0,1,1,0,1,0,1,0,0,3,16,1,1,1,3,0          6
E9_write_mid_reset,1519,1,0,0,1,0,0,0,0,0,1,1,0,1,0,1,0,0,4,16,1,1,1,3,0          6
E9_write_mid_reset,1520,1,0,0,1,0,0,0,0,0,1,1,0,1,0,1,0,0,5,16,1,1,1,3,0          6
E9_write_mid_reset,1521,1,0,0,1,0,0,0,0,0,1,1,0,1,0,1,0,0,6,16,1,1,1,3,0          6
E9_write_mid_reset,1522,1,0,0,1,0,0,0,0,0,1,1,0,1,0,1,0,0,7,16,1,1,1,3,0          6
E9_write_mid_reset,1523,1,0,0,1,0,0,0,0,0,1,1,0,1,0,1,0,0,8,16,1,1,1,3,0          6
E9_write_mid_reset,1524,1,0,0,1,0,0,0,0,0,1,1,0,1,0,1,0,0,9,16,1,1,1,3,0          6
E9_write_mid_reset,1525,1,0,0,1,0,0,0,0,0,1,1,0,1,0,1,0,0,10,16,1,1,1,3,0          6
E9_write_mid_reset,1526,1,0,0,1,0,0,0,0,0,1,1,0,1,0,1,0,0,11,16,1,1,1,3,0          6
E9_write_mid_reset,1527,1,0,0,1,0,0,0,0,0,1,1,0,1,0,1,0,0,12,16,1,1,1,3,0          6
E9_write_mid_reset,1528,1,0,0,1,0,0,0,0,0,1,1,0,1,0,1,0,0,13,16,1,1,1,3,0          6
E9_write_mid_reset,1529,1,0,0,1,0,0,0,0,0,1,1,0,1,0,1,0,0,14,16,1,1,1,3,0          6
E9_write_mid_reset,1530,1,0,0,1,0,0,0,0,0,1,1,0,1,0,1,0,0,15,16,1,1,1,3,0          6
E9_write_mid_reset,1531,1,0,0,1,0,0,0,0,0,1,1,0,1,0,1,0,0,16,16,1,1,1,3,0          6
E5_E9_early_RLAST,1532,1,0,0,0,0,0,0,0,1,0,0,0,1,0,1,0,0,16,16,1,1,1,0,0          6
E5_E9_early_RLAST,1535,1,0,0,0,0,0,0,0,0,0,0,0,0,0,0,0,0,16,16,1,1,1,0,0          6
E5_E9_early_RLAST,1536,1,0,0,0,0,0,0,0,1,0,0,0,1,0,1,0,0,16,16,1,1,1,0,0          6
E5_E9_early_RLAST,1537,1,1,0,0,0,0,0,0,1,0,0,0,1,0,1,0,0,0,0,0,0,0,0,0          6
E5_E9_early_RLAST,1538,1,0,0,1,0,0,0,0,1,0,0,0,1,0,1,0,0,0,0,0,0,0,1,0          6
E5_E9_early_RLAST,1539,1,0,0,1,0,0,0,1,1,0,0,0,1,0,1,0,0,0,0,1,0,0,2,0          6
E5_E9_early_RLAST,1540,1,0,0,1,0,0,0,0,0,1,1,0,1,0,1,0,0,1,0,1,0,0,3,0          6
E5_E9_early_RLAST,1541,1,0,0,1,0,0,0,0,0,1,1,0,1,0,1,0,0,2,0,1,0,0,3,0          6
E5_E9_early_RLAST,1542,1,0,0,1,0,0,0,0,0,1,1,0,1,0,1,0,0,3,0,1,0,0,3,0          6
E5_E9_early_RLAST,1543,1,0,0,1,0,0,0,0,0,1,1,0,1,0,1,0,0,4,0,1,0,0,3,0          6
E5_E9_early_RLAST,1544,1,0,0,1,0,0,0,0,0,1,1,0,1,0,1,0,0,5,0,1,0,0,3,0          6
E5_E9_early_RLAST,1545,1,0,0,1,0,0,0,0,0,1,1,0,1,0,1,0,0,6,0,1,0,0,3,0          6
E5_E9_early_RLAST,1546,1,0,0,1,0,0,0,0,0,1,1,0,1,0,1,0,0,7,0,1,0,0,3,0          6
E5_E9_early_RLAST,1547,1,0,0,1,0,0,0,0,0,1,1,0,1,0,1,0,0,8,0,1,0,0,3,0          6
E5_E9_early_RLAST,1548,1,0,0,1,0,0,0,0,0,1,1,0,1,0,1,0,0,9,0,1,0,0,3,0          6
E5_E9_early_RLAST,1549,1,0,0,1,0,0,0,0,0,1,1,0,1,0,1,0,0,10,0,1,0,0,3,0          6
E5_E9_early_RLAST,1550,1,0,0,1,0,0,0,0,0,1,1,0,1,0,1,0,0,11,0,1,0,0,3,0          6
E5_E9_early_RLAST,1551,1,0,0,1,0,0,0,0,0,1,1,0,1,0,1,0,0,12,0,1,0,0,3,0          6
E5_E9_early_RLAST,1552,1,0,0,1,0,0,0,0,0,1,1,0,1,0,1,0,0,13,0,1,0,0,3,0          6
E5_E9_early_RLAST,1553,1,0,0,1,0,0,0,0,0,1,1,0,1,0,1,0,0,14,0,1,0,0,3,0          6
E5_E9_early_RLAST,1554,1,0,0,1,0,0,0,0,0,1,1,0,1,0,1,0,0,15,0,1,0,0,3,0          7
E5_E9_early_RLAST,1555,1,0,0,1,0,1,0,0,0,1,0,0,1,0,1,0,0,15,0,1,0,0,4,0          7
E5_E9_early_RLAST,1556,1,0,0,1,0,1,0,0,0,1,0,0,1,0,1,0,0,15,0,1,0,0,4,0          7
E5_E9_early_RLAST,1557,1,0,0,1,0,1,0,0,0,1,0,0,1,0,1,0,0,15,0,1,0,0,4,0          7
E5_E9_early_RLAST,1558,1,0,0,1,0,1,0,0,0,1,0,0,1,0,1,0,0,15,0,1,0,0,4,0          7
E5_E9_early_RLAST,1559,1,0,0,1,0,1,0,0,0,1,0,0,1,0,1,0,0,15,0,1,0,0,4,0          7
E5_E9_early_RLAST,1560,1,0,0,1,0,1,0,0,0,1,0,0,1,0,1,0,0,15,0,1,0,0,4,0          7
E5_E9_early_RLAST,1561,1,0,0,1,0,1,0,0,0,1,0,0,1,0,1,0,0,15,0,1,0,0,4,0          7
E5_E9_early_RLAST,1562,1,0,0,1,0,1,0,0,0,1,0,0,1,0,1,0,0,15,0,1,0,0,4,0          7
E5_E9_early_RLAST,1563,1,0,0,1,0,1,0,0,0,1,0,0,1,0,1,0,0,15,0,1,0,0,4,0          7
E5_E9_early_RLAST,1564,1,0,0,1,0,1,0,0,0,1,0,0,1,0,1,0,0,15,0,1,0,0,4,0          7
E5_E9_early_RLAST,1565,1,1,0,1,0,1,0,0,0,1,0,0,1,0,1,0,0,15,0,1,0,0,4,0          7
E5_E9_early_RLAST,1566,1,0,0,1,0,1,0,0,0,1,0,0,1,0,1,0,0,15,0,1,0,0,4,0          7
E5_E9_early_RLAST,1567,1,0,0,1,0,1,0,0,0,1,0,0,1,0,1,0,0,15,0,1,0,0,4,0          7
E5_E9_early_RLAST,1568,1,0,0,1,0,1,0,0,0,1,0,0,1,0,1,0,0,15,0,1,0,0,4,0          7
E5_E9_early_RLAST,1569,1,0,0,1,0,1,0,0,0,1,0,0,1,0,1,0,0,15,0,1,0,0,4,0          7
E5_E9_early_RLAST,1570,1,0,0,1,0,1,0,0,0,1,0,0,1,0,1,0,0,15,0,1,0,0,4,0          7
E5_E9_early_RLAST,1571,1,0,0,1,0,1,0,0,0,1,0,0,1,0,1,0,0,15,0,1,0,0,4,0          7
E5_E9_early_RLAST,1572,1,0,0,1,0,1,0,0,0,1,0,0,1,0,1,0,0,15,0,1,0,0,4,0          7
E5_E9_early_RLAST,1573,1,0,0,1,0,1,0,0,0,1,0,0,1,0,1,0,0,15,0,1,0,0,4,0          7
E5_E9_early_RLAST,1574,1,0,0,1,0,1,0,0,0,1,0,0,1,0,1,0,0,15,0,1,0,0,4,0          7
E5_E9_early_RLAST,1575,1,0,0,1,0,1,0,0,0,1,0,0,1,0,1,0,0,15,0,1,0,0,4,0          7
E5_E9_early_RLAST,1576,1,0,0,1,0,1,0,0,0,1,0,0,1,0,1,0,0,15,0,1,0,0,4,0          7
E5_E9_early_RLAST,1577,1,0,0,1,0,1,0,0,0,1,0,0,1,0,1,0,0,15,0,1,0,0,4,0          7
E5_E9_early_RLAST,1578,1,0,0,1,0,1,0,0,0,1,0,0,1,0,1,0,0,15,0,1,0,0,4,0          7
E5_E9_early_RLAST,1579,1,0,0,1,0,1,0,0,0,1,0,0,1,0,1,0,0,15,0,1,0,0,4,0          7
E5_E9_early_RLAST,1580,1,0,0,1,0,1,0,0,0,1,0,0,1,0,1,0,0,15,0,1,0,0,4,0          7
E5_E9_early_RLAST,1581,1,0,0,1,0,1,0,0,0,1,0,0,1,0,1,0,0,15,0,1,0,0,4,0          7
E5_E9_early_RLAST,1582,1,0,0,1,0,1,0,0,0,1,0,0,1,0,1,0,0,15,0,1,0,0,4,0          7
E5_E9_early_RLAST,1583,1,0,0,1,0,1,0,0,0,1,0,0,1,0,1,0,0,15,0,1,0,0,4,0          7
E5_E9_early_RLAST,1584,1,0,0,1,0,1,0,0,0,1,0,0,1,0,1,0,0,15,0,1,0,0,4,0          7
E5_E9_early_RLAST,1585,1,0,0,1,0,1,0,0,0,1,0,0,1,0,1,0,0,15,0,1,0,0,4,0          7
E5_E9_early_RLAST,1586,1,0,0,1,0,1,0,0,0,1,0,0,1,0,1,0,0,15,0,1,0,0,4,0          7
E5_E9_early_RLAST,1587,1,0,0,1,0,1,0,0,0,1,0,0,1,0,1,0,0,15,0,1,0,0,4,0          7
E5_E9_early_RLAST,1588,1,0,0,1,0,1,0,0,0,1,0,0,1,0,1,0,0,15,0,1,0,0,4,0          7
E5_E9_early_RLAST,1589,1,0,0,1,0,1,0,0,0,1,0,0,1,0,1,0,0,15,0,1,0,0,4,0          7
E5_E9_early_RLAST,1590,1,0,0,1,0,1,0,0,0,1,0,0,1,0,1,0,0,15,0,1,0,0,4,0          7
E5_E9_early_RLAST,1591,1,0,0,1,0,1,0,0,0,1,0,0,1,0,1,0,0,15,0,1,0,0,4,0          7
E5_E9_early_RLAST,1592,1,0,0,1,0,1,0,0,0,1,0,0,1,0,1,0,0,15,0,1,0,0,4,0          7
E5_E9_early_RLAST,1593,1,0,0,1,0,1,0,0,0,1,0,0,1,0,1,0,0,15,0,1,0,0,4,0          7
E5_E9_early_RLAST,1594,1,0,0,1,0,1,0,0,0,1,0,0,1,0,1,0,0,15,0,1,0,0,4,0          7
E5_E9_early_RLAST,1595,1,0,0,1,0,1,0,0,0,1,0,0,1,0,1,0,0,15,0,1,0,0,4,0          7
E5_E9_early_RLAST,1596,1,0,0,1,0,1,0,0,0,1,0,0,1,0,1,0,0,15,0,1,0,0,4,0          7
E5_E9_early_RLAST,1597,1,0,0,1,0,1,0,0,0,1,0,0,1,0,1,0,0,15,0,1,0,0,4,0          7
E5_E9_early_RLAST,1598,1,0,0,1,0,1,0,0,0,1,0,0,1,0,1,0,0,15,0,1,0,0,4,0          7
E5_E9_early_RLAST,1599,1,0,0,1,0,1,0,0,0,1,0,0,1,0,1,0,0,15,0,1,0,0,4,0          7
E5_E9_early_RLAST,1600,1,0,0,1,0,1,0,0,0,1,0,0,1,0,1,0,0,15,0,1,0,0,4,0          7
E5_E9_early_RLAST,1601,1,0,0,1,0,1,0,0,0,1,0,0,1,0,1,0,0,15,0,1,0,0,4,0          7
E5_E9_early_RLAST,1602,1,0,0,1,0,1,0,0,0,1,0,0,1,0,1,0,0,15,0,1,0,0,4,0          7
E5_E9_early_RLAST,1603,1,0,0,1,0,1,0,0,0,1,0,0,1,0,1,0,0,15,0,1,0,0,4,0          7
E5_E9_early_RLAST,1604,1,0,0,1,0,1,0,0,0,1,0,0,1,0,1,0,0,15,0,1,0,0,4,0          7
E5_E9_early_RLAST,1605,1,0,0,1,0,1,0,0,0,1,0,0,1,0,1,0,0,15,0,1,0,0,4,0          7
E5_E9_early_RLAST,1606,1,0,0,1,0,1,0,0,0,1,0,0,1,0,1,0,0,15,0,1,0,0,4,0          7
E5_E9_early_RLAST,1607,1,0,0,1,0,1,0,0,0,1,0,0,1,0,1,0,0,15,0,1,0,0,4,0          7
E5_E9_early_RLAST,1608,1,0,0,1,0,1,0,0,0,1,0,0,1,0,1,0,0,15,0,1,0,0,4,0          7
E5_E9_early_RLAST,1609,1,0,0,1,0,1,0,0,0,1,0,0,1,0,1,0,0,15,0,1,0,0,4,0          7
E5_E9_early_RLAST,1610,1,0,0,1,0,1,0,0,0,1,0,0,1,0,1,0,0,15,0,1,0,0,4,0          7
E5_E9_early_RLAST,1611,1,0,0,1,0,1,0,0,0,1,0,0,1,0,1,0,0,15,0,1,0,0,4,0          7
E5_E9_early_RLAST,1612,1,0,0,1,0,1,0,0,0,1,0,0,1,0,1,0,0,15,0,1,0,0,4,0          7
E5_E9_early_RLAST,1613,1,0,0,1,0,1,0,0,0,1,0,0,1,0,1,0,0,15,0,1,0,0,4,0          7
E5_E9_early_RLAST,1614,1,0,0,1,0,1,0,0,0,1,0,0,1,0,1,0,0,15,0,1,0,0,4,0          7
E5_E9_early_RLAST,1615,1,0,0,1,0,1,0,0,0,1,0,0,1,0,1,0,0,15,0,1,0,0,4,0          7
E5_E9_early_RLAST,1616,1,0,0,1,0,1,0,0,0,1,0,0,1,0,1,0,0,15,0,1,0,0,4,0          7
E5_E9_early_RLAST,1617,1,0,0,1,0,1,0,0,0,1,0,0,1,0,1,0,0,15,0,1,0,0,4,0          7
E5_E9_early_RLAST,1618,1,0,0,1,0,1,0,0,0,1,0,0,1,0,1,0,0,15,0,1,0,0,4,0          7
E5_E9_early_RLAST,1619,1,0,0,1,0,1,0,0,0,1,0,0,1,0,1,0,0,15,0,1,0,0,4,0          7
E5_E9_early_RLAST,1620,1,0,0,1,0,1,0,0,0,1,0,0,1,0,1,0,0,15,0,1,0,0,4,0          7
E5_E9_early_RLAST,1621,1,0,0,1,0,1,0,0,0,1,0,0,1,0,1,0,0,15,0,1,0,0,4,0          7
E5_E9_early_RLAST,1622,1,0,0,1,0,1,0,0,0,1,0,0,1,0,1,0,0,15,0,1,0,0,4,0          7
E5_E9_early_RLAST,1623,1,0,0,1,0,1,0,0,0,1,0,0,1,0,1,0,0,15,0,1,0,0,4,0          7
E5_E9_early_RLAST,1624,1,0,0,1,0,1,0,0,0,1,0,0,1,0,1,0,0,15,0,1,0,0,4,0          7
E5_E9_early_RLAST,1625,1,0,0,1,0,1,0,0,0,1,0,0,1,0,1,0,0,15,0,1,0,0,4,0          7
E5_E9_early_RLAST,1626,1,0,0,1,0,1,0,0,0,1,0,0,1,0,1,0,0,15,0,1,0,0,4,0          7
E5_E9_early_RLAST,1627,1,0,0,1,0,1,0,0,0,1,0,0,1,0,1,0,0,15,0,1,0,0,4,0          7
E5_E9_early_RLAST,1628,1,0,0,1,0,1,0,0,0,1,0,0,1,0,1,0,0,15,0,1,0,0,4,0          7
E5_E9_early_RLAST,1629,1,0,0,1,0,1,0,0,0,1,0,0,1,0,1,0,0,15,0,1,0,0,4,0          7
E5_E9_early_RLAST,1630,1,0,0,1,0,1,0,0,0,1,0,0,1,0,1,0,0,15,0,1,0,0,4,0          7
E5_E9_early_RLAST,1631,1,0,0,1,0,1,0,0,0,1,0,0,1,0,1,0,0,15,0,1,0,0,4,0          7
E5_E9_early_RLAST,1632,1,0,0,1,0,1,0,0,0,1,0,0,1,0,1,0,0,15,0,1,0,0,4,0          7
E5_E9_early_RLAST,1633,1,0,0,1,0,1,0,0,0,1,0,0,1,0,1,0,0,15,0,1,0,0,4,0          7
E5_E9_early_RLAST,1634,1,0,0,1,0,1,0,0,0,1,0,0,1,0,1,0,0,15,0,1,0,0,4,0          7
E5_E9_early_RLAST,1635,1,0,0,1,0,1,0,0,0,1,0,0,1,0,1,0,0,15,0,1,0,0,4,0          7
E5_E9_early_RLAST,1636,1,0,0,1,0,1,0,0,0,1,0,0,1,0,1,0,0,15,0,1,0,0,4,0          7
E5_E9_early_RLAST,1637,1,0,0,1,0,1,0,0,0,1,0,0,1,0,1,0,0,15,0,1,0,0,4,0          7
E5_E9_early_RLAST,1638,1,0,0,1,0,1,0,0,0,1,0,0,1,0,1,0,0,15,0,1,0,0,4,0          7
E5_E9_early_RLAST,1639,1,0,0,1,0,1,0,0,0,1,0,0,1,0,1,0,0,15,0,1,0,0,4,0          7
E5_E9_early_RLAST,1640,1,0,0,1,0,1,0,0,0,1,0,0,1,0,1,0,0,15,0,1,0,0,4,0          7
E5_E9_early_RLAST,1641,1,0,0,1,0,1,0,0,0,1,0,0,1,0,1,0,0,15,0,1,0,0,4,0          7
E5_E9_early_RLAST,1642,1,0,0,1,0,1,0,0,0,1,0,0,1,0,1,0,0,15,0,1,0,0,4,0          7
E5_E9_early_RLAST,1643,1,0,0,1,0,1,0,0,0,1,0,0,1,0,1,0,0,15,0,1,0,0,4,0          7
E5_E9_early_RLAST,1644,1,0,0,1,0,1,0,0,0,1,0,0,1,0,1,0,0,15,0,1,0,0,4,0          7
E5_E9_early_RLAST,1645,1,0,0,1,0,1,0,0,0,1,0,0,1,0,1,0,0,15,0,1,0,0,4,0          7
E5_E9_early_RLAST,1646,1,0,0,1,0,1,0,0,0,1,0,0,1,0,1,0,0,15,0,1,0,0,4,0          7
E5_E9_early_RLAST,1647,1,0,0,1,0,1,0,0,0,1,0,0,1,0,1,0,0,15,0,1,0,0,4,0          7
E5_E9_early_RLAST,1648,1,0,0,1,0,1,0,0,0,1,0,0,1,0,1,0,0,15,0,1,0,0,4,0          7
E5_E9_early_RLAST,1649,1,0,0,1,0,1,0,0,0,1,0,0,1,0,1,0,0,15,0,1,0,0,4,0          7
E5_E9_early_RLAST,1650,1,0,0,1,0,1,0,0,0,1,0,0,1,0,1,0,0,15,0,1,0,0,4,0          7
E5_E9_early_RLAST,1651,1,0,0,1,0,1,0,0,0,1,0,0,1,0,1,0,0,15,0,1,0,0,4,0          7
E5_E9_early_RLAST,1652,1,0,0,1,0,1,0,0,0,1,0,0,1,0,1,0,0,15,0,1,0,0,4,0          7
E5_E9_early_RLAST,1653,1,0,0,1,0,1,0,0,0,1,0,0,1,0,1,0,0,15,0,1,0,0,4,0          7
E5_E9_early_RLAST,1654,1,0,0,1,0,1,0,0,0,1,0,0,1,0,1,0,0,15,0,1,0,0,4,0          7
E5_E9_early_RLAST,1655,1,0,0,1,0,1,0,0,0,1,0,0,1,0,1,0,0,15,0,1,0,0,4,0          7
E5_E9_early_RLAST,1656,1,0,0,1,0,1,0,0,0,1,0,0,1,0,1,0,0,15,0,1,0,0,4,0          7
E5_E9_early_RLAST,1657,1,0,0,1,0,1,0,0,0,1,0,0,1,0,1,0,0,15,0,1,0,0,4,0          7
E5_E9_early_RLAST,1658,1,0,0,1,0,1,0,0,0,1,0,0,1,0,1,0,0,15,0,1,0,0,4,0          7
E5_E9_early_RLAST,1659,1,0,0,1,0,1,0,0,0,1,0,0,1,0,1,0,0,15,0,1,0,0,4,0          7
E5_E9_early_RLAST,1660,1,0,0,1,0,1,0,0,0,1,0,0,1,0,1,0,0,15,0,1,0,0,4,0          7
E5_E9_early_RLAST,1661,1,0,0,1,0,1,0,0,0,1,0,0,1,0,1,0,0,15,0,1,0,0,4,0          7
E5_E9_early_RLAST,1662,1,0,0,1,0,1,0,0,0,1,0,0,1,0,1,0,0,15,0,1,0,0,4,0          7
E5_E9_early_RLAST,1663,1,0,0,1,0,1,0,0,0,1,0,0,1,0,1,0,0,15,0,1,0,0,4,0          7
E5_E9_early_RLAST,1664,1,0,0,1,0,1,0,0,0,1,0,0,1,0,1,0,0,15,0,1,0,0,4,0          7
E5_E9_early_RLAST,1665,1,0,0,1,0,1,0,0,0,1,0,0,1,0,1,0,0,15,0,1,0,0,4,0          7
E5_E9_early_RLAST,1666,1,0,0,1,0,1,0,0,0,1,0,0,1,0,1,0,0,15,0,1,0,0,4,0          7
E5_E9_early_RLAST,1667,1,0,0,1,0,1,0,0,0,1,0,0,1,0,1,0,0,15,0,1,0,0,4,0          7
E5_E9_early_RLAST,1668,1,0,0,1,0,1,0,0,0,1,0,0,1,0,1,0,0,15,0,1,0,0,4,0          7
E5_E9_early_RLAST,1669,1,0,0,1,0,1,0,0,0,1,0,0,1,0,1,0,0,15,0,1,0,0,4,0          7
E5_E9_early_RLAST,1670,1,0,0,1,0,1,0,0,0,1,0,0,1,0,1,0,0,15,0,1,0,0,4,0          7
E5_E9_early_RLAST,1671,1,0,0,1,0,1,0,0,0,1,0,0,1,0,1,0,0,15,0,1,0,0,4,0          7
E5_E9_early_RLAST,1672,1,0,0,1,0,1,0,0,0,1,0,0,1,0,1,0,0,15,0,1,0,0,4,0          7
E5_E9_early_RLAST,1673,1,0,0,1,0,1,0,0,0,1,0,0,1,0,1,0,0,15,0,1,0,0,4,0          7
E5_E9_early_RLAST,1674,1,0,0,1,0,1,0,0,0,1,0,0,1,0,1,0,0,15,0,1,0,0,4,0          7
E5_E9_early_RLAST,1675,1,0,0,1,0,1,0,0,0,1,0,0,1,0,1,0,0,15,0,1,0,0,4,0          7
E5_E9_early_RLAST,1676,1,0,0,1,0,1,0,0,0,1,0,0,1,0,1,0,0,15,0,1,0,0,4,0          7
E5_E9_early_RLAST,1677,1,0,0,1,0,1,0,0,0,1,0,0,1,0,1,0,0,15,0,1,0,0,4,0          7
E5_E9_early_RLAST,1678,1,0,0,1,0,1,0,0,0,1,0,0,1,0,1,0,0,15,0,1,0,0,4,0          7
E5_E9_early_RLAST,1679,1,0,0,1,0,1,0,0,0,1,0,0,1,0,1,0,0,15,0,1,0,0,4,0          7
E5_E9_early_RLAST,1680,1,0,0,1,0,1,0,0,0,1,0,0,1,0,1,0,0,15,0,1,0,0,4,0          7
E5_E9_early_RLAST,1681,1,0,0,1,0,1,0,0,0,1,0,0,1,0,1,0,0,15,0,1,0,0,4,0          7
E5_E9_early_RLAST,1682,1,0,0,1,0,1,0,0,0,1,0,0,1,0,1,0,0,15,0,1,0,0,4,0          7
E5_E9_early_RLAST,1683,1,0,0,1,0,1,0,0,0,1,0,0,1,0,1,0,0,15,0,1,0,0,4,0          7
E5_E9_early_RLAST,1684,1,0,0,1,0,1,0,0,0,1,0,0,1,0,1,0,0,15,0,1,0,0,4,0          7
E5_E9_early_RLAST,1685,1,0,0,1,0,1,0,0,0,1,0,0,1,0,1,0,0,15,0,1,0,0,4,0          7
E5_E9_early_RLAST,1686,1,0,0,1,0,1,0,0,0,1,0,0,1,0,1,0,0,15,0,1,0,0,4,0          7
E5_E9_early_RLAST,1687,1,0,0,1,0,1,0,0,0,1,0,0,1,0,1,0,0,15,0,1,0,0,4,0          7
E5_E9_early_RLAST,1688,1,0,0,1,0,1,0,0,0,1,0,0,1,0,1,0,0,15,0,1,0,0,4,0          7
E5_E9_early_RLAST,1689,1,0,0,1,0,1,0,0,0,1,0,0,1,0,1,0,0,15,0,1,0,0,4,0          7
E5_E9_early_RLAST,1690,1,0,0,1,0,1,0,0,0,1,0,0,1,0,1,0,0,15,0,1,0,0,4,0          7
E5_E9_early_RLAST,1691,1,0,0,1,0,1,0,0,0,1,0,0,1,0,1,0,0,15,0,1,0,0,4,0          7
E5_E9_early_RLAST,1692,1,0,0,1,0,1,0,0,0,1,0,0,1,0,1,0,0,15,0,1,0,0,4,0          7
E5_E9_early_RLAST,1693,1,0,0,1,0,1,0,0,0,1,0,0,1,0,1,0,0,15,0,1,0,0,4,0          7
E5_E9_early_RLAST,1694,1,0,0,1,0,1,0,0,0,1,0,0,1,0,1,0,0,15,0,1,0,0,4,0          7
E5_E9_early_RLAST,1695,1,0,0,1,0,1,0,0,0,1,0,0,1,0,1,0,0,15,0,1,0,0,4,0          7
E5_E9_early_RLAST,1696,1,0,0,1,0,1,0,0,0,1,0,0,1,0,1,0,0,15,0,1,0,0,4,0          7
E5_E9_early_RLAST,1697,1,0,0,1,0,1,0,0,0,1,0,0,1,0,1,0,0,15,0,1,0,0,4,0          7
E5_E9_early_RLAST,1698,1,0,0,1,0,1,0,0,0,1,0,0,1,0,1,0,0,15,0,1,0,0,4,0          7
E5_E9_early_RLAST,1699,1,0,0,1,0,1,0,0,0,1,0,0,1,0,1,0,0,15,0,1,0,0,4,0          7
E5_E9_early_RLAST,1700,1,0,0,1,0,1,0,0,0,1,0,0,1,0,1,0,0,15,0,1,0,0,4,0          7
E5_E9_early_RLAST,1701,1,0,0,1,0,1,0,0,0,1,0,0,1,0,1,0,0,15,0,1,0,0,4,0          7
E5_E9_early_RLAST,1702,1,0,0,1,0,1,0,0,0,1,0,0,1,0,1,0,0,15,0,1,0,0,4,0          7
E5_E9_early_RLAST,1703,1,0,0,1,0,1,0,0,0,1,0,0,1,0,1,0,0,15,0,1,0,0,4,0          7
E5_E9_early_RLAST,1704,1,0,0,1,0,1,0,0,0,1,0,0,1,0,1,0,0,15,0,1,0,0,4,0          7
E5_E9_early_RLAST,1705,1,0,0,1,0,1,0,0,0,1,0,0,1,0,1,0,0,15,0,1,0,0,4,0          7
E5_E9_early_RLAST,1706,1,0,0,1,0,1,0,0,0,1,0,0,1,0,1,0,0,15,0,1,0,0,4,0          7
E5_E9_early_RLAST,1707,1,0,0,1,0,1,0,0,0,1,0,0,1,0,1,0,0,15,0,1,0,0,4,0          7
E5_E9_early_RLAST,1708,1,0,0,1,0,1,0,0,0,1,0,0,1,0,1,0,0,15,0,1,0,0,4,0          7
E5_E9_early_RLAST,1709,1,0,0,1,0,1,0,0,0,1,0,0,1,0,1,0,0,15,0,1,0,0,4,0          7
E5_E9_early_RLAST,1710,1,0,0,1,0,1,0,0,0,1,0,0,1,0,1,0,0,15,0,1,0,0,4,0          7
E5_E9_early_RLAST,1711,1,0,0,1,0,1,0,0,0,1,0,0,1,0,1,0,0,15,0,1,0,0,4,0          7
E5_E9_early_RLAST,1712,1,0,0,1,0,1,0,0,0,1,0,0,1,0,1,0,0,15,0,1,0,0,4,0          7
E5_E9_early_RLAST,1713,1,0,0,1,0,1,0,0,0,1,0,0,1,0,1,0,0,15,0,1,0,0,4,0          7
E5_E9_early_RLAST,1714,1,0,0,1,0,1,0,0,0,1,0,0,1,0,1,0,0,15,0,1,0,0,4,0          7
E5_E9_early_RLAST,1715,1,0,0,1,0,1,0,0,0,1,0,0,1,0,1,0,0,15,0,1,0,0,4,0          7
E5_E9_early_RLAST,1716,1,0,0,1,0,1,0,0,0,1,0,0,1,0,1,0,0,15,0,1,0,0,4,0          7
E5_E9_early_RLAST,1717,1,0,0,1,0,1,0,0,0,1,0,0,1,0,1,0,0,15,0,1,0,0,4,0          7
E5_E9_early_RLAST,1718,1,0,0,1,0,1,0,0,0,1,0,0,1,0,1,0,0,15,0,1,0,0,4,0          7
E5_E9_early_RLAST,1719,1,0,0,1,0,1,0,0,0,1,0,0,1,0,1,0,0,15,0,1,0,0,4,0          7
E5_E9_early_RLAST,1720,1,0,0,1,0,1,0,0,0,1,0,0,1,0,1,0,0,15,0,1,0,0,4,0          7
E5_E9_early_RLAST,1721,1,0,0,1,0,1,0,0,0,1,0,0,1,0,1,0,0,15,0,1,0,0,4,0          7
E5_E9_early_RLAST,1722,1,0,0,1,0,1,0,0,0,1,0,0,1,0,1,0,0,15,0,1,0,0,4,0          7
E5_E9_early_RLAST,1723,1,0,0,1,0,1,0,0,0,1,0,0,1,0,1,0,0,15,0,1,0,0,4,0          7
E5_E9_early_RLAST,1724,1,0,0,1,0,1,0,0,0,1,0,0,1,0,1,0,0,15,0,1,0,0,4,0          7
E5_E9_early_RLAST,1725,1,0,0,1,0,1,0,0,0,1,0,0,1,0,1,0,0,15,0,1,0,0,4,0          7
E5_E9_early_RLAST,1726,1,0,0,1,0,1,0,0,0,1,0,0,1,0,1,0,0,15,0,1,0,0,4,0          7
E5_E9_early_RLAST,1727,1,0,0,1,0,1,0,0,0,1,0,0,1,0,1,0,0,15,0,1,0,0,4,0          7
E5_E9_early_RLAST,1728,1,0,0,1,0,1,0,0,0,1,0,0,1,0,1,0,0,15,0,1,0,0,4,0          7
E5_E9_early_RLAST,1729,1,0,0,1,0,1,0,0,0,1,0,0,1,0,1,0,0,15,0,1,0,0,4,0          7
E5_E9_early_RLAST,1730,1,0,0,1,0,1,0,0,0,1,0,0,1,0,1,0,0,15,0,1,0,0,4,0          7
E5_E9_early_RLAST,1731,1,0,0,1,0,1,0,0,0,1,0,0,1,0,1,0,0,15,0,1,0,0,4,0          7
E5_E9_early_RLAST,1732,1,0,0,1,0,1,0,0,0,1,0,0,1,0,1,0,0,15,0,1,0,0,4,0          7
E5_E9_early_RLAST,1733,1,0,0,1,0,1,0,0,0,1,0,0,1,0,1,0,0,15,0,1,0,0,4,0          7
E5_E9_early_RLAST,1734,1,0,0,1,0,1,0,0,0,1,0,0,1,0,1,0,0,15,0,1,0,0,4,0          7
E5_E9_early_RLAST,1735,1,0,0,1,0,1,0,0,0,1,0,0,1,0,1,0,0,15,0,1,0,0,4,0          7
E5_E9_early_RLAST,1736,1,0,0,1,0,1,0,0,0,1,0,0,1,0,1,0,0,15,0,1,0,0,4,0          7
E5_E9_early_RLAST,1737,1,0,0,1,0,1,0,0,0,1,0,0,1,0,1,0,0,15,0,1,0,0,4,0          7
E5_E9_early_RLAST,1738,1,0,0,1,0,1,0,0,0,1,0,0,1,0,1,0,0,15,0,1,0,0,4,0          7
E5_E9_early_RLAST,1739,1,0,0,1,0,1,0,0,0,1,0,0,1,0,1,0,0,15,0,1,0,0,4,0          7
E5_E9_early_RLAST,1740,1,0,0,1,0,1,0,0,0,1,0,0,1,0,1,0,0,15,0,1,0,0,4,0          7
E5_E9_early_RLAST,1741,1,0,0,1,0,1,0,0,0,1,0,0,1,0,1,0,0,15,0,1,0,0,4,0          7
E5_E9_early_RLAST,1742,1,0,0,1,0,1,0,0,0,1,0,0,1,0,1,0,0,15,0,1,0,0,4,0          7
E5_E9_early_RLAST,1743,1,0,0,1,0,1,0,0,0,1,0,0,1,0,1,0,0,15,0,1,0,0,4,0          7
E5_E9_early_RLAST,1744,1,0,0,1,0,1,0,0,0,1,0,0,1,0,1,0,0,15,0,1,0,0,4,0          7
E5_E9_early_RLAST,1745,1,0,0,1,0,1,0,0,0,1,0,0,1,0,1,0,0,15,0,1,0,0,4,0          7
E5_E9_early_RLAST,1746,1,0,0,1,0,1,0,0,0,1,0,0,1,0,1,0,0,15,0,1,0,0,4,0          7
E5_E9_early_RLAST,1747,1,0,0,1,0,1,0,0,0,1,0,0,1,0,1,0,0,15,0,1,0,0,4,0          7
E5_E9_early_RLAST,1748,1,0,0,1,0,1,0,0,0,1,0,0,1,0,1,0,0,15,0,1,0,0,4,0          7
E5_E9_early_RLAST,1749,1,0,0,1,0,1,0,0,0,1,0,0,1,0,1,0,0,15,0,1,0,0,4,0          7
E5_E9_early_RLAST,1750,1,0,0,1,0,1,0,0,0,1,0,0,1,0,1,0,0,15,0,1,0,0,4,0          7
E5_E9_early_RLAST,1751,1,0,0,1,0,1,0,0,0,1,0,0,1,0,1,0,0,15,0,1,0,0,4,0          7
E5_E9_early_RLAST,1752,1,0,0,1,0,1,0,0,0,1,0,0,1,0,1,0,0,15,0,1,0,0,4,0          7
E5_E9_early_RLAST,1753,1,0,0,1,0,1,0,0,0,1,0,0,1,0,1,0,0,15,0,1,0,0,4,0          7
E5_E9_early_RLAST,1754,1,0,0,1,0,1,0,0,0,1,0,0,1,0,1,0,0,15,0,1,0,0,4,0          7
E5_E9_early_RLAST,1755,1,0,0,1,0,1,0,0,0,1,0,0,1,0,1,0,0,15,0,1,0,0,4,0          7
E5_E9_early_RLAST,1756,1,0,0,1,0,1,0,0,0,1,0,0,1,0,1,0,0,15,0,1,0,0,4,0          7
E5_E9_early_RLAST,1757,1,0,0,1,0,1,0,0,0,1,0,0,1,0,1,0,0,15,0,1,0,0,4,0          7
E5_E9_early_RLAST,1758,1,0,0,1,0,1,0,0,0,1,0,0,1,0,1,0,0,15,0,1,0,0,4,0          7
E5_E9_early_RLAST,1759,1,0,0,1,0,1,0,0,0,1,0,0,1,0,1,0,0,15,0,1,0,0,4,0          7
E5_E9_early_RLAST,1760,1,0,0,1,0,1,0,0,0,1,0,0,1,0,1,0,0,15,0,1,0,0,4,0          7
E5_E9_early_RLAST,1761,1,0,0,1,0,1,0,0,0,1,0,0,1,0,1,0,0,15,0,1,0,0,4,0          7
E5_E9_early_RLAST,1762,1,0,0,1,0,1,0,0,0,1,0,0,1,0,1,0,0,15,0,1,0,0,4,0          7
E5_E9_early_RLAST,1763,1,0,0,1,0,1,0,0,0,1,0,0,1,0,1,0,0,15,0,1,0,0,4,0          7
E5_E9_early_RLAST,1764,1,0,0,1,0,1,0,0,0,1,0,0,1,0,1,0,0,15,0,1,0,0,4,0          7
E5_E9_early_RLAST,1765,1,0,0,1,0,1,0,0,0,1,0,0,1,0,1,0,0,15,0,1,0,0,4,0          7
E5_E9_early_RLAST,1766,1,0,0,1,0,1,0,0,0,1,0,0,1,0,1,0,0,15,0,1,0,0,4,0          7
E5_E9_early_RLAST,1767,1,0,0,1,0,1,0,0,0,1,0,0,1,0,1,0,0,15,0,1,0,0,4,0          7
E5_E9_early_RLAST,1768,1,0,0,1,0,1,0,0,0,1,0,0,1,0,1,0,0,15,0,1,0,0,4,0          7
E5_E9_early_RLAST,1769,1,0,0,1,0,1,0,0,0,1,0,0,1,0,1,0,0,15,0,1,0,0,4,0          7
E5_E9_early_RLAST,1770,1,0,0,1,0,1,0,0,0,1,0,0,1,0,1,0,0,15,0,1,0,0,4,0          7
E5_E9_early_RLAST,1771,1,0,0,1,0,1,0,0,0,1,0,0,1,0,1,0,0,15,0,1,0,0,4,0          7
E5_E9_early_RLAST,1772,1,0,0,1,0,1,0,0,0,1,0,0,1,0,1,0,0,15,0,1,0,0,4,0          7
E5_E9_early_RLAST,1773,1,0,0,1,0,1,0,0,0,1,0,0,1,0,1,0,0,15,0,1,0,0,4,0          7
E5_E9_early_RLAST,1774,1,0,0,1,0,1,0,0,0,1,0,0,1,0,1,0,0,15,0,1,0,0,4,0          7
E5_E9_early_RLAST,1775,1,0,0,1,0,1,0,0,0,1,0,0,1,0,1,0,0,15,0,1,0,0,4,0          7
E5_E9_early_RLAST,1776,1,0,0,1,0,1,0,0,0,1,0,0,1,0,1,0,0,15,0,1,0,0,4,0          7
E5_E9_early_RLAST,1777,1,0,0,1,0,1,0,0,0,1,0,0,1,0,1,0,0,15,0,1,0,0,4,0          7
E5_E9_early_RLAST,1778,1,0,0,1,0,1,0,0,0,1,0,0,1,0,1,0,0,15,0,1,0,0,4,0          7
E5_E9_early_RLAST,1779,1,0,0,1,0,1,0,0,0,1,0,0,1,0,1,0,0,15,0,1,0,0,4,0          7
E5_E9_early_RLAST,1780,1,0,0,1,0,1,0,0,0,1,0,0,1,0,1,0,0,15,0,1,0,0,4,0          7
E5_E9_early_RLAST,1781,1,0,0,1,0,1,0,0,0,1,0,0,1,0,1,0,0,15,0,1,0,0,4,0          7
E5_E9_early_RLAST,1782,1,0,0,1,0,1,0,0,0,1,0,0,1,0,1,0,0,15,0,1,0,0,4,0          7
E5_E9_early_RLAST,1783,1,0,0,1,0,1,0,0,0,1,0,0,1,0,1,0,0,15,0,1,0,0,4,0          7
E5_E9_early_RLAST,1784,1,0,0,1,0,1,0,0,0,1,0,0,1,0,1,0,0,15,0,1,0,0,4,0          7
E5_E9_early_RLAST,1785,1,0,0,1,0,1,0,0,0,1,0,0,1,0,1,0,0,15,0,1,0,0,4,0          7
E5_E9_early_RLAST,1786,1,0,0,1,0,1,0,0,0,1,0,0,1,0,1,0,0,15,0,1,0,0,4,0          7
E5_E9_early_RLAST,1787,1,0,0,1,0,1,0,0,0,1,0,0,1,0,1,0,0,15,0,1,0,0,4,0          7
E5_E9_early_RLAST,1788,1,0,0,1,0,1,0,0,0,1,0,0,1,0,1,0,0,15,0,1,0,0,4,0          7
E5_E9_early_RLAST,1789,1,0,0,1,0,1,0,0,0,1,0,0,1,0,1,0,0,15,0,1,0,0,4,0          7
E5_E9_early_RLAST,1790,1,0,0,1,0,1,0,0,0,1,0,0,1,0,1,0,0,15,0,1,0,0,4,0          7
E5_E9_early_RLAST,1791,1,0,0,1,0,1,0,0,0,1,0,0,1,0,1,0,0,15,0,1,0,0,4,0          7
E5_E9_early_RLAST,1792,1,0,0,1,0,1,0,0,0,1,0,0,1,0,1,0,0,15,0,1,0,0,4,0          7
E5_E9_early_RLAST,1793,1,0,0,1,0,1,0,0,0,1,0,0,1,0,1,0,0,15,0,1,0,0,4,0          7
E5_E9_early_RLAST,1794,1,0,0,1,0,1,0,0,0,1,0,0,1,0,1,0,0,15,0,1,0,0,4,0          7
E5_E9_early_RLAST,1795,1,0,0,1,0,1,0,0,0,1,0,0,1,0,1,0,0,15,0,1,0,0,4,0          7
E5_E9_early_RLAST,1796,1,0,0,1,0,1,0,0,0,1,0,0,1,0,1,0,0,15,0,1,0,0,4,0          7
E5_E9_early_RLAST,1797,1,0,0,1,0,1,0,0,0,1,0,0,1,0,1,0,0,15,0,1,0,0,4,0          7
E5_E9_early_RLAST,1798,1,0,0,1,0,1,0,0,0,1,0,0,1,0,1,0,0,15,0,1,0,0,4,0          7
E5_E9_early_RLAST,1799,1,0,0,1,0,1,0,0,0,1,0,0,1,0,1,0,0,15,0,1,0,0,4,0          7
E5_E9_early_RLAST,1800,1,0,0,1,0,1,0,0,0,1,0,0,1,0,1,0,0,15,0,1,0,0,4,0          7
E5_E9_early_RLAST,1801,1,0,0,1,0,1,0,0,0,1,0,0,1,0,1,0,0,15,0,1,0,0,4,0          7
E5_E9_early_RLAST,1802,1,0,0,1,0,1,0,0,0,1,0,0,1,0,1,0,0,15,0,1,0,0,4,0          7
E5_E9_early_RLAST,1803,1,0,0,1,0,1,0,0,0,1,0,0,1,0,1,0,0,15,0,1,0,0,4,0          7
E5_E9_early_RLAST,1804,1,0,0,1,0,1,0,0,0,1,0,0,1,0,1,0,0,15,0,1,0,0,4,0          7
E5_E9_early_RLAST,1805,1,0,0,1,0,1,0,0,0,1,0,0,1,0,1,0,0,15,0,1,0,0,4,0          7
E5_E9_early_RLAST,1806,1,0,0,1,0,1,0,0,0,1,0,0,1,0,1,0,0,15,0,1,0,0,4,0          7
E5_E9_early_RLAST,1807,1,0,0,1,0,1,0,0,0,1,0,0,1,0,1,0,0,15,0,1,0,0,4,0          7
E5_E9_early_RLAST,1808,1,0,0,1,0,1,0,0,0,1,0,0,1,0,1,0,0,15,0,1,0,0,4,0          7
E5_E9_early_RLAST,1809,1,0,0,1,0,1,0,0,0,1,0,0,1,0,1,0,0,15,0,1,0,0,4,0          7
E5_E9_early_RLAST,1810,1,0,0,1,0,1,0,0,0,1,0,0,1,0,1,0,0,15,0,1,0,0,4,0          7
E5_E9_early_RLAST,1811,1,0,0,1,0,1,0,0,0,1,0,0,1,0,1,0,0,15,0,1,0,0,4,0          7
E5_E9_early_RLAST,1812,1,0,0,1,0,1,0,0,0,1,0,0,1,0,1,0,0,15,0,1,0,0,4,0          7
E5_E9_early_RLAST,1813,1,0,0,1,0,1,0,0,0,1,0,0,1,0,1,0,0,15,0,1,0,0,4,0          7
E5_E9_early_RLAST,1814,1,0,0,1,0,1,0,0,0,1,0,0,1,0,1,0,0,15,0,1,0,0,4,0          7
E5_E9_early_RLAST,1815,1,0,0,1,0,1,0,0,0,1,0,0,1,0,1,0,0,15,0,1,0,0,4,0          7
E5_E9_early_RLAST,1816,1,0,0,1,0,1,0,0,0,1,0,0,1,0,1,0,0,15,0,1,0,0,4,0          7
E5_E9_early_RLAST,1817,1,0,0,1,0,1,0,0,0,1,0,0,1,0,1,0,0,15,0,1,0,0,4,0          7
E5_E9_early_RLAST,1818,1,0,0,1,0,1,0,0,0,1,0,0,1,0,1,0,0,15,0,1,0,0,4,0          7
E5_E9_early_RLAST,1819,1,0,0,1,0,1,0,0,0,1,0,0,1,0,1,0,0,15,0,1,0,0,4,0          7
E5_E9_early_RLAST,1820,1,0,0,1,0,1,0,0,0,1,0,0,1,0,1,0,0,15,0,1,0,0,4,0          7
E5_E9_early_RLAST,1821,1,0,0,1,0,1,0,0,0,1,0,0,1,0,1,0,0,15,0,1,0,0,4,0          7
E5_E9_early_RLAST,1822,1,0,0,1,0,1,0,0,0,1,0,0,1,0,1,0,0,15,0,1,0,0,4,0          7
E5_E9_early_RLAST,1823,1,0,0,1,0,1,0,0,0,1,0,0,1,0,1,0,0,15,0,1,0,0,4,0          7
E5_E9_early_RLAST,1824,1,0,0,1,0,1,0,0,0,1,0,0,1,0,1,0,0,15,0,1,0,0,4,0          7
E5_E9_early_RLAST,1825,1,0,0,1,0,1,0,0,0,1,0,0,1,0,1,0,0,15,0,1,0,0,4,0          7
E5_E9_early_RLAST,1826,1,0,0,1,0,1,0,0,0,1,0,0,1,0,1,0,0,15,0,1,0,0,4,0          7
E5_E9_early_RLAST,1827,1,0,0,1,0,1,0,0,0,1,0,0,1,0,1,0,0,15,0,1,0,0,4,0          7
E5_E9_early_RLAST,1828,1,0,0,1,0,1,0,0,0,1,0,0,1,0,1,0,0,15,0,1,0,0,4,0          7
E5_E9_early_RLAST,1829,1,0,0,1,0,1,0,0,0,1,0,0,1,0,1,0,0,15,0,1,0,0,4,0          7
E5_E9_early_RLAST,1830,1,0,0,1,0,1,0,0,0,1,0,0,1,0,1,0,0,15,0,1,0,0,4,0          7
E5_E9_early_RLAST,1831,1,0,0,1,0,1,0,0,0,1,0,0,1,0,1,0,0,15,0,1,0,0,4,0          7
E5_E9_early_RLAST,1832,1,0,0,1,0,1,0,0,0,1,0,0,1,0,1,0,0,15,0,1,0,0,4,0          7
E5_E9_early_RLAST,1833,1,0,0,1,0,1,0,0,0,1,0,0,1,0,1,0,0,15,0,1,0,0,4,0          7
E5_E9_early_RLAST,1834,1,0,0,1,0,1,0,0,0,1,0,0,1,0,1,0,0,15,0,1,0,0,4,0          7
E5_E9_early_RLAST,1835,1,0,0,1,0,1,0,0,0,1,0,0,1,0,1,0,0,15,0,1,0,0,4,0          7
E5_E9_early_RLAST,1836,1,0,0,1,0,1,0,0,0,1,0,0,1,0,1,0,0,15,0,1,0,0,4,0          7
E5_E9_early_RLAST,1837,1,0,0,1,0,1,0,0,0,1,0,0,1,0,1,0,0,15,0,1,0,0,4,0          7
E5_E9_early_RLAST,1838,1,0,0,1,0,1,0,0,0,1,0,0,1,0,1,0,0,15,0,1,0,0,4,0          7
E5_E9_early_RLAST,1839,1,0,0,1,0,1,0,0,0,1,0,0,1,0,1,0,0,15,0,1,0,0,4,0          7
E5_E9_early_RLAST,1840,1,0,0,1,0,1,0,0,0,1,0,0,1,0,1,0,0,15,0,1,0,0,4,0          7
E5_E9_early_RLAST,1841,1,0,0,1,0,1,0,0,0,1,0,0,1,0,1,0,0,15,0,1,0,0,4,0          7
E5_E9_early_RLAST,1842,1,0,0,1,0,1,0,0,0,1,0,0,1,0,1,0,0,15,0,1,0,0,4,0          7
E5_E9_early_RLAST,1843,1,0,0,1,0,1,0,0,0,1,0,0,1,0,1,0,0,15,0,1,0,0,4,0          7
E5_E9_early_RLAST,1844,1,0,0,1,0,1,0,0,0,1,0,0,1,0,1,0,0,15,0,1,0,0,4,0          7
E5_E9_early_RLAST,1845,1,0,0,1,0,1,0,0,0,1,0,0,1,0,1,0,0,15,0,1,0,0,4,0          7
E5_E9_early_RLAST,1846,1,0,0,1,0,1,0,0,0,1,0,0,1,0,1,0,0,15,0,1,0,0,4,0          7
E5_E9_early_RLAST,1847,1,0,0,1,0,1,0,0,0,1,0,0,1,0,1,0,0,15,0,1,0,0,4,0          7
E5_E9_early_RLAST,1848,1,0,0,1,0,1,0,0,0,1,0,0,1,0,1,0,0,15,0,1,0,0,4,0          7
E5_E9_early_RLAST,1849,1,0,0,1,0,1,0,0,0,1,0,0,1,0,1,0,0,15,0,1,0,0,4,0          7
E5_E9_early_RLAST,1850,1,0,0,1,0,1,0,0,0,1,0,0,1,0,1,0,0,15,0,1,0,0,4,0          7
E5_E9_early_RLAST,1851,1,0,0,1,0,1,0,0,0,1,0,0,1,0,1,0,0,15,0,1,0,0,4,0          7
E5_E9_early_RLAST,1852,1,0,0,1,0,1,0,0,0,1,0,0,1,0,1,0,0,15,0,1,0,0,4,0          7
E5_E9_early_RLAST,1853,1,0,0,1,0,1,0,0,0,1,0,0,1,0,1,0,0,15,0,1,0,0,4,0          7
E5_E9_early_RLAST,1854,1,0,0,1,0,1,0,0,0,1,0,0,1,0,1,0,0,15,0,1,0,0,4,0          7
E5_E9_early_RLAST,1855,1,0,0,1,0,1,0,0,0,1,0,0,1,0,1,0,0,15,0,1,0,0,4,0          7
E5_E9_early_RLAST,1856,1,0,0,1,0,1,0,0,0,1,0,0,1,0,1,0,0,15,0,1,0,0,4,0          7
E5_E9_early_RLAST,1857,1,0,0,1,0,1,0,0,0,1,0,0,1,0,1,0,0,15,0,1,0,0,4,0          7
E5_E9_early_RLAST,1858,1,0,0,1,0,1,0,0,0,1,0,0,1,0,1,0,0,15,0,1,0,0,4,0          7
E5_E9_early_RLAST,1859,1,0,0,1,0,1,0,0,0,1,0,0,1,0,1,0,0,15,0,1,0,0,4,0          7
E5_E9_early_RLAST,1860,1,0,0,1,0,1,0,0,0,1,0,0,1,0,1,0,0,15,0,1,0,0,4,0          7
E5_E9_early_RLAST,1861,1,0,0,1,0,1,0,0,0,1,0,0,1,0,1,0,0,15,0,1,0,0,4,0          7
E5_E9_early_RLAST,1862,1,0,0,1,0,1,0,0,0,1,0,0,1,0,1,0,0,15,0,1,0,0,4,0          7
E5_E9_early_RLAST,1863,1,0,0,1,0,1,0,0,0,1,0,0,1,0,1,0,0,15,0,1,0,0,4,0          7
E5_E9_early_RLAST,1864,1,0,0,1,0,1,0,0,0,1,0,0,1,0,1,0,0,15,0,1,0,0,4,0          7
E5_E9_early_RLAST,1865,1,0,0,1,0,1,0,0,0,1,0,0,1,0,1,0,0,15,0,1,0,0,4,0          7
E5_E9_early_RLAST,1866,1,0,0,1,0,1,0,0,0,1,0,0,1,0,1,0,0,15,0,1,0,0,4,0          7
E5_E9_early_RLAST,1867,1,0,0,1,0,1,0,0,0,1,0,0,1,0,1,0,0,15,0,1,0,0,4,0          7
E5_E9_early_RLAST,1868,1,0,0,1,0,1,0,0,0,1,0,0,1,0,1,0,0,15,0,1,0,0,4,0          7
E5_E9_early_RLAST,1869,1,0,0,1,0,1,0,0,0,1,0,0,1,0,1,0,0,15,0,1,0,0,4,0          7
E5_E9_early_RLAST,1870,1,0,0,1,0,1,0,0,0,1,0,0,1,0,1,0,0,15,0,1,0,0,4,0          7
E5_E9_early_RLAST,1871,1,0,0,1,0,1,0,0,0,1,0,0,1,0,1,0,0,15,0,1,0,0,4,0          7
E5_E9_early_RLAST,1872,1,0,0,1,0,1,0,0,0,1,0,0,1,0,1,0,0,15,0,1,0,0,4,0          7
E5_E9_early_RLAST,1873,1,0,0,1,0,1,0,0,0,1,0,0,1,0,1,0,0,15,0,1,0,0,4,0          7
E5_E9_early_RLAST,1874,1,0,0,1,0,1,0,0,0,1,0,0,1,0,1,0,0,15,0,1,0,0,4,0          7
E5_E9_early_RLAST,1875,1,0,0,1,0,1,0,0,0,1,0,0,1,0,1,0,0,15,0,1,0,0,4,0          7
E5_E9_early_RLAST,1876,1,0,0,1,0,1,0,0,0,1,0,0,1,0,1,0,0,15,0,1,0,0,4,0          7
E5_E9_early_RLAST,1877,1,0,0,1,0,1,0,0,0,1,0,0,1,0,1,0,0,15,0,1,0,0,4,0          7
E5_E9_early_RLAST,1878,1,0,0,1,0,1,0,0,0,1,0,0,1,0,1,0,0,15,0,1,0,0,4,0          7
E5_E9_early_RLAST,1879,1,0,0,1,0,1,0,0,0,1,0,0,1,0,1,0,0,15,0,1,0,0,4,0          7
E5_E9_early_RLAST,1880,1,0,0,1,0,1,0,0,0,1,0,0,1,0,1,0,0,15,0,1,0,0,4,0          7
E5_E9_early_RLAST,1881,1,0,0,1,0,1,0,0,0,1,0,0,1,0,1,0,0,15,0,1,0,0,4,0          7
E5_E9_early_RLAST,1882,1,0,0,1,0,1,0,0,0,1,0,0,1,0,1,0,0,15,0,1,0,0,4,0          7
E5_E9_early_RLAST,1883,1,0,0,1,0,1,0,0,0,1,0,0,1,0,1,0,0,15,0,1,0,0,4,0          7
E5_E9_early_RLAST,1884,1,0,0,1,0,1,0,0,0,1,0,0,1,0,1,0,0,15,0,1,0,0,4,0          7
E5_E9_early_RLAST,1885,1,0,0,1,0,1,0,0,0,1,0,0,1,0,1,0,0,15,0,1,0,0,4,0          7
E5_E9_early_RLAST,1886,1,0,0,1,0,1,0,0,0,1,0,0,1,0,1,0,0,15,0,1,0,0,4,0          7
E5_E9_early_RLAST,1887,1,0,0,1,0,1,0,0,0,1,0,0,1,0,1,0,0,15,0,1,0,0,4,0          7
E5_E9_early_RLAST,1888,1,0,0,1,0,1,0,0,0,1,0,0,1,0,1,0,0,15,0,1,0,0,4,0          7
E5_E9_early_RLAST,1889,1,0,0,1,0,1,0,0,0,1,0,0,1,0,1,0,0,15,0,1,0,0,4,0          7
E5_E9_early_RLAST,1890,1,0,0,1,0,1,0,0,0,1,0,0,1,0,1,0,0,15,0,1,0,0,4,0          7
E5_E9_early_RLAST,1891,1,0,0,1,0,1,0,0,0,1,0,0,1,0,1,0,0,15,0,1,0,0,4,0          7
E5_E9_early_RLAST,1892,1,0,0,1,0,1,0,0,0,1,0,0,1,0,1,0,0,15,0,1,0,0,4,0          7
E5_E9_early_RLAST,1893,1,0,0,1,0,1,0,0,0,1,0,0,1,0,1,0,0,15,0,1,0,0,4,0          7
E5_E9_early_RLAST,1894,1,0,0,1,0,1,0,0,0,1,0,0,1,0,1,0,0,15,0,1,0,0,4,0          7
E5_E9_early_RLAST,1895,1,0,0,1,0,1,0,0,0,1,0,0,1,0,1,0,0,15,0,1,0,0,4,0          7
E5_E9_early_RLAST,1896,1,0,0,1,0,1,0,0,0,1,0,0,1,0,1,0,0,15,0,1,0,0,4,0          7
E5_E9_early_RLAST,1897,1,0,0,1,0,1,0,0,0,1,0,0,1,0,1,0,0,15,0,1,0,0,4,0          7
E5_E9_early_RLAST,1898,1,0,0,1,0,1,0,0,0,1,0,0,1,0,1,0,0,15,0,1,0,0,4,0          7
E5_E9_early_RLAST,1899,1,0,0,1,0,1,0,0,0,1,0,0,1,0,1,0,0,15,0,1,0,0,4,0          7
E5_E9_early_RLAST,1900,1,0,0,1,0,1,0,0,0,1,0,0,1,0,1,0,0,15,0,1,0,0,4,0          7
E5_E9_early_RLAST,1901,1,0,0,1,0,1,0,0,0,1,0,0,1,0,1,0,0,15,0,1,0,0,4,0          7
E5_E9_early_RLAST,1902,1,0,0,1,0,1,0,0,0,1,0,0,1,0,1,0,0,15,0,1,0,0,4,0          7
E5_E9_early_RLAST,1903,1,0,0,1,0,1,0,0,0,1,0,0,1,0,1,0,0,15,0,1,0,0,4,0          7
E5_E9_early_RLAST,1904,1,0,0,1,0,1,0,0,0,1,0,0,1,0,1,0,0,15,0,1,0,0,4,0          7
E5_E9_early_RLAST,1905,1,0,0,1,0,1,0,0,0,1,0,0,1,0,1,0,0,15,0,1,0,0,4,0          7
E5_E9_early_RLAST,1906,1,0,0,1,0,1,0,0,0,1,0,0,1,0,1,0,0,15,0,1,0,0,4,0          7
E5_E9_early_RLAST,1907,1,0,0,1,0,1,0,0,0,1,0,0,1,0,1,0,0,15,0,1,0,0,4,0          7
E5_E9_early_RLAST,1908,1,0,0,1,0,1,0,0,0,1,0,0,1,0,1,0,0,15,0,1,0,0,4,0          7
E5_E9_early_RLAST,1909,1,0,0,1,0,1,0,0,0,1,0,0,1,0,1,0,0,15,0,1,0,0,4,0          7
E5_E9_early_RLAST,1910,1,0,0,1,0,1,0,0,0,1,0,0,1,0,1,0,0,15,0,1,0,0,4,0          7
E5_E9_early_RLAST,1911,1,0,0,1,0,1,0,0,0,1,0,0,1,0,1,0,0,15,0,1,0,0,4,0          7
E5_E9_early_RLAST,1912,1,0,0,1,0,1,0,0,0,1,0,0,1,0,1,0,0,15,0,1,0,0,4,0          7
E5_E9_early_RLAST,1913,1,0,0,1,0,1,0,0,0,1,0,0,1,0,1,0,0,15,0,1,0,0,4,0          7
E5_E9_early_RLAST,1914,1,0,0,1,0,1,0,0,0,1,0,0,1,0,1,0,0,15,0,1,0,0,4,0          7
E5_E9_early_RLAST,1915,1,0,0,1,0,1,0,0,0,1,0,0,1,0,1,0,0,15,0,1,0,0,4,0          7
E5_E9_early_RLAST,1916,1,0,0,1,0,1,0,0,0,1,0,0,1,0,1,0,0,15,0,1,0,0,4,0          7
E5_E9_early_RLAST,1917,1,0,0,1,0,1,0,0,0,1,0,0,1,0,1,0,0,15,0,1,0,0,4,0          7
E5_E9_early_RLAST,1918,1,0,0,1,0,1,0,0,0,1,0,0,1,0,1,0,0,15,0,1,0,0,4,0          7
E5_E9_early_RLAST,1919,1,0,0,1,0,1,0,0,0,1,0,0,1,0,1,0,0,15,0,1,0,0,4,0          7
E5_E9_early_RLAST,1920,1,0,0,1,0,1,0,0,0,1,0,0,1,0,1,0,0,15,0,1,0,0,4,0          7
E5_E9_early_RLAST,1921,1,0,0,1,0,1,0,0,0,1,0,0,1,0,1,0,0,15,0,1,0,0,4,0          7
E5_E9_early_RLAST,1922,1,0,0,1,0,1,0,0,0,1,0,0,1,0,1,0,0,15,0,1,0,0,4,0          7
E5_E9_early_RLAST,1923,1,0,0,1,0,1,0,0,0,1,0,0,1,0,1,0,0,15,0,1,0,0,4,0          7
E5_E9_early_RLAST,1924,1,0,0,1,0,1,0,0,0,1,0,0,1,0,1,0,0,15,0,1,0,0,4,0          7
E5_E9_early_RLAST,1925,1,0,0,1,0,1,0,0,0,1,0,0,1,0,1,0,0,15,0,1,0,0,4,0          7
E5_E9_early_RLAST,1926,1,0,0,1,0,1,0,0,0,1,0,0,1,0,1,0,0,15,0,1,0,0,4,0          7
E5_E9_early_RLAST,1927,1,0,0,1,0,1,0,0,0,1,0,0,1,0,1,0,0,15,0,1,0,0,4,0          7
E5_E9_early_RLAST,1928,1,0,0,1,0,1,0,0,0,1,0,0,1,0,1,0,0,15,0,1,0,0,4,0          7
E5_E9_early_RLAST,1929,1,0,0,1,0,1,0,0,0,1,0,0,1,0,1,0,0,15,0,1,0,0,4,0          7
E5_E9_early_RLAST,1930,1,0,0,1,0,1,0,0,0,1,0,0,1,0,1,0,0,15,0,1,0,0,4,0          7
E5_E9_early_RLAST,1931,1,0,0,1,0,1,0,0,0,1,0,0,1,0,1,0,0,15,0,1,0,0,4,0          7
E5_E9_early_RLAST,1932,1,0,0,1,0,1,0,0,0,1,0,0,1,0,1,0,0,15,0,1,0,0,4,0          7
E5_E9_early_RLAST,1933,1,0,0,1,0,1,0,0,0,1,0,0,1,0,1,0,0,15,0,1,0,0,4,0          7
E5_E9_early_RLAST,1934,1,0,0,1,0,1,0,0,0,1,0,0,1,0,1,0,0,15,0,1,0,0,4,0          7
E5_E9_early_RLAST,1935,1,0,0,1,0,1,0,0,0,1,0,0,1,0,1,0,0,15,0,1,0,0,4,0          7
E5_E9_early_RLAST,1936,1,0,0,1,0,1,0,0,0,1,0,0,1,0,1,0,0,15,0,1,0,0,4,0          7
E5_E9_early_RLAST,1937,1,0,0,1,0,1,0,0,0,1,0,0,1,0,1,0,0,15,0,1,0,0,4,0          7
E5_E9_early_RLAST,1938,1,0,0,1,0,1,0,0,0,1,0,0,1,0,1,0,0,15,0,1,0,0,4,0          7
E5_E9_early_RLAST,1939,1,0,0,1,0,1,0,0,0,1,0,0,1,0,1,0,0,15,0,1,0,0,4,0          7
E5_E9_early_RLAST,1940,1,0,0,1,0,1,0,0,0,1,0,0,1,0,1,0,0,15,0,1,0,0,4,0          7
E5_E9_early_RLAST,1941,1,0,0,1,0,1,0,0,0,1,0,0,1,0,1,0,0,15,0,1,0,0,4,0          7
E5_E9_early_RLAST,1942,1,0,0,1,0,1,0,0,0,1,0,0,1,0,1,0,0,15,0,1,0,0,4,0          7
E5_E9_early_RLAST,1943,1,0,0,1,0,1,0,0,0,1,0,0,1,0,1,0,0,15,0,1,0,0,4,0          7
E5_E9_early_RLAST,1944,1,0,0,1,0,1,0,0,0,1,0,0,1,0,1,0,0,15,0,1,0,0,4,0          7
E5_E9_early_RLAST,1945,1,0,0,1,0,1,0,0,0,1,0,0,1,0,1,0,0,15,0,1,0,0,4,0          7
E5_E9_early_RLAST,1946,1,0,0,1,0,1,0,0,0,1,0,0,1,0,1,0,0,15,0,1,0,0,4,0          7
E5_E9_early_RLAST,1947,1,0,0,1,0,1,0,0,0,1,0,0,1,0,1,0,0,15,0,1,0,0,4,0          7
E5_E9_early_RLAST,1948,1,0,0,1,0,1,0,0,0,1,0,0,1,0,1,0,0,15,0,1,0,0,4,0          7
E5_E9_early_RLAST,1949,1,0,0,1,0,1,0,0,0,1,0,0,1,0,1,0,0,15,0,1,0,0,4,0          7
E5_E9_early_RLAST,1950,1,0,0,1,0,1,0,0,0,1,0,0,1,0,1,0,0,15,0,1,0,0,4,0          7
E5_E9_early_RLAST,1951,1,0,0,1,0,1,0,0,0,1,0,0,1,0,1,0,0,15,0,1,0,0,4,0          7
E5_E9_early_RLAST,1952,1,0,0,1,0,1,0,0,0,1,0,0,1,0,1,0,0,15,0,1,0,0,4,0          7
E5_E9_early_RLAST,1953,1,0,0,1,0,1,0,0,0,1,0,0,1,0,1,0,0,15,0,1,0,0,4,0          7
E5_E9_early_RLAST,1954,1,0,0,1,0,1,0,0,0,1,0,0,1,0,1,0,0,15,0,1,0,0,4,0          7
E5_E9_early_RLAST,1955,1,0,0,1,0,1,0,0,0,1,0,0,1,0,1,0,0,15,0,1,0,0,4,0          7
E5_E9_early_RLAST,1956,1,0,0,1,0,1,0,0,0,1,0,0,1,0,1,0,0,15,0,1,0,0,4,0          7
E5_E9_early_RLAST,1957,1,0,0,1,0,1,0,0,0,1,0,0,1,0,1,0,0,15,0,1,0,0,4,0          7
E5_E9_early_RLAST,1958,1,0,0,1,0,1,0,0,0,1,0,0,1,0,1,0,0,15,0,1,0,0,4,0          7
E5_E9_early_RLAST,1959,1,0,0,1,0,1,0,0,0,1,0,0,1,0,1,0,0,15,0,1,0,0,4,0          7
E5_E9_early_RLAST,1960,1,0,0,1,0,1,0,0,0,1,0,0,1,0,1,0,0,15,0,1,0,0,4,0          7
E5_E9_early_RLAST,1961,1,0,0,1,0,1,0,0,0,1,0,0,1,0,1,0,0,15,0,1,0,0,4,0          7
E5_E9_early_RLAST,1962,1,0,0,1,0,1,0,0,0,1,0,0,1,0,1,0,0,15,0,1,0,0,4,0          7
E5_E9_early_RLAST,1963,1,0,0,1,0,1,0,0,0,1,0,0,1,0,1,0,0,15,0,1,0,0,4,0          7
E5_E9_early_RLAST,1964,1,0,0,1,0,1,0,0,0,1,0,0,1,0,1,0,0,15,0,1,0,0,4,0          7
E5_E9_early_RLAST,1965,1,0,0,1,0,1,0,0,0,1,0,0,1,0,1,0,0,15,0,1,0,0,4,0          7
E5_E9_early_RLAST,1966,1,0,0,1,0,1,0,0,0,1,0,0,1,0,1,0,0,15,0,1,0,0,4,0          7
E5_E9_early_RLAST,1967,1,0,0,1,0,1,0,0,0,1,0,0,1,0,1,0,0,15,0,1,0,0,4,0          7
E5_E9_early_RLAST,1968,1,0,0,1,0,1,0,0,0,1,0,0,1,0,1,0,0,15,0,1,0,0,4,0          7
E5_E9_early_RLAST,1969,1,0,0,1,0,1,0,0,0,1,0,0,1,0,1,0,0,15,0,1,0,0,4,0          7
E5_E9_early_RLAST,1970,1,0,0,1,0,1,0,0,0,1,0,0,1,0,1,0,0,15,0,1,0,0,4,0          7
E5_E9_early_RLAST,1971,1,0,0,1,0,1,0,0,0,1,0,0,1,0,1,0,0,15,0,1,0,0,4,0          7
E5_E9_early_RLAST,1972,1,0,0,1,0,1,0,0,0,1,0,0,1,0,1,0,0,15,0,1,0,0,4,0          7
E5_E9_early_RLAST,1973,1,0,0,1,0,1,0,0,0,1,0,0,1,0,1,0,0,15,0,1,0,0,4,0          7
E5_E9_early_RLAST,1974,1,0,0,1,0,1,0,0,0,1,0,0,1,0,1,0,0,15,0,1,0,0,4,0          7
E5_E9_early_RLAST,1975,1,0,0,1,0,1,0,0,0,1,0,0,1,0,1,0,0,15,0,1,0,0,4,0          7
E5_E9_early_RLAST,1976,1,0,0,1,0,1,0,0,0,1,0,0,1,0,1,0,0,15,0,1,0,0,4,0          7
E5_E9_early_RLAST,1977,1,0,0,1,0,1,0,0,0,1,0,0,1,0,1,0,0,15,0,1,0,0,4,0          7
E5_E9_early_RLAST,1978,1,0,0,1,0,1,0,0,0,1,0,0,1,0,1,0,0,15,0,1,0,0,4,0          7
E5_E9_early_RLAST,1979,1,0,0,1,0,1,0,0,0,1,0,0,1,0,1,0,0,15,0,1,0,0,4,0          7
E5_E9_early_RLAST,1980,1,0,0,1,0,1,0,0,0,1,0,0,1,0,1,0,0,15,0,1,0,0,4,0          7
E5_E9_early_RLAST,1981,1,0,0,1,0,1,0,0,0,1,0,0,1,0,1,0,0,15,0,1,0,0,4,0          7
E5_E9_early_RLAST,1982,1,0,0,1,0,1,0,0,0,1,0,0,1,0,1,0,0,15,0,1,0,0,4,0          7
E5_E9_early_RLAST,1983,1,0,0,1,0,1,0,0,0,1,0,0,1,0,1,0,0,15,0,1,0,0,4,0          7
E5_E9_early_RLAST,1984,1,0,0,1,0,1,0,0,0,1,0,0,1,0,1,0,0,15,0,1,0,0,4,0          7
E5_E9_early_RLAST,1985,1,0,0,1,0,1,0,0,0,1,0,0,1,0,1,0,0,15,0,1,0,0,4,0          7
E5_E9_early_RLAST,1986,1,0,0,1,0,1,0,0,0,1,0,0,1,0,1,0,0,15,0,1,0,0,4,0          7
E5_E9_early_RLAST,1987,1,0,0,1,0,1,0,0,0,1,0,0,1,0,1,0,0,15,0,1,0,0,4,0          7
E5_E9_early_RLAST,1988,1,0,0,1,0,1,0,0,0,1,0,0,1,0,1,0,0,15,0,1,0,0,4,0          7
E5_E9_early_RLAST,1989,1,0,0,1,0,1,0,0,0,1,0,0,1,0,1,0,0,15,0,1,0,0,4,0          7
E5_E9_early_RLAST,1990,1,0,0,1,0,1,0,0,0,1,0,0,1,0,1,0,0,15,0,1,0,0,4,0          7
E5_E9_early_RLAST,1991,1,0,0,1,0,1,0,0,0,1,0,0,1,0,1,0,0,15,0,1,0,0,4,0          7
E5_E9_early_RLAST,1992,1,0,0,1,0,1,0,0,0,1,0,0,1,0,1,0,0,15,0,1,0,0,4,0          7
E5_E9_early_RLAST,1993,1,0,0,1,0,1,0,0,0,1,0,0,1,0,1,0,0,15,0,1,0,0,4,0          7
E5_E9_early_RLAST,1994,1,0,0,1,0,1,0,0,0,1,0,0,1,0,1,0,0,15,0,1,0,0,4,0          7
E5_E9_early_RLAST,1995,1,0,0,1,0,1,0,0,0,1,0,0,1,0,1,0,0,15,0,1,0,0,4,0          7
E5_E9_early_RLAST,1996,1,0,0,1,0,1,0,0,0,1,0,0,1,0,1,0,0,15,0,1,0,0,4,0          7
E5_E9_early_RLAST,1997,1,0,0,1,0,1,0,0,0,1,0,0,1,0,1,0,0,15,0,1,0,0,4,0          7
E5_E9_early_RLAST,1998,1,0,0,1,0,1,0,0,0,1,0,0,1,0,1,0,0,15,0,1,0,0,4,0          7
E5_E9_early_RLAST,1999,1,0,0,1,0,1,0,0,0,1,0,0,1,0,1,0,0,15,0,1,0,0,4,0          7
E5_E9_early_RLAST,2000,1,0,0,1,0,1,0,0,0,1,0,0,1,0,1,0,0,15,0,1,0,0,4,0          7
E5_E9_early_RLAST,2001,1,0,0,1,0,1,0,0,0,1,0,0,1,0,1,0,0,15,0,1,0,0,4,0          7
E5_E9_early_RLAST,2002,1,0,0,1,0,1,0,0,0,1,0,0,1,0,1,0,0,15,0,1,0,0,4,0          7
E5_E9_early_RLAST,2003,1,0,0,1,0,1,0,0,0,1,0,0,1,0,1,0,0,15,0,1,0,0,4,0          7
E5_E9_early_RLAST,2004,1,0,0,1,0,1,0,0,0,1,0,0,1,0,1,0,0,15,0,1,0,0,4,0          7
E5_E9_early_RLAST,2005,1,0,0,1,0,1,0,0,0,1,0,0,1,0,1,0,0,15,0,1,0,0,4,0          7
E5_E9_early_RLAST,2006,1,0,0,1,0,1,0,0,0,1,0,0,1,0,1,0,0,15,0,1,0,0,4,0          7
E5_E9_early_RLAST,2007,1,0,0,1,0,1,0,0,0,1,0,0,1,0,1,0,0,15,0,1,0,0,4,0          7
E5_E9_early_RLAST,2008,1,0,0,1,0,1,0,0,0,1,0,0,1,0,1,0,0,15,0,1,0,0,4,0          7
E5_E9_early_RLAST,2009,1,0,0,1,0,1,0,0,0,1,0,0,1,0,1,0,0,15,0,1,0,0,4,0          7
E5_E9_early_RLAST,2010,1,0,0,1,0,1,0,0,0,1,0,0,1,0,1,0,0,15,0,1,0,0,4,0          7
E5_E9_early_RLAST,2011,1,0,0,1,0,1,0,0,0,1,0,0,1,0,1,0,0,15,0,1,0,0,4,0          7
E5_E9_early_RLAST,2012,1,0,0,1,0,1,0,0,0,1,0,0,1,0,1,0,0,15,0,1,0,0,4,0          7
E5_E9_early_RLAST,2013,1,0,0,1,0,1,0,0,0,1,0,0,1,0,1,0,0,15,0,1,0,0,4,0          7
E5_E9_early_RLAST,2014,1,0,0,1,0,1,0,0,0,1,0,0,1,0,1,0,0,15,0,1,0,0,4,0          7
E5_E9_early_RLAST,2015,1,0,0,1,0,1,0,0,0,1,0,0,1,0,1,0,0,15,0,1,0,0,4,0          7
E5_E9_early_RLAST,2016,1,0,0,1,0,1,0,0,0,1,0,0,1,0,1,0,0,15,0,1,0,0,4,0          7
E5_E9_early_RLAST,2017,1,0,0,1,0,1,0,0,0,1,0,0,1,0,1,0,0,15,0,1,0,0,4,0          7
E5_E9_early_RLAST,2018,1,0,0,1,0,1,0,0,0,1,0,0,1,0,1,0,0,15,0,1,0,0,4,0          7
E5_E9_early_RLAST,2019,1,0,0,1,0,1,0,0,0,1,0,0,1,0,1,0,0,15,0,1,0,0,4,0          7
E5_E9_early_RLAST,2020,1,0,0,1,0,1,0,0,0,1,0,0,1,0,1,0,0,15,0,1,0,0,4,0          7
E5_E9_early_RLAST,2021,1,0,0,1,0,1,0,0,0,1,0,0,1,0,1,0,0,15,0,1,0,0,4,0          7
E5_E9_early_RLAST,2022,1,0,0,1,0,1,0,0,0,1,0,0,1,0,1,0,0,15,0,1,0,0,4,0          7
E5_E9_early_RLAST,2023,1,0,0,1,0,1,0,0,0,1,0,0,1,0,1,0,0,15,0,1,0,0,4,0          7
E5_E9_early_RLAST,2024,1,0,0,1,0,1,0,0,0,1,0,0,1,0,1,0,0,15,0,1,0,0,4,0          7
E5_E9_early_RLAST,2025,1,0,0,1,0,1,0,0,0,1,0,0,1,0,1,0,0,15,0,1,0,0,4,0          7
E5_E9_early_RLAST,2026,1,0,0,1,0,1,0,0,0,1,0,0,1,0,1,0,0,15,0,1,0,0,4,0          7
E5_E9_early_RLAST,2027,1,0,0,1,0,1,0,0,0,1,0,0,1,0,1,0,0,15,0,1,0,0,4,0          7
E5_E9_early_RLAST,2028,1,0,0,1,0,1,0,0,0,1,0,0,1,0,1,0,0,15,0,1,0,0,4,0          7
E5_E9_early_RLAST,2029,1,0,0,1,0,1,0,0,0,1,0,0,1,0,1,0,0,15,0,1,0,0,4,0          7
E5_E9_early_RLAST,2030,1,0,0,1,0,1,0,0,0,1,0,0,1,0,1,0,0,15,0,1,0,0,4,0          7
E5_E9_early_RLAST,2031,1,0,0,1,0,1,0,0,0,1,0,0,1,0,1,0,0,15,0,1,0,0,4,0          7
E5_E9_early_RLAST,2032,1,0,0,1,0,1,0,0,0,1,0,0,1,0,1,0,0,15,0,1,0,0,4,0          7
E5_E9_early_RLAST,2033,1,0,0,1,0,1,0,0,0,1,0,0,1,0,1,0,0,15,0,1,0,0,4,0          7
E5_E9_early_RLAST,2034,1,0,0,1,0,1,0,0,0,1,0,0,1,0,1,0,0,15,0,1,0,0,4,0          7
E5_E9_early_RLAST,2035,1,0,0,1,0,1,0,0,0,1,0,0,1,0,1,0,0,15,0,1,0,0,4,0          7
E5_E9_early_RLAST,2036,1,0,0,1,0,1,0,0,0,1,0,0,1,0,1,0,0,15,0,1,0,0,4,0          7
E5_E9_early_RLAST,2037,1,0,0,1,0,1,0,0,0,1,0,0,1,0,1,0,0,15,0,1,0,0,4,0          7
E5_E9_early_RLAST,2038,1,0,0,1,0,1,0,0,0,1,0,0,1,0,1,0,0,15,0,1,0,0,4,0          7
E5_E9_early_RLAST,2039,1,0,0,1,0,1,0,0,0,1,0,0,1,0,1,0,0,15,0,1,0,0,4,0          7
E5_E9_early_RLAST,2040,1,0,0,1,0,1,0,0,0,1,0,0,1,0,1,0,0,15,0,1,0,0,4,0          7
E5_E9_early_RLAST,2041,1,0,0,1,0,1,0,0,0,1,0,0,1,0,1,0,0,15,0,1,0,0,4,0          7
E5_E9_early_RLAST,2042,1,0,0,1,0,1,0,0,0,1,0,0,1,0,1,0,0,15,0,1,0,0,4,0          7
E5_E9_early_RLAST,2043,1,0,0,1,0,1,0,0,0,1,0,0,1,0,1,0,0,15,0,1,0,0,4,0          7
E5_E9_early_RLAST,2044,1,0,0,1,0,1,0,0,0,1,0,0,1,0,1,0,0,15,0,1,0,0,4,0          7
E5_E9_early_RLAST,2045,1,0,0,1,0,1,0,0,0,1,0,0,1,0,1,0,0,15,0,1,0,0,4,0          7
E5_E9_early_RLAST,2046,1,0,0,1,0,1,0,0,0,1,0,0,1,0,1,0,0,15,0,1,0,0,4,0          7
E5_E9_early_RLAST,2047,1,0,0,1,0,1,0,0,0,1,0,0,1,0,1,0,0,15,0,1,0,0,4,0          7
E5_E9_early_RLAST,2048,1,0,0,1,0,1,0,0,0,1,0,0,1,0,1,0,0,15,0,1,0,0,4,0          7
E5_E9_early_RLAST,2049,1,0,0,1,0,1,0,0,0,1,0,0,1,0,1,0,0,15,0,1,0,0,4,0          7
E5_E9_early_RLAST,2050,1,0,0,1,0,1,0,0,0,1,0,0,1,0,1,0,0,15,0,1,0,0,4,0          7
E5_E9_early_RLAST,2051,1,0,0,1,0,1,0,0,0,1,0,0,1,0,1,0,0,15,0,1,0,0,4,0          7
E5_E9_early_RLAST,2052,1,0,0,1,0,1,0,0,0,1,0,0,1,0,1,0,0,15,0,1,0,0,4,0          7
E5_E9_early_RLAST,2053,1,0,0,1,0,1,0,0,0,1,0,0,1,0,1,0,0,15,0,1,0,0,4,0          7
E5_E9_early_RLAST,2054,1,0,0,1,0,1,0,0,0,1,0,0,1,0,1,0,0,15,0,1,0,0,4,0          7
E5_E9_early_RLAST,2055,1,0,0,1,0,1,0,0,0,1,0,0,1,0,1,0,0,15,0,1,0,0,4,0          7
E5_E9_early_RLAST,2056,1,0,0,1,0,1,0,0,0,1,0,0,1,0,1,0,0,15,0,1,0,0,4,0          7
E5_E9_early_RLAST,2057,1,0,0,1,0,1,0,0,0,1,0,0,1,0,1,0,0,15,0,1,0,0,4,0          7
E5_E9_early_RLAST,2058,1,0,0,1,0,1,0,0,0,1,0,0,1,0,1,0,0,15,0,1,0,0,4,0          7
E5_E9_early_RLAST,2059,1,0,0,1,0,1,0,0,0,1,0,0,1,0,1,0,0,15,0,1,0,0,4,0          7
E5_E9_early_RLAST,2060,1,0,0,1,0,1,0,0,0,1,0,0,1,0,1,0,0,15,0,1,0,0,4,0          7
E5_E9_early_RLAST,2061,1,0,0,1,0,1,0,0,0,1,0,0,1,0,1,0,0,15,0,1,0,0,4,0          7
E5_E9_early_RLAST,2062,1,0,0,1,0,1,0,0,0,1,0,0,1,0,1,0,0,15,0,1,0,0,4,0          7
E5_E9_early_RLAST,2063,1,0,0,1,0,1,0,0,0,1,0,0,1,0,1,0,0,15,0,1,0,0,4,0          7
E5_E9_early_RLAST,2064,1,0,0,1,0,1,0,0,0,1,0,0,1,0,1,0,0,15,0,1,0,0,4,0          7
E5_E9_early_RLAST,2065,1,0,0,1,0,1,0,0,0,1,0,0,1,0,1,0,0,15,0,1,0,0,4,0          7
E5_E9_early_RLAST,2066,1,0,0,1,0,1,0,0,0,1,0,0,1,0,1,0,0,15,0,1,0,0,4,0          7
E5_E9_early_RLAST,2067,1,0,0,1,0,1,0,0,0,1,0,0,1,0,1,0,0,15,0,1,0,0,4,0          7
E5_E9_early_RLAST,2068,1,0,0,1,0,1,0,0,0,1,0,0,1,0,1,0,0,15,0,1,0,0,4,0          7
E5_E9_early_RLAST,2069,1,0,0,1,0,1,0,0,0,1,0,0,1,0,1,0,0,15,0,1,0,0,4,0          7
E5_E9_early_RLAST,2070,1,0,0,1,0,1,0,0,0,1,0,0,1,0,1,0,0,15,0,1,0,0,4,0          7
E5_E9_early_RLAST,2071,1,0,0,1,0,1,0,0,0,1,0,0,1,0,1,0,0,15,0,1,0,0,4,0          7
E5_E9_early_RLAST,2072,1,0,0,1,0,1,0,0,0,1,0,0,1,0,1,0,0,15,0,1,0,0,4,0          7
E5_E9_early_RLAST,2073,1,0,0,1,0,1,0,0,0,1,0,0,1,0,1,0,0,15,0,1,0,0,4,0          7
E5_E9_early_RLAST,2074,1,0,0,1,0,1,0,0,0,1,0,0,1,0,1,0,0,15,0,1,0,0,4,0          7
E5_E9_early_RLAST,2075,1,0,0,1,0,1,0,0,0,1,0,0,1,0,1,0,0,15,0,1,0,0,4,0          7
E5_E9_early_RLAST,2076,1,0,0,1,0,1,0,0,0,1,0,0,1,0,1,0,0,15,0,1,0,0,4,0          7
E5_E9_early_RLAST,2077,1,0,0,1,0,1,0,0,0,1,0,0,1,0,1,0,0,15,0,1,0,0,4,0          7
E5_E9_early_RLAST,2078,1,0,0,1,0,1,0,0,0,1,0,0,1,0,1,0,0,15,0,1,0,0,4,0          7
E5_E9_early_RLAST,2079,1,0,0,1,0,1,0,0,0,1,0,0,1,0,1,0,0,15,0,1,0,0,4,0          7
E5_E9_early_RLAST,2080,1,0,0,1,0,1,0,0,0,1,0,0,1,0,1,0,0,15,0,1,0,0,4,0          7
E5_E9_early_RLAST,2081,1,0,0,1,0,1,0,0,0,1,0,0,1,0,1,0,0,15,0,1,0,0,4,0          7
E5_E9_early_RLAST,2082,1,0,0,1,0,1,0,0,0,1,0,0,1,0,1,0,0,15,0,1,0,0,4,0          7
E5_E9_early_RLAST,2083,1,0,0,1,0,1,0,0,0,1,0,0,1,0,1,0,0,15,0,1,0,0,4,0          7
E5_E9_early_RLAST,2084,1,0,0,1,0,1,0,0,0,1,0,0,1,0,1,0,0,15,0,1,0,0,4,0          7
E5_E9_early_RLAST,2085,1,0,0,1,0,1,0,0,0,1,0,0,1,0,1,0,0,15,0,1,0,0,4,0          7
E5_E9_early_RLAST,2086,1,0,0,1,0,1,0,0,0,1,0,0,1,0,1,0,0,15,0,1,0,0,4,0          7
E5_E9_early_RLAST,2087,1,0,0,1,0,1,0,0,0,1,0,0,1,0,1,0,0,15,0,1,0,0,4,0          7
E5_E9_early_RLAST,2088,1,0,0,1,0,1,0,0,0,1,0,0,1,0,1,0,0,15,0,1,0,0,4,0          7
E5_E9_early_RLAST,2089,1,0,0,1,0,1,0,0,0,1,0,0,1,0,1,0,0,15,0,1,0,0,4,0          7
E5_E9_early_RLAST,2090,1,0,0,1,0,1,0,0,0,1,0,0,1,0,1,0,0,15,0,1,0,0,4,0          7
E5_E9_early_RLAST,2091,1,0,0,1,0,1,0,0,0,1,0,0,1,0,1,0,0,15,0,1,0,0,4,0          7
E5_E9_early_RLAST,2092,1,0,0,1,0,1,0,0,0,1,0,0,1,0,1,0,0,15,0,1,0,0,4,0          7
E5_E9_early_RLAST,2093,1,0,0,1,0,1,0,0,0,1,0,0,1,0,1,0,0,15,0,1,0,0,4,0          7
E5_E9_early_RLAST,2094,1,0,0,1,0,1,0,0,0,1,0,0,1,0,1,0,0,15,0,1,0,0,4,0          7
E5_E9_early_RLAST,2095,1,0,0,1,0,1,0,0,0,1,0,0,1,0,1,0,0,15,0,1,0,0,4,0          7
E5_E9_early_RLAST,2096,1,0,0,1,0,1,0,0,0,1,0,0,1,0,1,0,0,15,0,1,0,0,4,0          7
E5_E9_early_RLAST,2097,1,0,0,1,0,1,0,0,0,1,0,0,1,0,1,0,0,15,0,1,0,0,4,0          7
E5_E9_early_RLAST,2098,1,0,0,1,0,1,0,0,0,1,0,0,1,0,1,0,0,15,0,1,0,0,4,0          7
E5_E9_early_RLAST,2099,1,0,0,1,0,1,0,0,0,1,0,0,1,0,1,0,0,15,0,1,0,0,4,0          7
E5_E9_early_RLAST,2100,1,0,0,1,0,1,0,0,0,1,0,0,1,0,1,0,0,15,0,1,0,0,4,0          7
E5_E9_early_RLAST,2101,1,0,0,1,0,1,0,0,0,1,0,0,1,0,1,0,0,15,0,1,0,0,4,0          7
E5_E9_early_RLAST,2102,1,0,0,1,0,1,0,0,0,1,0,0,1,0,1,0,0,15,0,1,0,0,4,0          7
E5_E9_early_RLAST,2103,1,0,0,1,0,1,0,0,0,1,0,0,1,0,1,0,0,15,0,1,0,0,4,0          7
E5_E9_early_RLAST,2104,1,0,0,1,0,1,0,0,0,1,0,0,1,0,1,0,0,15,0,1,0,0,4,0          7
E5_E9_early_RLAST,2105,1,0,0,1,0,1,0,0,0,1,0,0,1,0,1,0,0,15,0,1,0,0,4,0          7
E5_E9_early_RLAST,2106,1,0,0,1,0,1,0,0,0,1,0,0,1,0,1,0,0,15,0,1,0,0,4,0          7
E5_E9_early_RLAST,2107,1,0,0,1,0,1,0,0,0,1,0,0,1,0,1,0,0,15,0,1,0,0,4,0          7
E5_E9_early_RLAST,2108,1,0,0,1,0,1,0,0,0,1,0,0,1,0,1,0,0,15,0,1,0,0,4,0          7
E5_E9_early_RLAST,2109,1,0,0,1,0,1,0,0,0,1,0,0,1,0,1,0,0,15,0,1,0,0,4,0          7
E5_E9_early_RLAST,2110,1,0,0,1,0,1,0,0,0,1,0,0,1,0,1,0,0,15,0,1,0,0,4,0          7
E5_E9_early_RLAST,2111,1,0,0,1,0,1,0,0,0,1,0,0,1,0,1,0,0,15,0,1,0,0,4,0          7
E5_E9_early_RLAST,2112,1,0,0,1,0,1,0,0,0,1,0,0,1,0,1,0,0,15,0,1,0,0,4,0          7
E5_E9_early_RLAST,2113,1,0,0,1,0,1,0,0,0,1,0,0,1,0,1,0,0,15,0,1,0,0,4,0          7
E5_E9_early_RLAST,2114,1,0,0,1,0,1,0,0,0,1,0,0,1,0,1,0,0,15,0,1,0,0,4,0          7
E5_E9_early_RLAST,2115,1,0,0,1,0,1,0,0,0,1,0,0,1,0,1,0,0,15,0,1,0,0,4,0          7
E5_E9_early_RLAST,2116,1,0,0,1,0,1,0,0,0,1,0,0,1,0,1,0,0,15,0,1,0,0,4,0          7
E5_E9_early_RLAST,2117,1,0,0,1,0,1,0,0,0,1,0,0,1,0,1,0,0,15,0,1,0,0,4,0          7
E5_E9_early_RLAST,2118,1,0,0,1,0,1,0,0,0,1,0,0,1,0,1,0,0,15,0,1,0,0,4,0          7
E5_E9_early_RLAST,2119,1,0,0,1,0,1,0,0,0,1,0,0,1,0,1,0,0,15,0,1,0,0,4,0          7
E5_E9_early_RLAST,2120,1,0,0,1,0,1,0,0,0,1,0,0,1,0,1,0,0,15,0,1,0,0,4,0          7
E5_E9_early_RLAST,2121,1,0,0,1,0,1,0,0,0,1,0,0,1,0,1,0,0,15,0,1,0,0,4,0          7
E5_E9_early_RLAST,2122,1,0,0,1,0,1,0,0,0,1,0,0,1,0,1,0,0,15,0,1,0,0,4,0          7
E5_E9_early_RLAST,2123,1,0,0,1,0,1,0,0,0,1,0,0,1,0,1,0,0,15,0,1,0,0,4,0          7
E5_E9_early_RLAST,2124,1,0,0,1,0,1,0,0,0,1,0,0,1,0,1,0,0,15,0,1,0,0,4,0          7
E5_E9_early_RLAST,2125,1,0,0,1,0,1,0,0,0,1,0,0,1,0,1,0,0,15,0,1,0,0,4,0          7
E5_E9_early_RLAST,2126,1,0,0,1,0,1,0,0,0,1,0,0,1,0,1,0,0,15,0,1,0,0,4,0          7
E5_E9_early_RLAST,2127,1,0,0,1,0,1,0,0,0,1,0,0,1,0,1,0,0,15,0,1,0,0,4,0          7
E5_E9_early_RLAST,2128,1,0,0,1,0,1,0,0,0,1,0,0,1,0,1,0,0,15,0,1,0,0,4,0          7
E5_E9_early_RLAST,2129,1,0,0,1,0,1,0,0,0,1,0,0,1,0,1,0,0,15,0,1,0,0,4,0          7
E5_E9_early_RLAST,2130,1,0,0,1,0,1,0,0,0,1,0,0,1,0,1,0,0,15,0,1,0,0,4,0          7
E5_E9_early_RLAST,2131,1,0,0,1,0,1,0,0,0,1,0,0,1,0,1,0,0,15,0,1,0,0,4,0          7
E5_E9_early_RLAST,2132,1,0,0,1,0,1,0,0,0,1,0,0,1,0,1,0,0,15,0,1,0,0,4,0          7
E5_E9_early_RLAST,2133,1,0,0,1,0,1,0,0,0,1,0,0,1,0,1,0,0,15,0,1,0,0,4,0          7
E5_E9_early_RLAST,2134,1,0,0,1,0,1,0,0,0,1,0,0,1,0,1,0,0,15,0,1,0,0,4,0          7
E5_E9_early_RLAST,2135,1,0,0,1,0,1,0,0,0,1,0,0,1,0,1,0,0,15,0,1,0,0,4,0          7
E5_E9_early_RLAST,2136,1,0,0,1,0,1,0,0,0,1,0,0,1,0,1,0,0,15,0,1,0,0,4,0          7
E5_E9_early_RLAST,2137,1,0,0,1,0,1,0,0,0,1,0,0,1,0,1,0,0,15,0,1,0,0,4,0          7
E5_E9_early_RLAST,2138,1,0,0,1,0,1,0,0,0,1,0,0,1,0,1,0,0,15,0,1,0,0,4,0          7
E5_E9_early_RLAST,2139,1,0,0,1,0,1,0,0,0,1,0,0,1,0,1,0,0,15,0,1,0,0,4,0          7
E5_E9_early_RLAST,2140,1,0,0,1,0,1,0,0,0,1,0,0,1,0,1,0,0,15,0,1,0,0,4,0          7
E5_E9_early_RLAST,2141,1,0,0,1,0,1,0,0,0,1,0,0,1,0,1,0,0,15,0,1,0,0,4,0          7
E5_E9_early_RLAST,2142,1,0,0,1,0,1,0,0,0,1,0,0,1,0,1,0,0,15,0,1,0,0,4,0          7
E5_E9_early_RLAST,2143,1,0,0,1,0,1,0,0,0,1,0,0,1,0,1,0,0,15,0,1,0,0,4,0          7
E5_E9_early_RLAST,2144,1,0,0,1,0,1,0,0,0,1,0,0,1,0,1,0,0,15,0,1,0,0,4,0          7
E5_E9_early_RLAST,2145,1,0,0,1,0,1,0,0,0,1,0,0,1,0,1,0,0,15,0,1,0,0,4,0          7
E5_E9_early_RLAST,2146,1,0,0,1,0,1,0,0,0,1,0,0,1,0,1,0,0,15,0,1,0,0,4,0          7
E5_E9_early_RLAST,2147,1,0,0,1,0,1,0,0,0,1,0,0,1,0,1,0,0,15,0,1,0,0,4,0          7
E5_E9_early_RLAST,2148,1,0,0,1,0,1,0,0,0,1,0,0,1,0,1,0,0,15,0,1,0,0,4,0          7
E5_E9_early_RLAST,2149,1,0,0,1,0,1,0,0,0,1,0,0,1,0,1,0,0,15,0,1,0,0,4,0          7
E5_E9_early_RLAST,2150,1,0,0,1,0,1,0,0,0,1,0,0,1,0,1,0,0,15,0,1,0,0,4,0          7
E5_E9_early_RLAST,2151,1,0,0,1,0,1,0,0,0,1,0,0,1,0,1,0,0,15,0,1,0,0,4,0          7
E5_E9_early_RLAST,2152,1,0,0,1,0,1,0,0,0,1,0,0,1,0,1,0,0,15,0,1,0,0,4,0          7
E5_E9_early_RLAST,2153,1,0,0,1,0,1,0,0,0,1,0,0,1,0,1,0,0,15,0,1,0,0,4,0          7
E5_E9_early_RLAST,2154,1,0,0,1,0,1,0,0,0,1,0,0,1,0,1,0,0,15,0,1,0,0,4,0          7
E5_E9_early_RLAST,2155,1,0,0,1,0,1,0,0,0,1,0,0,1,0,1,0,0,15,0,1,0,0,4,0          7
E5_E9_early_RLAST,2156,1,0,0,1,0,1,0,0,0,1,0,0,1,0,1,0,0,15,0,1,0,0,4,0          7
E5_E9_early_RLAST,2157,1,0,0,1,0,1,0,0,0,1,0,0,1,0,1,0,0,15,0,1,0,0,4,0          7
E5_E9_early_RLAST,2158,1,0,0,1,0,1,0,0,0,1,0,0,1,0,1,0,0,15,0,1,0,0,4,0          7
E5_E9_early_RLAST,2159,1,0,0,1,0,1,0,0,0,1,0,0,1,0,1,0,0,15,0,1,0,0,4,0          7
E5_E9_early_RLAST,2160,1,0,0,1,0,1,0,0,0,1,0,0,1,0,1,0,0,15,0,1,0,0,4,0          7
E5_E9_early_RLAST,2161,1,0,0,1,0,1,0,0,0,1,0,0,1,0,1,0,0,15,0,1,0,0,4,0          7
E5_E9_early_RLAST,2162,1,0,0,1,0,1,0,0,0,1,0,0,1,0,1,0,0,15,0,1,0,0,4,0          7
E5_E9_early_RLAST,2163,1,0,0,1,0,1,0,0,0,1,0,0,1,0,1,0,0,15,0,1,0,0,4,0          7
E5_E9_early_RLAST,2164,1,0,0,1,0,1,0,0,0,1,0,0,1,0,1,0,0,15,0,1,0,0,4,0          7
E5_E9_early_RLAST,2165,1,0,0,1,0,1,0,0,0,1,0,0,1,0,1,0,0,15,0,1,0,0,4,0          7
E5_E9_early_RLAST,2166,1,0,0,1,0,1,0,0,0,1,0,0,1,0,1,0,0,15,0,1,0,0,4,0          7
E5_E9_early_RLAST,2167,1,0,0,1,0,1,0,0,0,1,0,0,1,0,1,0,0,15,0,1,0,0,4,0          7
E5_E9_early_RLAST,2168,1,0,0,1,0,1,0,0,0,1,0,0,1,0,1,0,0,15,0,1,0,0,4,0          7
E5_E9_early_RLAST,2169,1,0,0,1,0,1,0,0,0,1,0,0,1,0,1,0,0,15,0,1,0,0,4,0          7
E5_E9_early_RLAST,2170,1,0,0,1,0,1,0,0,0,1,0,0,1,0,1,0,0,15,0,1,0,0,4,0          7
E5_E9_early_RLAST,2171,1,0,0,1,0,1,0,0,0,1,0,0,1,0,1,0,0,15,0,1,0,0,4,0          7
E5_E9_early_RLAST,2172,1,0,0,1,0,1,0,0,0,1,0,0,1,0,1,0,0,15,0,1,0,0,4,0          7
E5_E9_early_RLAST,2173,1,0,0,1,0,1,0,0,0,1,0,0,1,0,1,0,0,15,0,1,0,0,4,0          7
E5_E9_early_RLAST,2174,1,0,0,1,0,1,0,0,0,1,0,0,1,0,1,0,0,15,0,1,0,0,4,0          7
E5_E9_early_RLAST,2175,1,0,0,1,0,1,0,0,0,1,0,0,1,0,1,0,0,15,0,1,0,0,4,0          7
E5_E9_early_RLAST,2176,1,0,0,1,0,1,0,0,0,1,0,0,1,0,1,0,0,15,0,1,0,0,4,0          7
E5_E9_early_RLAST,2177,1,0,0,1,0,1,0,0,0,1,0,0,1,0,1,0,0,15,0,1,0,0,4,0          7
E5_E9_early_RLAST,2178,1,0,0,1,0,1,0,0,0,1,0,0,1,0,1,0,0,15,0,1,0,0,4,0          7
E5_E9_early_RLAST,2179,1,0,0,1,0,1,0,0,0,1,0,0,1,0,1,0,0,15,0,1,0,0,4,0          7
E5_E9_early_RLAST,2180,1,0,0,1,0,1,0,0,0,1,0,0,1,0,1,0,0,15,0,1,0,0,4,0          7
E5_E9_early_RLAST,2181,1,0,0,1,0,1,0,0,0,1,0,0,1,0,1,0,0,15,0,1,0,0,4,0          7
E5_E9_early_RLAST,2182,1,0,0,1,0,1,0,0,0,1,0,0,1,0,1,0,0,15,0,1,0,0,4,0          7
E5_E9_early_RLAST,2183,1,0,0,1,0,1,0,0,0,1,0,0,1,0,1,0,0,15,0,1,0,0,4,0          7
E5_E9_early_RLAST,2184,1,0,0,1,0,1,0,0,0,1,0,0,1,0,1,0,0,15,0,1,0,0,4,0          7
E5_E9_early_RLAST,2185,1,0,0,1,0,1,0,0,0,1,0,0,1,0,1,0,0,15,0,1,0,0,4,0          7
E5_E9_early_RLAST,2186,1,0,0,1,0,1,0,0,0,1,0,0,1,0,1,0,0,15,0,1,0,0,4,0          7
E5_E9_early_RLAST,2187,1,0,0,1,0,1,0,0,0,1,0,0,1,0,1,0,0,15,0,1,0,0,4,0          7
E5_E9_early_RLAST,2188,1,0,0,1,0,1,0,0,0,1,0,0,1,0,1,0,0,15,0,1,0,0,4,0          7
E5_E9_early_RLAST,2189,1,0,0,1,0,1,0,0,0,1,0,0,1,0,1,0,0,15,0,1,0,0,4,0          7
E5_E9_early_RLAST,2190,1,0,0,1,0,1,0,0,0,1,0,0,1,0,1,0,0,15,0,1,0,0,4,0          7
E5_E9_early_RLAST,2191,1,0,0,1,0,1,0,0,0,1,0,0,1,0,1,0,0,15,0,1,0,0,4,0          7
E5_E9_early_RLAST,2192,1,0,0,1,0,1,0,0,0,1,0,0,1,0,1,0,0,15,0,1,0,0,4,0          7
E5_E9_early_RLAST,2193,1,0,0,1,0,1,0,0,0,1,0,0,1,0,1,0,0,15,0,1,0,0,4,0          7
E5_E9_early_RLAST,2194,1,0,0,1,0,1,0,0,0,1,0,0,1,0,1,0,0,15,0,1,0,0,4,0          7
E5_E9_early_RLAST,2195,1,0,0,1,0,1,0,0,0,1,0,0,1,0,1,0,0,15,0,1,0,0,4,0          7
E5_E9_early_RLAST,2196,1,0,0,1,0,1,0,0,0,1,0,0,1,0,1,0,0,15,0,1,0,0,4,0          7
E5_E9_early_RLAST,2197,1,0,0,1,0,1,0,0,0,1,0,0,1,0,1,0,0,15,0,1,0,0,4,0          7
E5_E9_early_RLAST,2198,1,0,0,1,0,1,0,0,0,1,0,0,1,0,1,0,0,15,0,1,0,0,4,0          7
E5_E9_early_RLAST,2199,1,0,0,1,0,1,0,0,0,1,0,0,1,0,1,0,0,15,0,1,0,0,4,0          7
E5_E9_early_RLAST,2200,1,0,0,1,0,1,0,0,0,1,0,0,1,0,1,0,0,15,0,1,0,0,4,0          7
E5_E9_early_RLAST,2201,1,0,0,1,0,1,0,0,0,1,0,0,1,0,1,0,0,15,0,1,0,0,4,0          7
E5_E9_early_RLAST,2202,1,0,0,1,0,1,0,0,0,1,0,0,1,0,1,0,0,15,0,1,0,0,4,0          7
E5_E9_early_RLAST,2203,1,0,0,1,0,1,0,0,0,1,0,0,1,0,1,0,0,15,0,1,0,0,4,0          7
E5_E9_early_RLAST,2204,1,0,0,1,0,1,0,0,0,1,0,0,1,0,1,0,0,15,0,1,0,0,4,0          7
E5_E9_early_RLAST,2205,1,0,0,1,0,1,0,0,0,1,0,0,1,0,1,0,0,15,0,1,0,0,4,0          7
E5_E9_early_RLAST,2206,1,0,0,1,0,1,0,0,0,1,0,0,1,0,1,0,0,15,0,1,0,0,4,0          7
E5_E9_early_RLAST,2207,1,0,0,1,0,1,0,0,0,1,0,0,1,0,1,0,0,15,0,1,0,0,4,0          7
E5_E9_early_RLAST,2208,1,0,0,1,0,1,0,0,0,1,0,0,1,0,1,0,0,15,0,1,0,0,4,0          7
E5_E9_early_RLAST,2209,1,0,0,1,0,1,0,0,0,1,0,0,1,0,1,0,0,15,0,1,0,0,4,0          7
E5_E9_early_RLAST,2210,1,0,0,1,0,1,0,0,0,1,0,0,1,0,1,0,0,15,0,1,0,0,4,0          7
E5_E9_early_RLAST,2211,1,0,0,1,0,1,0,0,0,1,0,0,1,0,1,0,0,15,0,1,0,0,4,0          7
E5_E9_early_RLAST,2212,1,0,0,1,0,1,0,0,0,1,0,0,1,0,1,0,0,15,0,1,0,0,4,0          7
E5_E9_early_RLAST,2213,1,0,0,1,0,1,0,0,0,1,0,0,1,0,1,0,0,15,0,1,0,0,4,0          7
E5_E9_early_RLAST,2214,1,0,0,1,0,1,0,0,0,1,0,0,1,0,1,0,0,15,0,1,0,0,4,0          7
E5_E9_early_RLAST,2215,1,0,0,1,0,1,0,0,0,1,0,0,1,0,1,0,0,15,0,1,0,0,4,0          7
E5_E9_early_RLAST,2216,1,0,0,1,0,1,0,0,0,1,0,0,1,0,1,0,0,15,0,1,0,0,4,0          7
E5_E9_early_RLAST,2217,1,0,0,1,0,1,0,0,0,1,0,0,1,0,1,0,0,15,0,1,0,0,4,0          7
E5_E9_early_RLAST,2218,1,0,0,1,0,1,0,0,0,1,0,0,1,0,1,0,0,15,0,1,0,0,4,0          7
E5_E9_early_RLAST,2219,1,0,0,1,0,1,0,0,0,1,0,0,1,0,1,0,0,15,0,1,0,0,4,0          7
E5_E9_early_RLAST,2220,1,0,0,1,0,1,0,0,0,1,0,0,1,0,1,0,0,15,0,1,0,0,4,0          7
E5_E9_early_RLAST,2221,1,0,0,1,0,1,0,0,0,1,0,0,1,0,1,0,0,15,0,1,0,0,4,0          7
E5_E9_early_RLAST,2222,1,0,0,1,0,1,0,0,0,1,0,0,1,0,1,0,0,15,0,1,0,0,4,0          7
E5_E9_early_RLAST,2223,1,0,0,1,0,1,0,0,0,1,0,0,1,0,1,0,0,15,0,1,0,0,4,0          7
E5_E9_early_RLAST,2224,1,0,0,1,0,1,0,0,0,1,0,0,1,0,1,0,0,15,0,1,0,0,4,0          7
E5_E9_early_RLAST,2225,1,0,0,1,0,1,0,0,0,1,0,0,1,0,1,0,0,15,0,1,0,0,4,0          7
E5_E9_early_RLAST,2226,1,0,0,1,0,1,0,0,0,1,0,0,1,0,1,0,0,15,0,1,0,0,4,0          7
E5_E9_early_RLAST,2227,1,0,0,1,0,1,0,0,0,1,0,0,1,0,1,0,0,15,0,1,0,0,4,0          7
E5_E9_early_RLAST,2228,1,0,0,1,0,1,0,0,0,1,0,0,1,0,1,0,0,15,0,1,0,0,4,0          7
E5_E9_early_RLAST,2229,1,0,0,1,0,1,0,0,0,1,0,0,1,0,1,0,0,15,0,1,0,0,4,0          7
E5_E9_early_RLAST,2230,1,0,0,1,0,1,0,0,0,1,0,0,1,0,1,0,0,15,0,1,0,0,4,0          7
E5_E9_early_RLAST,2231,1,0,0,1,0,1,0,0,0,1,0,0,1,0,1,0,0,15,0,1,0,0,4,0          7
E5_E9_early_RLAST,2232,1,0,0,1,0,1,0,0,0,1,0,0,1,0,1,0,0,15,0,1,0,0,4,0          7
E5_E9_early_RLAST,2233,1,0,0,1,0,1,0,0,0,1,0,0,1,0,1,0,0,15,0,1,0,0,4,0          7
E5_E9_early_RLAST,2234,1,0,0,1,0,1,0,0,0,1,0,0,1,0,1,0,0,15,0,1,0,0,4,0          7
E5_E9_early_RLAST,2235,1,0,0,1,0,1,0,0,0,1,0,0,1,0,1,0,0,15,0,1,0,0,4,0          7
E5_E9_early_RLAST,2236,1,0,0,1,0,1,0,0,0,1,0,0,1,0,1,0,0,15,0,1,0,0,4,0          7
E5_E9_early_RLAST,2237,1,0,0,1,0,1,0,0,0,1,0,0,1,0,1,0,0,15,0,1,0,0,4,0          7
E5_E9_early_RLAST,2238,1,0,0,1,0,1,0,0,0,1,0,0,1,0,1,0,0,15,0,1,0,0,4,0          7
E5_E9_early_RLAST,2239,1,0,0,1,0,1,0,0,0,1,0,0,1,0,1,0,0,15,0,1,0,0,4,0          7
E5_E9_early_RLAST,2240,1,0,0,1,0,1,0,0,0,1,0,0,1,0,1,0,0,15,0,1,0,0,4,0          7
E5_E9_early_RLAST,2241,1,0,0,1,0,1,0,0,0,1,0,0,1,0,1,0,0,15,0,1,0,0,4,0          7
E5_E9_early_RLAST,2242,1,0,0,1,0,1,0,0,0,1,0,0,1,0,1,0,0,15,0,1,0,0,4,0          7
E5_E9_early_RLAST,2243,1,0,0,1,0,1,0,0,0,1,0,0,1,0,1,0,0,15,0,1,0,0,4,0          7
E5_E9_early_RLAST,2244,1,0,0,1,0,1,0,0,0,1,0,0,1,0,1,0,0,15,0,1,0,0,4,0          7
E5_E9_early_RLAST,2245,1,0,0,1,0,1,0,0,0,1,0,0,1,0,1,0,0,15,0,1,0,0,4,0          7
E5_E9_early_RLAST,2246,1,0,0,1,0,1,0,0,0,1,0,0,1,0,1,0,0,15,0,1,0,0,4,0          7
E5_E9_early_RLAST,2247,1,0,0,1,0,1,0,0,0,1,0,0,1,0,1,0,0,15,0,1,0,0,4,0          7
E5_E9_early_RLAST,2248,1,0,0,1,0,1,0,0,0,1,0,0,1,0,1,0,0,15,0,1,0,0,4,0          7
E5_E9_early_RLAST,2249,1,0,0,1,0,1,0,0,0,1,0,0,1,0,1,0,0,15,0,1,0,0,4,0          7
E5_E9_early_RLAST,2250,1,0,0,1,0,1,0,0,0,1,0,0,1,0,1,0,0,15,0,1,0,0,4,0          7
E5_E9_early_RLAST,2251,1,0,0,1,0,1,0,0,0,1,0,0,1,0,1,0,0,15,0,1,0,0,4,0          7
E5_E9_early_RLAST,2252,1,0,0,1,0,1,0,0,0,1,0,0,1,0,1,0,0,15,0,1,0,0,4,0          7
E5_E9_early_RLAST,2253,1,0,0,1,0,1,0,0,0,1,0,0,1,0,1,0,0,15,0,1,0,0,4,0          7
E5_E9_early_RLAST,2254,1,0,0,1,0,1,0,0,0,1,0,0,1,0,1,0,0,15,0,1,0,0,4,0          7
E5_E9_early_RLAST,2255,1,0,0,1,0,1,0,0,0,1,0,0,1,0,1,0,0,15,0,1,0,0,4,0          7
E5_E9_early_RLAST,2256,1,0,0,1,0,1,0,0,0,1,0,0,1,0,1,0,0,15,0,1,0,0,4,0          7
E5_E9_early_RLAST,2257,1,0,0,1,0,1,0,0,0,1,0,0,1,0,1,0,0,15,0,1,0,0,4,0          7
E5_E9_early_RLAST,2258,1,0,0,1,0,1,0,0,0,1,0,0,1,0,1,0,0,15,0,1,0,0,4,0          7
E5_E9_early_RLAST,2259,1,0,0,1,0,1,0,0,0,1,0,0,1,0,1,0,0,15,0,1,0,0,4,0          7
E5_E9_early_RLAST,2260,1,0,0,1,0,1,0,0,0,1,0,0,1,0,1,0,0,15,0,1,0,0,4,0          7
E5_E9_early_RLAST,2261,1,0,0,1,0,1,0,0,0,1,0,0,1,0,1,0,0,15,0,1,0,0,4,0          7
E5_E9_early_RLAST,2262,1,0,0,1,0,1,0,0,0,1,0,0,1,0,1,0,0,15,0,1,0,0,4,0          7
E5_E9_early_RLAST,2263,1,0,0,1,0,1,0,0,0,1,0,0,1,0,1,0,0,15,0,1,0,0,4,0          7
E5_E9_early_RLAST,2264,1,0,0,1,0,1,0,0,0,1,0,0,1,0,1,0,0,15,0,1,0,0,4,0          7
E5_E9_early_RLAST,2265,1,0,0,1,0,1,0,0,0,1,0,0,1,0,1,0,0,15,0,1,0,0,4,0          7
E5_E9_early_RLAST,2266,1,0,0,1,0,1,0,0,0,1,0,0,1,0,1,0,0,15,0,1,0,0,4,0          7
E5_E9_early_RLAST,2267,1,0,0,1,0,1,0,0,0,1,0,0,1,0,1,0,0,15,0,1,0,0,4,0          7
E5_E9_early_RLAST,2268,1,0,0,1,0,1,0,0,0,1,0,0,1,0,1,0,0,15,0,1,0,0,4,0          7
E5_E9_early_RLAST,2269,1,0,0,1,0,1,0,0,0,1,0,0,1,0,1,0,0,15,0,1,0,0,4,0          7
E5_E9_early_RLAST,2270,1,0,0,1,0,1,0,0,0,1,0,0,1,0,1,0,0,15,0,1,0,0,4,0          7
E5_E9_early_RLAST,2271,1,0,0,1,0,1,0,0,0,1,0,0,1,0,1,0,0,15,0,1,0,0,4,0          7
E5_E9_early_RLAST,2272,1,0,0,1,0,1,0,0,0,1,0,0,1,0,1,0,0,15,0,1,0,0,4,0          7
E5_E9_early_RLAST,2273,1,0,0,1,0,1,0,0,0,1,0,0,1,0,1,0,0,15,0,1,0,0,4,0          7
E5_E9_early_RLAST,2274,1,0,0,1,0,1,0,0,0,1,0,0,1,0,1,0,0,15,0,1,0,0,4,0          7
E5_E9_early_RLAST,2275,1,0,0,1,0,1,0,0,0,1,0,0,1,0,1,0,0,15,0,1,0,0,4,0          7
E5_E9_early_RLAST,2276,1,0,0,1,0,1,0,0,0,1,0,0,1,0,1,0,0,15,0,1,0,0,4,0          7
E5_E9_early_RLAST,2277,1,0,0,1,0,1,0,0,0,1,0,0,1,0,1,0,0,15,0,1,0,0,4,0          7
E5_E9_early_RLAST,2278,1,0,0,1,0,1,0,0,0,1,0,0,1,0,1,0,0,15,0,1,0,0,4,0          7
E5_E9_early_RLAST,2279,1,0,0,1,0,1,0,0,0,1,0,0,1,0,1,0,0,15,0,1,0,0,4,0          7
E5_E9_early_RLAST,2280,1,0,0,1,0,1,0,0,0,1,0,0,1,0,1,0,0,15,0,1,0,0,4,0          7
E5_E9_early_RLAST,2281,1,0,0,1,0,1,0,0,0,1,0,0,1,0,1,0,0,15,0,1,0,0,4,0          7
E5_E9_early_RLAST,2282,1,0,0,1,0,1,0,0,0,1,0,0,1,0,1,0,0,15,0,1,0,0,4,0          7
E5_E9_early_RLAST,2283,1,0,0,1,0,1,0,0,0,1,0,0,1,0,1,0,0,15,0,1,0,0,4,0          7
E5_E9_early_RLAST,2284,1,0,0,1,0,1,0,0,0,1,0,0,1,0,1,0,0,15,0,1,0,0,4,0          7
E5_E9_early_RLAST,2285,1,0,0,1,0,1,0,0,0,1,0,0,1,0,1,0,0,15,0,1,0,0,4,0          7
E5_E9_early_RLAST,2286,1,0,0,1,0,1,0,0,0,1,0,0,1,0,1,0,0,15,0,1,0,0,4,0          7
E5_E9_early_RLAST,2287,1,0,0,1,0,1,0,0,0,1,0,0,1,0,1,0,0,15,0,1,0,0,4,0          7
E5_E9_early_RLAST,2288,1,0,0,1,0,1,0,0,0,1,0,0,1,0,1,0,0,15,0,1,0,0,4,0          7
E5_E9_early_RLAST,2289,1,0,0,1,0,1,0,0,0,1,0,0,1,0,1,0,0,15,0,1,0,0,4,0          7
E5_E9_early_RLAST,2290,1,0,0,1,0,1,0,0,0,1,0,0,1,0,1,0,0,15,0,1,0,0,4,0          7
E5_E9_early_RLAST,2291,1,0,0,1,0,1,0,0,0,1,0,0,1,0,1,0,0,15,0,1,0,0,4,0          7
E5_E9_early_RLAST,2292,1,0,0,1,0,1,0,0,0,1,0,0,1,0,1,0,0,15,0,1,0,0,4,0          7
E5_E9_early_RLAST,2293,1,0,0,1,0,1,0,0,0,1,0,0,1,0,1,0,0,15,0,1,0,0,4,0          7
E5_E9_early_RLAST,2294,1,0,0,1,0,1,0,0,0,1,0,0,1,0,1,0,0,15,0,1,0,0,4,0          7
E5_E9_early_RLAST,2295,1,0,0,1,0,1,0,0,0,1,0,0,1,0,1,0,0,15,0,1,0,0,4,0          7
E5_E9_early_RLAST,2296,1,0,0,1,0,1,0,0,0,1,0,0,1,0,1,0,0,15,0,1,0,0,4,0          7
E5_E9_early_RLAST,2297,1,0,0,1,0,1,0,0,0,1,0,0,1,0,1,0,0,15,0,1,0,0,4,0          7
E5_E9_early_RLAST,2298,1,0,0,1,0,1,0,0,0,1,0,0,1,0,1,0,0,15,0,1,0,0,4,0          7
E5_E9_early_RLAST,2299,1,0,0,1,0,1,0,0,0,1,0,0,1,0,1,0,0,15,0,1,0,0,4,0          7
E5_E9_early_RLAST,2300,1,0,0,1,0,1,0,0,0,1,0,0,1,0,1,0,0,15,0,1,0,0,4,0          7
E5_E9_early_RLAST,2301,1,0,0,1,0,1,0,0,0,1,0,0,1,0,1,0,0,15,0,1,0,0,4,0          7
E5_E9_early_RLAST,2302,1,0,0,1,0,1,0,0,0,1,0,0,1,0,1,0,0,15,0,1,0,0,4,0          7
E5_E9_early_RLAST,2303,1,0,0,1,0,1,0,0,0,1,0,0,1,0,1,0,0,15,0,1,0,0,4,0          7
E5_E9_early_RLAST,2304,1,0,0,1,0,1,0,0,0,1,0,0,1,0,1,0,0,15,0,1,0,0,4,0          7
E5_E9_early_RLAST,2305,1,0,0,1,0,1,0,0,0,1,0,0,1,0,1,0,0,15,0,1,0,0,4,0          7
E5_E9_early_RLAST,2306,1,0,0,1,0,1,0,0,0,1,0,0,1,0,1,0,0,15,0,1,0,0,4,0          7
E5_E9_early_RLAST,2307,1,0,0,1,0,1,0,0,0,1,0,0,1,0,1,0,0,15,0,1,0,0,4,0          7
E5_E9_early_RLAST,2308,1,0,0,1,0,1,0,0,0,1,0,0,1,0,1,0,0,15,0,1,0,0,4,0          7
E5_E9_early_RLAST,2309,1,0,0,1,0,1,0,0,0,1,0,0,1,0,1,0,0,15,0,1,0,0,4,0          7
E5_E9_early_RLAST,2310,1,0,0,1,0,1,0,0,0,1,0,0,1,0,1,0,0,15,0,1,0,0,4,0          7
E5_E9_early_RLAST,2311,1,0,0,1,0,1,0,0,0,1,0,0,1,0,1,0,0,15,0,1,0,0,4,0          7
E5_E9_early_RLAST,2312,1,0,0,1,0,1,0,0,0,1,0,0,1,0,1,0,0,15,0,1,0,0,4,0          7
E5_E9_early_RLAST,2313,1,0,0,1,0,1,0,0,0,1,0,0,1,0,1,0,0,15,0,1,0,0,4,0          7
E5_E9_early_RLAST,2314,1,0,0,1,0,1,0,0,0,1,0,0,1,0,1,0,0,15,0,1,0,0,4,0          7
E5_E9_early_RLAST,2315,1,0,0,1,0,1,0,0,0,1,0,0,1,0,1,0,0,15,0,1,0,0,4,0          7
E5_E9_early_RLAST,2316,1,0,0,1,0,1,0,0,0,1,0,0,1,0,1,0,0,15,0,1,0,0,4,0          7
E5_E9_early_RLAST,2317,1,0,0,1,0,1,0,0,0,1,0,0,1,0,1,0,0,15,0,1,0,0,4,0          7
E5_E9_early_RLAST,2318,1,0,0,1,0,1,0,0,0,1,0,0,1,0,1,0,0,15,0,1,0,0,4,0          7
E5_E9_early_RLAST,2319,1,0,0,1,0,1,0,0,0,1,0,0,1,0,1,0,0,15,0,1,0,0,4,0          7
E5_E9_early_RLAST,2320,1,0,0,1,0,1,0,0,0,1,0,0,1,0,1,0,0,15,0,1,0,0,4,0          7
E5_E9_early_RLAST,2321,1,0,0,1,0,1,0,0,0,1,0,0,1,0,1,0,0,15,0,1,0,0,4,0          7
E5_E9_early_RLAST,2322,1,0,0,1,0,1,0,0,0,1,0,0,1,0,1,0,0,15,0,1,0,0,4,0          7
E5_E9_early_RLAST,2323,1,0,0,1,0,1,0,0,0,1,0,0,1,0,1,0,0,15,0,1,0,0,4,0          7
E5_E9_early_RLAST,2324,1,0,0,1,0,1,0,0,0,1,0,0,1,0,1,0,0,15,0,1,0,0,4,0          7
E5_E9_early_RLAST,2325,1,0,0,1,0,1,0,0,0,1,0,0,1,0,1,0,0,15,0,1,0,0,4,0          7
E5_E9_early_RLAST,2326,1,0,0,1,0,1,0,0,0,1,0,0,1,0,1,0,0,15,0,1,0,0,4,0          7
E5_E9_early_RLAST,2327,1,0,0,1,0,1,0,0,0,1,0,0,1,0,1,0,0,15,0,1,0,0,4,0          7
E5_E9_early_RLAST,2328,1,0,0,1,0,1,0,0,0,1,0,0,1,0,1,0,0,15,0,1,0,0,4,0          7
E5_E9_early_RLAST,2329,1,0,0,1,0,1,0,0,0,1,0,0,1,0,1,0,0,15,0,1,0,0,4,0          7
E5_E9_early_RLAST,2330,1,0,0,1,0,1,0,0,0,1,0,0,1,0,1,0,0,15,0,1,0,0,4,0          7
E5_E9_early_RLAST,2331,1,0,0,1,0,1,0,0,0,1,0,0,1,0,1,0,0,15,0,1,0,0,4,0          7
E5_E9_early_RLAST,2332,1,0,0,1,0,1,0,0,0,1,0,0,1,0,1,0,0,15,0,1,0,0,4,0          7
E5_E9_early_RLAST,2333,1,0,0,1,0,1,0,0,0,1,0,0,1,0,1,0,0,15,0,1,0,0,4,0          7
E5_E9_early_RLAST,2334,1,0,0,1,0,1,0,0,0,1,0,0,1,0,1,0,0,15,0,1,0,0,4,0          7
E5_E9_early_RLAST,2335,1,0,0,1,0,1,0,0,0,1,0,0,1,0,1,0,0,15,0,1,0,0,4,0          7
E5_E9_early_RLAST,2336,1,0,0,1,0,1,0,0,0,1,0,0,1,0,1,0,0,15,0,1,0,0,4,0          7
E5_E9_early_RLAST,2337,1,0,0,1,0,1,0,0,0,1,0,0,1,0,1,0,0,15,0,1,0,0,4,0          7
E5_E9_early_RLAST,2338,1,0,0,1,0,1,0,0,0,1,0,0,1,0,1,0,0,15,0,1,0,0,4,0          7
E5_E9_early_RLAST,2339,1,0,0,1,0,1,0,0,0,1,0,0,1,0,1,0,0,15,0,1,0,0,4,0          7
E5_E9_early_RLAST,2340,1,0,0,1,0,1,0,0,0,1,0,0,1,0,1,0,0,15,0,1,0,0,4,0          7
E5_E9_early_RLAST,2341,1,0,0,1,0,1,0,0,0,1,0,0,1,0,1,0,0,15,0,1,0,0,4,0          7
E5_E9_early_RLAST,2342,1,0,0,1,0,1,0,0,0,1,0,0,1,0,1,0,0,15,0,1,0,0,4,0          7
E5_E9_early_RLAST,2343,1,0,0,1,0,1,0,0,0,1,0,0,1,0,1,0,0,15,0,1,0,0,4,0          7
E5_E9_early_RLAST,2344,1,0,0,1,0,1,0,0,0,1,0,0,1,0,1,0,0,15,0,1,0,0,4,0          7
E5_E9_early_RLAST,2345,1,0,0,1,0,1,0,0,0,1,0,0,1,0,1,0,0,15,0,1,0,0,4,0          7
E5_E9_early_RLAST,2346,1,0,0,1,0,1,0,0,0,1,0,0,1,0,1,0,0,15,0,1,0,0,4,0          7
E5_E9_early_RLAST,2347,1,0,0,1,0,1,0,0,0,1,0,0,1,0,1,0,0,15,0,1,0,0,4,0          7
E5_E9_early_RLAST,2348,1,0,0,1,0,1,0,0,0,1,0,0,1,0,1,0,0,15,0,1,0,0,4,0          7
E5_E9_early_RLAST,2349,1,0,0,1,0,1,0,0,0,1,0,0,1,0,1,0,0,15,0,1,0,0,4,0          7
E5_E9_early_RLAST,2350,1,0,0,1,0,1,0,0,0,1,0,0,1,0,1,0,0,15,0,1,0,0,4,0          7
E5_E9_early_RLAST,2351,1,0,0,1,0,1,0,0,0,1,0,0,1,0,1,0,0,15,0,1,0,0,4,0          7
E5_E9_early_RLAST,2352,1,0,0,1,0,1,0,0,0,1,0,0,1,0,1,0,0,15,0,1,0,0,4,0          7
E5_E9_early_RLAST,2353,1,0,0,1,0,1,0,0,0,1,0,0,1,0,1,0,0,15,0,1,0,0,4,0          7
E5_E9_early_RLAST,2354,1,0,0,1,0,1,0,0,0,1,0,0,1,0,1,0,0,15,0,1,0,0,4,0          7
E5_E9_early_RLAST,2355,1,0,0,1,0,1,0,0,0,1,0,0,1,0,1,0,0,15,0,1,0,0,4,0          7
E5_E9_early_RLAST,2356,1,0,0,1,0,1,0,0,0,1,0,0,1,0,1,0,0,15,0,1,0,0,4,0          7
E5_E9_early_RLAST,2357,1,0,0,1,0,1,0,0,0,1,0,0,1,0,1,0,0,15,0,1,0,0,4,0          7
E5_E9_early_RLAST,2358,1,0,0,1,0,1,0,0,0,1,0,0,1,0,1,0,0,15,0,1,0,0,4,0          7
E5_E9_early_RLAST,2359,1,0,0,1,0,1,0,0,0,1,0,0,1,0,1,0,0,15,0,1,0,0,4,0          7
E5_E9_early_RLAST,2360,1,0,0,1,0,1,0,0,0,1,0,0,1,0,1,0,0,15,0,1,0,0,4,0          7
E5_E9_early_RLAST,2361,1,0,0,1,0,1,0,0,0,1,0,0,1,0,1,0,0,15,0,1,0,0,4,0          7
E5_E9_early_RLAST,2362,1,0,0,1,0,1,0,0,0,1,0,0,1,0,1,0,0,15,0,1,0,0,4,0          7
E5_E9_early_RLAST,2363,1,0,0,1,0,1,0,0,0,1,0,0,1,0,1,0,0,15,0,1,0,0,4,0          7
E5_E9_early_RLAST,2364,1,0,0,1,0,1,0,0,0,1,0,0,1,0,1,0,0,15,0,1,0,0,4,0          7
E5_E9_early_RLAST,2365,1,0,0,1,0,1,0,0,0,1,0,0,1,0,1,0,0,15,0,1,0,0,4,0          7
E5_E9_early_RLAST,2366,1,0,0,1,0,1,0,0,0,1,0,0,1,0,1,0,0,15,0,1,0,0,4,0          7
E5_E9_early_RLAST,2367,1,0,0,1,0,1,0,0,0,1,0,0,1,0,1,0,0,15,0,1,0,0,4,0          7
E5_E9_early_RLAST,2368,1,0,0,1,0,1,0,0,0,1,0,0,1,0,1,0,0,15,0,1,0,0,4,0          7
E5_E9_early_RLAST,2369,1,0,0,1,0,1,0,0,0,1,0,0,1,0,1,0,0,15,0,1,0,0,4,0          7
E5_E9_early_RLAST,2370,1,0,0,1,0,1,0,0,0,1,0,0,1,0,1,0,0,15,0,1,0,0,4,0          7
E5_E9_early_RLAST,2371,1,0,0,1,0,1,0,0,0,1,0,0,1,0,1,0,0,15,0,1,0,0,4,0          7
E5_E9_early_RLAST,2372,1,0,0,1,0,1,0,0,0,1,0,0,1,0,1,0,0,15,0,1,0,0,4,0          7
E5_E9_early_RLAST,2373,1,0,0,1,0,1,0,0,0,1,0,0,1,0,1,0,0,15,0,1,0,0,4,0          7
E5_E9_early_RLAST,2374,1,0,0,1,0,1,0,0,0,1,0,0,1,0,1,0,0,15,0,1,0,0,4,0          7
E5_E9_early_RLAST,2375,1,0,0,1,0,1,0,0,0,1,0,0,1,0,1,0,0,15,0,1,0,0,4,0          7
E5_E9_early_RLAST,2376,1,0,0,1,0,1,0,0,0,1,0,0,1,0,1,0,0,15,0,1,0,0,4,0          7
E5_E9_early_RLAST,2377,1,0,0,1,0,1,0,0,0,1,0,0,1,0,1,0,0,15,0,1,0,0,4,0          7
E5_E9_early_RLAST,2378,1,0,0,1,0,1,0,0,0,1,0,0,1,0,1,0,0,15,0,1,0,0,4,0          7
E5_E9_early_RLAST,2379,1,0,0,1,0,1,0,0,0,1,0,0,1,0,1,0,0,15,0,1,0,0,4,0          7
E5_E9_early_RLAST,2380,1,0,0,1,0,1,0,0,0,1,0,0,1,0,1,0,0,15,0,1,0,0,4,0          7
E5_E9_early_RLAST,2381,1,0,0,1,0,1,0,0,0,1,0,0,1,0,1,0,0,15,0,1,0,0,4,0          7
E5_E9_early_RLAST,2382,1,0,0,1,0,1,0,0,0,1,0,0,1,0,1,0,0,15,0,1,0,0,4,0          7
E5_E9_early_RLAST,2383,1,0,0,1,0,1,0,0,0,1,0,0,1,0,1,0,0,15,0,1,0,0,4,0          7
E5_E9_early_RLAST,2384,1,0,0,1,0,1,0,0,0,1,0,0,1,0,1,0,0,15,0,1,0,0,4,0          7
E5_E9_early_RLAST,2385,1,0,0,1,0,1,0,0,0,1,0,0,1,0,1,0,0,15,0,1,0,0,4,0          7
E5_E9_early_RLAST,2386,1,0,0,1,0,1,0,0,0,1,0,0,1,0,1,0,0,15,0,1,0,0,4,0          7
E5_E9_early_RLAST,2387,1,0,0,1,0,1,0,0,0,1,0,0,1,0,1,0,0,15,0,1,0,0,4,0          7
E5_E9_early_RLAST,2388,1,0,0,1,0,1,0,0,0,1,0,0,1,0,1,0,0,15,0,1,0,0,4,0          7
E5_E9_early_RLAST,2389,1,0,0,1,0,1,0,0,0,1,0,0,1,0,1,0,0,15,0,1,0,0,4,0          7
E5_E9_early_RLAST,2390,1,0,0,1,0,1,0,0,0,1,0,0,1,0,1,0,0,15,0,1,0,0,4,0          7
E5_E9_early_RLAST,2391,1,0,0,1,0,1,0,0,0,1,0,0,1,0,1,0,0,15,0,1,0,0,4,0          7
E5_E9_early_RLAST,2392,1,0,0,1,0,1,0,0,0,1,0,0,1,0,1,0,0,15,0,1,0,0,4,0          7
E5_E9_early_RLAST,2393,1,0,0,1,0,1,0,0,0,1,0,0,1,0,1,0,0,15,0,1,0,0,4,0          7
E5_E9_early_RLAST,2394,1,0,0,1,0,1,0,0,0,1,0,0,1,0,1,0,0,15,0,1,0,0,4,0          7
E5_E9_early_RLAST,2395,1,0,0,1,0,1,0,0,0,1,0,0,1,0,1,0,0,15,0,1,0,0,4,0          7
E5_E9_early_RLAST,2396,1,0,0,1,0,1,0,0,0,1,0,0,1,0,1,0,0,15,0,1,0,0,4,0          7
E5_E9_early_RLAST,2397,1,0,0,1,0,1,0,0,0,1,0,0,1,0,1,0,0,15,0,1,0,0,4,0          7
E5_E9_early_RLAST,2398,1,0,0,1,0,1,0,0,0,1,0,0,1,0,1,0,0,15,0,1,0,0,4,0          7
E5_E9_early_RLAST,2399,1,0,0,1,0,1,0,0,0,1,0,0,1,0,1,0,0,15,0,1,0,0,4,0          7
E5_E9_early_RLAST,2400,1,0,0,1,0,1,0,0,0,1,0,0,1,0,1,0,0,15,0,1,0,0,4,0          7
E5_E9_early_RLAST,2401,1,0,0,1,0,1,0,0,0,1,0,0,1,0,1,0,0,15,0,1,0,0,4,0          7
E5_E9_early_RLAST,2402,1,0,0,1,0,1,0,0,0,1,0,0,1,0,1,0,0,15,0,1,0,0,4,0          7
E5_E9_early_RLAST,2403,1,0,0,1,0,1,0,0,0,1,0,0,1,0,1,0,0,15,0,1,0,0,4,0          7
E5_E9_early_RLAST,2404,1,0,0,1,0,1,0,0,0,1,0,0,1,0,1,0,0,15,0,1,0,0,4,0          7
E5_E9_early_RLAST,2405,1,0,0,1,0,1,0,0,0,1,0,0,1,0,1,0,0,15,0,1,0,0,4,0          7
E5_E9_early_RLAST,2406,1,0,0,1,0,1,0,0,0,1,0,0,1,0,1,0,0,15,0,1,0,0,4,0          7
E5_E9_early_RLAST,2407,1,0,0,1,0,1,0,0,0,1,0,0,1,0,1,0,0,15,0,1,0,0,4,0          7
E5_E9_early_RLAST,2408,1,0,0,1,0,1,0,0,0,1,0,0,1,0,1,0,0,15,0,1,0,0,4,0          7
E5_E9_early_RLAST,2409,1,0,0,1,0,1,0,0,0,1,0,0,1,0,1,0,0,15,0,1,0,0,4,0          7
E5_E9_early_RLAST,2410,1,0,0,1,0,1,0,0,0,1,0,0,1,0,1,0,0,15,0,1,0,0,4,0          7
E5_E9_early_RLAST,2411,1,0,0,1,0,1,0,0,0,1,0,0,1,0,1,0,0,15,0,1,0,0,4,0          7
E5_E9_early_RLAST,2412,1,0,0,1,0,1,0,0,0,1,0,0,1,0,1,0,0,15,0,1,0,0,4,0          7
E5_E9_early_RLAST,2413,1,0,0,1,0,1,0,0,0,1,0,0,1,0,1,0,0,15,0,1,0,0,4,0          7
E5_E9_early_RLAST,2414,1,0,0,1,0,1,0,0,0,1,0,0,1,0,1,0,0,15,0,1,0,0,4,0          7
E5_E9_early_RLAST,2415,1,0,0,1,0,1,0,0,0,1,0,0,1,0,1,0,0,15,0,1,0,0,4,0          7
E5_E9_early_RLAST,2416,1,0,0,1,0,1,0,0,0,1,0,0,1,0,1,0,0,15,0,1,0,0,4,0          7
E5_E9_early_RLAST,2417,1,0,0,1,0,1,0,0,0,1,0,0,1,0,1,0,0,15,0,1,0,0,4,0          7
E5_E9_early_RLAST,2418,1,0,0,1,0,1,0,0,0,1,0,0,1,0,1,0,0,15,0,1,0,0,4,0          7
E5_E9_early_RLAST,2419,1,0,0,1,0,1,0,0,0,1,0,0,1,0,1,0,0,15,0,1,0,0,4,0          7
E5_E9_early_RLAST,2420,1,0,0,1,0,1,0,0,0,1,0,0,1,0,1,0,0,15,0,1,0,0,4,0          7
E5_E9_early_RLAST,2421,1,0,0,1,0,1,0,0,0,1,0,0,1,0,1,0,0,15,0,1,0,0,4,0          7
E5_E9_early_RLAST,2422,1,0,0,1,0,1,0,0,0,1,0,0,1,0,1,0,0,15,0,1,0,0,4,0          7
E5_E9_early_RLAST,2423,1,0,0,1,0,1,0,0,0,1,0,0,1,0,1,0,0,15,0,1,0,0,4,0          7
E5_E9_early_RLAST,2424,1,0,0,1,0,1,0,0,0,1,0,0,1,0,1,0,0,15,0,1,0,0,4,0          7
E5_E9_early_RLAST,2425,1,0,0,1,0,1,0,0,0,1,0,0,1,0,1,0,0,15,0,1,0,0,4,0          7
E5_E9_early_RLAST,2426,1,0,0,1,0,1,0,0,0,1,0,0,1,0,1,0,0,15,0,1,0,0,4,0          7
E5_E9_early_RLAST,2427,1,0,0,1,0,1,0,0,0,1,0,0,1,0,1,0,0,15,0,1,0,0,4,0          7
E5_E9_early_RLAST,2428,1,0,0,1,0,1,0,0,0,1,0,0,1,0,1,0,0,15,0,1,0,0,4,0          7
E5_E9_early_RLAST,2429,1,0,0,1,0,1,0,0,0,1,0,0,1,0,1,0,0,15,0,1,0,0,4,0          7
E5_E9_early_RLAST,2430,1,0,0,1,0,1,0,0,0,1,0,0,1,0,1,0,0,15,0,1,0,0,4,0          7
E5_E9_early_RLAST,2431,1,0,0,1,0,1,0,0,0,1,0,0,1,0,1,0,0,15,0,1,0,0,4,0          7
E5_E9_early_RLAST,2432,1,0,0,1,0,1,0,0,0,1,0,0,1,0,1,0,0,15,0,1,0,0,4,0          7
E5_E9_early_RLAST,2433,1,0,0,1,0,1,0,0,0,1,0,0,1,0,1,0,0,15,0,1,0,0,4,0          7
E5_E9_early_RLAST,2434,1,0,0,1,0,1,0,0,0,1,0,0,1,0,1,0,0,15,0,1,0,0,4,0          7
E5_E9_early_RLAST,2435,1,0,0,1,0,1,0,0,0,1,0,0,1,0,1,0,0,15,0,1,0,0,4,0          7
E5_E9_early_RLAST,2436,1,0,0,1,0,1,0,0,0,1,0,0,1,0,1,0,0,15,0,1,0,0,4,0          7
E5_E9_early_RLAST,2437,1,0,0,1,0,1,0,0,0,1,0,0,1,0,1,0,0,15,0,1,0,0,4,0          7
E5_E9_early_RLAST,2438,1,0,0,1,0,1,0,0,0,1,0,0,1,0,1,0,0,15,0,1,0,0,4,0          7
E5_E9_early_RLAST,2439,1,0,0,1,0,1,0,0,0,1,0,0,1,0,1,0,0,15,0,1,0,0,4,0          7
E5_E9_early_RLAST,2440,1,0,0,1,0,1,0,0,0,1,0,0,1,0,1,0,0,15,0,1,0,0,4,0          7
E5_E9_early_RLAST,2441,1,0,0,1,0,1,0,0,0,1,0,0,1,0,1,0,0,15,0,1,0,0,4,0          7
E5_E9_early_RLAST,2442,1,0,0,1,0,1,0,0,0,1,0,0,1,0,1,0,0,15,0,1,0,0,4,0          7
E5_E9_early_RLAST,2443,1,0,0,1,0,1,0,0,0,1,0,0,1,0,1,0,0,15,0,1,0,0,4,0          7
E5_E9_early_RLAST,2444,1,0,0,1,0,1,0,0,0,1,0,0,1,0,1,0,0,15,0,1,0,0,4,0          7
E5_E9_early_RLAST,2445,1,0,0,1,0,1,0,0,0,1,0,0,1,0,1,0,0,15,0,1,0,0,4,0          7
E5_E9_early_RLAST,2446,1,0,0,1,0,1,0,0,0,1,0,0,1,0,1,0,0,15,0,1,0,0,4,0          7
E5_E9_early_RLAST,2447,1,0,0,1,0,1,0,0,0,1,0,0,1,0,1,0,0,15,0,1,0,0,4,0          7
E5_E9_early_RLAST,2448,1,0,0,1,0,1,0,0,0,1,0,0,1,0,1,0,0,15,0,1,0,0,4,0          7
E5_E9_early_RLAST,2449,1,0,0,1,0,1,0,0,0,1,0,0,1,0,1,0,0,15,0,1,0,0,4,0          7
E5_E9_early_RLAST,2450,1,0,0,1,0,1,0,0,0,1,0,0,1,0,1,0,0,15,0,1,0,0,4,0          7
E5_E9_early_RLAST,2451,1,0,0,1,0,1,0,0,0,1,0,0,1,0,1,0,0,15,0,1,0,0,4,0          7
E5_E9_early_RLAST,2452,1,0,0,1,0,1,0,0,0,1,0,0,1,0,1,0,0,15,0,1,0,0,4,0          7
E5_E9_early_RLAST,2453,1,0,0,1,0,1,0,0,0,1,0,0,1,0,1,0,0,15,0,1,0,0,4,0          7
E5_E9_early_RLAST,2454,1,0,0,1,0,1,0,0,0,1,0,0,1,0,1,0,0,15,0,1,0,0,4,0          7
E5_E9_early_RLAST,2455,1,0,0,1,0,1,0,0,0,1,0,0,1,0,1,0,0,15,0,1,0,0,4,0          7
E5_E9_early_RLAST,2456,1,0,0,1,0,1,0,0,0,1,0,0,1,0,1,0,0,15,0,1,0,0,4,0          7
E5_E9_early_RLAST,2457,1,0,0,1,0,1,0,0,0,1,0,0,1,0,1,0,0,15,0,1,0,0,4,0          7
E5_E9_early_RLAST,2458,1,0,0,1,0,1,0,0,0,1,0,0,1,0,1,0,0,15,0,1,0,0,4,0          7
E5_E9_early_RLAST,2459,1,0,0,1,0,1,0,0,0,1,0,0,1,0,1,0,0,15,0,1,0,0,4,0          7
E5_E9_early_RLAST,2460,1,0,0,1,0,1,0,0,0,1,0,0,1,0,1,0,0,15,0,1,0,0,4,0          7
E5_E9_early_RLAST,2461,1,0,0,1,0,1,0,0,0,1,0,0,1,0,1,0,0,15,0,1,0,0,4,0          7
E5_E9_early_RLAST,2462,1,0,0,1,0,1,0,0,0,1,0,0,1,0,1,0,0,15,0,1,0,0,4,0          7
E5_E9_early_RLAST,2463,1,0,0,1,0,1,0,0,0,1,0,0,1,0,1,0,0,15,0,1,0,0,4,0          7
E5_E9_early_RLAST,2464,1,0,0,1,0,1,0,0,0,1,0,0,1,0,1,0,0,15,0,1,0,0,4,0          7
E5_E9_early_RLAST,2465,1,0,0,1,0,1,0,0,0,1,0,0,1,0,1,0,0,15,0,1,0,0,4,0          7
E5_E9_early_RLAST,2466,1,0,0,1,0,1,0,0,0,1,0,0,1,0,1,0,0,15,0,1,0,0,4,0          7
E5_E9_early_RLAST,2467,1,0,0,1,0,1,0,0,0,1,0,0,1,0,1,0,0,15,0,1,0,0,4,0          7
E5_E9_early_RLAST,2468,1,0,0,1,0,1,0,0,0,1,0,0,1,0,1,0,0,15,0,1,0,0,4,0          7
E5_E9_early_RLAST,2469,1,0,0,1,0,1,0,0,0,1,0,0,1,0,1,0,0,15,0,1,0,0,4,0          7
E5_E9_early_RLAST,2470,1,0,0,1,0,1,0,0,0,1,0,0,1,0,1,0,0,15,0,1,0,0,4,0          7
E5_E9_early_RLAST,2471,1,0,0,1,0,1,0,0,0,1,0,0,1,0,1,0,0,15,0,1,0,0,4,0          7
E5_E9_early_RLAST,2472,1,0,0,1,0,1,0,0,0,1,0,0,1,0,1,0,0,15,0,1,0,0,4,0          7
E5_E9_early_RLAST,2473,1,0,0,1,0,1,0,0,0,1,0,0,1,0,1,0,0,15,0,1,0,0,4,0          7
E5_E9_early_RLAST,2474,1,0,0,1,0,1,0,0,0,1,0,0,1,0,1,0,0,15,0,1,0,0,4,0          7
E5_E9_early_RLAST,2475,1,0,0,1,0,1,0,0,0,1,0,0,1,0,1,0,0,15,0,1,0,0,4,0          7
E5_E9_early_RLAST,2476,1,0,0,1,0,1,0,0,0,1,0,0,1,0,1,0,0,15,0,1,0,0,4,0          7
E5_E9_early_RLAST,2477,1,0,0,1,0,1,0,0,0,1,0,0,1,0,1,0,0,15,0,1,0,0,4,0          7
E5_E9_early_RLAST,2478,1,0,0,1,0,1,0,0,0,1,0,0,1,0,1,0,0,15,0,1,0,0,4,0          7
E5_E9_early_RLAST,2479,1,0,0,1,0,1,0,0,0,1,0,0,1,0,1,0,0,15,0,1,0,0,4,0          7
E5_E9_early_RLAST,2480,1,0,0,1,0,1,0,0,0,1,0,0,1,0,1,0,0,15,0,1,0,0,4,0          7
E5_E9_early_RLAST,2481,1,0,0,1,0,1,0,0,0,1,0,0,1,0,1,0,0,15,0,1,0,0,4,0          7
E5_E9_early_RLAST,2482,1,0,0,1,0,1,0,0,0,1,0,0,1,0,1,0,0,15,0,1,0,0,4,0          7
E5_E9_early_RLAST,2483,1,0,0,1,0,1,0,0,0,1,0,0,1,0,1,0,0,15,0,1,0,0,4,0          7
E5_E9_early_RLAST,2484,1,0,0,1,0,1,0,0,0,1,0,0,1,0,1,0,0,15,0,1,0,0,4,0          7
E5_E9_early_RLAST,2485,1,0,0,1,0,1,0,0,0,1,0,0,1,0,1,0,0,15,0,1,0,0,4,0          7
E5_E9_early_RLAST,2486,1,0,0,1,0,1,0,0,0,1,0,0,1,0,1,0,0,15,0,1,0,0,4,0          7
E5_E9_early_RLAST,2487,1,0,0,1,0,1,0,0,0,1,0,0,1,0,1,0,0,15,0,1,0,0,4,0          7
E5_E9_early_RLAST,2488,1,0,0,1,0,1,0,0,0,1,0,0,1,0,1,0,0,15,0,1,0,0,4,0          7
E5_E9_early_RLAST,2489,1,0,0,1,0,1,0,0,0,1,0,0,1,0,1,0,0,15,0,1,0,0,4,0          7
E5_E9_early_RLAST,2490,1,0,0,1,0,1,0,0,0,1,0,0,1,0,1,0,0,15,0,1,0,0,4,0          7
E5_E9_early_RLAST,2491,1,0,0,1,0,1,0,0,0,1,0,0,1,0,1,0,0,15,0,1,0,0,4,0          7
E5_E9_early_RLAST,2492,1,0,0,1,0,1,0,0,0,1,0,0,1,0,1,0,0,15,0,1,0,0,4,0          7
E5_E9_early_RLAST,2493,1,0,0,1,0,1,0,0,0,1,0,0,1,0,1,0,0,15,0,1,0,0,4,0          7
E5_E9_early_RLAST,2494,1,0,0,1,0,1,0,0,0,1,0,0,1,0,1,0,0,15,0,1,0,0,4,0          7
E5_E9_early_RLAST,2495,1,0,0,1,0,1,0,0,0,1,0,0,1,0,1,0,0,15,0,1,0,0,4,0          7
E5_E9_early_RLAST,2496,1,0,0,1,0,1,0,0,0,1,0,0,1,0,1,0,0,15,0,1,0,0,4,0          7
E5_E9_early_RLAST,2497,1,0,0,1,0,1,0,0,0,1,0,0,1,0,1,0,0,15,0,1,0,0,4,0          7
E5_E9_early_RLAST,2498,1,0,0,1,0,1,0,0,0,1,0,0,1,0,1,0,0,15,0,1,0,0,4,0          7
E5_E9_early_RLAST,2499,1,0,0,1,0,1,0,0,0,1,0,0,1,0,1,0,0,15,0,1,0,0,4,0          7
E5_E9_early_RLAST,2500,1,0,0,1,0,1,0,0,0,1,0,0,1,0,1,0,0,15,0,1,0,0,4,0          7
E5_E9_early_RLAST,2501,1,0,0,1,0,1,0,0,0,1,0,0,1,0,1,0,0,15,0,1,0,0,4,0          7
E5_E9_early_RLAST,2502,1,0,0,1,0,1,0,0,0,1,0,0,1,0,1,0,0,15,0,1,0,0,4,0          7
E5_E9_early_RLAST,2503,1,0,0,1,0,1,0,0,0,1,0,0,1,0,1,0,0,15,0,1,0,0,4,0          7
E5_E9_early_RLAST,2504,1,0,0,1,0,1,0,0,0,1,0,0,1,0,1,0,0,15,0,1,0,0,4,0          7
E5_E9_early_RLAST,2505,1,0,0,1,0,1,0,0,0,1,0,0,1,0,1,0,0,15,0,1,0,0,4,0          7
E5_E9_early_RLAST,2506,1,0,0,1,0,1,0,0,0,1,0,0,1,0,1,0,0,15,0,1,0,0,4,0          7
E5_E9_early_RLAST,2507,1,0,0,1,0,1,0,0,0,1,0,0,1,0,1,0,0,15,0,1,0,0,4,0          7
E5_E9_early_RLAST,2508,1,0,0,1,0,1,0,0,0,1,0,0,1,0,1,0,0,15,0,1,0,0,4,0          7
E5_E9_early_RLAST,2509,1,0,0,1,0,1,0,0,0,1,0,0,1,0,1,0,0,15,0,1,0,0,4,0          7
E5_E9_early_RLAST,2510,1,0,0,1,0,1,0,0,0,1,0,0,1,0,1,0,0,15,0,1,0,0,4,0          7
E5_E9_early_RLAST,2511,1,0,0,1,0,1,0,0,0,1,0,0,1,0,1,0,0,15,0,1,0,0,4,0          7
E5_E9_early_RLAST,2512,1,0,0,1,0,1,0,0,0,1,0,0,1,0,1,0,0,15,0,1,0,0,4,0          7
E5_E9_early_RLAST,2513,1,0,0,1,0,1,0,0,0,1,0,0,1,0,1,0,0,15,0,1,0,0,4,0          7
E5_E9_early_RLAST,2514,1,0,0,1,0,1,0,0,0,1,0,0,1,0,1,0,0,15,0,1,0,0,4,0          7
E5_E9_early_RLAST,2515,1,0,0,1,0,1,0,0,0,1,0,0,1,0,1,0,0,15,0,1,0,0,4,0          7
E5_E9_early_RLAST,2516,1,0,0,1,0,1,0,0,0,1,0,0,1,0,1,0,0,15,0,1,0,0,4,0          7
E5_E9_early_RLAST,2517,1,0,0,1,0,1,0,0,0,1,0,0,1,0,1,0,0,15,0,1,0,0,4,0          7
E5_E9_early_RLAST,2518,1,0,0,1,0,1,0,0,0,1,0,0,1,0,1,0,0,15,0,1,0,0,4,0          7
E5_E9_early_RLAST,2519,1,0,0,1,0,1,0,0,0,1,0,0,1,0,1,0,0,15,0,1,0,0,4,0          7
E5_E9_early_RLAST,2520,1,0,0,1,0,1,0,0,0,1,0,0,1,0,1,0,0,15,0,1,0,0,4,0          7
E5_E9_early_RLAST,2521,1,0,0,1,0,1,0,0,0,1,0,0,1,0,1,0,0,15,0,1,0,0,4,0          7
E5_E9_early_RLAST,2522,1,0,0,1,0,1,0,0,0,1,0,0,1,0,1,0,0,15,0,1,0,0,4,0          7
E5_E9_early_RLAST,2523,1,0,0,1,0,1,0,0,0,1,0,0,1,0,1,0,0,15,0,1,0,0,4,0          7
E5_E9_early_RLAST,2524,1,0,0,1,0,1,0,0,0,1,0,0,1,0,1,0,0,15,0,1,0,0,4,0          7
E5_E9_early_RLAST,2525,1,0,0,1,0,1,0,0,0,1,0,0,1,0,1,0,0,15,0,1,0,0,4,0          7
E5_E9_early_RLAST,2526,1,0,0,1,0,1,0,0,0,1,0,0,1,0,1,0,0,15,0,1,0,0,4,0          7
E5_E9_early_RLAST,2527,1,0,0,1,0,1,0,0,0,1,0,0,1,0,1,0,0,15,0,1,0,0,4,0          7
E5_E9_early_RLAST,2528,1,0,0,1,0,1,0,0,0,1,0,0,1,0,1,0,0,15,0,1,0,0,4,0          7
E5_E9_early_RLAST,2529,1,0,0,1,0,1,0,0,0,1,0,0,1,0,1,0,0,15,0,1,0,0,4,0          7
E5_E9_early_RLAST,2530,1,0,0,1,0,1,0,0,0,1,0,0,1,0,1,0,0,15,0,1,0,0,4,0          7
E5_E9_early_RLAST,2531,1,0,0,1,0,1,0,0,0,1,0,0,1,0,1,0,0,15,0,1,0,0,4,0          7
E5_E9_early_RLAST,2532,1,0,0,1,0,1,0,0,0,1,0,0,1,0,1,0,0,15,0,1,0,0,4,0          7
E5_E9_early_RLAST,2533,1,0,0,1,0,1,0,0,0,1,0,0,1,0,1,0,0,15,0,1,0,0,4,0          7
E5_E9_early_RLAST,2534,1,0,0,1,0,1,0,0,0,1,0,0,1,0,1,0,0,15,0,1,0,0,4,0          7
E5_E9_early_RLAST,2535,1,0,0,1,0,1,0,0,0,1,0,0,1,0,1,0,0,15,0,1,0,0,4,0          7
E5_E9_early_RLAST,2536,1,0,0,1,0,1,0,0,0,1,0,0,1,0,1,0,0,15,0,1,0,0,4,0          7
E5_E9_early_RLAST,2537,1,0,0,1,0,1,0,0,0,1,0,0,1,0,1,0,0,15,0,1,0,0,4,0          7
E5_E9_early_RLAST,2538,1,0,0,1,0,1,0,0,0,1,0,0,1,0,1,0,0,15,0,1,0,0,4,0          7
E5_E9_early_RLAST,2539,1,0,0,1,0,1,0,0,0,1,0,0,1,0,1,0,0,15,0,1,0,0,4,0          7
E5_E9_early_RLAST,2540,1,0,0,1,0,1,0,0,0,1,0,0,1,0,1,0,0,15,0,1,0,0,4,0          7
E5_E9_early_RLAST,2541,1,0,0,1,0,1,0,0,0,1,0,0,1,0,1,0,0,15,0,1,0,0,4,0          7
E5_E9_early_RLAST,2542,1,0,0,1,0,1,0,0,0,1,0,0,1,0,1,0,0,15,0,1,0,0,4,0          7
E5_E9_early_RLAST,2543,1,0,0,1,0,1,0,0,0,1,0,0,1,0,1,0,0,15,0,1,0,0,4,0          7
E5_E9_early_RLAST,2544,1,0,0,1,0,1,0,0,0,1,0,0,1,0,1,0,0,15,0,1,0,0,4,0          7
E5_E9_early_RLAST,2545,1,0,0,1,0,1,0,0,0,1,0,0,1,0,1,0,0,15,0,1,0,0,4,0          7
E5_E9_early_RLAST,2546,1,0,0,1,0,1,0,0,0,1,0,0,1,0,1,0,0,15,0,1,0,0,4,0          7
E5_E9_early_RLAST,2547,1,0,0,1,0,1,0,0,0,1,0,0,1,0,1,0,0,15,0,1,0,0,4,0          7
E5_E9_early_RLAST,2548,1,0,0,1,0,1,0,0,0,1,0,0,1,0,1,0,0,15,0,1,0,0,4,0          7
E5_E9_early_RLAST,2549,1,0,0,1,0,1,0,0,0,1,0,0,1,0,1,0,0,15,0,1,0,0,4,0          7
E5_E9_early_RLAST,2550,1,0,0,1,0,1,0,0,0,1,0,0,1,0,1,0,0,15,0,1,0,0,4,0          7
E5_E9_early_RLAST,2551,1,0,0,1,0,1,0,0,0,1,0,0,1,0,1,0,0,15,0,1,0,0,4,0          7
E5_E9_early_RLAST,2552,1,0,0,1,0,1,0,0,0,1,0,0,1,0,1,0,0,15,0,1,0,0,4,0          7
E5_E9_early_RLAST,2553,1,0,0,1,0,1,0,0,0,1,0,0,1,0,1,0,0,15,0,1,0,0,4,0          7
E5_E9_early_RLAST,2554,1,0,0,1,0,1,0,0,0,1,0,0,1,0,1,0,0,15,0,1,0,0,4,0          7
E5_E9_early_RLAST,2555,1,0,0,1,0,1,0,0,0,1,0,0,1,0,1,0,0,15,0,1,0,0,4,0          7
E5_E9_early_RLAST,2556,1,0,0,1,0,1,0,0,0,1,0,0,1,0,1,0,0,15,0,1,0,0,4,0          7
E5_E9_early_RLAST,2557,1,0,0,1,0,1,0,0,0,1,0,0,1,0,1,0,0,15,0,1,0,0,4,0          7
E5_E9_early_RLAST,2558,1,0,0,1,0,1,0,0,0,1,0,0,1,0,1,0,0,15,0,1,0,0,4,0          7
E5_E9_early_RLAST,2559,1,0,0,1,0,1,0,0,0,1,0,0,1,0,1,0,0,15,0,1,0,0,4,0          7
E5_E9_early_RLAST,2560,1,0,0,1,0,1,0,0,0,1,0,0,1,0,1,0,0,15,0,1,0,0,4,0          7
E5_E9_early_RLAST,2561,1,0,0,1,0,1,0,0,0,1,0,0,1,0,1,0,0,15,0,1,0,0,4,0          7
E5_E9_early_RLAST,2562,1,0,0,1,0,1,0,0,0,1,0,0,1,0,1,0,0,15,0,1,0,0,4,0          7
E5_E9_early_RLAST,2563,1,0,0,1,0,1,0,0,0,1,0,0,1,0,1,0,0,15,0,1,0,0,4,0          7
E5_E9_early_RLAST,2564,1,0,0,1,0,1,0,0,0,1,0,0,1,0,1,0,0,15,0,1,0,0,4,0          7
E5_E9_early_RLAST,2565,1,0,0,1,0,1,0,0,0,1,0,0,1,0,1,0,0,15,0,1,0,0,4,0          7
E5_E9_early_RLAST,2566,1,0,0,1,0,1,0,0,0,1,0,0,1,0,1,0,0,15,0,1,0,0,4,0          7
E5_E9_early_RLAST,2567,1,0,0,1,0,1,0,0,0,1,0,0,1,0,1,0,0,15,0,1,0,0,4,0          7
E5_E9_early_RLAST,2568,1,0,0,1,0,1,0,0,0,1,0,0,1,0,1,0,0,15,0,1,0,0,4,0          7
E5_E9_early_RLAST,2569,1,0,0,1,0,1,0,0,0,1,0,0,1,0,1,0,0,15,0,1,0,0,4,0          7
E5_E9_early_RLAST,2570,1,0,0,1,0,1,0,0,0,1,0,0,1,0,1,0,0,15,0,1,0,0,4,0          7
E5_E9_early_RLAST,2571,1,0,0,1,0,1,0,0,0,1,0,0,1,0,1,0,0,15,0,1,0,0,4,0          7
E5_E9_early_RLAST,2572,1,0,0,1,0,1,0,0,0,1,0,0,1,0,1,0,0,15,0,1,0,0,4,0          7
E5_E9_early_RLAST,2573,1,0,0,1,0,1,0,0,0,1,0,0,1,0,1,0,0,15,0,1,0,0,4,0          7
E5_E9_early_RLAST,2574,1,0,0,1,0,1,0,0,0,1,0,0,1,0,1,0,0,15,0,1,0,0,4,0          7
E5_E9_early_RLAST,2575,1,0,0,1,0,1,0,0,0,1,0,0,1,0,1,0,0,15,0,1,0,0,4,0          7
E5_E9_early_RLAST,2576,1,0,0,1,0,1,0,0,0,1,0,0,1,0,1,0,0,15,0,1,0,0,4,0          7
E5_E9_early_RLAST,2577,1,0,0,1,0,1,0,0,0,1,0,0,1,0,1,0,0,15,0,1,0,0,4,0          7
E5_E9_early_RLAST,2578,1,0,0,1,0,1,0,0,0,1,0,0,1,0,1,0,0,15,0,1,0,0,4,0          7
E5_E9_early_RLAST,2579,1,0,0,1,0,1,0,0,0,1,0,0,1,0,1,0,0,15,0,1,0,0,4,0          7
E5_E9_early_RLAST,2580,1,0,0,1,0,1,0,0,0,1,0,0,1,0,1,0,0,15,0,1,0,0,4,0          7
E5_E9_early_RLAST,2581,1,0,0,1,0,1,0,0,0,1,0,0,1,0,1,0,0,15,0,1,0,0,4,0          7
E5_E9_early_RLAST,2582,1,0,0,1,0,1,0,0,0,1,0,0,1,0,1,0,0,15,0,1,0,0,4,0          7
E5_E9_early_RLAST,2583,1,0,0,1,0,1,0,0,0,1,0,0,1,0,1,0,0,15,0,1,0,0,4,0          7
E5_E9_early_RLAST,2584,1,0,0,1,0,1,0,0,0,1,0,0,1,0,1,0,0,15,0,1,0,0,4,0          7
E5_E9_early_RLAST,2585,1,0,0,1,0,1,0,0,0,1,0,0,1,0,1,0,0,15,0,1,0,0,4,0          7
E5_E9_early_RLAST,2586,1,0,0,1,0,1,0,0,0,1,0,0,1,0,1,0,0,15,0,1,0,0,4,0          7
E5_E9_early_RLAST,2587,1,0,0,1,0,1,0,0,0,1,0,0,1,0,1,0,0,15,0,1,0,0,4,0          7
E5_E9_early_RLAST,2588,1,0,0,1,0,1,0,0,0,1,0,0,1,0,1,0,0,15,0,1,0,0,4,0          7
E5_E9_early_RLAST,2589,1,0,0,1,0,1,0,0,0,1,0,0,1,0,1,0,0,15,0,1,0,0,4,0          7
E5_E9_early_RLAST,2590,1,0,0,1,0,1,0,0,0,1,0,0,1,0,1,0,0,15,0,1,0,0,4,0          7
E5_E9_early_RLAST,2591,1,0,0,1,0,1,0,0,0,1,0,0,1,0,1,0,0,15,0,1,0,0,4,0          7
E5_E9_early_RLAST,2592,1,0,0,1,0,1,0,0,0,1,0,0,1,0,1,0,0,15,0,1,0,0,4,0          7
E5_E9_early_RLAST,2593,1,0,0,1,0,1,0,0,0,1,0,0,1,0,1,0,0,15,0,1,0,0,4,0          7
E5_E9_early_RLAST,2594,1,0,0,1,0,1,0,0,0,1,0,0,1,0,1,0,0,15,0,1,0,0,4,0          7
E5_E9_early_RLAST,2595,1,0,0,1,0,1,0,0,0,1,0,0,1,0,1,0,0,15,0,1,0,0,4,0          7
E5_E9_early_RLAST,2596,1,0,0,1,0,1,0,0,0,1,0,0,1,0,1,0,0,15,0,1,0,0,4,0          7
E5_E9_early_RLAST,2597,1,0,0,1,0,1,0,0,0,1,0,0,1,0,1,0,0,15,0,1,0,0,4,0          7
E5_E9_early_RLAST,2598,1,0,0,1,0,1,0,0,0,1,0,0,1,0,1,0,0,15,0,1,0,0,4,0          7
E5_E9_early_RLAST,2599,1,0,0,1,0,1,0,0,0,1,0,0,1,0,1,0,0,15,0,1,0,0,4,0          7
E5_E9_early_RLAST,2600,1,0,0,1,0,1,0,0,0,1,0,0,1,0,1,0,0,15,0,1,0,0,4,0          7
E5_E9_early_RLAST,2601,1,0,0,1,0,1,0,0,0,1,0,0,1,0,1,0,0,15,0,1,0,0,4,0          7
E5_E9_early_RLAST,2602,1,0,0,1,0,1,0,0,0,1,0,0,1,0,1,0,0,15,0,1,0,0,4,0          7
E5_E9_early_RLAST,2603,1,0,0,1,0,1,0,0,0,1,0,0,1,0,1,0,0,15,0,1,0,0,4,0          7
E5_E9_early_RLAST,2604,1,0,0,1,0,1,0,0,0,1,0,0,1,0,1,0,0,15,0,1,0,0,4,0          7
E5_E9_early_RLAST,2605,1,0,0,1,0,1,0,0,0,1,0,0,1,0,1,0,0,15,0,1,0,0,4,0          7
E5_E9_early_RLAST,2606,1,0,0,1,0,1,0,0,0,1,0,0,1,0,1,0,0,15,0,1,0,0,4,0          7
E5_E9_early_RLAST,2607,1,0,0,1,0,1,0,0,0,1,0,0,1,0,1,0,0,15,0,1,0,0,4,0          7
E5_E9_early_RLAST,2608,1,0,0,1,0,1,0,0,0,1,0,0,1,0,1,0,0,15,0,1,0,0,4,0          7
E5_E9_early_RLAST,2609,1,0,0,1,0,1,0,0,0,1,0,0,1,0,1,0,0,15,0,1,0,0,4,0          7
E5_E9_early_RLAST,2610,1,0,0,1,0,1,0,0,0,1,0,0,1,0,1,0,0,15,0,1,0,0,4,0          7
E5_E9_early_RLAST,2611,1,0,0,1,0,1,0,0,0,1,0,0,1,0,1,0,0,15,0,1,0,0,4,0          7
E5_E9_early_RLAST,2612,1,0,0,1,0,1,0,0,0,1,0,0,1,0,1,0,0,15,0,1,0,0,4,0          7
E5_E9_early_RLAST,2613,1,0,0,1,0,1,0,0,0,1,0,0,1,0,1,0,0,15,0,1,0,0,4,0          7
E5_E9_early_RLAST,2614,1,0,0,1,0,1,0,0,0,1,0,0,1,0,1,0,0,15,0,1,0,0,4,0          7
E5_E9_early_RLAST,2615,1,0,0,1,0,1,0,0,0,1,0,0,1,0,1,0,0,15,0,1,0,0,4,0          7
E5_E9_early_RLAST,2616,1,0,0,1,0,1,0,0,0,1,0,0,1,0,1,0,0,15,0,1,0,0,4,0          7
E5_E9_early_RLAST,2617,1,0,0,1,0,1,0,0,0,1,0,0,1,0,1,0,0,15,0,1,0,0,4,0          7
E5_E9_early_RLAST,2618,1,0,0,1,0,1,0,0,0,1,0,0,1,0,1,0,0,15,0,1,0,0,4,0          7
E5_E9_early_RLAST,2619,1,0,0,1,0,1,0,0,0,1,0,0,1,0,1,0,0,15,0,1,0,0,4,0          7
E5_E9_early_RLAST,2620,1,0,0,1,0,1,0,0,0,1,0,0,1,0,1,0,0,15,0,1,0,0,4,0          7
E5_E9_early_RLAST,2621,1,0,0,1,0,1,0,0,0,1,0,0,1,0,1,0,0,15,0,1,0,0,4,0          7
E5_E9_early_RLAST,2622,1,0,0,1,0,1,0,0,0,1,0,0,1,0,1,0,0,15,0,1,0,0,4,0          7
E5_E9_early_RLAST,2623,1,0,0,1,0,1,0,0,0,1,0,0,1,0,1,0,0,15,0,1,0,0,4,0          7
E5_E9_early_RLAST,2624,1,0,0,1,0,1,0,0,0,1,0,0,1,0,1,0,0,15,0,1,0,0,4,0          7
E5_E9_early_RLAST,2625,1,0,0,1,0,1,0,0,0,1,0,0,1,0,1,0,0,15,0,1,0,0,4,0          7
E5_E9_early_RLAST,2626,1,0,0,1,0,1,0,0,0,1,0,0,1,0,1,0,0,15,0,1,0,0,4,0          7
E5_E9_early_RLAST,2627,1,0,0,1,0,1,0,0,0,1,0,0,1,0,1,0,0,15,0,1,0,0,4,0          7
E5_E9_early_RLAST,2628,1,0,0,1,0,1,0,0,0,1,0,0,1,0,1,0,0,15,0,1,0,0,4,0          7
E5_E9_early_RLAST,2629,1,0,0,1,0,1,0,0,0,1,0,0,1,0,1,0,0,15,0,1,0,0,4,0          7
E5_E9_early_RLAST,2630,1,0,0,1,0,1,0,0,0,1,0,0,1,0,1,0,0,15,0,1,0,0,4,0          7
E5_E9_early_RLAST,2631,1,0,0,1,0,1,0,0,0,1,0,0,1,0,1,0,0,15,0,1,0,0,4,0          7
E5_E9_early_RLAST,2632,1,0,0,1,0,1,0,0,0,1,0,0,1,0,1,0,0,15,0,1,0,0,4,0          7
E5_E9_early_RLAST,2633,1,0,0,1,0,1,0,0,0,1,0,0,1,0,1,0,0,15,0,1,0,0,4,0          7
E5_E9_early_RLAST,2634,1,0,0,1,0,1,0,0,0,1,0,0,1,0,1,0,0,15,0,1,0,0,4,0          7
E5_E9_early_RLAST,2635,1,0,0,1,0,1,0,0,0,1,0,0,1,0,1,0,0,15,0,1,0,0,4,0          7
E5_E9_early_RLAST,2636,1,0,0,1,0,1,0,0,0,1,0,0,1,0,1,0,0,15,0,1,0,0,4,0          7
E5_E9_early_RLAST,2637,1,0,0,1,0,1,0,0,0,1,0,0,1,0,1,0,0,15,0,1,0,0,4,0          7
E5_E9_early_RLAST,2638,1,0,0,1,0,1,0,0,0,1,0,0,1,0,1,0,0,15,0,1,0,0,4,0          7
E5_E9_early_RLAST,2639,1,0,0,1,0,1,0,0,0,1,0,0,1,0,1,0,0,15,0,1,0,0,4,0          7
E5_E9_early_RLAST,2640,1,0,0,1,0,1,0,0,0,1,0,0,1,0,1,0,0,15,0,1,0,0,4,0          7
E5_E9_early_RLAST,2641,1,0,0,1,0,1,0,0,0,1,0,0,1,0,1,0,0,15,0,1,0,0,4,0          7
E5_E9_early_RLAST,2642,1,0,0,1,0,1,0,0,0,1,0,0,1,0,1,0,0,15,0,1,0,0,4,0          7
E5_E9_early_RLAST,2643,1,0,0,1,0,1,0,0,0,1,0,0,1,0,1,0,0,15,0,1,0,0,4,0          7
E5_E9_early_RLAST,2644,1,0,0,1,0,1,0,0,0,1,0,0,1,0,1,0,0,15,0,1,0,0,4,0          7
E5_E9_early_RLAST,2645,1,0,0,1,0,1,0,0,0,1,0,0,1,0,1,0,0,15,0,1,0,0,4,0          7
E5_E9_early_RLAST,2646,1,0,0,1,0,1,0,0,0,1,0,0,1,0,1,0,0,15,0,1,0,0,4,0          7
E5_E9_early_RLAST,2647,1,0,0,1,0,1,0,0,0,1,0,0,1,0,1,0,0,15,0,1,0,0,4,0          7
E5_E9_early_RLAST,2648,1,0,0,1,0,1,0,0,0,1,0,0,1,0,1,0,0,15,0,1,0,0,4,0          7
E5_E9_early_RLAST,2649,1,0,0,1,0,1,0,0,0,1,0,0,1,0,1,0,0,15,0,1,0,0,4,0          7
E5_E9_early_RLAST,2650,1,0,0,1,0,1,0,0,0,1,0,0,1,0,1,0,0,15,0,1,0,0,4,0          7
E5_E9_early_RLAST,2651,1,0,0,1,0,1,0,0,0,1,0,0,1,0,1,0,0,15,0,1,0,0,4,0          7
E5_E9_early_RLAST,2652,1,0,0,1,0,1,0,0,0,1,0,0,1,0,1,0,0,15,0,1,0,0,4,0          7
E5_E9_early_RLAST,2653,1,0,0,1,0,1,0,0,0,1,0,0,1,0,1,0,0,15,0,1,0,0,4,0          7
E5_E9_early_RLAST,2654,1,0,0,1,0,1,0,0,0,1,0,0,1,0,1,0,0,15,0,1,0,0,4,0          7
E5_E9_early_RLAST,2655,1,0,0,1,0,1,0,0,0,1,0,0,1,0,1,0,0,15,0,1,0,0,4,0          7
E5_E9_early_RLAST,2656,1,0,0,1,0,1,0,0,0,1,0,0,1,0,1,0,0,15,0,1,0,0,4,0          7
E5_E9_early_RLAST,2657,1,0,0,1,0,1,0,0,0,1,0,0,1,0,1,0,0,15,0,1,0,0,4,0          7
E5_E9_early_RLAST,2658,1,0,0,1,0,1,0,0,0,1,0,0,1,0,1,0,0,15,0,1,0,0,4,0          7
E5_E9_early_RLAST,2659,1,0,0,1,0,1,0,0,0,1,0,0,1,0,1,0,0,15,0,1,0,0,4,0          7
E5_E9_early_RLAST,2660,1,0,0,1,0,1,0,0,0,1,0,0,1,0,1,0,0,15,0,1,0,0,4,0          7
E5_E9_early_RLAST,2661,1,0,0,1,0,1,0,0,0,1,0,0,1,0,1,0,0,15,0,1,0,0,4,0          7
E5_E9_early_RLAST,2662,1,0,0,1,0,1,0,0,0,1,0,0,1,0,1,0,0,15,0,1,0,0,4,0          7
E5_E9_early_RLAST,2663,1,0,0,1,0,1,0,0,0,1,0,0,1,0,1,0,0,15,0,1,0,0,4,0          7
E5_E9_early_RLAST,2664,1,0,0,1,0,1,0,0,0,1,0,0,1,0,1,0,0,15,0,1,0,0,4,0          7
E5_E9_early_RLAST,2665,1,0,0,1,0,1,0,0,0,1,0,0,1,0,1,0,0,15,0,1,0,0,4,0          7
E5_E9_early_RLAST,2666,1,0,0,1,0,1,0,0,0,1,0,0,1,0,1,0,0,15,0,1,0,0,4,0          7
E5_E9_early_RLAST,2667,1,0,0,1,0,1,0,0,0,1,0,0,1,0,1,0,0,15,0,1,0,0,4,0          7
E5_E9_early_RLAST,2668,1,0,0,1,0,1,0,0,0,1,0,0,1,0,1,0,0,15,0,1,0,0,4,0          7
E5_E9_early_RLAST,2669,1,0,0,1,0,1,0,0,0,1,0,0,1,0,1,0,0,15,0,1,0,0,4,0          7
E5_E9_early_RLAST,2670,1,0,0,1,0,1,0,0,0,1,0,0,1,0,1,0,0,15,0,1,0,0,4,0          7
E5_E9_early_RLAST,2671,1,0,0,1,0,1,0,0,0,1,0,0,1,0,1,0,0,15,0,1,0,0,4,0          7
E5_E9_early_RLAST,2672,1,0,0,1,0,1,0,0,0,1,0,0,1,0,1,0,0,15,0,1,0,0,4,0          7
E5_E9_early_RLAST,2673,1,0,0,1,0,1,0,0,0,1,0,0,1,0,1,0,0,15,0,1,0,0,4,0          7
E5_E9_early_RLAST,2674,1,0,0,1,0,1,0,0,0,1,0,0,1,0,1,0,0,15,0,1,0,0,4,0          7
E5_E9_early_RLAST,2675,1,0,0,1,0,1,0,0,0,1,0,0,1,0,1,0,0,15,0,1,0,0,4,0          7
E5_E9_early_RLAST,2676,1,0,0,1,0,1,0,0,0,1,0,0,1,0,1,0,0,15,0,1,0,0,4,0          7
E5_E9_early_RLAST,2677,1,0,0,1,0,1,0,0,0,1,0,0,1,0,1,0,0,15,0,1,0,0,4,0          7
E5_E9_early_RLAST,2678,1,0,0,1,0,1,0,0,0,1,0,0,1,0,1,0,0,15,0,1,0,0,4,0          7
E5_E9_early_RLAST,2679,1,0,0,1,0,1,0,0,0,1,0,0,1,0,1,0,0,15,0,1,0,0,4,0          7
E5_E9_early_RLAST,2680,1,0,0,1,0,1,0,0,0,1,0,0,1,0,1,0,0,15,0,1,0,0,4,0          7
E5_E9_early_RLAST,2681,1,0,0,1,0,1,0,0,0,1,0,0,1,0,1,0,0,15,0,1,0,0,4,0          7
E5_E9_early_RLAST,2682,1,0,0,1,0,1,0,0,0,1,0,0,1,0,1,0,0,15,0,1,0,0,4,0          7
E5_E9_early_RLAST,2683,1,0,0,1,0,1,0,0,0,1,0,0,1,0,1,0,0,15,0,1,0,0,4,0          7
E5_E9_early_RLAST,2684,1,0,0,1,0,1,0,0,0,1,0,0,1,0,1,0,0,15,0,1,0,0,4,0          7
E5_E9_early_RLAST,2685,1,0,0,1,0,1,0,0,0,1,0,0,1,0,1,0,0,15,0,1,0,0,4,0          7
E5_E9_early_RLAST,2686,1,0,0,1,0,1,0,0,0,1,0,0,1,0,1,0,0,15,0,1,0,0,4,0          7
E5_E9_early_RLAST,2687,1,0,0,1,0,1,0,0,0,1,0,0,1,0,1,0,0,15,0,1,0,0,4,0          7
E5_E9_early_RLAST,2688,1,0,0,1,0,1,0,0,0,1,0,0,1,0,1,0,0,15,0,1,0,0,4,0          7
E5_E9_early_RLAST,2689,1,0,0,1,0,1,0,0,0,1,0,0,1,0,1,0,0,15,0,1,0,0,4,0          7
E5_E9_early_RLAST,2690,1,0,0,1,0,1,0,0,0,1,0,0,1,0,1,0,0,15,0,1,0,0,4,0          7
E5_E9_early_RLAST,2691,1,0,0,1,0,1,0,0,0,1,0,0,1,0,1,0,0,15,0,1,0,0,4,0          7
E5_E9_early_RLAST,2692,1,0,0,1,0,1,0,0,0,1,0,0,1,0,1,0,0,15,0,1,0,0,4,0          7
E5_E9_early_RLAST,2693,1,0,0,1,0,1,0,0,0,1,0,0,1,0,1,0,0,15,0,1,0,0,4,0          7
E5_E9_early_RLAST,2694,1,0,0,1,0,1,0,0,0,1,0,0,1,0,1,0,0,15,0,1,0,0,4,0          7
E5_E9_early_RLAST,2695,1,0,0,1,0,1,0,0,0,1,0,0,1,0,1,0,0,15,0,1,0,0,4,0          7
E5_E9_early_RLAST,2696,1,0,0,1,0,1,0,0,0,1,0,0,1,0,1,0,0,15,0,1,0,0,4,0          7
E5_E9_early_RLAST,2697,1,0,0,1,0,1,0,0,0,1,0,0,1,0,1,0,0,15,0,1,0,0,4,0          7
E5_E9_early_RLAST,2698,1,0,0,1,0,1,0,0,0,1,0,0,1,0,1,0,0,15,0,1,0,0,4,0          7
E5_E9_early_RLAST,2699,1,0,0,1,0,1,0,0,0,1,0,0,1,0,1,0,0,15,0,1,0,0,4,0          7
E5_E9_early_RLAST,2700,1,0,0,1,0,1,0,0,0,1,0,0,1,0,1,0,0,15,0,1,0,0,4,0          7
E5_E9_early_RLAST,2701,1,0,0,1,0,1,0,0,0,1,0,0,1,0,1,0,0,15,0,1,0,0,4,0          7
E5_E9_early_RLAST,2702,1,0,0,1,0,1,0,0,0,1,0,0,1,0,1,0,0,15,0,1,0,0,4,0          7
E5_E9_early_RLAST,2703,1,0,0,1,0,1,0,0,0,1,0,0,1,0,1,0,0,15,0,1,0,0,4,0          7
E5_E9_early_RLAST,2704,1,0,0,1,0,1,0,0,0,1,0,0,1,0,1,0,0,15,0,1,0,0,4,0          7
E5_E9_early_RLAST,2705,1,0,0,1,0,1,0,0,0,1,0,0,1,0,1,0,0,15,0,1,0,0,4,0          7
E5_E9_early_RLAST,2706,1,0,0,1,0,1,0,0,0,1,0,0,1,0,1,0,0,15,0,1,0,0,4,0          7
E5_E9_early_RLAST,2707,1,0,0,1,0,1,0,0,0,1,0,0,1,0,1,0,0,15,0,1,0,0,4,0          7
E5_E9_early_RLAST,2708,1,0,0,1,0,1,0,0,0,1,0,0,1,0,1,0,0,15,0,1,0,0,4,0          7
E5_E9_early_RLAST,2709,1,0,0,1,0,1,0,0,0,1,0,0,1,0,1,0,0,15,0,1,0,0,4,0          7
E5_E9_early_RLAST,2710,1,0,0,1,0,1,0,0,0,1,0,0,1,0,1,0,0,15,0,1,0,0,4,0          7
E5_E9_early_RLAST,2711,1,0,0,1,0,1,0,0,0,1,0,0,1,0,1,0,0,15,0,1,0,0,4,0          7
E5_E9_early_RLAST,2712,1,0,0,1,0,1,0,0,0,1,0,0,1,0,1,0,0,15,0,1,0,0,4,0          7
E5_E9_early_RLAST,2713,1,0,0,1,0,1,0,0,0,1,0,0,1,0,1,0,0,15,0,1,0,0,4,0          7
E5_E9_early_RLAST,2714,1,0,0,1,0,1,0,0,0,1,0,0,1,0,1,0,0,15,0,1,0,0,4,0          7
E5_E9_early_RLAST,2715,1,0,0,1,0,1,0,0,0,1,0,0,1,0,1,0,0,15,0,1,0,0,4,0          7
E5_E9_early_RLAST,2716,1,0,0,1,0,1,0,0,0,1,0,0,1,0,1,0,0,15,0,1,0,0,4,0          7
E5_E9_early_RLAST,2717,1,0,0,1,0,1,0,0,0,1,0,0,1,0,1,0,0,15,0,1,0,0,4,0          7
E5_E9_early_RLAST,2718,1,0,0,1,0,1,0,0,0,1,0,0,1,0,1,0,0,15,0,1,0,0,4,0          7
E5_E9_early_RLAST,2719,1,0,0,1,0,1,0,0,0,1,0,0,1,0,1,0,0,15,0,1,0,0,4,0          7
E5_E9_early_RLAST,2720,1,0,0,1,0,1,0,0,0,1,0,0,1,0,1,0,0,15,0,1,0,0,4,0          7
E5_E9_early_RLAST,2721,1,0,0,1,0,1,0,0,0,1,0,0,1,0,1,0,0,15,0,1,0,0,4,0          7
E5_E9_early_RLAST,2722,1,0,0,1,0,1,0,0,0,1,0,0,1,0,1,0,0,15,0,1,0,0,4,0          7
E5_E9_early_RLAST,2723,1,0,0,1,0,1,0,0,0,1,0,0,1,0,1,0,0,15,0,1,0,0,4,0          7
E5_E9_early_RLAST,2724,1,0,0,1,0,1,0,0,0,1,0,0,1,0,1,0,0,15,0,1,0,0,4,0          7
E5_E9_early_RLAST,2725,1,0,0,1,0,1,0,0,0,1,0,0,1,0,1,0,0,15,0,1,0,0,4,0          7
E5_E9_early_RLAST,2726,1,0,0,1,0,1,0,0,0,1,0,0,1,0,1,0,0,15,0,1,0,0,4,0          7
E5_E9_early_RLAST,2727,1,0,0,1,0,1,0,0,0,1,0,0,1,0,1,0,0,15,0,1,0,0,4,0          7
E5_E9_early_RLAST,2728,1,0,0,1,0,1,0,0,0,1,0,0,1,0,1,0,0,15,0,1,0,0,4,0          7
E5_E9_early_RLAST,2729,1,0,0,1,0,1,0,0,0,1,0,0,1,0,1,0,0,15,0,1,0,0,4,0          7
E5_E9_early_RLAST,2730,1,0,0,1,0,1,0,0,0,1,0,0,1,0,1,0,0,15,0,1,0,0,4,0          7
E5_E9_early_RLAST,2731,1,0,0,1,0,1,0,0,0,1,0,0,1,0,1,0,0,15,0,1,0,0,4,0          7
E5_E9_early_RLAST,2732,1,0,0,1,0,1,0,0,0,1,0,0,1,0,1,0,0,15,0,1,0,0,4,0          7
E5_E9_early_RLAST,2733,1,0,0,1,0,1,0,0,0,1,0,0,1,0,1,0,0,15,0,1,0,0,4,0          7
E5_E9_early_RLAST,2734,1,0,0,1,0,1,0,0,0,1,0,0,1,0,1,0,0,15,0,1,0,0,4,0          7
E5_E9_early_RLAST,2735,1,0,0,1,0,1,0,0,0,1,0,0,1,0,1,0,0,15,0,1,0,0,4,0          7
E5_E9_early_RLAST,2736,1,0,0,1,0,1,0,0,0,1,0,0,1,0,1,0,0,15,0,1,0,0,4,0          7
E5_E9_early_RLAST,2737,1,0,0,1,0,1,0,0,0,1,0,0,1,0,1,0,0,15,0,1,0,0,4,0          7
E5_E9_early_RLAST,2738,1,0,0,1,0,1,0,0,0,1,0,0,1,0,1,0,0,15,0,1,0,0,4,0          7
E5_E9_early_RLAST,2739,1,0,0,1,0,1,0,0,0,1,0,0,1,0,1,0,0,15,0,1,0,0,4,0          7
E5_E9_early_RLAST,2740,1,0,0,1,0,1,0,0,0,1,0,0,1,0,1,0,0,15,0,1,0,0,4,0          7
E5_E9_early_RLAST,2741,1,0,0,1,0,1,0,0,0,1,0,0,1,0,1,0,0,15,0,1,0,0,4,0          7
E5_E9_early_RLAST,2742,1,0,0,1,0,1,0,0,0,1,0,0,1,0,1,0,0,15,0,1,0,0,4,0          7
E5_E9_early_RLAST,2743,1,0,0,1,0,1,0,0,0,1,0,0,1,0,1,0,0,15,0,1,0,0,4,0          7
E5_E9_early_RLAST,2744,1,0,0,1,0,1,0,0,0,1,0,0,1,0,1,0,0,15,0,1,0,0,4,0          7
E5_E9_early_RLAST,2745,1,0,0,1,0,1,0,0,0,1,0,0,1,0,1,0,0,15,0,1,0,0,4,0          7
E5_E9_early_RLAST,2746,1,0,0,1,0,1,0,0,0,1,0,0,1,0,1,0,0,15,0,1,0,0,4,0          7
E5_E9_early_RLAST,2747,1,0,0,1,0,1,0,0,0,1,0,0,1,0,1,0,0,15,0,1,0,0,4,0          7
E5_E9_early_RLAST,2748,1,0,0,1,0,1,0,0,0,1,0,0,1,0,1,0,0,15,0,1,0,0,4,0          7
E5_E9_early_RLAST,2749,1,0,0,1,0,1,0,0,0,1,0,0,1,0,1,0,0,15,0,1,0,0,4,0          7
E5_E9_early_RLAST,2750,1,0,0,1,0,1,0,0,0,1,0,0,1,0,1,0,0,15,0,1,0,0,4,0          7
E5_E9_early_RLAST,2751,1,0,0,1,0,1,0,0,0,1,0,0,1,0,1,0,0,15,0,1,0,0,4,0          7
E5_E9_early_RLAST,2752,1,0,0,1,0,1,0,0,0,1,0,0,1,0,1,0,0,15,0,1,0,0,4,0          7
E5_E9_early_RLAST,2753,1,0,0,1,0,1,0,0,0,1,0,0,1,0,1,0,0,15,0,1,0,0,4,0          7
E5_E9_early_RLAST,2754,1,0,0,1,0,1,0,0,0,1,0,0,1,0,1,0,0,15,0,1,0,0,4,0          7
E5_E9_early_RLAST,2755,1,0,0,1,0,1,0,0,0,1,0,0,1,0,1,0,0,15,0,1,0,0,4,0          7
E5_E9_early_RLAST,2756,1,0,0,1,0,1,0,0,0,1,0,0,1,0,1,0,0,15,0,1,0,0,4,0          7
E5_E9_early_RLAST,2757,1,0,0,1,0,1,0,0,0,1,0,0,1,0,1,0,0,15,0,1,0,0,4,0          7
E5_E9_early_RLAST,2758,1,0,0,1,0,1,0,0,0,1,0,0,1,0,1,0,0,15,0,1,0,0,4,0          7
E5_E9_early_RLAST,2759,1,0,0,1,0,1,0,0,0,1,0,0,1,0,1,0,0,15,0,1,0,0,4,0          7
E5_E9_early_RLAST,2760,1,0,0,1,0,1,0,0,0,1,0,0,1,0,1,0,0,15,0,1,0,0,4,0          7
E5_E9_early_RLAST,2761,1,0,0,1,0,1,0,0,0,1,0,0,1,0,1,0,0,15,0,1,0,0,4,0          7
E5_E9_early_RLAST,2762,1,0,0,1,0,1,0,0,0,1,0,0,1,0,1,0,0,15,0,1,0,0,4,0          7
E5_E9_early_RLAST,2763,1,0,0,1,0,1,0,0,0,1,0,0,1,0,1,0,0,15,0,1,0,0,4,0          7
E5_E9_early_RLAST,2764,1,0,0,1,0,1,0,0,0,1,0,0,1,0,1,0,0,15,0,1,0,0,4,0          7
E5_E9_early_RLAST,2765,1,0,0,1,0,1,0,0,0,1,0,0,1,0,1,0,0,15,0,1,0,0,4,0          7
E5_E9_early_RLAST,2766,1,0,0,1,0,1,0,0,0,1,0,0,1,0,1,0,0,15,0,1,0,0,4,0          7
E5_E9_early_RLAST,2767,1,0,0,1,0,1,0,0,0,1,0,0,1,0,1,0,0,15,0,1,0,0,4,0          7
E5_E9_early_RLAST,2768,1,0,0,1,0,1,0,0,0,1,0,0,1,0,1,0,0,15,0,1,0,0,4,0          7
E5_E9_early_RLAST,2769,1,0,0,1,0,1,0,0,0,1,0,0,1,0,1,0,0,15,0,1,0,0,4,0          7
E5_E9_early_RLAST,2770,1,0,0,1,0,1,0,0,0,1,0,0,1,0,1,0,0,15,0,1,0,0,4,0          7
E5_E9_early_RLAST,2771,1,0,0,1,0,1,0,0,0,1,0,0,1,0,1,0,0,15,0,1,0,0,4,0          7
E5_E9_early_RLAST,2772,1,0,0,1,0,1,0,0,0,1,0,0,1,0,1,0,0,15,0,1,0,0,4,0          7
E5_E9_early_RLAST,2773,1,0,0,1,0,1,0,0,0,1,0,0,1,0,1,0,0,15,0,1,0,0,4,0          7
E5_E9_early_RLAST,2774,1,0,0,1,0,1,0,0,0,1,0,0,1,0,1,0,0,15,0,1,0,0,4,0          7
E5_E9_early_RLAST,2775,1,0,0,1,0,1,0,0,0,1,0,0,1,0,1,0,0,15,0,1,0,0,4,0          7
E5_E9_early_RLAST,2776,1,0,0,1,0,1,0,0,0,1,0,0,1,0,1,0,0,15,0,1,0,0,4,0          7
E5_E9_early_RLAST,2777,1,0,0,1,0,1,0,0,0,1,0,0,1,0,1,0,0,15,0,1,0,0,4,0          7
E5_E9_early_RLAST,2778,1,0,0,1,0,1,0,0,0,1,0,0,1,0,1,0,0,15,0,1,0,0,4,0          7
E5_E9_early_RLAST,2779,1,0,0,1,0,1,0,0,0,1,0,0,1,0,1,0,0,15,0,1,0,0,4,0          7
E5_E9_early_RLAST,2780,1,0,0,1,0,1,0,0,0,1,0,0,1,0,1,0,0,15,0,1,0,0,4,0          7
E5_E9_early_RLAST,2781,1,0,0,1,0,1,0,0,0,1,0,0,1,0,1,0,0,15,0,1,0,0,4,0          7
E5_E9_early_RLAST,2782,1,0,0,1,0,1,0,0,0,1,0,0,1,0,1,0,0,15,0,1,0,0,4,0          7
E5_E9_early_RLAST,2783,1,0,0,1,0,1,0,0,0,1,0,0,1,0,1,0,0,15,0,1,0,0,4,0          7
E5_E9_early_RLAST,2784,1,0,0,1,0,1,0,0,0,1,0,0,1,0,1,0,0,15,0,1,0,0,4,0          7
E5_E9_early_RLAST,2785,1,0,0,1,0,1,0,0,0,1,0,0,1,0,1,0,0,15,0,1,0,0,4,0          7
E5_E9_early_RLAST,2786,1,0,0,1,0,1,0,0,0,1,0,0,1,0,1,0,0,15,0,1,0,0,4,0          7
E5_E9_early_RLAST,2787,1,0,0,1,0,1,0,0,0,1,0,0,1,0,1,0,0,15,0,1,0,0,4,0          7
E5_E9_early_RLAST,2788,1,0,0,1,0,1,0,0,0,1,0,0,1,0,1,0,0,15,0,1,0,0,4,0          7
E5_E9_early_RLAST,2789,1,0,0,1,0,1,0,0,0,1,0,0,1,0,1,0,0,15,0,1,0,0,4,0          7
E5_E9_early_RLAST,2790,1,0,0,1,0,1,0,0,0,1,0,0,1,0,1,0,0,15,0,1,0,0,4,0          7
E5_E9_early_RLAST,2791,1,0,0,1,0,1,0,0,0,1,0,0,1,0,1,0,0,15,0,1,0,0,4,0          7
E5_E9_early_RLAST,2792,1,0,0,1,0,1,0,0,0,1,0,0,1,0,1,0,0,15,0,1,0,0,4,0          7
E5_E9_early_RLAST,2793,1,0,0,1,0,1,0,0,0,1,0,0,1,0,1,0,0,15,0,1,0,0,4,0          7
E5_E9_early_RLAST,2794,1,0,0,1,0,1,0,0,0,1,0,0,1,0,1,0,0,15,0,1,0,0,4,0          7
E5_E9_early_RLAST,2795,1,0,0,1,0,1,0,0,0,1,0,0,1,0,1,0,0,15,0,1,0,0,4,0          7
E5_E9_early_RLAST,2796,1,0,0,1,0,1,0,0,0,1,0,0,1,0,1,0,0,15,0,1,0,0,4,0          7
E5_E9_early_RLAST,2797,1,0,0,1,0,1,0,0,0,1,0,0,1,0,1,0,0,15,0,1,0,0,4,0          7
E5_E9_early_RLAST,2798,1,0,0,1,0,1,0,0,0,1,0,0,1,0,1,0,0,15,0,1,0,0,4,0          7
E5_E9_early_RLAST,2799,1,0,0,1,0,1,0,0,0,1,0,0,1,0,1,0,0,15,0,1,0,0,4,0          7
E5_E9_early_RLAST,2800,1,0,0,1,0,1,0,0,0,1,0,0,1,0,1,0,0,15,0,1,0,0,4,0          7
E5_E9_early_RLAST,2801,1,0,0,1,0,1,0,0,0,1,0,0,1,0,1,0,0,15,0,1,0,0,4,0          7
E5_E9_early_RLAST,2802,1,0,0,1,0,1,0,0,0,1,0,0,1,0,1,0,0,15,0,1,0,0,4,0          7
E5_E9_early_RLAST,2803,1,0,0,1,0,1,0,0,0,1,0,0,1,0,1,0,0,15,0,1,0,0,4,0          7
E5_E9_early_RLAST,2804,1,0,0,1,0,1,0,0,0,1,0,0,1,0,1,0,0,15,0,1,0,0,4,0          7
E5_E9_early_RLAST,2805,1,0,0,1,0,1,0,0,0,1,0,0,1,0,1,0,0,15,0,1,0,0,4,0          7
E5_E9_early_RLAST,2806,1,0,0,1,0,1,0,0,0,1,0,0,1,0,1,0,0,15,0,1,0,0,4,0          7
E5_E9_early_RLAST,2807,1,0,0,1,0,1,0,0,0,1,0,0,1,0,1,0,0,15,0,1,0,0,4,0          7
E5_E9_early_RLAST,2808,1,0,0,1,0,1,0,0,0,1,0,0,1,0,1,0,0,15,0,1,0,0,4,0          7
E5_E9_early_RLAST,2809,1,0,0,1,0,1,0,0,0,1,0,0,1,0,1,0,0,15,0,1,0,0,4,0          7
E5_E9_early_RLAST,2810,1,0,0,1,0,1,0,0,0,1,0,0,1,0,1,0,0,15,0,1,0,0,4,0          7
E5_E9_early_RLAST,2811,1,0,0,1,0,1,0,0,0,1,0,0,1,0,1,0,0,15,0,1,0,0,4,0          7
E5_E9_early_RLAST,2812,1,0,0,1,0,1,0,0,0,1,0,0,1,0,1,0,0,15,0,1,0,0,4,0          7
E5_E9_early_RLAST,2813,1,0,0,1,0,1,0,0,0,1,0,0,1,0,1,0,0,15,0,1,0,0,4,0          7
E5_E9_early_RLAST,2814,1,0,0,1,0,1,0,0,0,1,0,0,1,0,1,0,0,15,0,1,0,0,4,0          7
E5_E9_early_RLAST,2815,1,0,0,1,0,1,0,0,0,1,0,0,1,0,1,0,0,15,0,1,0,0,4,0          7
E5_E9_early_RLAST,2816,1,0,0,1,0,1,0,0,0,1,0,0,1,0,1,0,0,15,0,1,0,0,4,0          7
E5_E9_early_RLAST,2817,1,0,0,1,0,1,0,0,0,1,0,0,1,0,1,0,0,15,0,1,0,0,4,0          7
E5_E9_early_RLAST,2818,1,0,0,1,0,1,0,0,0,1,0,0,1,0,1,0,0,15,0,1,0,0,4,0          7
E5_E9_early_RLAST,2819,1,0,0,1,0,1,0,0,0,1,0,0,1,0,1,0,0,15,0,1,0,0,4,0          7
E5_E9_early_RLAST,2820,1,0,0,1,0,1,0,0,0,1,0,0,1,0,1,0,0,15,0,1,0,0,4,0          7
E5_E9_early_RLAST,2821,1,0,0,1,0,1,0,0,0,1,0,0,1,0,1,0,0,15,0,1,0,0,4,0          7
E5_E9_early_RLAST,2822,1,0,0,1,0,1,0,0,0,1,0,0,1,0,1,0,0,15,0,1,0,0,4,0          7
E5_E9_early_RLAST,2823,1,0,0,1,0,1,0,0,0,1,0,0,1,0,1,0,0,15,0,1,0,0,4,0          7
E5_E9_early_RLAST,2824,1,0,0,1,0,1,0,0,0,1,0,0,1,0,1,0,0,15,0,1,0,0,4,0          7
E5_E9_early_RLAST,2825,1,0,0,1,0,1,0,0,0,1,0,0,1,0,1,0,0,15,0,1,0,0,4,0          7
E5_E9_early_RLAST,2826,1,0,0,1,0,1,0,0,0,1,0,0,1,0,1,0,0,15,0,1,0,0,4,0          7
E5_E9_early_RLAST,2827,1,0,0,1,0,1,0,0,0,1,0,0,1,0,1,0,0,15,0,1,0,0,4,0          7
E5_E9_early_RLAST,2828,1,0,0,1,0,1,0,0,0,1,0,0,1,0,1,0,0,15,0,1,0,0,4,0          7
E5_E9_early_RLAST,2829,1,0,0,1,0,1,0,0,0,1,0,0,1,0,1,0,0,15,0,1,0,0,4,0          7
E5_E9_early_RLAST,2830,1,0,0,1,0,1,0,0,0,1,0,0,1,0,1,0,0,15,0,1,0,0,4,0          7
E5_E9_early_RLAST,2831,1,0,0,1,0,1,0,0,0,1,0,0,1,0,1,0,0,15,0,1,0,0,4,0          7
E5_E9_early_RLAST,2832,1,0,0,1,0,1,0,0,0,1,0,0,1,0,1,0,0,15,0,1,0,0,4,0          7
E5_E9_early_RLAST,2833,1,0,0,1,0,1,0,0,0,1,0,0,1,0,1,0,0,15,0,1,0,0,4,0          7
E5_E9_early_RLAST,2834,1,0,0,1,0,1,0,0,0,1,0,0,1,0,1,0,0,15,0,1,0,0,4,0          7
E5_E9_early_RLAST,2835,1,0,0,1,0,1,0,0,0,1,0,0,1,0,1,0,0,15,0,1,0,0,4,0          7
E5_E9_early_RLAST,2836,1,0,0,1,0,1,0,0,0,1,0,0,1,0,1,0,0,15,0,1,0,0,4,0          7
E5_E9_early_RLAST,2837,1,0,0,1,0,1,0,0,0,1,0,0,1,0,1,0,0,15,0,1,0,0,4,0          7
E5_E9_early_RLAST,2838,1,0,0,1,0,1,0,0,0,1,0,0,1,0,1,0,0,15,0,1,0,0,4,0          7
E5_E9_early_RLAST,2839,1,0,0,1,0,1,0,0,0,1,0,0,1,0,1,0,0,15,0,1,0,0,4,0          7
E5_E9_early_RLAST,2840,1,0,0,1,0,1,0,0,0,1,0,0,1,0,1,0,0,15,0,1,0,0,4,0          7
E5_E9_early_RLAST,2841,1,0,0,1,0,1,0,0,0,1,0,0,1,0,1,0,0,15,0,1,0,0,4,0          7
E5_E9_early_RLAST,2842,1,0,0,1,0,1,0,0,0,1,0,0,1,0,1,0,0,15,0,1,0,0,4,0          7
E5_E9_early_RLAST,2843,1,0,0,1,0,1,0,0,0,1,0,0,1,0,1,0,0,15,0,1,0,0,4,0          7
E5_E9_early_RLAST,2844,1,0,0,1,0,1,0,0,0,1,0,0,1,0,1,0,0,15,0,1,0,0,4,0          7
E5_E9_early_RLAST,2845,1,0,0,1,0,1,0,0,0,1,0,0,1,0,1,0,0,15,0,1,0,0,4,0          7
E5_E9_early_RLAST,2846,1,0,0,1,0,1,0,0,0,1,0,0,1,0,1,0,0,15,0,1,0,0,4,0          7
E5_E9_early_RLAST,2847,1,0,0,1,0,1,0,0,0,1,0,0,1,0,1,0,0,15,0,1,0,0,4,0          7
E5_E9_early_RLAST,2848,1,0,0,1,0,1,0,0,0,1,0,0,1,0,1,0,0,15,0,1,0,0,4,0          7
E5_E9_early_RLAST,2849,1,0,0,1,0,1,0,0,0,1,0,0,1,0,1,0,0,15,0,1,0,0,4,0          7
E5_E9_early_RLAST,2850,1,0,0,1,0,1,0,0,0,1,0,0,1,0,1,0,0,15,0,1,0,0,4,0          7
E5_E9_early_RLAST,2851,1,0,0,1,0,1,0,0,0,1,0,0,1,0,1,0,0,15,0,1,0,0,4,0          7
E5_E9_early_RLAST,2852,1,0,0,1,0,1,0,0,0,1,0,0,1,0,1,0,0,15,0,1,0,0,4,0          7
E5_E9_early_RLAST,2853,1,0,0,1,0,1,0,0,0,1,0,0,1,0,1,0,0,15,0,1,0,0,4,0          7
E5_E9_early_RLAST,2854,1,0,0,1,0,1,0,0,0,1,0,0,1,0,1,0,0,15,0,1,0,0,4,0          7
E5_E9_early_RLAST,2855,1,0,0,1,0,1,0,0,0,1,0,0,1,0,1,0,0,15,0,1,0,0,4,0          7
E5_E9_early_RLAST,2856,1,0,0,1,0,1,0,0,0,1,0,0,1,0,1,0,0,15,0,1,0,0,4,0          7
E5_E9_early_RLAST,2857,1,0,0,1,0,1,0,0,0,1,0,0,1,0,1,0,0,15,0,1,0,0,4,0          7
E5_E9_early_RLAST,2858,1,0,0,1,0,1,0,0,0,1,0,0,1,0,1,0,0,15,0,1,0,0,4,0          7
E5_E9_early_RLAST,2859,1,0,0,1,0,1,0,0,0,1,0,0,1,0,1,0,0,15,0,1,0,0,4,0          7
E5_E9_early_RLAST,2860,1,0,0,1,0,1,0,0,0,1,0,0,1,0,1,0,0,15,0,1,0,0,4,0          7
E5_E9_early_RLAST,2861,1,0,0,1,0,1,0,0,0,1,0,0,1,0,1,0,0,15,0,1,0,0,4,0          7
E5_E9_early_RLAST,2862,1,0,0,1,0,1,0,0,0,1,0,0,1,0,1,0,0,15,0,1,0,0,4,0          7
E5_E9_early_RLAST,2863,1,0,0,1,0,1,0,0,0,1,0,0,1,0,1,0,0,15,0,1,0,0,4,0          7
E5_E9_early_RLAST,2864,1,0,0,1,0,1,0,0,0,1,0,0,1,0,1,0,0,15,0,1,0,0,4,0          7
E5_E9_early_RLAST,2865,1,0,0,1,0,1,0,0,0,1,0,0,1,0,1,0,0,15,0,1,0,0,4,0          7
E5_E9_early_RLAST,2866,1,0,0,1,0,1,0,0,0,1,0,0,1,0,1,0,0,15,0,1,0,0,4,0          7
E5_E9_early_RLAST,2867,1,0,0,1,0,1,0,0,0,1,0,0,1,0,1,0,0,15,0,1,0,0,4,0          7
E5_E9_early_RLAST,2868,1,0,0,1,0,1,0,0,0,1,0,0,1,0,1,0,0,15,0,1,0,0,4,0          7
E5_E9_early_RLAST,2869,1,0,0,1,0,1,0,0,0,1,0,0,1,0,1,0,0,15,0,1,0,0,4,0          7
E5_E9_early_RLAST,2870,1,0,0,1,0,1,0,0,0,1,0,0,1,0,1,0,0,15,0,1,0,0,4,0          7
E5_E9_early_RLAST,2871,1,0,0,1,0,1,0,0,0,1,0,0,1,0,1,0,0,15,0,1,0,0,4,0          7
E5_E9_early_RLAST,2872,1,0,0,1,0,1,0,0,0,1,0,0,1,0,1,0,0,15,0,1,0,0,4,0          7
E5_E9_early_RLAST,2873,1,0,0,1,0,1,0,0,0,1,0,0,1,0,1,0,0,15,0,1,0,0,4,0          7
E5_E9_early_RLAST,2874,1,0,0,1,0,1,0,0,0,1,0,0,1,0,1,0,0,15,0,1,0,0,4,0          7
E5_E9_early_RLAST,2875,1,0,0,1,0,1,0,0,0,1,0,0,1,0,1,0,0,15,0,1,0,0,4,0          7
E5_E9_early_RLAST,2876,1,0,0,1,0,1,0,0,0,1,0,0,1,0,1,0,0,15,0,1,0,0,4,0          7
E5_E9_early_RLAST,2877,1,0,0,1,0,1,0,0,0,1,0,0,1,0,1,0,0,15,0,1,0,0,4,0          7
E5_E9_early_RLAST,2878,1,0,0,1,0,1,0,0,0,1,0,0,1,0,1,0,0,15,0,1,0,0,4,0          7
E5_E9_early_RLAST,2879,1,0,0,1,0,1,0,0,0,1,0,0,1,0,1,0,0,15,0,1,0,0,4,0          7
E5_E9_early_RLAST,2880,1,0,0,1,0,1,0,0,0,1,0,0,1,0,1,0,0,15,0,1,0,0,4,0          7
E5_E9_early_RLAST,2881,1,0,0,1,0,1,0,0,0,1,0,0,1,0,1,0,0,15,0,1,0,0,4,0          7
E5_E9_early_RLAST,2882,1,0,0,1,0,1,0,0,0,1,0,0,1,0,1,0,0,15,0,1,0,0,4,0          7
E5_E9_early_RLAST,2883,1,0,0,1,0,1,0,0,0,1,0,0,1,0,1,0,0,15,0,1,0,0,4,0          7
E5_E9_early_RLAST,2884,1,0,0,1,0,1,0,0,0,1,0,0,1,0,1,0,0,15,0,1,0,0,4,0          7
E5_E9_early_RLAST,2885,1,0,0,1,0,1,0,0,0,1,0,0,1,0,1,0,0,15,0,1,0,0,4,0          7
E5_E9_early_RLAST,2886,1,0,0,1,0,1,0,0,0,1,0,0,1,0,1,0,0,15,0,1,0,0,4,0          7
E5_E9_early_RLAST,2887,1,0,0,1,0,1,0,0,0,1,0,0,1,0,1,0,0,15,0,1,0,0,4,0          7
E5_E9_early_RLAST,2888,1,0,0,1,0,1,0,0,0,1,0,0,1,0,1,0,0,15,0,1,0,0,4,0          7
E5_E9_early_RLAST,2889,1,0,0,1,0,1,0,0,0,1,0,0,1,0,1,0,0,15,0,1,0,0,4,0          7
E5_E9_early_RLAST,2890,1,0,0,1,0,1,0,0,0,1,0,0,1,0,1,0,0,15,0,1,0,0,4,0          7
E5_E9_early_RLAST,2891,1,0,0,1,0,1,0,0,0,1,0,0,1,0,1,0,0,15,0,1,0,0,4,0          7
E5_E9_early_RLAST,2892,1,0,0,1,0,1,0,0,0,1,0,0,1,0,1,0,0,15,0,1,0,0,4,0          7
E5_E9_early_RLAST,2893,1,0,0,1,0,1,0,0,0,1,0,0,1,0,1,0,0,15,0,1,0,0,4,0          7
E5_E9_early_RLAST,2894,1,0,0,1,0,1,0,0,0,1,0,0,1,0,1,0,0,15,0,1,0,0,4,0          7
E5_E9_early_RLAST,2895,1,0,0,1,0,1,0,0,0,1,0,0,1,0,1,0,0,15,0,1,0,0,4,0          7
E5_E9_early_RLAST,2896,1,0,0,1,0,1,0,0,0,1,0,0,1,0,1,0,0,15,0,1,0,0,4,0          7
E5_E9_early_RLAST,2897,1,0,0,1,0,1,0,0,0,1,0,0,1,0,1,0,0,15,0,1,0,0,4,0          7
E5_E9_early_RLAST,2898,1,0,0,1,0,1,0,0,0,1,0,0,1,0,1,0,0,15,0,1,0,0,4,0          7
E5_E9_early_RLAST,2899,1,0,0,1,0,1,0,0,0,1,0,0,1,0,1,0,0,15,0,1,0,0,4,0          7
E5_E9_early_RLAST,2900,1,0,0,1,0,1,0,0,0,1,0,0,1,0,1,0,0,15,0,1,0,0,4,0          7
E5_E9_early_RLAST,2901,1,0,0,1,0,1,0,0,0,1,0,0,1,0,1,0,0,15,0,1,0,0,4,0          7
E5_E9_early_RLAST,2902,1,0,0,1,0,1,0,0,0,1,0,0,1,0,1,0,0,15,0,1,0,0,4,0          7
E5_E9_early_RLAST,2903,1,0,0,1,0,1,0,0,0,1,0,0,1,0,1,0,0,15,0,1,0,0,4,0          7
E5_E9_early_RLAST,2904,1,0,0,1,0,1,0,0,0,1,0,0,1,0,1,0,0,15,0,1,0,0,4,0          7
E5_E9_early_RLAST,2905,1,0,0,1,0,1,0,0,0,1,0,0,1,0,1,0,0,15,0,1,0,0,4,0          7
E5_E9_early_RLAST,2906,1,0,0,1,0,1,0,0,0,1,0,0,1,0,1,0,0,15,0,1,0,0,4,0          7
E5_E9_early_RLAST,2907,1,0,0,1,0,1,0,0,0,1,0,0,1,0,1,0,0,15,0,1,0,0,4,0          7
E5_E9_early_RLAST,2908,1,0,0,1,0,1,0,0,0,1,0,0,1,0,1,0,0,15,0,1,0,0,4,0          7
E5_E9_early_RLAST,2909,1,0,0,1,0,1,0,0,0,1,0,0,1,0,1,0,0,15,0,1,0,0,4,0          7
E5_E9_early_RLAST,2910,1,0,0,1,0,1,0,0,0,1,0,0,1,0,1,0,0,15,0,1,0,0,4,0          7
E5_E9_early_RLAST,2911,1,0,0,1,0,1,0,0,0,1,0,0,1,0,1,0,0,15,0,1,0,0,4,0          7
E5_E9_early_RLAST,2912,1,0,0,1,0,1,0,0,0,1,0,0,1,0,1,0,0,15,0,1,0,0,4,0          7
E5_E9_early_RLAST,2913,1,0,0,1,0,1,0,0,0,1,0,0,1,0,1,0,0,15,0,1,0,0,4,0          7
E5_E9_early_RLAST,2914,1,0,0,1,0,1,0,0,0,1,0,0,1,0,1,0,0,15,0,1,0,0,4,0          7
E5_E9_early_RLAST,2915,1,0,0,1,0,1,0,0,0,1,0,0,1,0,1,0,0,15,0,1,0,0,4,0          7
E5_E9_early_RLAST,2916,1,0,0,1,0,1,0,0,0,1,0,0,1,0,1,0,0,15,0,1,0,0,4,0          7
E5_E9_early_RLAST,2917,1,0,0,1,0,1,0,0,0,1,0,0,1,0,1,0,0,15,0,1,0,0,4,0          7
E5_E9_early_RLAST,2918,1,0,0,1,0,1,0,0,0,1,0,0,1,0,1,0,0,15,0,1,0,0,4,0          7
E5_E9_early_RLAST,2919,1,0,0,1,0,1,0,0,0,1,0,0,1,0,1,0,0,15,0,1,0,0,4,0          7
E5_E9_early_RLAST,2920,1,0,0,1,0,1,0,0,0,1,0,0,1,0,1,0,0,15,0,1,0,0,4,0          7
E5_E9_early_RLAST,2921,1,0,0,1,0,1,0,0,0,1,0,0,1,0,1,0,0,15,0,1,0,0,4,0          7
E5_E9_early_RLAST,2922,1,0,0,1,0,1,0,0,0,1,0,0,1,0,1,0,0,15,0,1,0,0,4,0          7
E5_E9_early_RLAST,2923,1,0,0,1,0,1,0,0,0,1,0,0,1,0,1,0,0,15,0,1,0,0,4,0          7
E5_E9_early_RLAST,2924,1,0,0,1,0,1,0,0,0,1,0,0,1,0,1,0,0,15,0,1,0,0,4,0          7
E5_E9_early_RLAST,2925,1,0,0,1,0,1,0,0,0,1,0,0,1,0,1,0,0,15,0,1,0,0,4,0          7
E5_E9_early_RLAST,2926,1,0,0,1,0,1,0,0,0,1,0,0,1,0,1,0,0,15,0,1,0,0,4,0          7
E5_E9_early_RLAST,2927,1,0,0,1,0,1,0,0,0,1,0,0,1,0,1,0,0,15,0,1,0,0,4,0          7
E5_E9_early_RLAST,2928,1,0,0,1,0,1,0,0,0,1,0,0,1,0,1,0,0,15,0,1,0,0,4,0          7
E5_E9_early_RLAST,2929,1,0,0,1,0,1,0,0,0,1,0,0,1,0,1,0,0,15,0,1,0,0,4,0          7
E5_E9_early_RLAST,2930,1,0,0,1,0,1,0,0,0,1,0,0,1,0,1,0,0,15,0,1,0,0,4,0          7
E5_E9_early_RLAST,2931,1,0,0,1,0,1,0,0,0,1,0,0,1,0,1,0,0,15,0,1,0,0,4,0          7
E5_E9_early_RLAST,2932,1,0,0,1,0,1,0,0,0,1,0,0,1,0,1,0,0,15,0,1,0,0,4,0          7
E5_E9_early_RLAST,2933,1,0,0,1,0,1,0,0,0,1,0,0,1,0,1,0,0,15,0,1,0,0,4,0          7
E5_E9_early_RLAST,2934,1,0,0,1,0,1,0,0,0,1,0,0,1,0,1,0,0,15,0,1,0,0,4,0          7
E5_E9_early_RLAST,2935,1,0,0,1,0,1,0,0,0,1,0,0,1,0,1,0,0,15,0,1,0,0,4,0          7
E5_E9_early_RLAST,2936,1,0,0,1,0,1,0,0,0,1,0,0,1,0,1,0,0,15,0,1,0,0,4,0          7
E5_E9_early_RLAST,2937,1,0,0,1,0,1,0,0,0,1,0,0,1,0,1,0,0,15,0,1,0,0,4,0          7
E5_E9_early_RLAST,2938,1,0,0,1,0,1,0,0,0,1,0,0,1,0,1,0,0,15,0,1,0,0,4,0          7
E5_E9_early_RLAST,2939,1,0,0,1,0,1,0,0,0,1,0,0,1,0,1,0,0,15,0,1,0,0,4,0          7
E5_E9_early_RLAST,2940,1,0,0,1,0,1,0,0,0,1,0,0,1,0,1,0,0,15,0,1,0,0,4,0          7
E5_E9_early_RLAST,2941,1,0,0,1,0,1,0,0,0,1,0,0,1,0,1,0,0,15,0,1,0,0,4,0          7
E5_E9_early_RLAST,2942,1,0,0,1,0,1,0,0,0,1,0,0,1,0,1,0,0,15,0,1,0,0,4,0          7
E5_E9_early_RLAST,2943,1,0,0,1,0,1,0,0,0,1,0,0,1,0,1,0,0,15,0,1,0,0,4,0          7
E5_E9_early_RLAST,2944,1,0,0,1,0,1,0,0,0,1,0,0,1,0,1,0,0,15,0,1,0,0,4,0          7
E5_E9_early_RLAST,2945,1,0,0,1,0,1,0,0,0,1,0,0,1,0,1,0,0,15,0,1,0,0,4,0          7
E5_E9_early_RLAST,2946,1,0,0,1,0,1,0,0,0,1,0,0,1,0,1,0,0,15,0,1,0,0,4,0          7
E5_E9_early_RLAST,2947,1,0,0,1,0,1,0,0,0,1,0,0,1,0,1,0,0,15,0,1,0,0,4,0          7
E5_E9_early_RLAST,2948,1,0,0,1,0,1,0,0,0,1,0,0,1,0,1,0,0,15,0,1,0,0,4,0          7
E5_E9_early_RLAST,2949,1,0,0,1,0,1,0,0,0,1,0,0,1,0,1,0,0,15,0,1,0,0,4,0          7
E5_E9_early_RLAST,2950,1,0,0,1,0,1,0,0,0,1,0,0,1,0,1,0,0,15,0,1,0,0,4,0          7
E5_E9_early_RLAST,2951,1,0,0,1,0,1,0,0,0,1,0,0,1,0,1,0,0,15,0,1,0,0,4,0          7
E5_E9_early_RLAST,2952,1,0,0,1,0,1,0,0,0,1,0,0,1,0,1,0,0,15,0,1,0,0,4,0          7
E5_E9_early_RLAST,2953,1,0,0,1,0,1,0,0,0,1,0,0,1,0,1,0,0,15,0,1,0,0,4,0          7
E5_E9_early_RLAST,2954,1,0,0,1,0,1,0,0,0,1,0,0,1,0,1,0,0,15,0,1,0,0,4,0          7
E5_E9_early_RLAST,2955,1,0,0,1,0,1,0,0,0,1,0,0,1,0,1,0,0,15,0,1,0,0,4,0          7
E5_E9_early_RLAST,2956,1,0,0,1,0,1,0,0,0,1,0,0,1,0,1,0,0,15,0,1,0,0,4,0          7
E5_E9_early_RLAST,2957,1,0,0,1,0,1,0,0,0,1,0,0,1,0,1,0,0,15,0,1,0,0,4,0          7
E5_E9_early_RLAST,2958,1,0,0,1,0,1,0,0,0,1,0,0,1,0,1,0,0,15,0,1,0,0,4,0          7
E5_E9_early_RLAST,2959,1,0,0,1,0,1,0,0,0,1,0,0,1,0,1,0,0,15,0,1,0,0,4,0          7
E5_E9_early_RLAST,2960,1,0,0,1,0,1,0,0,0,1,0,0,1,0,1,0,0,15,0,1,0,0,4,0          7
E5_E9_early_RLAST,2961,1,0,0,1,0,1,0,0,0,1,0,0,1,0,1,0,0,15,0,1,0,0,4,0          7
E5_E9_early_RLAST,2962,1,0,0,1,0,1,0,0,0,1,0,0,1,0,1,0,0,15,0,1,0,0,4,0          7
E5_E9_early_RLAST,2963,1,0,0,1,0,1,0,0,0,1,0,0,1,0,1,0,0,15,0,1,0,0,4,0          7
E5_E9_early_RLAST,2964,1,0,0,1,0,1,0,0,0,1,0,0,1,0,1,0,0,15,0,1,0,0,4,0          7
E5_E9_early_RLAST,2965,1,0,0,1,0,1,0,0,0,1,0,0,1,0,1,0,0,15,0,1,0,0,4,0          7
E5_E9_early_RLAST,2966,1,0,0,1,0,1,0,0,0,1,0,0,1,0,1,0,0,15,0,1,0,0,4,0          7
E5_E9_early_RLAST,2967,1,0,0,1,0,1,0,0,0,1,0,0,1,0,1,0,0,15,0,1,0,0,4,0          7
E5_E9_early_RLAST,2968,1,0,0,1,0,1,0,0,0,1,0,0,1,0,1,0,0,15,0,1,0,0,4,0          7
E5_E9_early_RLAST,2969,1,0,0,1,0,1,0,0,0,1,0,0,1,0,1,0,0,15,0,1,0,0,4,0          7
E5_E9_early_RLAST,2970,1,0,0,1,0,1,0,0,0,1,0,0,1,0,1,0,0,15,0,1,0,0,4,0          7
E5_E9_early_RLAST,2971,1,0,0,1,0,1,0,0,0,1,0,0,1,0,1,0,0,15,0,1,0,0,4,0          7
E5_E9_early_RLAST,2972,1,0,0,1,0,1,0,0,0,1,0,0,1,0,1,0,0,15,0,1,0,0,4,0          7
E5_E9_early_RLAST,2973,1,0,0,1,0,1,0,0,0,1,0,0,1,0,1,0,0,15,0,1,0,0,4,0          7
E5_E9_early_RLAST,2974,1,0,0,1,0,1,0,0,0,1,0,0,1,0,1,0,0,15,0,1,0,0,4,0          7
E5_E9_early_RLAST,2975,1,0,0,1,0,1,0,0,0,1,0,0,1,0,1,0,0,15,0,1,0,0,4,0          7
E5_E9_early_RLAST,2976,1,0,0,1,0,1,0,0,0,1,0,0,1,0,1,0,0,15,0,1,0,0,4,0          7
E5_E9_early_RLAST,2977,1,0,0,1,0,1,0,0,0,1,0,0,1,0,1,0,0,15,0,1,0,0,4,0          7
E5_E9_early_RLAST,2978,1,0,0,1,0,1,0,0,0,1,0,0,1,0,1,0,0,15,0,1,0,0,4,0          7
E5_E9_early_RLAST,2979,1,0,0,1,0,1,0,0,0,1,0,0,1,0,1,0,0,15,0,1,0,0,4,0          7
E5_E9_early_RLAST,2980,1,0,0,1,0,1,0,0,0,1,0,0,1,0,1,0,0,15,0,1,0,0,4,0          7
E5_E9_early_RLAST,2981,1,0,0,1,0,1,0,0,0,1,0,0,1,0,1,0,0,15,0,1,0,0,4,0          7
E5_E9_early_RLAST,2982,1,0,0,1,0,1,0,0,0,1,0,0,1,0,1,0,0,15,0,1,0,0,4,0          7
E5_E9_early_RLAST,2983,1,0,0,1,0,1,0,0,0,1,0,0,1,0,1,0,0,15,0,1,0,0,4,0          7
E5_E9_early_RLAST,2984,1,0,0,1,0,1,0,0,0,1,0,0,1,0,1,0,0,15,0,1,0,0,4,0          7
E5_E9_early_RLAST,2985,1,0,0,1,0,1,0,0,0,1,0,0,1,0,1,0,0,15,0,1,0,0,4,0          7
E5_E9_early_RLAST,2986,1,0,0,1,0,1,0,0,0,1,0,0,1,0,1,0,0,15,0,1,0,0,4,0          7
E5_E9_early_RLAST,2987,1,0,0,1,0,1,0,0,0,1,0,0,1,0,1,0,0,15,0,1,0,0,4,0          7
E5_E9_early_RLAST,2988,1,0,0,1,0,1,0,0,0,1,0,0,1,0,1,0,0,15,0,1,0,0,4,0          7
E5_E9_early_RLAST,2989,1,0,0,1,0,1,0,0,0,1,0,0,1,0,1,0,0,15,0,1,0,0,4,0          7
E5_E9_early_RLAST,2990,1,0,0,1,0,1,0,0,0,1,0,0,1,0,1,0,0,15,0,1,0,0,4,0          7
E5_E9_early_RLAST,2991,1,0,0,1,0,1,0,0,0,1,0,0,1,0,1,0,0,15,0,1,0,0,4,0          7
E5_E9_early_RLAST,2992,1,0,0,1,0,1,0,0,0,1,0,0,1,0,1,0,0,15,0,1,0,0,4,0          7
E5_E9_early_RLAST,2993,1,0,0,1,0,1,0,0,0,1,0,0,1,0,1,0,0,15,0,1,0,0,4,0          7
E5_E9_early_RLAST,2994,1,0,0,1,0,1,0,0,0,1,0,0,1,0,1,0,0,15,0,1,0,0,4,0          7
E5_E9_early_RLAST,2995,1,0,0,1,0,1,0,0,0,1,0,0,1,0,1,0,0,15,0,1,0,0,4,0          7
E5_E9_early_RLAST,2996,1,0,0,1,0,1,0,0,0,1,0,0,1,0,1,0,0,15,0,1,0,0,4,0          7
E5_E9_early_RLAST,2997,1,0,0,1,0,1,0,0,0,1,0,0,1,0,1,0,0,15,0,1,0,0,4,0          7
E5_E9_early_RLAST,2998,1,0,0,1,0,1,0,0,0,1,0,0,1,0,1,0,0,15,0,1,0,0,4,0          7
E5_E9_early_RLAST,2999,1,0,0,1,0,1,0,0,0,1,0,0,1,0,1,0,0,15,0,1,0,0,4,0          7
E5_E9_early_RLAST,3000,1,0,0,1,0,1,0,0,0,1,0,0,1,0,1,0,0,15,0,1,0,0,4,0          7
E5_E9_early_RLAST,3001,1,0,0,1,0,1,0,0,0,1,0,0,1,0,1,0,0,15,0,1,0,0,4,0          7
E5_E9_early_RLAST,3002,1,0,0,1,0,1,0,0,0,1,0,0,1,0,1,0,0,15,0,1,0,0,4,0          7
E5_E9_early_RLAST,3003,1,0,0,1,0,1,0,0,0,1,0,0,1,0,1,0,0,15,0,1,0,0,4,0          7
E5_E9_early_RLAST,3004,1,0,0,1,0,1,0,0,0,1,0,0,1,0,1,0,0,15,0,1,0,0,4,0          7
E5_E9_early_RLAST,3005,1,0,0,1,0,1,0,0,0,1,0,0,1,0,1,0,0,15,0,1,0,0,4,0          7
E5_E9_early_RLAST,3006,1,0,0,1,0,1,0,0,0,1,0,0,1,0,1,0,0,15,0,1,0,0,4,0          7
E5_E9_early_RLAST,3007,1,0,0,1,0,1,0,0,0,1,0,0,1,0,1,0,0,15,0,1,0,0,4,0          7
E5_E9_early_RLAST,3008,1,0,0,1,0,1,0,0,0,1,0,0,1,0,1,0,0,15,0,1,0,0,4,0          7
E5_E9_early_RLAST,3009,1,0,0,1,0,1,0,0,0,1,0,0,1,0,1,0,0,15,0,1,0,0,4,0          7
E5_E9_early_RLAST,3010,1,0,0,1,0,1,0,0,0,1,0,0,1,0,1,0,0,15,0,1,0,0,4,0          7
E5_E9_early_RLAST,3011,1,0,0,1,0,1,0,0,0,1,0,0,1,0,1,0,0,15,0,1,0,0,4,0          7
E5_E9_early_RLAST,3012,1,0,0,1,0,1,0,0,0,1,0,0,1,0,1,0,0,15,0,1,0,0,4,0          7
E5_E9_early_RLAST,3013,1,0,0,1,0,1,0,0,0,1,0,0,1,0,1,0,0,15,0,1,0,0,4,0          7
E5_E9_early_RLAST,3014,1,0,0,1,0,1,0,0,0,1,0,0,1,0,1,0,0,15,0,1,0,0,4,0          7
E5_E9_early_RLAST,3015,1,0,0,1,0,1,0,0,0,1,0,0,1,0,1,0,0,15,0,1,0,0,4,0          7
E5_E9_early_RLAST,3016,1,0,0,1,0,1,0,0,0,1,0,0,1,0,1,0,0,15,0,1,0,0,4,0          7
E5_E9_early_RLAST,3017,1,0,0,1,0,1,0,0,0,1,0,0,1,0,1,0,0,15,0,1,0,0,4,0          7
E5_E9_early_RLAST,3018,1,0,0,1,0,1,0,0,0,1,0,0,1,0,1,0,0,15,0,1,0,0,4,0          7
E5_E9_early_RLAST,3019,1,0,0,1,0,1,0,0,0,1,0,0,1,0,1,0,0,15,0,1,0,0,4,0          7
E5_E9_early_RLAST,3020,1,0,0,1,0,1,0,0,0,1,0,0,1,0,1,0,0,15,0,1,0,0,4,0          7
E5_E9_early_RLAST,3021,1,0,0,1,0,1,0,0,0,1,0,0,1,0,1,0,0,15,0,1,0,0,4,0          7
E5_E9_early_RLAST,3022,1,0,0,1,0,1,0,0,0,1,0,0,1,0,1,0,0,15,0,1,0,0,4,0          7
E5_E9_early_RLAST,3023,1,0,0,1,0,1,0,0,0,1,0,0,1,0,1,0,0,15,0,1,0,0,4,0          7
E5_E9_early_RLAST,3024,1,0,0,1,0,1,0,0,0,1,0,0,1,0,1,0,0,15,0,1,0,0,4,0          7
E5_E9_early_RLAST,3025,1,0,0,1,0,1,0,0,0,1,0,0,1,0,1,0,0,15,0,1,0,0,4,0          7
E5_E9_early_RLAST,3026,1,0,0,1,0,1,0,0,0,1,0,0,1,0,1,0,0,15,0,1,0,0,4,0          7
E5_E9_early_RLAST,3027,1,0,0,1,0,1,0,0,0,1,0,0,1,0,1,0,0,15,0,1,0,0,4,0          7
E5_E9_early_RLAST,3028,1,0,0,1,0,1,0,0,0,1,0,0,1,0,1,0,0,15,0,1,0,0,4,0          7
E5_E9_early_RLAST,3029,1,0,0,1,0,1,0,0,0,1,0,0,1,0,1,0,0,15,0,1,0,0,4,0          7
E5_E9_early_RLAST,3030,1,0,0,1,0,1,0,0,0,1,0,0,1,0,1,0,0,15,0,1,0,0,4,0          7
E5_E9_early_RLAST,3031,1,0,0,1,0,1,0,0,0,1,0,0,1,0,1,0,0,15,0,1,0,0,4,0          7
E5_E9_early_RLAST,3032,1,0,0,1,0,1,0,0,0,1,0,0,1,0,1,0,0,15,0,1,0,0,4,0          7
E5_E9_early_RLAST,3033,1,0,0,1,0,1,0,0,0,1,0,0,1,0,1,0,0,15,0,1,0,0,4,0          7
E5_E9_early_RLAST,3034,1,0,0,1,0,1,0,0,0,1,0,0,1,0,1,0,0,15,0,1,0,0,4,0          7
E5_E9_early_RLAST,3035,1,0,0,1,0,1,0,0,0,1,0,0,1,0,1,0,0,15,0,1,0,0,4,0          7
E5_E9_early_RLAST,3036,1,0,0,1,0,1,0,0,0,1,0,0,1,0,1,0,0,15,0,1,0,0,4,0          7
E5_E9_early_RLAST,3037,1,0,0,1,0,1,0,0,0,1,0,0,1,0,1,0,0,15,0,1,0,0,4,0          7
E5_E9_early_RLAST,3038,1,0,0,1,0,1,0,0,0,1,0,0,1,0,1,0,0,15,0,1,0,0,4,0          7
E5_E9_early_RLAST,3039,1,0,0,1,0,1,0,0,0,1,0,0,1,0,1,0,0,15,0,1,0,0,4,0          7
E5_E9_early_RLAST,3040,1,0,0,1,0,1,0,0,0,1,0,0,1,0,1,0,0,15,0,1,0,0,4,0          7
E5_E9_early_RLAST,3041,1,0,0,1,0,1,0,0,0,1,0,0,1,0,1,0,0,15,0,1,0,0,4,0          7
E5_E9_early_RLAST,3042,1,0,0,1,0,1,0,0,0,1,0,0,1,0,1,0,0,15,0,1,0,0,4,0          7
E5_E9_early_RLAST,3043,1,0,0,1,0,1,0,0,0,1,0,0,1,0,1,0,0,15,0,1,0,0,4,0          7
E5_E9_early_RLAST,3044,1,0,0,1,0,1,0,0,0,1,0,0,1,0,1,0,0,15,0,1,0,0,4,0          7
E5_E9_early_RLAST,3045,1,0,0,1,0,1,0,0,0,1,0,0,1,0,1,0,0,15,0,1,0,0,4,0          7
E5_E9_early_RLAST,3046,1,0,0,1,0,1,0,0,0,1,0,0,1,0,1,0,0,15,0,1,0,0,4,0          7
E5_E9_early_RLAST,3047,1,0,0,1,0,1,0,0,0,1,0,0,1,0,1,0,0,15,0,1,0,0,4,0          7
E5_E9_early_RLAST,3048,1,0,0,1,0,1,0,0,0,1,0,0,1,0,1,0,0,15,0,1,0,0,4,0          7
E5_E9_early_RLAST,3049,1,0,0,1,0,1,0,0,0,1,0,0,1,0,1,0,0,15,0,1,0,0,4,0          7
E5_E9_early_RLAST,3050,1,0,0,1,0,1,0,0,0,1,0,0,1,0,1,0,0,15,0,1,0,0,4,0          7
E5_E9_early_RLAST,3051,1,0,0,1,0,1,0,0,0,1,0,0,1,0,1,0,0,15,0,1,0,0,4,0          7
E5_E9_early_RLAST,3052,1,0,0,1,0,1,0,0,0,1,0,0,1,0,1,0,0,15,0,1,0,0,4,0          7
E5_E9_early_RLAST,3053,1,0,0,1,0,1,0,0,0,1,0,0,1,0,1,0,0,15,0,1,0,0,4,0          7
E5_E9_early_RLAST,3054,1,0,0,1,0,1,0,0,0,1,0,0,1,0,1,0,0,15,0,1,0,0,4,0          7
E5_E9_early_RLAST,3055,1,0,0,1,0,1,0,0,0,1,0,0,1,0,1,0,0,15,0,1,0,0,4,0          7
E5_E9_early_RLAST,3056,1,0,0,1,0,1,0,0,0,1,0,0,1,0,1,0,0,15,0,1,0,0,4,0          7
E5_E9_early_RLAST,3057,1,0,0,1,0,1,0,0,0,1,0,0,1,0,1,0,0,15,0,1,0,0,4,0          7
E5_E9_early_RLAST,3058,1,0,0,1,0,1,0,0,0,1,0,0,1,0,1,0,0,15,0,1,0,0,4,0          7
E5_E9_early_RLAST,3059,1,0,0,1,0,1,0,0,0,1,0,0,1,0,1,0,0,15,0,1,0,0,4,0          7
E5_E9_early_RLAST,3060,1,0,0,1,0,1,0,0,0,1,0,0,1,0,1,0,0,15,0,1,0,0,4,0          7
E5_E9_early_RLAST,3061,1,0,0,1,0,1,0,0,0,1,0,0,1,0,1,0,0,15,0,1,0,0,4,0          7
E5_E9_early_RLAST,3062,1,0,0,1,0,1,0,0,0,1,0,0,1,0,1,0,0,15,0,1,0,0,4,0          7
E5_E9_early_RLAST,3063,1,0,0,1,0,1,0,0,0,1,0,0,1,0,1,0,0,15,0,1,0,0,4,0          7
E5_E9_early_RLAST,3064,1,0,0,1,0,1,0,0,0,1,0,0,1,0,1,0,0,15,0,1,0,0,4,0          7
E5_E9_early_RLAST,3065,1,0,0,1,0,1,0,0,0,1,0,0,1,0,1,0,0,15,0,1,0,0,4,0          7
E5_E9_early_RLAST,3066,1,0,0,1,0,1,0,0,0,1,0,0,1,0,1,0,0,15,0,1,0,0,4,0          7
E5_E9_early_RLAST,3067,1,0,0,1,0,1,0,0,0,1,0,0,1,0,1,0,0,15,0,1,0,0,4,0          7
E5_E9_early_RLAST,3068,1,0,0,1,0,1,0,0,0,1,0,0,1,0,1,0,0,15,0,1,0,0,4,0          7
E5_E9_early_RLAST,3069,1,0,0,1,0,1,0,0,0,1,0,0,1,0,1,0,0,15,0,1,0,0,4,0          7
E5_E9_early_RLAST,3070,1,0,0,1,0,1,0,0,0,1,0,0,1,0,1,0,0,15,0,1,0,0,4,0          7
E5_E9_early_RLAST,3071,1,0,0,1,0,1,0,0,0,1,0,0,1,0,1,0,0,15,0,1,0,0,4,0          7
E5_E9_early_RLAST,3072,1,0,0,1,0,1,0,0,0,1,0,0,1,0,1,0,0,15,0,1,0,0,4,0          7
E5_E9_early_RLAST,3073,1,0,0,1,0,1,0,0,0,1,0,0,1,0,1,0,0,15,0,1,0,0,4,0          7
E5_E9_early_RLAST,3074,1,0,0,1,0,1,0,0,0,1,0,0,1,0,1,0,0,15,0,1,0,0,4,0          7
E5_E9_early_RLAST,3075,1,0,0,1,0,1,0,0,0,1,0,0,1,0,1,0,0,15,0,1,0,0,4,0          7
E5_E9_early_RLAST,3076,1,0,0,1,0,1,0,0,0,1,0,0,1,0,1,0,0,15,0,1,0,0,4,0          7
E5_E9_early_RLAST,3077,1,0,0,1,0,1,0,0,0,1,0,0,1,0,1,0,0,15,0,1,0,0,4,0          7
E5_E9_early_RLAST,3078,1,0,0,1,0,1,0,0,0,1,0,0,1,0,1,0,0,15,0,1,0,0,4,0          7
E5_E9_early_RLAST,3079,1,0,0,1,0,1,0,0,0,1,0,0,1,0,1,0,0,15,0,1,0,0,4,0          7
E5_E9_early_RLAST,3080,1,0,0,1,0,1,0,0,0,1,0,0,1,0,1,0,0,15,0,1,0,0,4,0          7
E5_E9_early_RLAST,3081,1,0,0,1,0,1,0,0,0,1,0,0,1,0,1,0,0,15,0,1,0,0,4,0          7
E5_E9_early_RLAST,3082,1,0,0,1,0,1,0,0,0,1,0,0,1,0,1,0,0,15,0,1,0,0,4,0          7
E5_E9_early_RLAST,3083,1,0,0,1,0,1,0,0,0,1,0,0,1,0,1,0,0,15,0,1,0,0,4,0          7
E5_E9_early_RLAST,3084,1,0,0,1,0,1,0,0,0,1,0,0,1,0,1,0,0,15,0,1,0,0,4,0          7
E5_E9_early_RLAST,3085,1,0,0,1,0,1,0,0,0,1,0,0,1,0,1,0,0,15,0,1,0,0,4,0          7
E5_E9_early_RLAST,3086,1,0,0,1,0,1,0,0,0,1,0,0,1,0,1,0,0,15,0,1,0,0,4,0          7
E5_E9_early_RLAST,3087,1,0,0,1,0,1,0,0,0,1,0,0,1,0,1,0,0,15,0,1,0,0,4,0          7
E5_E9_early_RLAST,3088,1,0,0,1,0,1,0,0,0,1,0,0,1,0,1,0,0,15,0,1,0,0,4,0          7
E5_E9_early_RLAST,3089,1,0,0,1,0,1,0,0,0,1,0,0,1,0,1,0,0,15,0,1,0,0,4,0          7
E5_E9_early_RLAST,3090,1,0,0,1,0,1,0,0,0,1,0,0,1,0,1,0,0,15,0,1,0,0,4,0          7
E5_E9_early_RLAST,3091,1,0,0,1,0,1,0,0,0,1,0,0,1,0,1,0,0,15,0,1,0,0,4,0          7
E5_E9_early_RLAST,3092,1,0,0,1,0,1,0,0,0,1,0,0,1,0,1,0,0,15,0,1,0,0,4,0          7
E5_E9_early_RLAST,3093,1,0,0,1,0,1,0,0,0,1,0,0,1,0,1,0,0,15,0,1,0,0,4,0          7
E5_E9_early_RLAST,3094,1,0,0,1,0,1,0,0,0,1,0,0,1,0,1,0,0,15,0,1,0,0,4,0          7
E5_E9_early_RLAST,3095,1,0,0,1,0,1,0,0,0,1,0,0,1,0,1,0,0,15,0,1,0,0,4,0          7
E5_E9_early_RLAST,3096,1,0,0,1,0,1,0,0,0,1,0,0,1,0,1,0,0,15,0,1,0,0,4,0          7
E5_E9_early_RLAST,3097,1,0,0,1,0,1,0,0,0,1,0,0,1,0,1,0,0,15,0,1,0,0,4,0          7
E5_E9_early_RLAST,3098,1,0,0,1,0,1,0,0,0,1,0,0,1,0,1,0,0,15,0,1,0,0,4,0          7
E5_E9_early_RLAST,3099,1,0,0,1,0,1,0,0,0,1,0,0,1,0,1,0,0,15,0,1,0,0,4,0          7
E5_E9_early_RLAST,3100,1,0,0,1,0,1,0,0,0,1,0,0,1,0,1,0,0,15,0,1,0,0,4,0          7
E5_E9_early_RLAST,3101,1,0,0,1,0,1,0,0,0,1,0,0,1,0,1,0,0,15,0,1,0,0,4,0          7
E5_E9_early_RLAST,3102,1,0,0,1,0,1,0,0,0,1,0,0,1,0,1,0,0,15,0,1,0,0,4,0          7
E5_E9_early_RLAST,3103,1,0,0,1,0,1,0,0,0,1,0,0,1,0,1,0,0,15,0,1,0,0,4,0          7
E5_E9_early_RLAST,3104,1,0,0,1,0,1,0,0,0,1,0,0,1,0,1,0,0,15,0,1,0,0,4,0          7
E5_E9_early_RLAST,3105,1,0,0,1,0,1,0,0,0,1,0,0,1,0,1,0,0,15,0,1,0,0,4,0          7
E5_E9_early_RLAST,3106,1,0,0,1,0,1,0,0,0,1,0,0,1,0,1,0,0,15,0,1,0,0,4,0          7
E5_E9_early_RLAST,3107,1,0,0,1,0,1,0,0,0,1,0,0,1,0,1,0,0,15,0,1,0,0,4,0          7
E5_E9_early_RLAST,3108,1,0,0,1,0,1,0,0,0,1,0,0,1,0,1,0,0,15,0,1,0,0,4,0          7
E5_E9_early_RLAST,3109,1,0,0,1,0,1,0,0,0,1,0,0,1,0,1,0,0,15,0,1,0,0,4,0          7
E5_E9_early_RLAST,3110,1,0,0,1,0,1,0,0,0,1,0,0,1,0,1,0,0,15,0,1,0,0,4,0          7
E5_E9_early_RLAST,3111,1,0,0,1,0,1,0,0,0,1,0,0,1,0,1,0,0,15,0,1,0,0,4,0          7
E5_E9_early_RLAST,3112,1,0,0,1,0,1,0,0,0,1,0,0,1,0,1,0,0,15,0,1,0,0,4,0          7
E5_E9_early_RLAST,3113,1,0,0,1,0,1,0,0,0,1,0,0,1,0,1,0,0,15,0,1,0,0,4,0          7
E5_E9_early_RLAST,3114,1,0,0,1,0,1,0,0,0,1,0,0,1,0,1,0,0,15,0,1,0,0,4,0          7
E5_E9_early_RLAST,3115,1,0,0,1,0,1,0,0,0,1,0,0,1,0,1,0,0,15,0,1,0,0,4,0          7
E5_E9_early_RLAST,3116,1,0,0,1,0,1,0,0,0,1,0,0,1,0,1,0,0,15,0,1,0,0,4,0          7
E5_E9_early_RLAST,3117,1,0,0,1,0,1,0,0,0,1,0,0,1,0,1,0,0,15,0,1,0,0,4,0          7
E5_E9_early_RLAST,3118,1,0,0,1,0,1,0,0,0,1,0,0,1,0,1,0,0,15,0,1,0,0,4,0          7
E5_E9_early_RLAST,3119,1,0,0,1,0,1,0,0,0,1,0,0,1,0,1,0,0,15,0,1,0,0,4,0          7
E5_E9_early_RLAST,3120,1,0,0,1,0,1,0,0,0,1,0,0,1,0,1,0,0,15,0,1,0,0,4,0          7
E5_E9_early_RLAST,3121,1,0,0,1,0,1,0,0,0,1,0,0,1,0,1,0,0,15,0,1,0,0,4,0          7
E5_E9_early_RLAST,3122,1,0,0,1,0,1,0,0,0,1,0,0,1,0,1,0,0,15,0,1,0,0,4,0          7
E5_E9_early_RLAST,3123,1,0,0,1,0,1,0,0,0,1,0,0,1,0,1,0,0,15,0,1,0,0,4,0          7
E5_E9_early_RLAST,3124,1,0,0,1,0,1,0,0,0,1,0,0,1,0,1,0,0,15,0,1,0,0,4,0          7
E5_E9_early_RLAST,3125,1,0,0,1,0,1,0,0,0,1,0,0,1,0,1,0,0,15,0,1,0,0,4,0          7
E5_E9_early_RLAST,3126,1,0,0,1,0,1,0,0,0,1,0,0,1,0,1,0,0,15,0,1,0,0,4,0          7
E5_E9_early_RLAST,3127,1,0,0,1,0,1,0,0,0,1,0,0,1,0,1,0,0,15,0,1,0,0,4,0          7
E5_E9_early_RLAST,3128,1,0,0,1,0,1,0,0,0,1,0,0,1,0,1,0,0,15,0,1,0,0,4,0          7
E5_E9_early_RLAST,3129,1,0,0,1,0,1,0,0,0,1,0,0,1,0,1,0,0,15,0,1,0,0,4,0          7
E5_E9_early_RLAST,3130,1,0,0,1,0,1,0,0,0,1,0,0,1,0,1,0,0,15,0,1,0,0,4,0          7
E5_E9_early_RLAST,3131,1,0,0,1,0,1,0,0,0,1,0,0,1,0,1,0,0,15,0,1,0,0,4,0          7
E5_E9_early_RLAST,3132,1,0,0,1,0,1,0,0,0,1,0,0,1,0,1,0,0,15,0,1,0,0,4,0          7
E5_E9_early_RLAST,3133,1,0,0,1,0,1,0,0,0,1,0,0,1,0,1,0,0,15,0,1,0,0,4,0          7
E5_E9_early_RLAST,3134,1,0,0,1,0,1,0,0,0,1,0,0,1,0,1,0,0,15,0,1,0,0,4,0          7
E5_E9_early_RLAST,3135,1,0,0,1,0,1,0,0,0,1,0,0,1,0,1,0,0,15,0,1,0,0,4,0          7
E5_E9_early_RLAST,3136,1,0,0,1,0,1,0,0,0,1,0,0,1,0,1,0,0,15,0,1,0,0,4,0          7
E5_E9_early_RLAST,3137,1,0,0,1,0,1,0,0,0,1,0,0,1,0,1,0,0,15,0,1,0,0,4,0          7
E5_E9_early_RLAST,3138,1,0,0,1,0,1,0,0,0,1,0,0,1,0,1,0,0,15,0,1,0,0,4,0          7
E5_E9_early_RLAST,3139,1,0,0,1,0,1,0,0,0,1,0,0,1,0,1,0,0,15,0,1,0,0,4,0          7
E5_E9_early_RLAST,3140,1,0,0,1,0,1,0,0,0,1,0,0,1,0,1,0,0,15,0,1,0,0,4,0          7
E5_E9_early_RLAST,3141,1,0,0,1,0,1,0,0,0,1,0,0,1,0,1,0,0,15,0,1,0,0,4,0          7
E5_E9_early_RLAST,3142,1,0,0,1,0,1,0,0,0,1,0,0,1,0,1,0,0,15,0,1,0,0,4,0          7
E5_E9_early_RLAST,3143,1,0,0,1,0,1,0,0,0,1,0,0,1,0,1,0,0,15,0,1,0,0,4,0          7
E5_E9_early_RLAST,3144,1,0,0,1,0,1,0,0,0,1,0,0,1,0,1,0,0,15,0,1,0,0,4,0          7
E5_E9_early_RLAST,3145,1,0,0,1,0,1,0,0,0,1,0,0,1,0,1,0,0,15,0,1,0,0,4,0          7
E5_E9_early_RLAST,3146,1,0,0,1,0,1,0,0,0,1,0,0,1,0,1,0,0,15,0,1,0,0,4,0          7
E5_E9_early_RLAST,3147,1,0,0,1,0,1,0,0,0,1,0,0,1,0,1,0,0,15,0,1,0,0,4,0          7
E5_E9_early_RLAST,3148,1,0,0,1,0,1,0,0,0,1,0,0,1,0,1,0,0,15,0,1,0,0,4,0          7
E5_E9_early_RLAST,3149,1,0,0,1,0,1,0,0,0,1,0,0,1,0,1,0,0,15,0,1,0,0,4,0          7
E5_E9_early_RLAST,3150,1,0,0,1,0,1,0,0,0,1,0,0,1,0,1,0,0,15,0,1,0,0,4,0          7
E5_E9_early_RLAST,3151,1,0,0,1,0,1,0,0,0,1,0,0,1,0,1,0,0,15,0,1,0,0,4,0          7
E5_E9_early_RLAST,3152,1,0,0,1,0,1,0,0,0,1,0,0,1,0,1,0,0,15,0,1,0,0,4,0          7
E5_E9_early_RLAST,3153,1,0,0,1,0,1,0,0,0,1,0,0,1,0,1,0,0,15,0,1,0,0,4,0          7
E5_E9_early_RLAST,3154,1,0,0,1,0,1,0,0,0,1,0,0,1,0,1,0,0,15,0,1,0,0,4,0          7
E5_E9_early_RLAST,3155,1,0,0,1,0,1,0,0,0,1,0,0,1,0,1,0,0,15,0,1,0,0,4,0          7
E5_E9_early_RLAST,3156,1,0,0,1,0,1,0,0,0,1,0,0,1,0,1,0,0,15,0,1,0,0,4,0          7
E5_E9_early_RLAST,3157,1,0,0,1,0,1,0,0,0,1,0,0,1,0,1,0,0,15,0,1,0,0,4,0          7
E5_E9_early_RLAST,3158,1,0,0,1,0,1,0,0,0,1,0,0,1,0,1,0,0,15,0,1,0,0,4,0          7
E5_E9_early_RLAST,3159,1,0,0,1,0,1,0,0,0,1,0,0,1,0,1,0,0,15,0,1,0,0,4,0          7
E5_E9_early_RLAST,3160,1,0,0,1,0,1,0,0,0,1,0,0,1,0,1,0,0,15,0,1,0,0,4,0          7
E5_E9_early_RLAST,3161,1,0,0,1,0,1,0,0,0,1,0,0,1,0,1,0,0,15,0,1,0,0,4,0          7
E5_E9_early_RLAST,3162,1,0,0,1,0,1,0,0,0,1,0,0,1,0,1,0,0,15,0,1,0,0,4,0          7
E5_E9_early_RLAST,3163,1,0,0,1,0,1,0,0,0,1,0,0,1,0,1,0,0,15,0,1,0,0,4,0          7
E5_E9_early_RLAST,3164,1,0,0,1,0,1,0,0,0,1,0,0,1,0,1,0,0,15,0,1,0,0,4,0          7
E5_E9_early_RLAST,3165,1,0,0,1,0,1,0,0,0,1,0,0,1,0,1,0,0,15,0,1,0,0,4,0          7
E5_E9_early_RLAST,3166,1,0,0,1,0,1,0,0,0,1,0,0,1,0,1,0,0,15,0,1,0,0,4,0          7
E5_E9_early_RLAST,3167,1,0,0,1,0,1,0,0,0,1,0,0,1,0,1,0,0,15,0,1,0,0,4,0          7
E5_E9_early_RLAST,3168,1,0,0,1,0,1,0,0,0,1,0,0,1,0,1,0,0,15,0,1,0,0,4,0          7
E5_E9_early_RLAST,3169,1,0,0,1,0,1,0,0,0,1,0,0,1,0,1,0,0,15,0,1,0,0,4,0          7
E5_E9_early_RLAST,3170,1,0,0,1,0,1,0,0,0,1,0,0,1,0,1,0,0,15,0,1,0,0,4,0          7
E5_E9_early_RLAST,3171,1,0,0,1,0,1,0,0,0,1,0,0,1,0,1,0,0,15,0,1,0,0,4,0          7
E5_E9_early_RLAST,3172,1,0,0,1,0,1,0,0,0,1,0,0,1,0,1,0,0,15,0,1,0,0,4,0          7
E5_E9_early_RLAST,3173,1,0,0,1,0,1,0,0,0,1,0,0,1,0,1,0,0,15,0,1,0,0,4,0          7
E5_E9_early_RLAST,3174,1,0,0,1,0,1,0,0,0,1,0,0,1,0,1,0,0,15,0,1,0,0,4,0          7
E5_E9_early_RLAST,3175,1,0,0,1,0,1,0,0,0,1,0,0,1,0,1,0,0,15,0,1,0,0,4,0          7
E5_E9_early_RLAST,3176,1,0,0,1,0,1,0,0,0,1,0,0,1,0,1,0,0,15,0,1,0,0,4,0          7
E5_E9_early_RLAST,3177,1,0,0,1,0,1,0,0,0,1,0,0,1,0,1,0,0,15,0,1,0,0,4,0          7
E5_E9_early_RLAST,3178,1,0,0,1,0,1,0,0,0,1,0,0,1,0,1,0,0,15,0,1,0,0,4,0          7
E5_E9_early_RLAST,3179,1,0,0,1,0,1,0,0,0,1,0,0,1,0,1,0,0,15,0,1,0,0,4,0          7
E5_E9_early_RLAST,3180,1,0,0,1,0,1,0,0,0,1,0,0,1,0,1,0,0,15,0,1,0,0,4,0          7
E5_E9_early_RLAST,3181,1,0,0,1,0,1,0,0,0,1,0,0,1,0,1,0,0,15,0,1,0,0,4,0          7
E5_E9_early_RLAST,3182,1,0,0,1,0,1,0,0,0,1,0,0,1,0,1,0,0,15,0,1,0,0,4,0          7
E5_E9_early_RLAST,3183,1,0,0,1,0,1,0,0,0,1,0,0,1,0,1,0,0,15,0,1,0,0,4,0          7
E5_E9_early_RLAST,3184,1,0,0,1,0,1,0,0,0,1,0,0,1,0,1,0,0,15,0,1,0,0,4,0          7
E5_E9_early_RLAST,3185,1,0,0,1,0,1,0,0,0,1,0,0,1,0,1,0,0,15,0,1,0,0,4,0          7
E5_E9_early_RLAST,3186,1,0,0,1,0,1,0,0,0,1,0,0,1,0,1,0,0,15,0,1,0,0,4,0          7
E5_E9_early_RLAST,3187,1,0,0,1,0,1,0,0,0,1,0,0,1,0,1,0,0,15,0,1,0,0,4,0          7
E5_E9_early_RLAST,3188,1,0,0,1,0,1,0,0,0,1,0,0,1,0,1,0,0,15,0,1,0,0,4,0          7
E5_E9_early_RLAST,3189,1,0,0,1,0,1,0,0,0,1,0,0,1,0,1,0,0,15,0,1,0,0,4,0          7
E5_E9_early_RLAST,3190,1,0,0,1,0,1,0,0,0,1,0,0,1,0,1,0,0,15,0,1,0,0,4,0          7
E5_E9_early_RLAST,3191,1,0,0,1,0,1,0,0,0,1,0,0,1,0,1,0,0,15,0,1,0,0,4,0          7
E5_E9_early_RLAST,3192,1,0,0,1,0,1,0,0,0,1,0,0,1,0,1,0,0,15,0,1,0,0,4,0          7
E5_E9_early_RLAST,3193,1,0,0,1,0,1,0,0,0,1,0,0,1,0,1,0,0,15,0,1,0,0,4,0          7
E5_E9_early_RLAST,3194,1,0,0,1,0,1,0,0,0,1,0,0,1,0,1,0,0,15,0,1,0,0,4,0          7
E5_E9_early_RLAST,3195,1,0,0,1,0,1,0,0,0,1,0,0,1,0,1,0,0,15,0,1,0,0,4,0          7
E5_E9_early_RLAST,3196,1,0,0,1,0,1,0,0,0,1,0,0,1,0,1,0,0,15,0,1,0,0,4,0          7
E5_E9_early_RLAST,3197,1,0,0,1,0,1,0,0,0,1,0,0,1,0,1,0,0,15,0,1,0,0,4,0          7
E5_E9_early_RLAST,3198,1,0,0,1,0,1,0,0,0,1,0,0,1,0,1,0,0,15,0,1,0,0,4,0          7
E5_E9_early_RLAST,3199,1,0,0,1,0,1,0,0,0,1,0,0,1,0,1,0,0,15,0,1,0,0,4,0          7
E5_E9_early_RLAST,3200,1,0,0,1,0,1,0,0,0,1,0,0,1,0,1,0,0,15,0,1,0,0,4,0          7
E5_E9_early_RLAST,3201,1,0,0,1,0,1,0,0,0,1,0,0,1,0,1,0,0,15,0,1,0,0,4,0          7
E5_E9_early_RLAST,3202,1,0,0,1,0,1,0,0,0,1,0,0,1,0,1,0,0,15,0,1,0,0,4,0          7
E5_E9_early_RLAST,3203,1,0,0,1,0,1,0,0,0,1,0,0,1,0,1,0,0,15,0,1,0,0,4,0          7
E5_E9_early_RLAST,3204,1,0,0,1,0,1,0,0,0,1,0,0,1,0,1,0,0,15,0,1,0,0,4,0          7
E5_E9_early_RLAST,3205,1,0,0,1,0,1,0,0,0,1,0,0,1,0,1,0,0,15,0,1,0,0,4,0          7
E5_E9_early_RLAST,3206,1,0,0,1,0,1,0,0,0,1,0,0,1,0,1,0,0,15,0,1,0,0,4,0          7
E5_E9_early_RLAST,3207,1,0,0,1,0,1,0,0,0,1,0,0,1,0,1,0,0,15,0,1,0,0,4,0          7
E5_E9_early_RLAST,3208,1,0,0,1,0,1,0,0,0,1,0,0,1,0,1,0,0,15,0,1,0,0,4,0          7
E5_E9_early_RLAST,3209,1,0,0,1,0,1,0,0,0,1,0,0,1,0,1,0,0,15,0,1,0,0,4,0          7
E5_E9_early_RLAST,3210,1,0,0,1,0,1,0,0,0,1,0,0,1,0,1,0,0,15,0,1,0,0,4,0          7
E5_E9_early_RLAST,3211,1,0,0,1,0,1,0,0,0,1,0,0,1,0,1,0,0,15,0,1,0,0,4,0          7
E5_E9_early_RLAST,3212,1,0,0,1,0,1,0,0,0,1,0,0,1,0,1,0,0,15,0,1,0,0,4,0          7
E5_E9_early_RLAST,3213,1,0,0,1,0,1,0,0,0,1,0,0,1,0,1,0,0,15,0,1,0,0,4,0          7
E5_E9_early_RLAST,3214,1,0,0,1,0,1,0,0,0,1,0,0,1,0,1,0,0,15,0,1,0,0,4,0          7
E5_E9_early_RLAST,3215,1,0,0,1,0,1,0,0,0,1,0,0,1,0,1,0,0,15,0,1,0,0,4,0          7
E5_E9_early_RLAST,3216,1,0,0,1,0,1,0,0,0,1,0,0,1,0,1,0,0,15,0,1,0,0,4,0          7
E5_E9_early_RLAST,3217,1,0,0,1,0,1,0,0,0,1,0,0,1,0,1,0,0,15,0,1,0,0,4,0          7
E5_E9_early_RLAST,3218,1,0,0,1,0,1,0,0,0,1,0,0,1,0,1,0,0,15,0,1,0,0,4,0          7
E5_E9_early_RLAST,3219,1,0,0,1,0,1,0,0,0,1,0,0,1,0,1,0,0,15,0,1,0,0,4,0          7
E5_E9_early_RLAST,3220,1,0,0,1,0,1,0,0,0,1,0,0,1,0,1,0,0,15,0,1,0,0,4,0          7
E5_E9_early_RLAST,3221,1,0,0,1,0,1,0,0,0,1,0,0,1,0,1,0,0,15,0,1,0,0,4,0          7
E5_E9_early_RLAST,3222,1,0,0,1,0,1,0,0,0,1,0,0,1,0,1,0,0,15,0,1,0,0,4,0          7
E5_E9_early_RLAST,3223,1,0,0,1,0,1,0,0,0,1,0,0,1,0,1,0,0,15,0,1,0,0,4,0          7
E5_E9_early_RLAST,3224,1,0,0,1,0,1,0,0,0,1,0,0,1,0,1,0,0,15,0,1,0,0,4,0          7
E5_E9_early_RLAST,3225,1,0,0,1,0,1,0,0,0,1,0,0,1,0,1,0,0,15,0,1,0,0,4,0          7
E5_E9_early_RLAST,3226,1,0,0,1,0,1,0,0,0,1,0,0,1,0,1,0,0,15,0,1,0,0,4,0          7
E5_E9_early_RLAST,3227,1,0,0,1,0,1,0,0,0,1,0,0,1,0,1,0,0,15,0,1,0,0,4,0          7
E5_E9_early_RLAST,3228,1,0,0,1,0,1,0,0,0,1,0,0,1,0,1,0,0,15,0,1,0,0,4,0          7
E5_E9_early_RLAST,3229,1,0,0,1,0,1,0,0,0,1,0,0,1,0,1,0,0,15,0,1,0,0,4,0          7
E5_E9_early_RLAST,3230,1,0,0,1,0,1,0,0,0,1,0,0,1,0,1,0,0,15,0,1,0,0,4,0          7
E5_E9_early_RLAST,3231,1,0,0,1,0,1,0,0,0,1,0,0,1,0,1,0,0,15,0,1,0,0,4,0          7
E5_E9_early_RLAST,3232,1,0,0,1,0,1,0,0,0,1,0,0,1,0,1,0,0,15,0,1,0,0,4,0          7
E5_E9_early_RLAST,3233,1,0,0,1,0,1,0,0,0,1,0,0,1,0,1,0,0,15,0,1,0,0,4,0          7
E5_E9_early_RLAST,3234,1,0,0,1,0,1,0,0,0,1,0,0,1,0,1,0,0,15,0,1,0,0,4,0          7
E5_E9_early_RLAST,3235,1,0,0,1,0,1,0,0,0,1,0,0,1,0,1,0,0,15,0,1,0,0,4,0          7
E5_E9_early_RLAST,3236,1,0,0,1,0,1,0,0,0,1,0,0,1,0,1,0,0,15,0,1,0,0,4,0          7
E5_E9_early_RLAST,3237,1,0,0,1,0,1,0,0,0,1,0,0,1,0,1,0,0,15,0,1,0,0,4,0          7
E5_E9_early_RLAST,3238,1,0,0,1,0,1,0,0,0,1,0,0,1,0,1,0,0,15,0,1,0,0,4,0          7
E5_E9_early_RLAST,3239,1,0,0,1,0,1,0,0,0,1,0,0,1,0,1,0,0,15,0,1,0,0,4,0          7
E5_E9_early_RLAST,3240,1,0,0,1,0,1,0,0,0,1,0,0,1,0,1,0,0,15,0,1,0,0,4,0          7
E5_E9_early_RLAST,3241,1,0,0,1,0,1,0,0,0,1,0,0,1,0,1,0,0,15,0,1,0,0,4,0          7
E5_E9_early_RLAST,3242,1,0,0,1,0,1,0,0,0,1,0,0,1,0,1,0,0,15,0,1,0,0,4,0          7
E5_E9_early_RLAST,3243,1,0,0,1,0,1,0,0,0,1,0,0,1,0,1,0,0,15,0,1,0,0,4,0          7
E5_E9_early_RLAST,3244,1,0,0,1,0,1,0,0,0,1,0,0,1,0,1,0,0,15,0,1,0,0,4,0          7
E5_E9_early_RLAST,3245,1,0,0,1,0,1,0,0,0,1,0,0,1,0,1,0,0,15,0,1,0,0,4,0          7
E5_E9_early_RLAST,3246,1,0,0,1,0,1,0,0,0,1,0,0,1,0,1,0,0,15,0,1,0,0,4,0          7
E5_E9_early_RLAST,3247,1,0,0,1,0,1,0,0,0,1,0,0,1,0,1,0,0,15,0,1,0,0,4,0          7
E5_E9_early_RLAST,3248,1,0,0,1,0,1,0,0,0,1,0,0,1,0,1,0,0,15,0,1,0,0,4,0          7
E5_E9_early_RLAST,3249,1,0,0,1,0,1,0,0,0,1,0,0,1,0,1,0,0,15,0,1,0,0,4,0          7
E5_E9_early_RLAST,3250,1,0,0,1,0,1,0,0,0,1,0,0,1,0,1,0,0,15,0,1,0,0,4,0          7
E5_E9_early_RLAST,3251,1,0,0,1,0,1,0,0,0,1,0,0,1,0,1,0,0,15,0,1,0,0,4,0          7
E5_E9_early_RLAST,3252,1,0,0,1,0,1,0,0,0,1,0,0,1,0,1,0,0,15,0,1,0,0,4,0          7
E5_E9_early_RLAST,3253,1,0,0,1,0,1,0,0,0,1,0,0,1,0,1,0,0,15,0,1,0,0,4,0          7
E5_E9_early_RLAST,3254,1,0,0,1,0,1,0,0,0,1,0,0,1,0,1,0,0,15,0,1,0,0,4,0          7
E5_E9_early_RLAST,3255,1,0,0,1,0,1,0,0,0,1,0,0,1,0,1,0,0,15,0,1,0,0,4,0          7
E5_E9_early_RLAST,3256,1,0,0,1,0,1,0,0,0,1,0,0,1,0,1,0,0,15,0,1,0,0,4,0          7
E5_E9_early_RLAST,3257,1,0,0,1,0,1,0,0,0,1,0,0,1,0,1,0,0,15,0,1,0,0,4,0          7
E5_E9_early_RLAST,3258,1,0,0,1,0,1,0,0,0,1,0,0,1,0,1,0,0,15,0,1,0,0,4,0          7
E5_E9_early_RLAST,3259,1,0,0,1,0,1,0,0,0,1,0,0,1,0,1,0,0,15,0,1,0,0,4,0          7
E5_E9_early_RLAST,3260,1,0,0,1,0,1,0,0,0,1,0,0,1,0,1,0,0,15,0,1,0,0,4,0          7
E5_E9_early_RLAST,3261,1,0,0,1,0,1,0,0,0,1,0,0,1,0,1,0,0,15,0,1,0,0,4,0          7
E5_E9_early_RLAST,3262,1,0,0,1,0,1,0,0,0,1,0,0,1,0,1,0,0,15,0,1,0,0,4,0          7
E5_E9_early_RLAST,3263,1,0,0,1,0,1,0,0,0,1,0,0,1,0,1,0,0,15,0,1,0,0,4,0          7
E5_E9_early_RLAST,3264,1,0,0,1,0,1,0,0,0,1,0,0,1,0,1,0,0,15,0,1,0,0,4,0          7
E5_E9_early_RLAST,3265,1,0,0,1,0,1,0,0,0,1,0,0,1,0,1,0,0,15,0,1,0,0,4,0          7
E5_E9_early_RLAST,3266,1,0,0,1,0,1,0,0,0,1,0,0,1,0,1,0,0,15,0,1,0,0,4,0          7
E5_E9_early_RLAST,3267,1,0,0,1,0,1,0,0,0,1,0,0,1,0,1,0,0,15,0,1,0,0,4,0          7
E5_E9_early_RLAST,3268,1,0,0,1,0,1,0,0,0,1,0,0,1,0,1,0,0,15,0,1,0,0,4,0          7
E5_E9_early_RLAST,3269,1,0,0,1,0,1,0,0,0,1,0,0,1,0,1,0,0,15,0,1,0,0,4,0          7
E5_E9_early_RLAST,3270,1,0,0,1,0,1,0,0,0,1,0,0,1,0,1,0,0,15,0,1,0,0,4,0          7
E5_E9_early_RLAST,3271,1,0,0,1,0,1,0,0,0,1,0,0,1,0,1,0,0,15,0,1,0,0,4,0          7
E5_E9_early_RLAST,3272,1,0,0,1,0,1,0,0,0,1,0,0,1,0,1,0,0,15,0,1,0,0,4,0          7
E5_E9_early_RLAST,3273,1,0,0,1,0,1,0,0,0,1,0,0,1,0,1,0,0,15,0,1,0,0,4,0          7
E5_E9_early_RLAST,3274,1,0,0,1,0,1,0,0,0,1,0,0,1,0,1,0,0,15,0,1,0,0,4,0          7
E5_E9_early_RLAST,3275,1,0,0,1,0,1,0,0,0,1,0,0,1,0,1,0,0,15,0,1,0,0,4,0          7
E5_E9_early_RLAST,3276,1,0,0,1,0,1,0,0,0,1,0,0,1,0,1,0,0,15,0,1,0,0,4,0          7
E5_E9_early_RLAST,3277,1,0,0,1,0,1,0,0,0,1,0,0,1,0,1,0,0,15,0,1,0,0,4,0          7
E5_E9_early_RLAST,3278,1,0,0,1,0,1,0,0,0,1,0,0,1,0,1,0,0,15,0,1,0,0,4,0          7
E5_E9_early_RLAST,3279,1,0,0,1,0,1,0,0,0,1,0,0,1,0,1,0,0,15,0,1,0,0,4,0          7
E5_E9_early_RLAST,3280,1,0,0,1,0,1,0,0,0,1,0,0,1,0,1,0,0,15,0,1,0,0,4,0          7
E5_E9_early_RLAST,3281,1,0,0,1,0,1,0,0,0,1,0,0,1,0,1,0,0,15,0,1,0,0,4,0          7
E5_E9_early_RLAST,3282,1,0,0,1,0,1,0,0,0,1,0,0,1,0,1,0,0,15,0,1,0,0,4,0          7
E5_E9_early_RLAST,3283,1,0,0,1,0,1,0,0,0,1,0,0,1,0,1,0,0,15,0,1,0,0,4,0          7
E5_E9_early_RLAST,3284,1,0,0,1,0,1,0,0,0,1,0,0,1,0,1,0,0,15,0,1,0,0,4,0          7
E5_E9_early_RLAST,3285,1,0,0,1,0,1,0,0,0,1,0,0,1,0,1,0,0,15,0,1,0,0,4,0          7
E5_E9_early_RLAST,3286,1,0,0,1,0,1,0,0,0,1,0,0,1,0,1,0,0,15,0,1,0,0,4,0          7
E5_E9_early_RLAST,3287,1,0,0,1,0,1,0,0,0,1,0,0,1,0,1,0,0,15,0,1,0,0,4,0          7
E5_E9_early_RLAST,3288,1,0,0,1,0,1,0,0,0,1,0,0,1,0,1,0,0,15,0,1,0,0,4,0          7
E5_E9_early_RLAST,3289,1,0,0,1,0,1,0,0,0,1,0,0,1,0,1,0,0,15,0,1,0,0,4,0          7
E5_E9_early_RLAST,3290,1,0,0,1,0,1,0,0,0,1,0,0,1,0,1,0,0,15,0,1,0,0,4,0          7
E5_E9_early_RLAST,3291,1,0,0,1,0,1,0,0,0,1,0,0,1,0,1,0,0,15,0,1,0,0,4,0          7
E5_E9_early_RLAST,3292,1,0,0,1,0,1,0,0,0,1,0,0,1,0,1,0,0,15,0,1,0,0,4,0          7
E5_E9_early_RLAST,3293,1,0,0,1,0,1,0,0,0,1,0,0,1,0,1,0,0,15,0,1,0,0,4,0          7
E5_E9_early_RLAST,3294,1,0,0,1,0,1,0,0,0,1,0,0,1,0,1,0,0,15,0,1,0,0,4,0          7
E5_E9_early_RLAST,3295,1,0,0,1,0,1,0,0,0,1,0,0,1,0,1,0,0,15,0,1,0,0,4,0          7
E5_E9_early_RLAST,3296,1,0,0,1,0,1,0,0,0,1,0,0,1,0,1,0,0,15,0,1,0,0,4,0          7
E5_E9_early_RLAST,3297,1,0,0,1,0,1,0,0,0,1,0,0,1,0,1,0,0,15,0,1,0,0,4,0          7
E5_E9_early_RLAST,3298,1,0,0,1,0,1,0,0,0,1,0,0,1,0,1,0,0,15,0,1,0,0,4,0          7
E5_E9_early_RLAST,3299,1,0,0,1,0,1,0,0,0,1,0,0,1,0,1,0,0,15,0,1,0,0,4,0          7
E5_E9_early_RLAST,3300,1,0,0,1,0,1,0,0,0,1,0,0,1,0,1,0,0,15,0,1,0,0,4,0          7
E5_E9_early_RLAST,3301,1,0,0,1,0,1,0,0,0,1,0,0,1,0,1,0,0,15,0,1,0,0,4,0          7
E5_E9_early_RLAST,3302,1,0,0,1,0,1,0,0,0,1,0,0,1,0,1,0,0,15,0,1,0,0,4,0          7
E5_E9_early_RLAST,3303,1,0,0,1,0,1,0,0,0,1,0,0,1,0,1,0,0,15,0,1,0,0,4,0          7
E5_E9_early_RLAST,3304,1,0,0,1,0,1,0,0,0,1,0,0,1,0,1,0,0,15,0,1,0,0,4,0          7
E5_E9_early_RLAST,3305,1,0,0,1,0,1,0,0,0,1,0,0,1,0,1,0,0,15,0,1,0,0,4,0          7
E5_E9_early_RLAST,3306,1,0,0,1,0,1,0,0,0,1,0,0,1,0,1,0,0,15,0,1,0,0,4,0          7
E5_E9_early_RLAST,3307,1,0,0,1,0,1,0,0,0,1,0,0,1,0,1,0,0,15,0,1,0,0,4,0          7
E5_E9_early_RLAST,3308,1,0,0,1,0,1,0,0,0,1,0,0,1,0,1,0,0,15,0,1,0,0,4,0          7
E5_E9_early_RLAST,3309,1,0,0,1,0,1,0,0,0,1,0,0,1,0,1,0,0,15,0,1,0,0,4,0          7
E5_E9_early_RLAST,3310,1,0,0,1,0,1,0,0,0,1,0,0,1,0,1,0,0,15,0,1,0,0,4,0          7
E5_E9_early_RLAST,3311,1,0,0,1,0,1,0,0,0,1,0,0,1,0,1,0,0,15,0,1,0,0,4,0          7
E5_E9_early_RLAST,3312,1,0,0,1,0,1,0,0,0,1,0,0,1,0,1,0,0,15,0,1,0,0,4,0          7
E5_E9_early_RLAST,3313,1,0,0,1,0,1,0,0,0,1,0,0,1,0,1,0,0,15,0,1,0,0,4,0          7
E5_E9_early_RLAST,3314,1,0,0,1,0,1,0,0,0,1,0,0,1,0,1,0,0,15,0,1,0,0,4,0          7
E5_E9_early_RLAST,3315,1,0,0,1,0,1,0,0,0,1,0,0,1,0,1,0,0,15,0,1,0,0,4,0          7
E5_E9_early_RLAST,3316,1,0,0,1,0,1,0,0,0,1,0,0,1,0,1,0,0,15,0,1,0,0,4,0          7
E5_E9_early_RLAST,3317,1,0,0,1,0,1,0,0,0,1,0,0,1,0,1,0,0,15,0,1,0,0,4,0          7
E5_E9_early_RLAST,3318,1,0,0,1,0,1,0,0,0,1,0,0,1,0,1,0,0,15,0,1,0,0,4,0          7
E5_E9_early_RLAST,3319,1,0,0,1,0,1,0,0,0,1,0,0,1,0,1,0,0,15,0,1,0,0,4,0          7
E5_E9_early_RLAST,3320,1,0,0,1,0,1,0,0,0,1,0,0,1,0,1,0,0,15,0,1,0,0,4,0          7
E5_E9_early_RLAST,3321,1,0,0,1,0,1,0,0,0,1,0,0,1,0,1,0,0,15,0,1,0,0,4,0          7
E5_E9_early_RLAST,3322,1,0,0,1,0,1,0,0,0,1,0,0,1,0,1,0,0,15,0,1,0,0,4,0          7
E5_E9_early_RLAST,3323,1,0,0,1,0,1,0,0,0,1,0,0,1,0,1,0,0,15,0,1,0,0,4,0          7
E5_E9_early_RLAST,3324,1,0,0,1,0,1,0,0,0,1,0,0,1,0,1,0,0,15,0,1,0,0,4,0          7
E5_E9_early_RLAST,3325,1,0,0,1,0,1,0,0,0,1,0,0,1,0,1,0,0,15,0,1,0,0,4,0          7
E5_E9_early_RLAST,3326,1,0,0,1,0,1,0,0,0,1,0,0,1,0,1,0,0,15,0,1,0,0,4,0          7
E5_E9_early_RLAST,3327,1,0,0,1,0,1,0,0,0,1,0,0,1,0,1,0,0,15,0,1,0,0,4,0          7
E5_E9_early_RLAST,3328,1,0,0,1,0,1,0,0,0,1,0,0,1,0,1,0,0,15,0,1,0,0,4,0          7
E5_E9_early_RLAST,3329,1,0,0,1,0,1,0,0,0,1,0,0,1,0,1,0,0,15,0,1,0,0,4,0          7
E5_E9_early_RLAST,3330,1,0,0,1,0,1,0,0,0,1,0,0,1,0,1,0,0,15,0,1,0,0,4,0          7
E5_E9_early_RLAST,3331,1,0,0,1,0,1,0,0,0,1,0,0,1,0,1,0,0,15,0,1,0,0,4,0          7
E5_E9_early_RLAST,3332,1,0,0,1,0,1,0,0,0,1,0,0,1,0,1,0,0,15,0,1,0,0,4,0          7
E5_E9_early_RLAST,3333,1,0,0,1,0,1,0,0,0,1,0,0,1,0,1,0,0,15,0,1,0,0,4,0          7
E5_E9_early_RLAST,3334,1,0,0,1,0,1,0,0,0,1,0,0,1,0,1,0,0,15,0,1,0,0,4,0          7
E5_E9_early_RLAST,3335,1,0,0,1,0,1,0,0,0,1,0,0,1,0,1,0,0,15,0,1,0,0,4,0          7
E5_E9_early_RLAST,3336,1,0,0,1,0,1,0,0,0,1,0,0,1,0,1,0,0,15,0,1,0,0,4,0          7
E5_E9_early_RLAST,3337,1,0,0,1,0,1,0,0,0,1,0,0,1,0,1,0,0,15,0,1,0,0,4,0          7
E5_E9_early_RLAST,3338,1,0,0,1,0,1,0,0,0,1,0,0,1,0,1,0,0,15,0,1,0,0,4,0          7
E5_E9_early_RLAST,3339,1,0,0,1,0,1,0,0,0,1,0,0,1,0,1,0,0,15,0,1,0,0,4,0          7
E5_E9_early_RLAST,3340,1,0,0,1,0,1,0,0,0,1,0,0,1,0,1,0,0,15,0,1,0,0,4,0          7
E5_E9_early_RLAST,3341,1,0,0,1,0,1,0,0,0,1,0,0,1,0,1,0,0,15,0,1,0,0,4,0          7
E5_E9_early_RLAST,3342,1,0,0,1,0,1,0,0,0,1,0,0,1,0,1,0,0,15,0,1,0,0,4,0          7
E5_E9_early_RLAST,3343,1,0,0,1,0,1,0,0,0,1,0,0,1,0,1,0,0,15,0,1,0,0,4,0          7
E5_E9_early_RLAST,3344,1,0,0,1,0,1,0,0,0,1,0,0,1,0,1,0,0,15,0,1,0,0,4,0          7
E5_E9_early_RLAST,3345,1,0,0,1,0,1,0,0,0,1,0,0,1,0,1,0,0,15,0,1,0,0,4,0          7
E5_E9_early_RLAST,3346,1,0,0,1,0,1,0,0,0,1,0,0,1,0,1,0,0,15,0,1,0,0,4,0          7
E5_E9_early_RLAST,3347,1,0,0,1,0,1,0,0,0,1,0,0,1,0,1,0,0,15,0,1,0,0,4,0          7
E5_E9_early_RLAST,3348,1,0,0,1,0,1,0,0,0,1,0,0,1,0,1,0,0,15,0,1,0,0,4,0          7
E5_E9_early_RLAST,3349,1,0,0,1,0,1,0,0,0,1,0,0,1,0,1,0,0,15,0,1,0,0,4,0          7
E5_E9_early_RLAST,3350,1,0,0,1,0,1,0,0,0,1,0,0,1,0,1,0,0,15,0,1,0,0,4,0          7
E5_E9_early_RLAST,3351,1,0,0,1,0,1,0,0,0,1,0,0,1,0,1,0,0,15,0,1,0,0,4,0          7
E5_E9_early_RLAST,3352,1,0,0,1,0,1,0,0,0,1,0,0,1,0,1,0,0,15,0,1,0,0,4,0          7
E5_E9_early_RLAST,3353,1,0,0,1,0,1,0,0,0,1,0,0,1,0,1,0,0,15,0,1,0,0,4,0          7
E5_E9_early_RLAST,3354,1,0,0,1,0,1,0,0,0,1,0,0,1,0,1,0,0,15,0,1,0,0,4,0          7
E5_E9_early_RLAST,3355,1,0,0,1,0,1,0,0,0,1,0,0,1,0,1,0,0,15,0,1,0,0,4,0          7
E5_E9_early_RLAST,3356,1,0,0,1,0,1,0,0,0,1,0,0,1,0,1,0,0,15,0,1,0,0,4,0          7
E5_E9_early_RLAST,3357,1,0,0,1,0,1,0,0,0,1,0,0,1,0,1,0,0,15,0,1,0,0,4,0          7
E5_E9_early_RLAST,3358,1,0,0,1,0,1,0,0,0,1,0,0,1,0,1,0,0,15,0,1,0,0,4,0          7
E5_E9_early_RLAST,3359,1,0,0,1,0,1,0,0,0,1,0,0,1,0,1,0,0,15,0,1,0,0,4,0          7
E5_E9_early_RLAST,3360,1,0,0,1,0,1,0,0,0,1,0,0,1,0,1,0,0,15,0,1,0,0,4,0          7
E5_E9_early_RLAST,3361,1,0,0,1,0,1,0,0,0,1,0,0,1,0,1,0,0,15,0,1,0,0,4,0          7
E5_E9_early_RLAST,3362,1,0,0,1,0,1,0,0,0,1,0,0,1,0,1,0,0,15,0,1,0,0,4,0          7
E5_E9_early_RLAST,3363,1,0,0,1,0,1,0,0,0,1,0,0,1,0,1,0,0,15,0,1,0,0,4,0          7
E5_E9_early_RLAST,3364,1,0,0,1,0,1,0,0,0,1,0,0,1,0,1,0,0,15,0,1,0,0,4,0          7
E5_E9_early_RLAST,3365,1,0,0,1,0,1,0,0,0,1,0,0,1,0,1,0,0,15,0,1,0,0,4,0          7
E5_E9_early_RLAST,3366,1,0,0,1,0,1,0,0,0,1,0,0,1,0,1,0,0,15,0,1,0,0,4,0          7
E5_E9_early_RLAST,3367,1,0,0,1,0,1,0,0,0,1,0,0,1,0,1,0,0,15,0,1,0,0,4,0          7
E5_E9_early_RLAST,3368,1,0,0,1,0,1,0,0,0,1,0,0,1,0,1,0,0,15,0,1,0,0,4,0          7
E5_E9_early_RLAST,3369,1,0,0,1,0,1,0,0,0,1,0,0,1,0,1,0,0,15,0,1,0,0,4,0          7
E5_E9_early_RLAST,3370,1,0,0,1,0,1,0,0,0,1,0,0,1,0,1,0,0,15,0,1,0,0,4,0          7
E5_E9_early_RLAST,3371,1,0,0,1,0,1,0,0,0,1,0,0,1,0,1,0,0,15,0,1,0,0,4,0          7
E5_E9_early_RLAST,3372,1,0,0,1,0,1,0,0,0,1,0,0,1,0,1,0,0,15,0,1,0,0,4,0          7
E5_E9_early_RLAST,3373,1,0,0,1,0,1,0,0,0,1,0,0,1,0,1,0,0,15,0,1,0,0,4,0          7
E5_E9_early_RLAST,3374,1,0,0,1,0,1,0,0,0,1,0,0,1,0,1,0,0,15,0,1,0,0,4,0          7
E5_E9_early_RLAST,3375,1,0,0,1,0,1,0,0,0,1,0,0,1,0,1,0,0,15,0,1,0,0,4,0          7
E5_E9_early_RLAST,3376,1,0,0,1,0,1,0,0,0,1,0,0,1,0,1,0,0,15,0,1,0,0,4,0          7
E5_E9_early_RLAST,3377,1,0,0,1,0,1,0,0,0,1,0,0,1,0,1,0,0,15,0,1,0,0,4,0          7
E5_E9_early_RLAST,3378,1,0,0,1,0,1,0,0,0,1,0,0,1,0,1,0,0,15,0,1,0,0,4,0          7
E5_E9_early_RLAST,3379,1,0,0,1,0,1,0,0,0,1,0,0,1,0,1,0,0,15,0,1,0,0,4,0          7
E5_E9_early_RLAST,3380,1,0,0,1,0,1,0,0,0,1,0,0,1,0,1,0,0,15,0,1,0,0,4,0          7
E5_E9_early_RLAST,3381,1,0,0,1,0,1,0,0,0,1,0,0,1,0,1,0,0,15,0,1,0,0,4,0          7
E5_E9_early_RLAST,3382,1,0,0,1,0,1,0,0,0,1,0,0,1,0,1,0,0,15,0,1,0,0,4,0          7
E5_E9_early_RLAST,3383,1,0,0,1,0,1,0,0,0,1,0,0,1,0,1,0,0,15,0,1,0,0,4,0          7
E5_E9_early_RLAST,3384,1,0,0,1,0,1,0,0,0,1,0,0,1,0,1,0,0,15,0,1,0,0,4,0          7
E5_E9_early_RLAST,3385,1,0,0,1,0,1,0,0,0,1,0,0,1,0,1,0,0,15,0,1,0,0,4,0          7
E5_E9_early_RLAST,3386,1,0,0,1,0,1,0,0,0,1,0,0,1,0,1,0,0,15,0,1,0,0,4,0          7
E5_E9_early_RLAST,3387,1,0,0,1,0,1,0,0,0,1,0,0,1,0,1,0,0,15,0,1,0,0,4,0          7
E5_E9_early_RLAST,3388,1,0,0,1,0,1,0,0,0,1,0,0,1,0,1,0,0,15,0,1,0,0,4,0          7
E5_E9_early_RLAST,3389,1,0,0,1,0,1,0,0,0,1,0,0,1,0,1,0,0,15,0,1,0,0,4,0          7
E5_E9_early_RLAST,3390,1,0,0,1,0,1,0,0,0,1,0,0,1,0,1,0,0,15,0,1,0,0,4,0          7
E5_E9_early_RLAST,3391,1,0,0,1,0,1,0,0,0,1,0,0,1,0,1,0,0,15,0,1,0,0,4,0          7
E5_E9_early_RLAST,3392,1,0,0,1,0,1,0,0,0,1,0,0,1,0,1,0,0,15,0,1,0,0,4,0          7
E5_E9_early_RLAST,3393,1,0,0,1,0,1,0,0,0,1,0,0,1,0,1,0,0,15,0,1,0,0,4,0          7
E5_E9_early_RLAST,3394,1,0,0,1,0,1,0,0,0,1,0,0,1,0,1,0,0,15,0,1,0,0,4,0          7
E5_E9_early_RLAST,3395,1,0,0,1,0,1,0,0,0,1,0,0,1,0,1,0,0,15,0,1,0,0,4,0          7
E5_E9_early_RLAST,3396,1,0,0,1,0,1,0,0,0,1,0,0,1,0,1,0,0,15,0,1,0,0,4,0          7
E5_E9_early_RLAST,3397,1,0,0,1,0,1,0,0,0,1,0,0,1,0,1,0,0,15,0,1,0,0,4,0          7
E5_E9_early_RLAST,3398,1,0,0,1,0,1,0,0,0,1,0,0,1,0,1,0,0,15,0,1,0,0,4,0          7
E5_E9_early_RLAST,3399,1,0,0,1,0,1,0,0,0,1,0,0,1,0,1,0,0,15,0,1,0,0,4,0          7
E5_E9_early_RLAST,3400,1,0,0,1,0,1,0,0,0,1,0,0,1,0,1,0,0,15,0,1,0,0,4,0          7
E5_E9_early_RLAST,3401,1,0,0,1,0,1,0,0,0,1,0,0,1,0,1,0,0,15,0,1,0,0,4,0          7
E5_E9_early_RLAST,3402,1,0,0,1,0,1,0,0,0,1,0,0,1,0,1,0,0,15,0,1,0,0,4,0          7
E5_E9_early_RLAST,3403,1,0,0,1,0,1,0,0,0,1,0,0,1,0,1,0,0,15,0,1,0,0,4,0          7
E5_E9_early_RLAST,3404,1,0,0,1,0,1,0,0,0,1,0,0,1,0,1,0,0,15,0,1,0,0,4,0          7
E5_E9_early_RLAST,3405,1,0,0,1,0,1,0,0,0,1,0,0,1,0,1,0,0,15,0,1,0,0,4,0          7
E5_E9_early_RLAST,3406,1,0,0,1,0,1,0,0,0,1,0,0,1,0,1,0,0,15,0,1,0,0,4,0          7
E5_E9_early_RLAST,3407,1,0,0,1,0,1,0,0,0,1,0,0,1,0,1,0,0,15,0,1,0,0,4,0          7
E5_E9_early_RLAST,3408,1,0,0,1,0,1,0,0,0,1,0,0,1,0,1,0,0,15,0,1,0,0,4,0          7
E5_E9_early_RLAST,3409,1,0,0,1,0,1,0,0,0,1,0,0,1,0,1,0,0,15,0,1,0,0,4,0          7
E5_E9_early_RLAST,3410,1,0,0,1,0,1,0,0,0,1,0,0,1,0,1,0,0,15,0,1,0,0,4,0          7
E5_E9_early_RLAST,3411,1,0,0,1,0,1,0,0,0,1,0,0,1,0,1,0,0,15,0,1,0,0,4,0          7
E5_E9_early_RLAST,3412,1,0,0,1,0,1,0,0,0,1,0,0,1,0,1,0,0,15,0,1,0,0,4,0          7
E5_E9_early_RLAST,3413,1,0,0,1,0,1,0,0,0,1,0,0,1,0,1,0,0,15,0,1,0,0,4,0          7
E5_E9_early_RLAST,3414,1,0,0,1,0,1,0,0,0,1,0,0,1,0,1,0,0,15,0,1,0,0,4,0          7
E5_E9_early_RLAST,3415,1,0,0,1,0,1,0,0,0,1,0,0,1,0,1,0,0,15,0,1,0,0,4,0          7
E5_E9_early_RLAST,3416,1,0,0,1,0,1,0,0,0,1,0,0,1,0,1,0,0,15,0,1,0,0,4,0          7
E5_E9_early_RLAST,3417,1,0,0,1,0,1,0,0,0,1,0,0,1,0,1,0,0,15,0,1,0,0,4,0          7
E5_E9_early_RLAST,3418,1,0,0,1,0,1,0,0,0,1,0,0,1,0,1,0,0,15,0,1,0,0,4,0          7
E5_E9_early_RLAST,3419,1,0,0,1,0,1,0,0,0,1,0,0,1,0,1,0,0,15,0,1,0,0,4,0          7
E5_E9_early_RLAST,3420,1,0,0,1,0,1,0,0,0,1,0,0,1,0,1,0,0,15,0,1,0,0,4,0          7
E5_E9_early_RLAST,3421,1,0,0,1,0,1,0,0,0,1,0,0,1,0,1,0,0,15,0,1,0,0,4,0          7
E5_E9_early_RLAST,3422,1,0,0,1,0,1,0,0,0,1,0,0,1,0,1,0,0,15,0,1,0,0,4,0          7
E5_E9_early_RLAST,3423,1,0,0,1,0,1,0,0,0,1,0,0,1,0,1,0,0,15,0,1,0,0,4,0          7
E5_E9_early_RLAST,3424,1,0,0,1,0,1,0,0,0,1,0,0,1,0,1,0,0,15,0,1,0,0,4,0          7
E5_E9_early_RLAST,3425,1,0,0,1,0,1,0,0,0,1,0,0,1,0,1,0,0,15,0,1,0,0,4,0          7
E5_E9_early_RLAST,3426,1,0,0,1,0,1,0,0,0,1,0,0,1,0,1,0,0,15,0,1,0,0,4,0          7
E5_E9_early_RLAST,3427,1,0,0,1,0,1,0,0,0,1,0,0,1,0,1,0,0,15,0,1,0,0,4,0          7
E5_E9_early_RLAST,3428,1,0,0,1,0,1,0,0,0,1,0,0,1,0,1,0,0,15,0,1,0,0,4,0          7
E5_E9_early_RLAST,3429,1,0,0,1,0,1,0,0,0,1,0,0,1,0,1,0,0,15,0,1,0,0,4,0          7
E5_E9_early_RLAST,3430,1,0,0,1,0,1,0,0,0,1,0,0,1,0,1,0,0,15,0,1,0,0,4,0          7
E5_E9_early_RLAST,3431,1,0,0,1,0,1,0,0,0,1,0,0,1,0,1,0,0,15,0,1,0,0,4,0          7
E5_E9_early_RLAST,3432,1,0,0,1,0,1,0,0,0,1,0,0,1,0,1,0,0,15,0,1,0,0,4,0          7
E5_E9_early_RLAST,3433,1,0,0,1,0,1,0,0,0,1,0,0,1,0,1,0,0,15,0,1,0,0,4,0          7
E5_E9_early_RLAST,3434,1,0,0,1,0,1,0,0,0,1,0,0,1,0,1,0,0,15,0,1,0,0,4,0          7
E5_E9_early_RLAST,3435,1,0,0,1,0,1,0,0,0,1,0,0,1,0,1,0,0,15,0,1,0,0,4,0          7
E5_E9_early_RLAST,3436,1,0,0,1,0,1,0,0,0,1,0,0,1,0,1,0,0,15,0,1,0,0,4,0          7
E5_E9_early_RLAST,3437,1,0,0,1,0,1,0,0,0,1,0,0,1,0,1,0,0,15,0,1,0,0,4,0          7
E5_E9_early_RLAST,3438,1,0,0,1,0,1,0,0,0,1,0,0,1,0,1,0,0,15,0,1,0,0,4,0          7
E5_E9_early_RLAST,3439,1,0,0,1,0,1,0,0,0,1,0,0,1,0,1,0,0,15,0,1,0,0,4,0          7
E5_E9_early_RLAST,3440,1,0,0,1,0,1,0,0,0,1,0,0,1,0,1,0,0,15,0,1,0,0,4,0          7
E5_E9_early_RLAST,3441,1,0,0,1,0,1,0,0,0,1,0,0,1,0,1,0,0,15,0,1,0,0,4,0          7
E5_E9_early_RLAST,3442,1,0,0,1,0,1,0,0,0,1,0,0,1,0,1,0,0,15,0,1,0,0,4,0          7
E5_E9_early_RLAST,3443,1,0,0,1,0,1,0,0,0,1,0,0,1,0,1,0,0,15,0,1,0,0,4,0          7
E5_E9_early_RLAST,3444,1,0,0,1,0,1,0,0,0,1,0,0,1,0,1,0,0,15,0,1,0,0,4,0          7
E5_E9_early_RLAST,3445,1,0,0,1,0,1,0,0,0,1,0,0,1,0,1,0,0,15,0,1,0,0,4,0          7
E5_E9_early_RLAST,3446,1,0,0,1,0,1,0,0,0,1,0,0,1,0,1,0,0,15,0,1,0,0,4,0          7
E5_E9_early_RLAST,3447,1,0,0,1,0,1,0,0,0,1,0,0,1,0,1,0,0,15,0,1,0,0,4,0          7
E5_E9_early_RLAST,3448,1,0,0,1,0,1,0,0,0,1,0,0,1,0,1,0,0,15,0,1,0,0,4,0          7
E5_E9_early_RLAST,3449,1,0,0,1,0,1,0,0,0,1,0,0,1,0,1,0,0,15,0,1,0,0,4,0          7
E5_E9_early_RLAST,3450,1,0,0,1,0,1,0,0,0,1,0,0,1,0,1,0,0,15,0,1,0,0,4,0          7
E5_E9_early_RLAST,3451,1,0,0,1,0,1,0,0,0,1,0,0,1,0,1,0,0,15,0,1,0,0,4,0          7
E5_E9_early_RLAST,3452,1,0,0,1,0,1,0,0,0,1,0,0,1,0,1,0,0,15,0,1,0,0,4,0          7
E5_E9_early_RLAST,3453,1,0,0,1,0,1,0,0,0,1,0,0,1,0,1,0,0,15,0,1,0,0,4,0          7
E5_E9_early_RLAST,3454,1,0,0,1,0,1,0,0,0,1,0,0,1,0,1,0,0,15,0,1,0,0,4,0          7
E5_E9_early_RLAST,3455,1,0,0,1,0,1,0,0,0,1,0,0,1,0,1,0,0,15,0,1,0,0,4,0          7
E5_E9_early_RLAST,3456,1,0,0,1,0,1,0,0,0,1,0,0,1,0,1,0,0,15,0,1,0,0,4,0          7
E5_E9_early_RLAST,3457,1,0,0,1,0,1,0,0,0,1,0,0,1,0,1,0,0,15,0,1,0,0,4,0          7
E5_E9_early_RLAST,3458,1,0,0,1,0,1,0,0,0,1,0,0,1,0,1,0,0,15,0,1,0,0,4,0          7
E5_E9_early_RLAST,3459,1,0,0,1,0,1,0,0,0,1,0,0,1,0,1,0,0,15,0,1,0,0,4,0          7
E5_E9_early_RLAST,3460,1,0,0,1,0,1,0,0,0,1,0,0,1,0,1,0,0,15,0,1,0,0,4,0          7
E5_E9_early_RLAST,3461,1,0,0,1,0,1,0,0,0,1,0,0,1,0,1,0,0,15,0,1,0,0,4,0          7
E5_E9_early_RLAST,3462,1,0,0,1,0,1,0,0,0,1,0,0,1,0,1,0,0,15,0,1,0,0,4,0          7
E5_E9_early_RLAST,3463,1,0,0,1,0,1,0,0,0,1,0,0,1,0,1,0,0,15,0,1,0,0,4,0          7
E5_E9_early_RLAST,3464,1,0,0,1,0,1,0,0,0,1,0,0,1,0,1,0,0,15,0,1,0,0,4,0          7
E5_E9_early_RLAST,3465,1,0,0,1,0,1,0,0,0,1,0,0,1,0,1,0,0,15,0,1,0,0,4,0          7
E5_E9_early_RLAST,3466,1,0,0,1,0,1,0,0,0,1,0,0,1,0,1,0,0,15,0,1,0,0,4,0          7
E5_E9_early_RLAST,3467,1,0,0,1,0,1,0,0,0,1,0,0,1,0,1,0,0,15,0,1,0,0,4,0          7
E5_E9_early_RLAST,3468,1,0,0,1,0,1,0,0,0,1,0,0,1,0,1,0,0,15,0,1,0,0,4,0          7
E5_E9_early_RLAST,3469,1,0,0,1,0,1,0,0,0,1,0,0,1,0,1,0,0,15,0,1,0,0,4,0          7
E5_E9_early_RLAST,3470,1,0,0,1,0,1,0,0,0,1,0,0,1,0,1,0,0,15,0,1,0,0,4,0          7
E5_E9_early_RLAST,3471,1,0,0,1,0,1,0,0,0,1,0,0,1,0,1,0,0,15,0,1,0,0,4,0          7
E5_E9_early_RLAST,3472,1,0,0,1,0,1,0,0,0,1,0,0,1,0,1,0,0,15,0,1,0,0,4,0          7
E5_E9_early_RLAST,3473,1,0,0,1,0,1,0,0,0,1,0,0,1,0,1,0,0,15,0,1,0,0,4,0          7
E5_E9_early_RLAST,3474,1,0,0,1,0,1,0,0,0,1,0,0,1,0,1,0,0,15,0,1,0,0,4,0          7
E5_E9_early_RLAST,3475,1,0,0,1,0,1,0,0,0,1,0,0,1,0,1,0,0,15,0,1,0,0,4,0          7
E5_E9_early_RLAST,3476,1,0,0,1,0,1,0,0,0,1,0,0,1,0,1,0,0,15,0,1,0,0,4,0          7
E5_E9_early_RLAST,3477,1,0,0,1,0,1,0,0,0,1,0,0,1,0,1,0,0,15,0,1,0,0,4,0          7
E5_E9_early_RLAST,3478,1,0,0,1,0,1,0,0,0,1,0,0,1,0,1,0,0,15,0,1,0,0,4,0          7
E5_E9_early_RLAST,3479,1,0,0,1,0,1,0,0,0,1,0,0,1,0,1,0,0,15,0,1,0,0,4,0          7
E5_E9_early_RLAST,3480,1,0,0,1,0,1,0,0,0,1,0,0,1,0,1,0,0,15,0,1,0,0,4,0          7
E5_E9_early_RLAST,3481,1,0,0,1,0,1,0,0,0,1,0,0,1,0,1,0,0,15,0,1,0,0,4,0          7
E5_E9_early_RLAST,3482,1,0,0,1,0,1,0,0,0,1,0,0,1,0,1,0,0,15,0,1,0,0,4,0          7
E5_E9_early_RLAST,3483,1,0,0,1,0,1,0,0,0,1,0,0,1,0,1,0,0,15,0,1,0,0,4,0          7
E5_E9_early_RLAST,3484,1,0,0,1,0,1,0,0,0,1,0,0,1,0,1,0,0,15,0,1,0,0,4,0          7
E5_E9_early_RLAST,3485,1,0,0,1,0,1,0,0,0,1,0,0,1,0,1,0,0,15,0,1,0,0,4,0          7
E5_E9_early_RLAST,3486,1,0,0,1,0,1,0,0,0,1,0,0,1,0,1,0,0,15,0,1,0,0,4,0          7
E5_E9_early_RLAST,3487,1,0,0,1,0,1,0,0,0,1,0,0,1,0,1,0,0,15,0,1,0,0,4,0          7
E5_E9_early_RLAST,3488,1,0,0,1,0,1,0,0,0,1,0,0,1,0,1,0,0,15,0,1,0,0,4,0          7
E5_E9_early_RLAST,3489,1,0,0,1,0,1,0,0,0,1,0,0,1,0,1,0,0,15,0,1,0,0,4,0          7
E5_E9_early_RLAST,3490,1,0,0,1,0,1,0,0,0,1,0,0,1,0,1,0,0,15,0,1,0,0,4,0          7
E5_E9_early_RLAST,3491,1,0,0,1,0,1,0,0,0,1,0,0,1,0,1,0,0,15,0,1,0,0,4,0          7
E5_E9_early_RLAST,3492,1,0,0,1,0,1,0,0,0,1,0,0,1,0,1,0,0,15,0,1,0,0,4,0          7
E5_E9_early_RLAST,3493,1,0,0,1,0,1,0,0,0,1,0,0,1,0,1,0,0,15,0,1,0,0,4,0          7
E5_E9_early_RLAST,3494,1,0,0,1,0,1,0,0,0,1,0,0,1,0,1,0,0,15,0,1,0,0,4,0          7
E5_E9_early_RLAST,3495,1,0,0,1,0,1,0,0,0,1,0,0,1,0,1,0,0,15,0,1,0,0,4,0          7
E5_E9_early_RLAST,3496,1,0,0,1,0,1,0,0,0,1,0,0,1,0,1,0,0,15,0,1,0,0,4,0          7
E5_E9_early_RLAST,3497,1,0,0,1,0,1,0,0,0,1,0,0,1,0,1,0,0,15,0,1,0,0,4,0          7
E5_E9_early_RLAST,3498,1,0,0,1,0,1,0,0,0,1,0,0,1,0,1,0,0,15,0,1,0,0,4,0          7
E5_E9_early_RLAST,3499,1,0,0,1,0,1,0,0,0,1,0,0,1,0,1,0,0,15,0,1,0,0,4,0          7
E5_E9_early_RLAST,3500,1,0,0,1,0,1,0,0,0,1,0,0,1,0,1,0,0,15,0,1,0,0,4,0          7
E5_E9_early_RLAST,3501,1,0,0,1,0,1,0,0,0,1,0,0,1,0,1,0,0,15,0,1,0,0,4,0          7
E5_E9_early_RLAST,3502,1,0,0,1,0,1,0,0,0,1,0,0,1,0,1,0,0,15,0,1,0,0,4,0          7
E5_E9_early_RLAST,3503,1,0,0,1,0,1,0,0,0,1,0,0,1,0,1,0,0,15,0,1,0,0,4,0          7
E5_E9_early_RLAST,3504,1,0,0,1,0,1,0,0,0,1,0,0,1,0,1,0,0,15,0,1,0,0,4,0          7
E5_E9_early_RLAST,3505,1,0,0,1,0,1,0,0,0,1,0,0,1,0,1,0,0,15,0,1,0,0,4,0          7
E5_E9_early_RLAST,3506,1,0,0,1,0,1,0,0,0,1,0,0,1,0,1,0,0,15,0,1,0,0,4,0          7
E5_E9_early_RLAST,3507,1,0,0,1,0,1,0,0,0,1,0,0,1,0,1,0,0,15,0,1,0,0,4,0          7
E5_E9_early_RLAST,3508,1,0,0,1,0,1,0,0,0,1,0,0,1,0,1,0,0,15,0,1,0,0,4,0          7
E5_E9_early_RLAST,3509,1,0,0,1,0,1,0,0,0,1,0,0,1,0,1,0,0,15,0,1,0,0,4,0          7
E5_E9_early_RLAST,3510,1,0,0,1,0,1,0,0,0,1,0,0,1,0,1,0,0,15,0,1,0,0,4,0          7
E5_E9_early_RLAST,3511,1,0,0,1,0,1,0,0,0,1,0,0,1,0,1,0,0,15,0,1,0,0,4,0          7
E5_E9_early_RLAST,3512,1,0,0,1,0,1,0,0,0,1,0,0,1,0,1,0,0,15,0,1,0,0,4,0          7
E5_E9_early_RLAST,3513,1,0,0,1,0,1,0,0,0,1,0,0,1,0,1,0,0,15,0,1,0,0,4,0          7
E5_E9_early_RLAST,3514,1,0,0,1,0,1,0,0,0,1,0,0,1,0,1,0,0,15,0,1,0,0,4,0          7
E5_E9_early_RLAST,3515,1,0,0,1,0,1,0,0,0,1,0,0,1,0,1,0,0,15,0,1,0,0,4,0          7
E5_E9_early_RLAST,3516,1,0,0,1,0,1,0,0,0,1,0,0,1,0,1,0,0,15,0,1,0,0,4,0          7
E5_E9_early_RLAST,3517,1,0,0,1,0,1,0,0,0,1,0,0,1,0,1,0,0,15,0,1,0,0,4,0          7
E5_E9_early_RLAST,3518,1,0,0,1,0,1,0,0,0,1,0,0,1,0,1,0,0,15,0,1,0,0,4,0          7
E5_E9_early_RLAST,3519,1,0,0,1,0,1,0,0,0,1,0,0,1,0,1,0,0,15,0,1,0,0,4,0          7
E5_E9_early_RLAST,3520,1,0,0,1,0,1,0,0,0,1,0,0,1,0,1,0,0,15,0,1,0,0,4,0          7
E5_E9_early_RLAST,3521,1,0,0,1,0,1,0,0,0,1,0,0,1,0,1,0,0,15,0,1,0,0,4,0          7
E5_E9_early_RLAST,3522,1,0,0,1,0,1,0,0,0,1,0,0,1,0,1,0,0,15,0,1,0,0,4,0          7
E5_E9_early_RLAST,3523,1,0,0,1,0,1,0,0,0,1,0,0,1,0,1,0,0,15,0,1,0,0,4,0          7
E5_E9_early_RLAST,3524,1,0,0,1,0,1,0,0,0,1,0,0,1,0,1,0,0,15,0,1,0,0,4,0          7
E5_E9_early_RLAST,3525,1,0,0,1,0,1,0,0,0,1,0,0,1,0,1,0,0,15,0,1,0,0,4,0          7
E5_E9_early_RLAST,3526,1,0,0,1,0,1,0,0,0,1,0,0,1,0,1,0,0,15,0,1,0,0,4,0          7
E5_E9_early_RLAST,3527,1,0,0,1,0,1,0,0,0,1,0,0,1,0,1,0,0,15,0,1,0,0,4,0          7
E5_E9_early_RLAST,3528,1,0,0,1,0,1,0,0,0,1,0,0,1,0,1,0,0,15,0,1,0,0,4,0          7
E5_E9_early_RLAST,3529,1,0,0,1,0,1,0,0,0,1,0,0,1,0,1,0,0,15,0,1,0,0,4,0          7
E5_E9_early_RLAST,3530,1,0,0,1,0,1,0,0,0,1,0,0,1,0,1,0,0,15,0,1,0,0,4,0          7
E5_E9_early_RLAST,3531,1,0,0,1,0,1,0,0,0,1,0,0,1,0,1,0,0,15,0,1,0,0,4,0          7
E5_E9_early_RLAST,3532,1,0,0,1,0,1,0,0,0,1,0,0,1,0,1,0,0,15,0,1,0,0,4,0          7
E5_E9_early_RLAST,3533,1,0,0,1,0,1,0,0,0,1,0,0,1,0,1,0,0,15,0,1,0,0,4,0          7
E5_E9_early_RLAST,3534,1,0,0,1,0,1,0,0,0,1,0,0,1,0,1,0,0,15,0,1,0,0,4,0          7
E5_E9_early_RLAST,3535,1,0,0,1,0,1,0,0,0,1,0,0,1,0,1,0,0,15,0,1,0,0,4,0          7
E5_E9_early_RLAST,3536,1,0,0,1,0,1,0,0,0,1,0,0,1,0,1,0,0,15,0,1,0,0,4,0          7
E5_E9_early_RLAST,3537,1,0,0,1,0,1,0,0,0,1,0,0,1,0,1,0,0,15,0,1,0,0,4,0          7
E5_E9_early_RLAST,3538,1,0,0,1,0,1,0,0,0,1,0,0,1,0,1,0,0,15,0,1,0,0,4,0          7
E5_E9_early_RLAST,3539,1,0,0,1,0,1,0,0,0,1,0,0,1,0,1,0,0,15,0,1,0,0,4,0          7
E5_E9_early_RLAST,3540,1,0,0,1,0,1,0,0,0,1,0,0,1,0,1,0,0,15,0,1,0,0,4,0          7
E5_E9_early_RLAST,3541,1,0,0,1,0,1,0,0,0,1,0,0,1,0,1,0,0,15,0,1,0,0,4,0          7
E5_E9_early_RLAST,3542,1,0,0,1,0,1,0,0,0,1,0,0,1,0,1,0,0,15,0,1,0,0,4,0          7
E5_E9_early_RLAST,3543,1,0,0,1,0,1,0,0,0,1,0,0,1,0,1,0,0,15,0,1,0,0,4,0          7
E5_E9_early_RLAST,3544,1,0,0,1,0,1,0,0,0,1,0,0,1,0,1,0,0,15,0,1,0,0,4,0          7
E5_E9_early_RLAST,3545,1,0,0,1,0,1,0,0,0,1,0,0,1,0,1,0,0,15,0,1,0,0,4,0          7
E5_E9_early_RLAST,3546,1,0,0,1,0,1,0,0,0,1,0,0,1,0,1,0,0,15,0,1,0,0,4,0          7
E5_E9_early_RLAST,3547,1,0,0,1,0,1,0,0,0,1,0,0,1,0,1,0,0,15,0,1,0,0,4,0          7
E5_E9_early_RLAST,3548,1,0,0,1,0,1,0,0,0,1,0,0,1,0,1,0,0,15,0,1,0,0,4,0          7
E5_E9_early_RLAST,3549,1,0,0,1,0,1,0,0,0,1,0,0,1,0,1,0,0,15,0,1,0,0,4,0          7
E5_E9_early_RLAST,3550,1,0,0,1,0,1,0,0,0,1,0,0,1,0,1,0,0,15,0,1,0,0,4,0          7
E5_E9_early_RLAST,3551,1,0,0,1,0,1,0,0,0,1,0,0,1,0,1,0,0,15,0,1,0,0,4,0          7
E5_E9_early_RLAST,3552,1,0,0,1,0,1,0,0,0,1,0,0,1,0,1,0,0,15,0,1,0,0,4,0          7
E5_E9_early_RLAST,3553,1,0,0,1,0,1,0,0,0,1,0,0,1,0,1,0,0,15,0,1,0,0,4,0          7
E5_E9_early_RLAST,3554,1,0,0,1,0,1,0,0,0,1,0,0,1,0,1,0,0,15,0,1,0,0,4,0          7
E5_E9_early_RLAST,3555,1,0,0,1,0,1,0,0,0,1,0,0,1,0,1,0,0,15,0,1,0,0,4,0          7
E5_E9_early_RLAST,3558,1,0,0,0,0,0,0,0,0,0,0,0,0,0,0,0,0,15,0,1,0,0,0,0          7
E5_E9_early_RLAST,3559,1,0,0,0,0,0,0,0,1,0,0,0,1,0,1,0,0,15,0,1,0,0,0,0          7
E5_recovery_after_early,3560,1,1,0,0,0,0,0,0,1,0,0,0,1,0,1,0,0,0,0,0,0,0,0,0          7
E5_recovery_after_early,3561,1,0,0,1,0,0,0,0,1,0,0,0,1,0,1,0,0,0,0,0,0,0,1,0          7
E5_recovery_after_early,3562,1,0,0,1,0,0,0,1,1,0,0,0,1,0,1,0,0,0,0,1,0,0,2,0          7
E5_recovery_after_early,3563,1,0,0,1,0,0,0,0,0,1,1,0,1,0,1,0,0,1,0,1,0,0,3,0          7
E5_recovery_after_early,3564,1,0,0,1,0,0,0,0,0,1,1,0,1,0,1,0,0,2,0,1,0,0,3,0          7
E5_recovery_after_early,3565,1,0,0,1,0,0,0,0,0,1,1,0,1,0,1,0,0,3,0,1,0,0,3,0          7
E5_recovery_after_early,3566,1,0,0,1,0,0,0,0,0,1,1,0,1,0,1,0,0,4,0,1,0,0,3,0          7
E5_recovery_after_early,3567,1,0,0,1,0,0,0,0,0,1,1,0,1,0,1,0,0,5,0,1,0,0,3,0          7
E5_recovery_after_early,3568,1,0,0,1,0,0,0,0,0,1,1,0,1,0,1,0,0,6,0,1,0,0,3,0          7
E5_recovery_after_early,3569,1,0,0,1,0,0,0,0,0,1,1,0,1,0,1,0,0,7,0,1,0,0,3,0          7
E5_recovery_after_early,3570,1,0,0,1,0,0,0,0,0,1,1,0,1,0,1,0,0,8,0,1,0,0,3,0          7
E5_recovery_after_early,3571,1,0,0,1,0,0,0,0,0,1,1,0,1,0,1,0,0,9,0,1,0,0,3,0          7
E5_recovery_after_early,3572,1,0,0,1,0,0,0,0,0,1,1,0,1,0,1,0,0,10,0,1,0,0,3,0          7
E5_recovery_after_early,3573,1,0,0,1,0,0,0,0,0,1,1,0,1,0,1,0,0,11,0,1,0,0,3,0          7
E5_recovery_after_early,3574,1,0,0,1,0,0,0,0,0,1,1,0,1,0,1,0,0,12,0,1,0,0,3,0          7
E5_recovery_after_early,3575,1,0,0,1,0,0,0,0,0,1,1,0,1,0,1,0,0,13,0,1,0,0,3,0          7
E5_recovery_after_early,3576,1,0,0,1,0,0,0,0,0,1,1,0,1,0,1,0,0,14,0,1,0,0,3,0          7
E5_recovery_after_early,3577,1,0,0,1,0,0,0,0,0,1,1,0,1,0,1,0,0,15,0,1,0,0,3,0          7
E5_recovery_after_early,3578,1,0,0,1,0,0,0,0,0,1,1,0,1,0,1,0,0,16,0,1,0,0,3,0          7
E5_E9_missing_RLAST,3579,1,0,0,0,0,0,0,0,1,0,0,0,1,0,1,0,0,16,0,1,0,0,0,0          7
E5_E9_missing_RLAST,3582,1,0,0,0,0,0,0,0,0,0,0,0,0,0,0,0,0,16,0,1,0,0,0,0          7
E5_E9_missing_RLAST,3583,1,0,0,0,0,0,0,0,1,0,0,0,1,0,1,0,0,16,0,1,0,0,0,0          7
E5_E9_missing_RLAST,3584,1,1,0,0,0,0,0,0,1,0,0,0,1,0,1,0,0,0,0,0,0,0,0,0          7
E5_E9_missing_RLAST,3585,1,0,0,1,0,0,0,0,1,0,0,0,1,0,1,0,0,0,0,0,0,0,1,0          7
E5_E9_missing_RLAST,3586,1,0,0,1,0,0,0,1,1,0,0,0,1,0,1,0,0,0,0,1,0,0,2,0          7
E5_E9_missing_RLAST,3587,1,0,0,1,0,0,0,0,0,1,1,0,1,0,1,0,0,1,0,1,0,0,3,0          7
E5_E9_missing_RLAST,3588,1,0,0,1,0,0,0,0,0,1,1,0,1,0,1,0,0,2,0,1,0,0,3,0          7
E5_E9_missing_RLAST,3589,1,0,0,1,0,0,0,0,0,1,1,0,1,0,1,0,0,3,0,1,0,0,3,0          7
E5_E9_missing_RLAST,3590,1,0,0,1,0,0,0,0,0,1,1,0,1,0,1,0,0,4,0,1,0,0,3,0          7
E5_E9_missing_RLAST,3591,1,0,0,1,0,0,0,0,0,1,1,0,1,0,1,0,0,5,0,1,0,0,3,0          7
E5_E9_missing_RLAST,3592,1,0,0,1,0,0,0,0,0,1,1,0,1,0,1,0,0,6,0,1,0,0,3,0          7
E5_E9_missing_RLAST,3593,1,0,0,1,0,0,0,0,0,1,1,0,1,0,1,0,0,7,0,1,0,0,3,0          7
E5_E9_missing_RLAST,3594,1,0,0,1,0,0,0,0,0,1,1,0,1,0,1,0,0,8,0,1,0,0,3,0          7
E5_E9_missing_RLAST,3595,1,0,0,1,0,0,0,0,0,1,1,0,1,0,1,0,0,9,0,1,0,0,3,0          7
E5_E9_missing_RLAST,3596,1,0,0,1,0,0,0,0,0,1,1,0,1,0,1,0,0,10,0,1,0,0,3,0          7
E5_E9_missing_RLAST,3597,1,0,0,1,0,0,0,0,0,1,1,0,1,0,1,0,0,11,0,1,0,0,3,0          7
E5_E9_missing_RLAST,3598,1,0,0,1,0,0,0,0,0,1,1,0,1,0,1,0,0,12,0,1,0,0,3,0          7
E5_E9_missing_RLAST,3599,1,0,0,1,0,0,0,0,0,1,1,0,1,0,1,0,0,13,0,1,0,0,3,0          7
E5_E9_missing_RLAST,3600,1,0,0,1,0,0,0,0,0,1,1,0,1,0,1,0,0,14,0,1,0,0,3,0          7
E5_E9_missing_RLAST,3601,1,0,0,1,0,0,0,0,0,1,1,0,1,0,1,0,0,15,0,1,0,0,3,0          7
E5_E9_missing_RLAST,3602,1,0,0,1,0,0,0,0,0,1,1,0,1,0,1,0,0,16,0,1,0,0,3,0          8
E5_E9_missing_RLAST,3603,1,0,0,1,0,1,0,0,1,0,0,0,1,0,1,0,0,16,0,1,0,0,4,0          8
E5_E9_missing_RLAST,3604,1,0,0,1,0,1,0,0,1,0,0,0,1,0,1,0,0,16,0,1,0,0,4,0          8
E5_E9_missing_RLAST,3605,1,0,0,1,0,1,0,0,1,0,0,0,1,0,1,0,0,16,0,1,0,0,4,0          8
E5_E9_missing_RLAST,3606,1,0,0,1,0,1,0,0,1,0,0,0,1,0,1,0,0,16,0,1,0,0,4,0          8
E5_E9_missing_RLAST,3607,1,0,0,1,0,1,0,0,1,0,0,0,1,0,1,0,0,16,0,1,0,0,4,0          8
E5_E9_missing_RLAST,3608,1,0,0,1,0,1,0,0,1,0,0,0,1,0,1,0,0,16,0,1,0,0,4,0          8
E5_E9_missing_RLAST,3609,1,0,0,1,0,1,0,0,1,0,0,0,1,0,1,0,0,16,0,1,0,0,4,0          8
E5_E9_missing_RLAST,3610,1,0,0,1,0,1,0,0,1,0,0,0,1,0,1,0,0,16,0,1,0,0,4,0          8
E5_E9_missing_RLAST,3611,1,0,0,1,0,1,0,0,1,0,0,0,1,0,1,0,0,16,0,1,0,0,4,0          8
E5_E9_missing_RLAST,3612,1,0,0,1,0,1,0,0,1,0,0,0,1,0,1,0,0,16,0,1,0,0,4,0          8
E5_E9_missing_RLAST,3613,1,1,0,1,0,1,0,0,1,0,0,0,1,0,1,0,0,16,0,1,0,0,4,0          8
E5_E9_missing_RLAST,3614,1,0,0,1,0,1,0,0,1,0,0,0,1,0,1,0,0,16,0,1,0,0,4,0          8
E5_E9_missing_RLAST,3615,1,0,0,1,0,1,0,0,1,0,0,0,1,0,1,0,0,16,0,1,0,0,4,0          8
E5_E9_missing_RLAST,3616,1,0,0,1,0,1,0,0,1,0,0,0,1,0,1,0,0,16,0,1,0,0,4,0          8
E5_E9_missing_RLAST,3617,1,0,0,1,0,1,0,0,1,0,0,0,1,0,1,0,0,16,0,1,0,0,4,0          8
E5_E9_missing_RLAST,3618,1,0,0,1,0,1,0,0,1,0,0,0,1,0,1,0,0,16,0,1,0,0,4,0          8
E5_E9_missing_RLAST,3619,1,0,0,1,0,1,0,0,1,0,0,0,1,0,1,0,0,16,0,1,0,0,4,0          8
E5_E9_missing_RLAST,3620,1,0,0,1,0,1,0,0,1,0,0,0,1,0,1,0,0,16,0,1,0,0,4,0          8
E5_E9_missing_RLAST,3621,1,0,0,1,0,1,0,0,1,0,0,0,1,0,1,0,0,16,0,1,0,0,4,0          8
E5_E9_missing_RLAST,3622,1,0,0,1,0,1,0,0,1,0,0,0,1,0,1,0,0,16,0,1,0,0,4,0          8
E5_E9_missing_RLAST,3623,1,0,0,1,0,1,0,0,1,0,0,0,1,0,1,0,0,16,0,1,0,0,4,0          8
E5_E9_missing_RLAST,3624,1,0,0,1,0,1,0,0,1,0,0,0,1,0,1,0,0,16,0,1,0,0,4,0          8
E5_E9_missing_RLAST,3625,1,0,0,1,0,1,0,0,1,0,0,0,1,0,1,0,0,16,0,1,0,0,4,0          8
E5_E9_missing_RLAST,3626,1,0,0,1,0,1,0,0,1,0,0,0,1,0,1,0,0,16,0,1,0,0,4,0          8
E5_E9_missing_RLAST,3627,1,0,0,1,0,1,0,0,1,0,0,0,1,0,1,0,0,16,0,1,0,0,4,0          8
E5_E9_missing_RLAST,3628,1,0,0,1,0,1,0,0,1,0,0,0,1,0,1,0,0,16,0,1,0,0,4,0          8
E5_E9_missing_RLAST,3629,1,0,0,1,0,1,0,0,1,0,0,0,1,0,1,0,0,16,0,1,0,0,4,0          8
E5_E9_missing_RLAST,3630,1,0,0,1,0,1,0,0,1,0,0,0,1,0,1,0,0,16,0,1,0,0,4,0          8
E5_E9_missing_RLAST,3631,1,0,0,1,0,1,0,0,1,0,0,0,1,0,1,0,0,16,0,1,0,0,4,0          8
E5_E9_missing_RLAST,3632,1,0,0,1,0,1,0,0,1,0,0,0,1,0,1,0,0,16,0,1,0,0,4,0          8
E5_E9_missing_RLAST,3633,1,0,0,1,0,1,0,0,1,0,0,0,1,0,1,0,0,16,0,1,0,0,4,0          8
E5_E9_missing_RLAST,3634,1,0,0,1,0,1,0,0,1,0,0,0,1,0,1,0,0,16,0,1,0,0,4,0          8
E5_E9_missing_RLAST,3635,1,0,0,1,0,1,0,0,1,0,0,0,1,0,1,0,0,16,0,1,0,0,4,0          8
E5_E9_missing_RLAST,3636,1,0,0,1,0,1,0,0,1,0,0,0,1,0,1,0,0,16,0,1,0,0,4,0          8
E5_E9_missing_RLAST,3637,1,0,0,1,0,1,0,0,1,0,0,0,1,0,1,0,0,16,0,1,0,0,4,0          8
E5_E9_missing_RLAST,3638,1,0,0,1,0,1,0,0,1,0,0,0,1,0,1,0,0,16,0,1,0,0,4,0          8
E5_E9_missing_RLAST,3639,1,0,0,1,0,1,0,0,1,0,0,0,1,0,1,0,0,16,0,1,0,0,4,0          8
E5_E9_missing_RLAST,3640,1,0,0,1,0,1,0,0,1,0,0,0,1,0,1,0,0,16,0,1,0,0,4,0          8
E5_E9_missing_RLAST,3641,1,0,0,1,0,1,0,0,1,0,0,0,1,0,1,0,0,16,0,1,0,0,4,0          8
E5_E9_missing_RLAST,3642,1,0,0,1,0,1,0,0,1,0,0,0,1,0,1,0,0,16,0,1,0,0,4,0          8
E5_E9_missing_RLAST,3643,1,0,0,1,0,1,0,0,1,0,0,0,1,0,1,0,0,16,0,1,0,0,4,0          8
E5_E9_missing_RLAST,3644,1,0,0,1,0,1,0,0,1,0,0,0,1,0,1,0,0,16,0,1,0,0,4,0          8
E5_E9_missing_RLAST,3645,1,0,0,1,0,1,0,0,1,0,0,0,1,0,1,0,0,16,0,1,0,0,4,0          8
E5_E9_missing_RLAST,3646,1,0,0,1,0,1,0,0,1,0,0,0,1,0,1,0,0,16,0,1,0,0,4,0          8
E5_E9_missing_RLAST,3647,1,0,0,1,0,1,0,0,1,0,0,0,1,0,1,0,0,16,0,1,0,0,4,0          8
E5_E9_missing_RLAST,3648,1,0,0,1,0,1,0,0,1,0,0,0,1,0,1,0,0,16,0,1,0,0,4,0          8
E5_E9_missing_RLAST,3649,1,0,0,1,0,1,0,0,1,0,0,0,1,0,1,0,0,16,0,1,0,0,4,0          8
E5_E9_missing_RLAST,3650,1,0,0,1,0,1,0,0,1,0,0,0,1,0,1,0,0,16,0,1,0,0,4,0          8
E5_E9_missing_RLAST,3651,1,0,0,1,0,1,0,0,1,0,0,0,1,0,1,0,0,16,0,1,0,0,4,0          8
E5_E9_missing_RLAST,3652,1,0,0,1,0,1,0,0,1,0,0,0,1,0,1,0,0,16,0,1,0,0,4,0          8
E5_E9_missing_RLAST,3653,1,0,0,1,0,1,0,0,1,0,0,0,1,0,1,0,0,16,0,1,0,0,4,0          8
E5_E9_missing_RLAST,3654,1,0,0,1,0,1,0,0,1,0,0,0,1,0,1,0,0,16,0,1,0,0,4,0          8
E5_E9_missing_RLAST,3655,1,0,0,1,0,1,0,0,1,0,0,0,1,0,1,0,0,16,0,1,0,0,4,0          8
E5_E9_missing_RLAST,3656,1,0,0,1,0,1,0,0,1,0,0,0,1,0,1,0,0,16,0,1,0,0,4,0          8
E5_E9_missing_RLAST,3657,1,0,0,1,0,1,0,0,1,0,0,0,1,0,1,0,0,16,0,1,0,0,4,0          8
E5_E9_missing_RLAST,3658,1,0,0,1,0,1,0,0,1,0,0,0,1,0,1,0,0,16,0,1,0,0,4,0          8
E5_E9_missing_RLAST,3659,1,0,0,1,0,1,0,0,1,0,0,0,1,0,1,0,0,16,0,1,0,0,4,0          8
E5_E9_missing_RLAST,3660,1,0,0,1,0,1,0,0,1,0,0,0,1,0,1,0,0,16,0,1,0,0,4,0          8
E5_E9_missing_RLAST,3661,1,0,0,1,0,1,0,0,1,0,0,0,1,0,1,0,0,16,0,1,0,0,4,0          8
E5_E9_missing_RLAST,3662,1,0,0,1,0,1,0,0,1,0,0,0,1,0,1,0,0,16,0,1,0,0,4,0          8
E5_E9_missing_RLAST,3663,1,0,0,1,0,1,0,0,1,0,0,0,1,0,1,0,0,16,0,1,0,0,4,0          8
E5_E9_missing_RLAST,3664,1,0,0,1,0,1,0,0,1,0,0,0,1,0,1,0,0,16,0,1,0,0,4,0          8
E5_E9_missing_RLAST,3665,1,0,0,1,0,1,0,0,1,0,0,0,1,0,1,0,0,16,0,1,0,0,4,0          8
E5_E9_missing_RLAST,3666,1,0,0,1,0,1,0,0,1,0,0,0,1,0,1,0,0,16,0,1,0,0,4,0          8
E5_E9_missing_RLAST,3667,1,0,0,1,0,1,0,0,1,0,0,0,1,0,1,0,0,16,0,1,0,0,4,0          8
E5_E9_missing_RLAST,3668,1,0,0,1,0,1,0,0,1,0,0,0,1,0,1,0,0,16,0,1,0,0,4,0          8
E5_E9_missing_RLAST,3669,1,0,0,1,0,1,0,0,1,0,0,0,1,0,1,0,0,16,0,1,0,0,4,0          8
E5_E9_missing_RLAST,3670,1,0,0,1,0,1,0,0,1,0,0,0,1,0,1,0,0,16,0,1,0,0,4,0          8
E5_E9_missing_RLAST,3671,1,0,0,1,0,1,0,0,1,0,0,0,1,0,1,0,0,16,0,1,0,0,4,0          8
E5_E9_missing_RLAST,3672,1,0,0,1,0,1,0,0,1,0,0,0,1,0,1,0,0,16,0,1,0,0,4,0          8
E5_E9_missing_RLAST,3673,1,0,0,1,0,1,0,0,1,0,0,0,1,0,1,0,0,16,0,1,0,0,4,0          8
E5_E9_missing_RLAST,3674,1,0,0,1,0,1,0,0,1,0,0,0,1,0,1,0,0,16,0,1,0,0,4,0          8
E5_E9_missing_RLAST,3675,1,0,0,1,0,1,0,0,1,0,0,0,1,0,1,0,0,16,0,1,0,0,4,0          8
E5_E9_missing_RLAST,3676,1,0,0,1,0,1,0,0,1,0,0,0,1,0,1,0,0,16,0,1,0,0,4,0          8
E5_E9_missing_RLAST,3677,1,0,0,1,0,1,0,0,1,0,0,0,1,0,1,0,0,16,0,1,0,0,4,0          8
E5_E9_missing_RLAST,3678,1,0,0,1,0,1,0,0,1,0,0,0,1,0,1,0,0,16,0,1,0,0,4,0          8
E5_E9_missing_RLAST,3679,1,0,0,1,0,1,0,0,1,0,0,0,1,0,1,0,0,16,0,1,0,0,4,0          8
E5_E9_missing_RLAST,3680,1,0,0,1,0,1,0,0,1,0,0,0,1,0,1,0,0,16,0,1,0,0,4,0          8
E5_E9_missing_RLAST,3681,1,0,0,1,0,1,0,0,1,0,0,0,1,0,1,0,0,16,0,1,0,0,4,0          8
E5_E9_missing_RLAST,3682,1,0,0,1,0,1,0,0,1,0,0,0,1,0,1,0,0,16,0,1,0,0,4,0          8
E5_E9_missing_RLAST,3683,1,0,0,1,0,1,0,0,1,0,0,0,1,0,1,0,0,16,0,1,0,0,4,0          8
E5_E9_missing_RLAST,3684,1,0,0,1,0,1,0,0,1,0,0,0,1,0,1,0,0,16,0,1,0,0,4,0          8
E5_E9_missing_RLAST,3685,1,0,0,1,0,1,0,0,1,0,0,0,1,0,1,0,0,16,0,1,0,0,4,0          8
E5_E9_missing_RLAST,3686,1,0,0,1,0,1,0,0,1,0,0,0,1,0,1,0,0,16,0,1,0,0,4,0          8
E5_E9_missing_RLAST,3687,1,0,0,1,0,1,0,0,1,0,0,0,1,0,1,0,0,16,0,1,0,0,4,0          8
E5_E9_missing_RLAST,3688,1,0,0,1,0,1,0,0,1,0,0,0,1,0,1,0,0,16,0,1,0,0,4,0          8
E5_E9_missing_RLAST,3689,1,0,0,1,0,1,0,0,1,0,0,0,1,0,1,0,0,16,0,1,0,0,4,0          8
E5_E9_missing_RLAST,3690,1,0,0,1,0,1,0,0,1,0,0,0,1,0,1,0,0,16,0,1,0,0,4,0          8
E5_E9_missing_RLAST,3691,1,0,0,1,0,1,0,0,1,0,0,0,1,0,1,0,0,16,0,1,0,0,4,0          8
E5_E9_missing_RLAST,3692,1,0,0,1,0,1,0,0,1,0,0,0,1,0,1,0,0,16,0,1,0,0,4,0          8
E5_E9_missing_RLAST,3693,1,0,0,1,0,1,0,0,1,0,0,0,1,0,1,0,0,16,0,1,0,0,4,0          8
E5_E9_missing_RLAST,3694,1,0,0,1,0,1,0,0,1,0,0,0,1,0,1,0,0,16,0,1,0,0,4,0          8
E5_E9_missing_RLAST,3695,1,0,0,1,0,1,0,0,1,0,0,0,1,0,1,0,0,16,0,1,0,0,4,0          8
E5_E9_missing_RLAST,3696,1,0,0,1,0,1,0,0,1,0,0,0,1,0,1,0,0,16,0,1,0,0,4,0          8
E5_E9_missing_RLAST,3697,1,0,0,1,0,1,0,0,1,0,0,0,1,0,1,0,0,16,0,1,0,0,4,0          8
E5_E9_missing_RLAST,3698,1,0,0,1,0,1,0,0,1,0,0,0,1,0,1,0,0,16,0,1,0,0,4,0          8
E5_E9_missing_RLAST,3699,1,0,0,1,0,1,0,0,1,0,0,0,1,0,1,0,0,16,0,1,0,0,4,0          8
E5_E9_missing_RLAST,3700,1,0,0,1,0,1,0,0,1,0,0,0,1,0,1,0,0,16,0,1,0,0,4,0          8
E5_E9_missing_RLAST,3701,1,0,0,1,0,1,0,0,1,0,0,0,1,0,1,0,0,16,0,1,0,0,4,0          8
E5_E9_missing_RLAST,3702,1,0,0,1,0,1,0,0,1,0,0,0,1,0,1,0,0,16,0,1,0,0,4,0          8
E5_E9_missing_RLAST,3703,1,0,0,1,0,1,0,0,1,0,0,0,1,0,1,0,0,16,0,1,0,0,4,0          8
E5_E9_missing_RLAST,3704,1,0,0,1,0,1,0,0,1,0,0,0,1,0,1,0,0,16,0,1,0,0,4,0          8
E5_E9_missing_RLAST,3705,1,0,0,1,0,1,0,0,1,0,0,0,1,0,1,0,0,16,0,1,0,0,4,0          8
E5_E9_missing_RLAST,3706,1,0,0,1,0,1,0,0,1,0,0,0,1,0,1,0,0,16,0,1,0,0,4,0          8
E5_E9_missing_RLAST,3707,1,0,0,1,0,1,0,0,1,0,0,0,1,0,1,0,0,16,0,1,0,0,4,0          8
E5_E9_missing_RLAST,3708,1,0,0,1,0,1,0,0,1,0,0,0,1,0,1,0,0,16,0,1,0,0,4,0          8
E5_E9_missing_RLAST,3709,1,0,0,1,0,1,0,0,1,0,0,0,1,0,1,0,0,16,0,1,0,0,4,0          8
E5_E9_missing_RLAST,3710,1,0,0,1,0,1,0,0,1,0,0,0,1,0,1,0,0,16,0,1,0,0,4,0          8
E5_E9_missing_RLAST,3711,1,0,0,1,0,1,0,0,1,0,0,0,1,0,1,0,0,16,0,1,0,0,4,0          8
E5_E9_missing_RLAST,3712,1,0,0,1,0,1,0,0,1,0,0,0,1,0,1,0,0,16,0,1,0,0,4,0          8
E5_E9_missing_RLAST,3713,1,0,0,1,0,1,0,0,1,0,0,0,1,0,1,0,0,16,0,1,0,0,4,0          8
E5_E9_missing_RLAST,3714,1,0,0,1,0,1,0,0,1,0,0,0,1,0,1,0,0,16,0,1,0,0,4,0          8
E5_E9_missing_RLAST,3715,1,0,0,1,0,1,0,0,1,0,0,0,1,0,1,0,0,16,0,1,0,0,4,0          8
E5_E9_missing_RLAST,3716,1,0,0,1,0,1,0,0,1,0,0,0,1,0,1,0,0,16,0,1,0,0,4,0          8
E5_E9_missing_RLAST,3717,1,0,0,1,0,1,0,0,1,0,0,0,1,0,1,0,0,16,0,1,0,0,4,0          8
E5_E9_missing_RLAST,3718,1,0,0,1,0,1,0,0,1,0,0,0,1,0,1,0,0,16,0,1,0,0,4,0          8
E5_E9_missing_RLAST,3719,1,0,0,1,0,1,0,0,1,0,0,0,1,0,1,0,0,16,0,1,0,0,4,0          8
E5_E9_missing_RLAST,3720,1,0,0,1,0,1,0,0,1,0,0,0,1,0,1,0,0,16,0,1,0,0,4,0          8
E5_E9_missing_RLAST,3721,1,0,0,1,0,1,0,0,1,0,0,0,1,0,1,0,0,16,0,1,0,0,4,0          8
E5_E9_missing_RLAST,3722,1,0,0,1,0,1,0,0,1,0,0,0,1,0,1,0,0,16,0,1,0,0,4,0          8
E5_E9_missing_RLAST,3723,1,0,0,1,0,1,0,0,1,0,0,0,1,0,1,0,0,16,0,1,0,0,4,0          8
E5_E9_missing_RLAST,3724,1,0,0,1,0,1,0,0,1,0,0,0,1,0,1,0,0,16,0,1,0,0,4,0          8
E5_E9_missing_RLAST,3725,1,0,0,1,0,1,0,0,1,0,0,0,1,0,1,0,0,16,0,1,0,0,4,0          8
E5_E9_missing_RLAST,3726,1,0,0,1,0,1,0,0,1,0,0,0,1,0,1,0,0,16,0,1,0,0,4,0          8
E5_E9_missing_RLAST,3727,1,0,0,1,0,1,0,0,1,0,0,0,1,0,1,0,0,16,0,1,0,0,4,0          8
E5_E9_missing_RLAST,3728,1,0,0,1,0,1,0,0,1,0,0,0,1,0,1,0,0,16,0,1,0,0,4,0          8
E5_E9_missing_RLAST,3729,1,0,0,1,0,1,0,0,1,0,0,0,1,0,1,0,0,16,0,1,0,0,4,0          8
E5_E9_missing_RLAST,3730,1,0,0,1,0,1,0,0,1,0,0,0,1,0,1,0,0,16,0,1,0,0,4,0          8
E5_E9_missing_RLAST,3731,1,0,0,1,0,1,0,0,1,0,0,0,1,0,1,0,0,16,0,1,0,0,4,0          8
E5_E9_missing_RLAST,3732,1,0,0,1,0,1,0,0,1,0,0,0,1,0,1,0,0,16,0,1,0,0,4,0          8
E5_E9_missing_RLAST,3733,1,0,0,1,0,1,0,0,1,0,0,0,1,0,1,0,0,16,0,1,0,0,4,0          8
E5_E9_missing_RLAST,3734,1,0,0,1,0,1,0,0,1,0,0,0,1,0,1,0,0,16,0,1,0,0,4,0          8
E5_E9_missing_RLAST,3735,1,0,0,1,0,1,0,0,1,0,0,0,1,0,1,0,0,16,0,1,0,0,4,0          8
E5_E9_missing_RLAST,3736,1,0,0,1,0,1,0,0,1,0,0,0,1,0,1,0,0,16,0,1,0,0,4,0          8
E5_E9_missing_RLAST,3737,1,0,0,1,0,1,0,0,1,0,0,0,1,0,1,0,0,16,0,1,0,0,4,0          8
E5_E9_missing_RLAST,3738,1,0,0,1,0,1,0,0,1,0,0,0,1,0,1,0,0,16,0,1,0,0,4,0          8
E5_E9_missing_RLAST,3739,1,0,0,1,0,1,0,0,1,0,0,0,1,0,1,0,0,16,0,1,0,0,4,0          8
E5_E9_missing_RLAST,3740,1,0,0,1,0,1,0,0,1,0,0,0,1,0,1,0,0,16,0,1,0,0,4,0          8
E5_E9_missing_RLAST,3741,1,0,0,1,0,1,0,0,1,0,0,0,1,0,1,0,0,16,0,1,0,0,4,0          8
E5_E9_missing_RLAST,3742,1,0,0,1,0,1,0,0,1,0,0,0,1,0,1,0,0,16,0,1,0,0,4,0          8
E5_E9_missing_RLAST,3743,1,0,0,1,0,1,0,0,1,0,0,0,1,0,1,0,0,16,0,1,0,0,4,0          8
E5_E9_missing_RLAST,3744,1,0,0,1,0,1,0,0,1,0,0,0,1,0,1,0,0,16,0,1,0,0,4,0          8
E5_E9_missing_RLAST,3745,1,0,0,1,0,1,0,0,1,0,0,0,1,0,1,0,0,16,0,1,0,0,4,0          8
E5_E9_missing_RLAST,3746,1,0,0,1,0,1,0,0,1,0,0,0,1,0,1,0,0,16,0,1,0,0,4,0          8
E5_E9_missing_RLAST,3747,1,0,0,1,0,1,0,0,1,0,0,0,1,0,1,0,0,16,0,1,0,0,4,0          8
E5_E9_missing_RLAST,3748,1,0,0,1,0,1,0,0,1,0,0,0,1,0,1,0,0,16,0,1,0,0,4,0          8
E5_E9_missing_RLAST,3749,1,0,0,1,0,1,0,0,1,0,0,0,1,0,1,0,0,16,0,1,0,0,4,0          8
E5_E9_missing_RLAST,3750,1,0,0,1,0,1,0,0,1,0,0,0,1,0,1,0,0,16,0,1,0,0,4,0          8
E5_E9_missing_RLAST,3751,1,0,0,1,0,1,0,0,1,0,0,0,1,0,1,0,0,16,0,1,0,0,4,0          8
E5_E9_missing_RLAST,3752,1,0,0,1,0,1,0,0,1,0,0,0,1,0,1,0,0,16,0,1,0,0,4,0          8
E5_E9_missing_RLAST,3753,1,0,0,1,0,1,0,0,1,0,0,0,1,0,1,0,0,16,0,1,0,0,4,0          8
E5_E9_missing_RLAST,3754,1,0,0,1,0,1,0,0,1,0,0,0,1,0,1,0,0,16,0,1,0,0,4,0          8
E5_E9_missing_RLAST,3755,1,0,0,1,0,1,0,0,1,0,0,0,1,0,1,0,0,16,0,1,0,0,4,0          8
E5_E9_missing_RLAST,3756,1,0,0,1,0,1,0,0,1,0,0,0,1,0,1,0,0,16,0,1,0,0,4,0          8
E5_E9_missing_RLAST,3757,1,0,0,1,0,1,0,0,1,0,0,0,1,0,1,0,0,16,0,1,0,0,4,0          8
E5_E9_missing_RLAST,3758,1,0,0,1,0,1,0,0,1,0,0,0,1,0,1,0,0,16,0,1,0,0,4,0          8
E5_E9_missing_RLAST,3759,1,0,0,1,0,1,0,0,1,0,0,0,1,0,1,0,0,16,0,1,0,0,4,0          8
E5_E9_missing_RLAST,3760,1,0,0,1,0,1,0,0,1,0,0,0,1,0,1,0,0,16,0,1,0,0,4,0          8
E5_E9_missing_RLAST,3761,1,0,0,1,0,1,0,0,1,0,0,0,1,0,1,0,0,16,0,1,0,0,4,0          8
E5_E9_missing_RLAST,3762,1,0,0,1,0,1,0,0,1,0,0,0,1,0,1,0,0,16,0,1,0,0,4,0          8
E5_E9_missing_RLAST,3763,1,0,0,1,0,1,0,0,1,0,0,0,1,0,1,0,0,16,0,1,0,0,4,0          8
E5_E9_missing_RLAST,3764,1,0,0,1,0,1,0,0,1,0,0,0,1,0,1,0,0,16,0,1,0,0,4,0          8
E5_E9_missing_RLAST,3765,1,0,0,1,0,1,0,0,1,0,0,0,1,0,1,0,0,16,0,1,0,0,4,0          8
E5_E9_missing_RLAST,3766,1,0,0,1,0,1,0,0,1,0,0,0,1,0,1,0,0,16,0,1,0,0,4,0          8
E5_E9_missing_RLAST,3767,1,0,0,1,0,1,0,0,1,0,0,0,1,0,1,0,0,16,0,1,0,0,4,0          8
E5_E9_missing_RLAST,3768,1,0,0,1,0,1,0,0,1,0,0,0,1,0,1,0,0,16,0,1,0,0,4,0          8
E5_E9_missing_RLAST,3769,1,0,0,1,0,1,0,0,1,0,0,0,1,0,1,0,0,16,0,1,0,0,4,0          8
E5_E9_missing_RLAST,3770,1,0,0,1,0,1,0,0,1,0,0,0,1,0,1,0,0,16,0,1,0,0,4,0          8
E5_E9_missing_RLAST,3771,1,0,0,1,0,1,0,0,1,0,0,0,1,0,1,0,0,16,0,1,0,0,4,0          8
E5_E9_missing_RLAST,3772,1,0,0,1,0,1,0,0,1,0,0,0,1,0,1,0,0,16,0,1,0,0,4,0          8
E5_E9_missing_RLAST,3773,1,0,0,1,0,1,0,0,1,0,0,0,1,0,1,0,0,16,0,1,0,0,4,0          8
E5_E9_missing_RLAST,3774,1,0,0,1,0,1,0,0,1,0,0,0,1,0,1,0,0,16,0,1,0,0,4,0          8
E5_E9_missing_RLAST,3775,1,0,0,1,0,1,0,0,1,0,0,0,1,0,1,0,0,16,0,1,0,0,4,0          8
E5_E9_missing_RLAST,3776,1,0,0,1,0,1,0,0,1,0,0,0,1,0,1,0,0,16,0,1,0,0,4,0          8
E5_E9_missing_RLAST,3777,1,0,0,1,0,1,0,0,1,0,0,0,1,0,1,0,0,16,0,1,0,0,4,0          8
E5_E9_missing_RLAST,3778,1,0,0,1,0,1,0,0,1,0,0,0,1,0,1,0,0,16,0,1,0,0,4,0          8
E5_E9_missing_RLAST,3779,1,0,0,1,0,1,0,0,1,0,0,0,1,0,1,0,0,16,0,1,0,0,4,0          8
E5_E9_missing_RLAST,3780,1,0,0,1,0,1,0,0,1,0,0,0,1,0,1,0,0,16,0,1,0,0,4,0          8
E5_E9_missing_RLAST,3781,1,0,0,1,0,1,0,0,1,0,0,0,1,0,1,0,0,16,0,1,0,0,4,0          8
E5_E9_missing_RLAST,3782,1,0,0,1,0,1,0,0,1,0,0,0,1,0,1,0,0,16,0,1,0,0,4,0          8
E5_E9_missing_RLAST,3783,1,0,0,1,0,1,0,0,1,0,0,0,1,0,1,0,0,16,0,1,0,0,4,0          8
E5_E9_missing_RLAST,3784,1,0,0,1,0,1,0,0,1,0,0,0,1,0,1,0,0,16,0,1,0,0,4,0          8
E5_E9_missing_RLAST,3785,1,0,0,1,0,1,0,0,1,0,0,0,1,0,1,0,0,16,0,1,0,0,4,0          8
E5_E9_missing_RLAST,3786,1,0,0,1,0,1,0,0,1,0,0,0,1,0,1,0,0,16,0,1,0,0,4,0          8
E5_E9_missing_RLAST,3787,1,0,0,1,0,1,0,0,1,0,0,0,1,0,1,0,0,16,0,1,0,0,4,0          8
E5_E9_missing_RLAST,3788,1,0,0,1,0,1,0,0,1,0,0,0,1,0,1,0,0,16,0,1,0,0,4,0          8
E5_E9_missing_RLAST,3789,1,0,0,1,0,1,0,0,1,0,0,0,1,0,1,0,0,16,0,1,0,0,4,0          8
E5_E9_missing_RLAST,3790,1,0,0,1,0,1,0,0,1,0,0,0,1,0,1,0,0,16,0,1,0,0,4,0          8
E5_E9_missing_RLAST,3791,1,0,0,1,0,1,0,0,1,0,0,0,1,0,1,0,0,16,0,1,0,0,4,0          8
E5_E9_missing_RLAST,3792,1,0,0,1,0,1,0,0,1,0,0,0,1,0,1,0,0,16,0,1,0,0,4,0          8
E5_E9_missing_RLAST,3793,1,0,0,1,0,1,0,0,1,0,0,0,1,0,1,0,0,16,0,1,0,0,4,0          8
E5_E9_missing_RLAST,3794,1,0,0,1,0,1,0,0,1,0,0,0,1,0,1,0,0,16,0,1,0,0,4,0          8
E5_E9_missing_RLAST,3795,1,0,0,1,0,1,0,0,1,0,0,0,1,0,1,0,0,16,0,1,0,0,4,0          8
E5_E9_missing_RLAST,3796,1,0,0,1,0,1,0,0,1,0,0,0,1,0,1,0,0,16,0,1,0,0,4,0          8
E5_E9_missing_RLAST,3797,1,0,0,1,0,1,0,0,1,0,0,0,1,0,1,0,0,16,0,1,0,0,4,0          8
E5_E9_missing_RLAST,3798,1,0,0,1,0,1,0,0,1,0,0,0,1,0,1,0,0,16,0,1,0,0,4,0          8
E5_E9_missing_RLAST,3799,1,0,0,1,0,1,0,0,1,0,0,0,1,0,1,0,0,16,0,1,0,0,4,0          8
E5_E9_missing_RLAST,3800,1,0,0,1,0,1,0,0,1,0,0,0,1,0,1,0,0,16,0,1,0,0,4,0          8
E5_E9_missing_RLAST,3801,1,0,0,1,0,1,0,0,1,0,0,0,1,0,1,0,0,16,0,1,0,0,4,0          8
E5_E9_missing_RLAST,3802,1,0,0,1,0,1,0,0,1,0,0,0,1,0,1,0,0,16,0,1,0,0,4,0          8
E5_E9_missing_RLAST,3803,1,0,0,1,0,1,0,0,1,0,0,0,1,0,1,0,0,16,0,1,0,0,4,0          8
E5_E9_missing_RLAST,3804,1,0,0,1,0,1,0,0,1,0,0,0,1,0,1,0,0,16,0,1,0,0,4,0          8
E5_E9_missing_RLAST,3805,1,0,0,1,0,1,0,0,1,0,0,0,1,0,1,0,0,16,0,1,0,0,4,0          8
E5_E9_missing_RLAST,3806,1,0,0,1,0,1,0,0,1,0,0,0,1,0,1,0,0,16,0,1,0,0,4,0          8
E5_E9_missing_RLAST,3807,1,0,0,1,0,1,0,0,1,0,0,0,1,0,1,0,0,16,0,1,0,0,4,0          8
E5_E9_missing_RLAST,3808,1,0,0,1,0,1,0,0,1,0,0,0,1,0,1,0,0,16,0,1,0,0,4,0          8
E5_E9_missing_RLAST,3809,1,0,0,1,0,1,0,0,1,0,0,0,1,0,1,0,0,16,0,1,0,0,4,0          8
E5_E9_missing_RLAST,3810,1,0,0,1,0,1,0,0,1,0,0,0,1,0,1,0,0,16,0,1,0,0,4,0          8
E5_E9_missing_RLAST,3811,1,0,0,1,0,1,0,0,1,0,0,0,1,0,1,0,0,16,0,1,0,0,4,0          8
E5_E9_missing_RLAST,3812,1,0,0,1,0,1,0,0,1,0,0,0,1,0,1,0,0,16,0,1,0,0,4,0          8
E5_E9_missing_RLAST,3813,1,0,0,1,0,1,0,0,1,0,0,0,1,0,1,0,0,16,0,1,0,0,4,0          8
E5_E9_missing_RLAST,3814,1,0,0,1,0,1,0,0,1,0,0,0,1,0,1,0,0,16,0,1,0,0,4,0          8
E5_E9_missing_RLAST,3815,1,0,0,1,0,1,0,0,1,0,0,0,1,0,1,0,0,16,0,1,0,0,4,0          8
E5_E9_missing_RLAST,3816,1,0,0,1,0,1,0,0,1,0,0,0,1,0,1,0,0,16,0,1,0,0,4,0          8
E5_E9_missing_RLAST,3817,1,0,0,1,0,1,0,0,1,0,0,0,1,0,1,0,0,16,0,1,0,0,4,0          8
E5_E9_missing_RLAST,3818,1,0,0,1,0,1,0,0,1,0,0,0,1,0,1,0,0,16,0,1,0,0,4,0          8
E5_E9_missing_RLAST,3819,1,0,0,1,0,1,0,0,1,0,0,0,1,0,1,0,0,16,0,1,0,0,4,0          8
E5_E9_missing_RLAST,3820,1,0,0,1,0,1,0,0,1,0,0,0,1,0,1,0,0,16,0,1,0,0,4,0          8
E5_E9_missing_RLAST,3821,1,0,0,1,0,1,0,0,1,0,0,0,1,0,1,0,0,16,0,1,0,0,4,0          8
E5_E9_missing_RLAST,3822,1,0,0,1,0,1,0,0,1,0,0,0,1,0,1,0,0,16,0,1,0,0,4,0          8
E5_E9_missing_RLAST,3823,1,0,0,1,0,1,0,0,1,0,0,0,1,0,1,0,0,16,0,1,0,0,4,0          8
E5_E9_missing_RLAST,3824,1,0,0,1,0,1,0,0,1,0,0,0,1,0,1,0,0,16,0,1,0,0,4,0          8
E5_E9_missing_RLAST,3825,1,0,0,1,0,1,0,0,1,0,0,0,1,0,1,0,0,16,0,1,0,0,4,0          8
E5_E9_missing_RLAST,3826,1,0,0,1,0,1,0,0,1,0,0,0,1,0,1,0,0,16,0,1,0,0,4,0          8
E5_E9_missing_RLAST,3827,1,0,0,1,0,1,0,0,1,0,0,0,1,0,1,0,0,16,0,1,0,0,4,0          8
E5_E9_missing_RLAST,3828,1,0,0,1,0,1,0,0,1,0,0,0,1,0,1,0,0,16,0,1,0,0,4,0          8
E5_E9_missing_RLAST,3829,1,0,0,1,0,1,0,0,1,0,0,0,1,0,1,0,0,16,0,1,0,0,4,0          8
E5_E9_missing_RLAST,3830,1,0,0,1,0,1,0,0,1,0,0,0,1,0,1,0,0,16,0,1,0,0,4,0          8
E5_E9_missing_RLAST,3831,1,0,0,1,0,1,0,0,1,0,0,0,1,0,1,0,0,16,0,1,0,0,4,0          8
E5_E9_missing_RLAST,3832,1,0,0,1,0,1,0,0,1,0,0,0,1,0,1,0,0,16,0,1,0,0,4,0          8
E5_E9_missing_RLAST,3833,1,0,0,1,0,1,0,0,1,0,0,0,1,0,1,0,0,16,0,1,0,0,4,0          8
E5_E9_missing_RLAST,3834,1,0,0,1,0,1,0,0,1,0,0,0,1,0,1,0,0,16,0,1,0,0,4,0          8
E5_E9_missing_RLAST,3835,1,0,0,1,0,1,0,0,1,0,0,0,1,0,1,0,0,16,0,1,0,0,4,0          8
E5_E9_missing_RLAST,3836,1,0,0,1,0,1,0,0,1,0,0,0,1,0,1,0,0,16,0,1,0,0,4,0          8
E5_E9_missing_RLAST,3837,1,0,0,1,0,1,0,0,1,0,0,0,1,0,1,0,0,16,0,1,0,0,4,0          8
E5_E9_missing_RLAST,3838,1,0,0,1,0,1,0,0,1,0,0,0,1,0,1,0,0,16,0,1,0,0,4,0          8
E5_E9_missing_RLAST,3839,1,0,0,1,0,1,0,0,1,0,0,0,1,0,1,0,0,16,0,1,0,0,4,0          8
E5_E9_missing_RLAST,3840,1,0,0,1,0,1,0,0,1,0,0,0,1,0,1,0,0,16,0,1,0,0,4,0          8
E5_E9_missing_RLAST,3841,1,0,0,1,0,1,0,0,1,0,0,0,1,0,1,0,0,16,0,1,0,0,4,0          8
E5_E9_missing_RLAST,3842,1,0,0,1,0,1,0,0,1,0,0,0,1,0,1,0,0,16,0,1,0,0,4,0          8
E5_E9_missing_RLAST,3843,1,0,0,1,0,1,0,0,1,0,0,0,1,0,1,0,0,16,0,1,0,0,4,0          8
E5_E9_missing_RLAST,3844,1,0,0,1,0,1,0,0,1,0,0,0,1,0,1,0,0,16,0,1,0,0,4,0          8
E5_E9_missing_RLAST,3845,1,0,0,1,0,1,0,0,1,0,0,0,1,0,1,0,0,16,0,1,0,0,4,0          8
E5_E9_missing_RLAST,3846,1,0,0,1,0,1,0,0,1,0,0,0,1,0,1,0,0,16,0,1,0,0,4,0          8
E5_E9_missing_RLAST,3847,1,0,0,1,0,1,0,0,1,0,0,0,1,0,1,0,0,16,0,1,0,0,4,0          8
E5_E9_missing_RLAST,3848,1,0,0,1,0,1,0,0,1,0,0,0,1,0,1,0,0,16,0,1,0,0,4,0          8
E5_E9_missing_RLAST,3849,1,0,0,1,0,1,0,0,1,0,0,0,1,0,1,0,0,16,0,1,0,0,4,0          8
E5_E9_missing_RLAST,3850,1,0,0,1,0,1,0,0,1,0,0,0,1,0,1,0,0,16,0,1,0,0,4,0          8
E5_E9_missing_RLAST,3851,1,0,0,1,0,1,0,0,1,0,0,0,1,0,1,0,0,16,0,1,0,0,4,0          8
E5_E9_missing_RLAST,3852,1,0,0,1,0,1,0,0,1,0,0,0,1,0,1,0,0,16,0,1,0,0,4,0          8
E5_E9_missing_RLAST,3853,1,0,0,1,0,1,0,0,1,0,0,0,1,0,1,0,0,16,0,1,0,0,4,0          8
E5_E9_missing_RLAST,3854,1,0,0,1,0,1,0,0,1,0,0,0,1,0,1,0,0,16,0,1,0,0,4,0          8
E5_E9_missing_RLAST,3855,1,0,0,1,0,1,0,0,1,0,0,0,1,0,1,0,0,16,0,1,0,0,4,0          8
E5_E9_missing_RLAST,3856,1,0,0,1,0,1,0,0,1,0,0,0,1,0,1,0,0,16,0,1,0,0,4,0          8
E5_E9_missing_RLAST,3857,1,0,0,1,0,1,0,0,1,0,0,0,1,0,1,0,0,16,0,1,0,0,4,0          8
E5_E9_missing_RLAST,3858,1,0,0,1,0,1,0,0,1,0,0,0,1,0,1,0,0,16,0,1,0,0,4,0          8
E5_E9_missing_RLAST,3859,1,0,0,1,0,1,0,0,1,0,0,0,1,0,1,0,0,16,0,1,0,0,4,0          8
E5_E9_missing_RLAST,3860,1,0,0,1,0,1,0,0,1,0,0,0,1,0,1,0,0,16,0,1,0,0,4,0          8
E5_E9_missing_RLAST,3861,1,0,0,1,0,1,0,0,1,0,0,0,1,0,1,0,0,16,0,1,0,0,4,0          8
E5_E9_missing_RLAST,3862,1,0,0,1,0,1,0,0,1,0,0,0,1,0,1,0,0,16,0,1,0,0,4,0          8
E5_E9_missing_RLAST,3863,1,0,0,1,0,1,0,0,1,0,0,0,1,0,1,0,0,16,0,1,0,0,4,0          8
E5_E9_missing_RLAST,3864,1,0,0,1,0,1,0,0,1,0,0,0,1,0,1,0,0,16,0,1,0,0,4,0          8
E5_E9_missing_RLAST,3865,1,0,0,1,0,1,0,0,1,0,0,0,1,0,1,0,0,16,0,1,0,0,4,0          8
E5_E9_missing_RLAST,3866,1,0,0,1,0,1,0,0,1,0,0,0,1,0,1,0,0,16,0,1,0,0,4,0          8
E5_E9_missing_RLAST,3867,1,0,0,1,0,1,0,0,1,0,0,0,1,0,1,0,0,16,0,1,0,0,4,0          8
E5_E9_missing_RLAST,3868,1,0,0,1,0,1,0,0,1,0,0,0,1,0,1,0,0,16,0,1,0,0,4,0          8
E5_E9_missing_RLAST,3869,1,0,0,1,0,1,0,0,1,0,0,0,1,0,1,0,0,16,0,1,0,0,4,0          8
E5_E9_missing_RLAST,3870,1,0,0,1,0,1,0,0,1,0,0,0,1,0,1,0,0,16,0,1,0,0,4,0          8
E5_E9_missing_RLAST,3871,1,0,0,1,0,1,0,0,1,0,0,0,1,0,1,0,0,16,0,1,0,0,4,0          8
E5_E9_missing_RLAST,3872,1,0,0,1,0,1,0,0,1,0,0,0,1,0,1,0,0,16,0,1,0,0,4,0          8
E5_E9_missing_RLAST,3873,1,0,0,1,0,1,0,0,1,0,0,0,1,0,1,0,0,16,0,1,0,0,4,0          8
E5_E9_missing_RLAST,3874,1,0,0,1,0,1,0,0,1,0,0,0,1,0,1,0,0,16,0,1,0,0,4,0          8
E5_E9_missing_RLAST,3875,1,0,0,1,0,1,0,0,1,0,0,0,1,0,1,0,0,16,0,1,0,0,4,0          8
E5_E9_missing_RLAST,3876,1,0,0,1,0,1,0,0,1,0,0,0,1,0,1,0,0,16,0,1,0,0,4,0          8
E5_E9_missing_RLAST,3877,1,0,0,1,0,1,0,0,1,0,0,0,1,0,1,0,0,16,0,1,0,0,4,0          8
E5_E9_missing_RLAST,3878,1,0,0,1,0,1,0,0,1,0,0,0,1,0,1,0,0,16,0,1,0,0,4,0          8
E5_E9_missing_RLAST,3879,1,0,0,1,0,1,0,0,1,0,0,0,1,0,1,0,0,16,0,1,0,0,4,0          8
E5_E9_missing_RLAST,3880,1,0,0,1,0,1,0,0,1,0,0,0,1,0,1,0,0,16,0,1,0,0,4,0          8
E5_E9_missing_RLAST,3881,1,0,0,1,0,1,0,0,1,0,0,0,1,0,1,0,0,16,0,1,0,0,4,0          8
E5_E9_missing_RLAST,3882,1,0,0,1,0,1,0,0,1,0,0,0,1,0,1,0,0,16,0,1,0,0,4,0          8
E5_E9_missing_RLAST,3883,1,0,0,1,0,1,0,0,1,0,0,0,1,0,1,0,0,16,0,1,0,0,4,0          8
E5_E9_missing_RLAST,3884,1,0,0,1,0,1,0,0,1,0,0,0,1,0,1,0,0,16,0,1,0,0,4,0          8
E5_E9_missing_RLAST,3885,1,0,0,1,0,1,0,0,1,0,0,0,1,0,1,0,0,16,0,1,0,0,4,0          8
E5_E9_missing_RLAST,3886,1,0,0,1,0,1,0,0,1,0,0,0,1,0,1,0,0,16,0,1,0,0,4,0          8
E5_E9_missing_RLAST,3887,1,0,0,1,0,1,0,0,1,0,0,0,1,0,1,0,0,16,0,1,0,0,4,0          8
E5_E9_missing_RLAST,3888,1,0,0,1,0,1,0,0,1,0,0,0,1,0,1,0,0,16,0,1,0,0,4,0          8
E5_E9_missing_RLAST,3889,1,0,0,1,0,1,0,0,1,0,0,0,1,0,1,0,0,16,0,1,0,0,4,0          8
E5_E9_missing_RLAST,3890,1,0,0,1,0,1,0,0,1,0,0,0,1,0,1,0,0,16,0,1,0,0,4,0          8
E5_E9_missing_RLAST,3891,1,0,0,1,0,1,0,0,1,0,0,0,1,0,1,0,0,16,0,1,0,0,4,0          8
E5_E9_missing_RLAST,3892,1,0,0,1,0,1,0,0,1,0,0,0,1,0,1,0,0,16,0,1,0,0,4,0          8
E5_E9_missing_RLAST,3893,1,0,0,1,0,1,0,0,1,0,0,0,1,0,1,0,0,16,0,1,0,0,4,0          8
E5_E9_missing_RLAST,3894,1,0,0,1,0,1,0,0,1,0,0,0,1,0,1,0,0,16,0,1,0,0,4,0          8
E5_E9_missing_RLAST,3895,1,0,0,1,0,1,0,0,1,0,0,0,1,0,1,0,0,16,0,1,0,0,4,0          8
E5_E9_missing_RLAST,3896,1,0,0,1,0,1,0,0,1,0,0,0,1,0,1,0,0,16,0,1,0,0,4,0          8
E5_E9_missing_RLAST,3897,1,0,0,1,0,1,0,0,1,0,0,0,1,0,1,0,0,16,0,1,0,0,4,0          8
E5_E9_missing_RLAST,3898,1,0,0,1,0,1,0,0,1,0,0,0,1,0,1,0,0,16,0,1,0,0,4,0          8
E5_E9_missing_RLAST,3899,1,0,0,1,0,1,0,0,1,0,0,0,1,0,1,0,0,16,0,1,0,0,4,0          8
E5_E9_missing_RLAST,3900,1,0,0,1,0,1,0,0,1,0,0,0,1,0,1,0,0,16,0,1,0,0,4,0          8
E5_E9_missing_RLAST,3901,1,0,0,1,0,1,0,0,1,0,0,0,1,0,1,0,0,16,0,1,0,0,4,0          8
E5_E9_missing_RLAST,3902,1,0,0,1,0,1,0,0,1,0,0,0,1,0,1,0,0,16,0,1,0,0,4,0          8
E5_E9_missing_RLAST,3903,1,0,0,1,0,1,0,0,1,0,0,0,1,0,1,0,0,16,0,1,0,0,4,0          8
E5_E9_missing_RLAST,3904,1,0,0,1,0,1,0,0,1,0,0,0,1,0,1,0,0,16,0,1,0,0,4,0          8
E5_E9_missing_RLAST,3905,1,0,0,1,0,1,0,0,1,0,0,0,1,0,1,0,0,16,0,1,0,0,4,0          8
E5_E9_missing_RLAST,3906,1,0,0,1,0,1,0,0,1,0,0,0,1,0,1,0,0,16,0,1,0,0,4,0          8
E5_E9_missing_RLAST,3907,1,0,0,1,0,1,0,0,1,0,0,0,1,0,1,0,0,16,0,1,0,0,4,0          8
E5_E9_missing_RLAST,3908,1,0,0,1,0,1,0,0,1,0,0,0,1,0,1,0,0,16,0,1,0,0,4,0          8
E5_E9_missing_RLAST,3909,1,0,0,1,0,1,0,0,1,0,0,0,1,0,1,0,0,16,0,1,0,0,4,0          8
E5_E9_missing_RLAST,3910,1,0,0,1,0,1,0,0,1,0,0,0,1,0,1,0,0,16,0,1,0,0,4,0          8
E5_E9_missing_RLAST,3911,1,0,0,1,0,1,0,0,1,0,0,0,1,0,1,0,0,16,0,1,0,0,4,0          8
E5_E9_missing_RLAST,3912,1,0,0,1,0,1,0,0,1,0,0,0,1,0,1,0,0,16,0,1,0,0,4,0          8
E5_E9_missing_RLAST,3913,1,0,0,1,0,1,0,0,1,0,0,0,1,0,1,0,0,16,0,1,0,0,4,0          8
E5_E9_missing_RLAST,3914,1,0,0,1,0,1,0,0,1,0,0,0,1,0,1,0,0,16,0,1,0,0,4,0          8
E5_E9_missing_RLAST,3915,1,0,0,1,0,1,0,0,1,0,0,0,1,0,1,0,0,16,0,1,0,0,4,0          8
E5_E9_missing_RLAST,3916,1,0,0,1,0,1,0,0,1,0,0,0,1,0,1,0,0,16,0,1,0,0,4,0          8
E5_E9_missing_RLAST,3917,1,0,0,1,0,1,0,0,1,0,0,0,1,0,1,0,0,16,0,1,0,0,4,0          8
E5_E9_missing_RLAST,3918,1,0,0,1,0,1,0,0,1,0,0,0,1,0,1,0,0,16,0,1,0,0,4,0          8
E5_E9_missing_RLAST,3919,1,0,0,1,0,1,0,0,1,0,0,0,1,0,1,0,0,16,0,1,0,0,4,0          8
E5_E9_missing_RLAST,3920,1,0,0,1,0,1,0,0,1,0,0,0,1,0,1,0,0,16,0,1,0,0,4,0          8
E5_E9_missing_RLAST,3921,1,0,0,1,0,1,0,0,1,0,0,0,1,0,1,0,0,16,0,1,0,0,4,0          8
E5_E9_missing_RLAST,3922,1,0,0,1,0,1,0,0,1,0,0,0,1,0,1,0,0,16,0,1,0,0,4,0          8
E5_E9_missing_RLAST,3923,1,0,0,1,0,1,0,0,1,0,0,0,1,0,1,0,0,16,0,1,0,0,4,0          8
E5_E9_missing_RLAST,3924,1,0,0,1,0,1,0,0,1,0,0,0,1,0,1,0,0,16,0,1,0,0,4,0          8
E5_E9_missing_RLAST,3925,1,0,0,1,0,1,0,0,1,0,0,0,1,0,1,0,0,16,0,1,0,0,4,0          8
E5_E9_missing_RLAST,3926,1,0,0,1,0,1,0,0,1,0,0,0,1,0,1,0,0,16,0,1,0,0,4,0          8
E5_E9_missing_RLAST,3927,1,0,0,1,0,1,0,0,1,0,0,0,1,0,1,0,0,16,0,1,0,0,4,0          8
E5_E9_missing_RLAST,3928,1,0,0,1,0,1,0,0,1,0,0,0,1,0,1,0,0,16,0,1,0,0,4,0          8
E5_E9_missing_RLAST,3929,1,0,0,1,0,1,0,0,1,0,0,0,1,0,1,0,0,16,0,1,0,0,4,0          8
E5_E9_missing_RLAST,3930,1,0,0,1,0,1,0,0,1,0,0,0,1,0,1,0,0,16,0,1,0,0,4,0          8
E5_E9_missing_RLAST,3931,1,0,0,1,0,1,0,0,1,0,0,0,1,0,1,0,0,16,0,1,0,0,4,0          8
E5_E9_missing_RLAST,3932,1,0,0,1,0,1,0,0,1,0,0,0,1,0,1,0,0,16,0,1,0,0,4,0          8
E5_E9_missing_RLAST,3933,1,0,0,1,0,1,0,0,1,0,0,0,1,0,1,0,0,16,0,1,0,0,4,0          8
E5_E9_missing_RLAST,3934,1,0,0,1,0,1,0,0,1,0,0,0,1,0,1,0,0,16,0,1,0,0,4,0          8
E5_E9_missing_RLAST,3935,1,0,0,1,0,1,0,0,1,0,0,0,1,0,1,0,0,16,0,1,0,0,4,0          8
E5_E9_missing_RLAST,3936,1,0,0,1,0,1,0,0,1,0,0,0,1,0,1,0,0,16,0,1,0,0,4,0          8
E5_E9_missing_RLAST,3937,1,0,0,1,0,1,0,0,1,0,0,0,1,0,1,0,0,16,0,1,0,0,4,0          8
E5_E9_missing_RLAST,3938,1,0,0,1,0,1,0,0,1,0,0,0,1,0,1,0,0,16,0,1,0,0,4,0          8
E5_E9_missing_RLAST,3939,1,0,0,1,0,1,0,0,1,0,0,0,1,0,1,0,0,16,0,1,0,0,4,0          8
E5_E9_missing_RLAST,3940,1,0,0,1,0,1,0,0,1,0,0,0,1,0,1,0,0,16,0,1,0,0,4,0          8
E5_E9_missing_RLAST,3941,1,0,0,1,0,1,0,0,1,0,0,0,1,0,1,0,0,16,0,1,0,0,4,0          8
E5_E9_missing_RLAST,3942,1,0,0,1,0,1,0,0,1,0,0,0,1,0,1,0,0,16,0,1,0,0,4,0          8
E5_E9_missing_RLAST,3943,1,0,0,1,0,1,0,0,1,0,0,0,1,0,1,0,0,16,0,1,0,0,4,0          8
E5_E9_missing_RLAST,3944,1,0,0,1,0,1,0,0,1,0,0,0,1,0,1,0,0,16,0,1,0,0,4,0          8
E5_E9_missing_RLAST,3945,1,0,0,1,0,1,0,0,1,0,0,0,1,0,1,0,0,16,0,1,0,0,4,0          8
E5_E9_missing_RLAST,3946,1,0,0,1,0,1,0,0,1,0,0,0,1,0,1,0,0,16,0,1,0,0,4,0          8
E5_E9_missing_RLAST,3947,1,0,0,1,0,1,0,0,1,0,0,0,1,0,1,0,0,16,0,1,0,0,4,0          8
E5_E9_missing_RLAST,3948,1,0,0,1,0,1,0,0,1,0,0,0,1,0,1,0,0,16,0,1,0,0,4,0          8
E5_E9_missing_RLAST,3949,1,0,0,1,0,1,0,0,1,0,0,0,1,0,1,0,0,16,0,1,0,0,4,0          8
E5_E9_missing_RLAST,3950,1,0,0,1,0,1,0,0,1,0,0,0,1,0,1,0,0,16,0,1,0,0,4,0          8
E5_E9_missing_RLAST,3951,1,0,0,1,0,1,0,0,1,0,0,0,1,0,1,0,0,16,0,1,0,0,4,0          8
E5_E9_missing_RLAST,3952,1,0,0,1,0,1,0,0,1,0,0,0,1,0,1,0,0,16,0,1,0,0,4,0          8
E5_E9_missing_RLAST,3953,1,0,0,1,0,1,0,0,1,0,0,0,1,0,1,0,0,16,0,1,0,0,4,0          8
E5_E9_missing_RLAST,3954,1,0,0,1,0,1,0,0,1,0,0,0,1,0,1,0,0,16,0,1,0,0,4,0          8
E5_E9_missing_RLAST,3955,1,0,0,1,0,1,0,0,1,0,0,0,1,0,1,0,0,16,0,1,0,0,4,0          8
E5_E9_missing_RLAST,3956,1,0,0,1,0,1,0,0,1,0,0,0,1,0,1,0,0,16,0,1,0,0,4,0          8
E5_E9_missing_RLAST,3957,1,0,0,1,0,1,0,0,1,0,0,0,1,0,1,0,0,16,0,1,0,0,4,0          8
E5_E9_missing_RLAST,3958,1,0,0,1,0,1,0,0,1,0,0,0,1,0,1,0,0,16,0,1,0,0,4,0          8
E5_E9_missing_RLAST,3959,1,0,0,1,0,1,0,0,1,0,0,0,1,0,1,0,0,16,0,1,0,0,4,0          8
E5_E9_missing_RLAST,3960,1,0,0,1,0,1,0,0,1,0,0,0,1,0,1,0,0,16,0,1,0,0,4,0          8
E5_E9_missing_RLAST,3961,1,0,0,1,0,1,0,0,1,0,0,0,1,0,1,0,0,16,0,1,0,0,4,0          8
E5_E9_missing_RLAST,3962,1,0,0,1,0,1,0,0,1,0,0,0,1,0,1,0,0,16,0,1,0,0,4,0          8
E5_E9_missing_RLAST,3963,1,0,0,1,0,1,0,0,1,0,0,0,1,0,1,0,0,16,0,1,0,0,4,0          8
E5_E9_missing_RLAST,3964,1,0,0,1,0,1,0,0,1,0,0,0,1,0,1,0,0,16,0,1,0,0,4,0          8
E5_E9_missing_RLAST,3965,1,0,0,1,0,1,0,0,1,0,0,0,1,0,1,0,0,16,0,1,0,0,4,0          8
E5_E9_missing_RLAST,3966,1,0,0,1,0,1,0,0,1,0,0,0,1,0,1,0,0,16,0,1,0,0,4,0          8
E5_E9_missing_RLAST,3967,1,0,0,1,0,1,0,0,1,0,0,0,1,0,1,0,0,16,0,1,0,0,4,0          8
E5_E9_missing_RLAST,3968,1,0,0,1,0,1,0,0,1,0,0,0,1,0,1,0,0,16,0,1,0,0,4,0          8
E5_E9_missing_RLAST,3969,1,0,0,1,0,1,0,0,1,0,0,0,1,0,1,0,0,16,0,1,0,0,4,0          8
E5_E9_missing_RLAST,3970,1,0,0,1,0,1,0,0,1,0,0,0,1,0,1,0,0,16,0,1,0,0,4,0          8
E5_E9_missing_RLAST,3971,1,0,0,1,0,1,0,0,1,0,0,0,1,0,1,0,0,16,0,1,0,0,4,0          8
E5_E9_missing_RLAST,3972,1,0,0,1,0,1,0,0,1,0,0,0,1,0,1,0,0,16,0,1,0,0,4,0          8
E5_E9_missing_RLAST,3973,1,0,0,1,0,1,0,0,1,0,0,0,1,0,1,0,0,16,0,1,0,0,4,0          8
E5_E9_missing_RLAST,3974,1,0,0,1,0,1,0,0,1,0,0,0,1,0,1,0,0,16,0,1,0,0,4,0          8
E5_E9_missing_RLAST,3975,1,0,0,1,0,1,0,0,1,0,0,0,1,0,1,0,0,16,0,1,0,0,4,0          8
E5_E9_missing_RLAST,3976,1,0,0,1,0,1,0,0,1,0,0,0,1,0,1,0,0,16,0,1,0,0,4,0          8
E5_E9_missing_RLAST,3977,1,0,0,1,0,1,0,0,1,0,0,0,1,0,1,0,0,16,0,1,0,0,4,0          8
E5_E9_missing_RLAST,3978,1,0,0,1,0,1,0,0,1,0,0,0,1,0,1,0,0,16,0,1,0,0,4,0          8
E5_E9_missing_RLAST,3979,1,0,0,1,0,1,0,0,1,0,0,0,1,0,1,0,0,16,0,1,0,0,4,0          8
E5_E9_missing_RLAST,3980,1,0,0,1,0,1,0,0,1,0,0,0,1,0,1,0,0,16,0,1,0,0,4,0          8
E5_E9_missing_RLAST,3981,1,0,0,1,0,1,0,0,1,0,0,0,1,0,1,0,0,16,0,1,0,0,4,0          8
E5_E9_missing_RLAST,3982,1,0,0,1,0,1,0,0,1,0,0,0,1,0,1,0,0,16,0,1,0,0,4,0          8
E5_E9_missing_RLAST,3983,1,0,0,1,0,1,0,0,1,0,0,0,1,0,1,0,0,16,0,1,0,0,4,0          8
E5_E9_missing_RLAST,3984,1,0,0,1,0,1,0,0,1,0,0,0,1,0,1,0,0,16,0,1,0,0,4,0          8
E5_E9_missing_RLAST,3985,1,0,0,1,0,1,0,0,1,0,0,0,1,0,1,0,0,16,0,1,0,0,4,0          8
E5_E9_missing_RLAST,3986,1,0,0,1,0,1,0,0,1,0,0,0,1,0,1,0,0,16,0,1,0,0,4,0          8
E5_E9_missing_RLAST,3987,1,0,0,1,0,1,0,0,1,0,0,0,1,0,1,0,0,16,0,1,0,0,4,0          8
E5_E9_missing_RLAST,3988,1,0,0,1,0,1,0,0,1,0,0,0,1,0,1,0,0,16,0,1,0,0,4,0          8
E5_E9_missing_RLAST,3989,1,0,0,1,0,1,0,0,1,0,0,0,1,0,1,0,0,16,0,1,0,0,4,0          8
E5_E9_missing_RLAST,3990,1,0,0,1,0,1,0,0,1,0,0,0,1,0,1,0,0,16,0,1,0,0,4,0          8
E5_E9_missing_RLAST,3991,1,0,0,1,0,1,0,0,1,0,0,0,1,0,1,0,0,16,0,1,0,0,4,0          8
E5_E9_missing_RLAST,3992,1,0,0,1,0,1,0,0,1,0,0,0,1,0,1,0,0,16,0,1,0,0,4,0          8
E5_E9_missing_RLAST,3993,1,0,0,1,0,1,0,0,1,0,0,0,1,0,1,0,0,16,0,1,0,0,4,0          8
E5_E9_missing_RLAST,3994,1,0,0,1,0,1,0,0,1,0,0,0,1,0,1,0,0,16,0,1,0,0,4,0          8
E5_E9_missing_RLAST,3995,1,0,0,1,0,1,0,0,1,0,0,0,1,0,1,0,0,16,0,1,0,0,4,0          8
E5_E9_missing_RLAST,3996,1,0,0,1,0,1,0,0,1,0,0,0,1,0,1,0,0,16,0,1,0,0,4,0          8
E5_E9_missing_RLAST,3997,1,0,0,1,0,1,0,0,1,0,0,0,1,0,1,0,0,16,0,1,0,0,4,0          8
E5_E9_missing_RLAST,3998,1,0,0,1,0,1,0,0,1,0,0,0,1,0,1,0,0,16,0,1,0,0,4,0          8
E5_E9_missing_RLAST,3999,1,0,0,1,0,1,0,0,1,0,0,0,1,0,1,0,0,16,0,1,0,0,4,0          8
E5_E9_missing_RLAST,4000,1,0,0,1,0,1,0,0,1,0,0,0,1,0,1,0,0,16,0,1,0,0,4,0          8
E5_E9_missing_RLAST,4001,1,0,0,1,0,1,0,0,1,0,0,0,1,0,1,0,0,16,0,1,0,0,4,0          8
E5_E9_missing_RLAST,4002,1,0,0,1,0,1,0,0,1,0,0,0,1,0,1,0,0,16,0,1,0,0,4,0          8
E5_E9_missing_RLAST,4003,1,0,0,1,0,1,0,0,1,0,0,0,1,0,1,0,0,16,0,1,0,0,4,0          8
E5_E9_missing_RLAST,4004,1,0,0,1,0,1,0,0,1,0,0,0,1,0,1,0,0,16,0,1,0,0,4,0          8
E5_E9_missing_RLAST,4005,1,0,0,1,0,1,0,0,1,0,0,0,1,0,1,0,0,16,0,1,0,0,4,0          8
E5_E9_missing_RLAST,4006,1,0,0,1,0,1,0,0,1,0,0,0,1,0,1,0,0,16,0,1,0,0,4,0          8
E5_E9_missing_RLAST,4007,1,0,0,1,0,1,0,0,1,0,0,0,1,0,1,0,0,16,0,1,0,0,4,0          8
E5_E9_missing_RLAST,4008,1,0,0,1,0,1,0,0,1,0,0,0,1,0,1,0,0,16,0,1,0,0,4,0          8
E5_E9_missing_RLAST,4009,1,0,0,1,0,1,0,0,1,0,0,0,1,0,1,0,0,16,0,1,0,0,4,0          8
E5_E9_missing_RLAST,4010,1,0,0,1,0,1,0,0,1,0,0,0,1,0,1,0,0,16,0,1,0,0,4,0          8
E5_E9_missing_RLAST,4011,1,0,0,1,0,1,0,0,1,0,0,0,1,0,1,0,0,16,0,1,0,0,4,0          8
E5_E9_missing_RLAST,4012,1,0,0,1,0,1,0,0,1,0,0,0,1,0,1,0,0,16,0,1,0,0,4,0          8
E5_E9_missing_RLAST,4013,1,0,0,1,0,1,0,0,1,0,0,0,1,0,1,0,0,16,0,1,0,0,4,0          8
E5_E9_missing_RLAST,4014,1,0,0,1,0,1,0,0,1,0,0,0,1,0,1,0,0,16,0,1,0,0,4,0          8
E5_E9_missing_RLAST,4015,1,0,0,1,0,1,0,0,1,0,0,0,1,0,1,0,0,16,0,1,0,0,4,0          8
E5_E9_missing_RLAST,4016,1,0,0,1,0,1,0,0,1,0,0,0,1,0,1,0,0,16,0,1,0,0,4,0          8
E5_E9_missing_RLAST,4017,1,0,0,1,0,1,0,0,1,0,0,0,1,0,1,0,0,16,0,1,0,0,4,0          8
E5_E9_missing_RLAST,4018,1,0,0,1,0,1,0,0,1,0,0,0,1,0,1,0,0,16,0,1,0,0,4,0          8
E5_E9_missing_RLAST,4019,1,0,0,1,0,1,0,0,1,0,0,0,1,0,1,0,0,16,0,1,0,0,4,0          8
E5_E9_missing_RLAST,4020,1,0,0,1,0,1,0,0,1,0,0,0,1,0,1,0,0,16,0,1,0,0,4,0          8
E5_E9_missing_RLAST,4021,1,0,0,1,0,1,0,0,1,0,0,0,1,0,1,0,0,16,0,1,0,0,4,0          8
E5_E9_missing_RLAST,4022,1,0,0,1,0,1,0,0,1,0,0,0,1,0,1,0,0,16,0,1,0,0,4,0          8
E5_E9_missing_RLAST,4023,1,0,0,1,0,1,0,0,1,0,0,0,1,0,1,0,0,16,0,1,0,0,4,0          8
E5_E9_missing_RLAST,4024,1,0,0,1,0,1,0,0,1,0,0,0,1,0,1,0,0,16,0,1,0,0,4,0          8
E5_E9_missing_RLAST,4025,1,0,0,1,0,1,0,0,1,0,0,0,1,0,1,0,0,16,0,1,0,0,4,0          8
E5_E9_missing_RLAST,4026,1,0,0,1,0,1,0,0,1,0,0,0,1,0,1,0,0,16,0,1,0,0,4,0          8
E5_E9_missing_RLAST,4027,1,0,0,1,0,1,0,0,1,0,0,0,1,0,1,0,0,16,0,1,0,0,4,0          8
E5_E9_missing_RLAST,4028,1,0,0,1,0,1,0,0,1,0,0,0,1,0,1,0,0,16,0,1,0,0,4,0          8
E5_E9_missing_RLAST,4029,1,0,0,1,0,1,0,0,1,0,0,0,1,0,1,0,0,16,0,1,0,0,4,0          8
E5_E9_missing_RLAST,4030,1,0,0,1,0,1,0,0,1,0,0,0,1,0,1,0,0,16,0,1,0,0,4,0          8
E5_E9_missing_RLAST,4031,1,0,0,1,0,1,0,0,1,0,0,0,1,0,1,0,0,16,0,1,0,0,4,0          8
E5_E9_missing_RLAST,4032,1,0,0,1,0,1,0,0,1,0,0,0,1,0,1,0,0,16,0,1,0,0,4,0          8
E5_E9_missing_RLAST,4033,1,0,0,1,0,1,0,0,1,0,0,0,1,0,1,0,0,16,0,1,0,0,4,0          8
E5_E9_missing_RLAST,4034,1,0,0,1,0,1,0,0,1,0,0,0,1,0,1,0,0,16,0,1,0,0,4,0          8
E5_E9_missing_RLAST,4035,1,0,0,1,0,1,0,0,1,0,0,0,1,0,1,0,0,16,0,1,0,0,4,0          8
E5_E9_missing_RLAST,4036,1,0,0,1,0,1,0,0,1,0,0,0,1,0,1,0,0,16,0,1,0,0,4,0          8
E5_E9_missing_RLAST,4037,1,0,0,1,0,1,0,0,1,0,0,0,1,0,1,0,0,16,0,1,0,0,4,0          8
E5_E9_missing_RLAST,4038,1,0,0,1,0,1,0,0,1,0,0,0,1,0,1,0,0,16,0,1,0,0,4,0          8
E5_E9_missing_RLAST,4039,1,0,0,1,0,1,0,0,1,0,0,0,1,0,1,0,0,16,0,1,0,0,4,0          8
E5_E9_missing_RLAST,4040,1,0,0,1,0,1,0,0,1,0,0,0,1,0,1,0,0,16,0,1,0,0,4,0          8
E5_E9_missing_RLAST,4041,1,0,0,1,0,1,0,0,1,0,0,0,1,0,1,0,0,16,0,1,0,0,4,0          8
E5_E9_missing_RLAST,4042,1,0,0,1,0,1,0,0,1,0,0,0,1,0,1,0,0,16,0,1,0,0,4,0          8
E5_E9_missing_RLAST,4043,1,0,0,1,0,1,0,0,1,0,0,0,1,0,1,0,0,16,0,1,0,0,4,0          8
E5_E9_missing_RLAST,4044,1,0,0,1,0,1,0,0,1,0,0,0,1,0,1,0,0,16,0,1,0,0,4,0          8
E5_E9_missing_RLAST,4045,1,0,0,1,0,1,0,0,1,0,0,0,1,0,1,0,0,16,0,1,0,0,4,0          8
E5_E9_missing_RLAST,4046,1,0,0,1,0,1,0,0,1,0,0,0,1,0,1,0,0,16,0,1,0,0,4,0          8
E5_E9_missing_RLAST,4047,1,0,0,1,0,1,0,0,1,0,0,0,1,0,1,0,0,16,0,1,0,0,4,0          8
E5_E9_missing_RLAST,4048,1,0,0,1,0,1,0,0,1,0,0,0,1,0,1,0,0,16,0,1,0,0,4,0          8
E5_E9_missing_RLAST,4049,1,0,0,1,0,1,0,0,1,0,0,0,1,0,1,0,0,16,0,1,0,0,4,0          8
E5_E9_missing_RLAST,4050,1,0,0,1,0,1,0,0,1,0,0,0,1,0,1,0,0,16,0,1,0,0,4,0          8
E5_E9_missing_RLAST,4051,1,0,0,1,0,1,0,0,1,0,0,0,1,0,1,0,0,16,0,1,0,0,4,0          8
E5_E9_missing_RLAST,4052,1,0,0,1,0,1,0,0,1,0,0,0,1,0,1,0,0,16,0,1,0,0,4,0          8
E5_E9_missing_RLAST,4053,1,0,0,1,0,1,0,0,1,0,0,0,1,0,1,0,0,16,0,1,0,0,4,0          8
E5_E9_missing_RLAST,4054,1,0,0,1,0,1,0,0,1,0,0,0,1,0,1,0,0,16,0,1,0,0,4,0          8
E5_E9_missing_RLAST,4055,1,0,0,1,0,1,0,0,1,0,0,0,1,0,1,0,0,16,0,1,0,0,4,0          8
E5_E9_missing_RLAST,4056,1,0,0,1,0,1,0,0,1,0,0,0,1,0,1,0,0,16,0,1,0,0,4,0          8
E5_E9_missing_RLAST,4057,1,0,0,1,0,1,0,0,1,0,0,0,1,0,1,0,0,16,0,1,0,0,4,0          8
E5_E9_missing_RLAST,4058,1,0,0,1,0,1,0,0,1,0,0,0,1,0,1,0,0,16,0,1,0,0,4,0          8
E5_E9_missing_RLAST,4059,1,0,0,1,0,1,0,0,1,0,0,0,1,0,1,0,0,16,0,1,0,0,4,0          8
E5_E9_missing_RLAST,4060,1,0,0,1,0,1,0,0,1,0,0,0,1,0,1,0,0,16,0,1,0,0,4,0          8
E5_E9_missing_RLAST,4061,1,0,0,1,0,1,0,0,1,0,0,0,1,0,1,0,0,16,0,1,0,0,4,0          8
E5_E9_missing_RLAST,4062,1,0,0,1,0,1,0,0,1,0,0,0,1,0,1,0,0,16,0,1,0,0,4,0          8
E5_E9_missing_RLAST,4063,1,0,0,1,0,1,0,0,1,0,0,0,1,0,1,0,0,16,0,1,0,0,4,0          8
E5_E9_missing_RLAST,4064,1,0,0,1,0,1,0,0,1,0,0,0,1,0,1,0,0,16,0,1,0,0,4,0          8
E5_E9_missing_RLAST,4065,1,0,0,1,0,1,0,0,1,0,0,0,1,0,1,0,0,16,0,1,0,0,4,0          8
E5_E9_missing_RLAST,4066,1,0,0,1,0,1,0,0,1,0,0,0,1,0,1,0,0,16,0,1,0,0,4,0          8
E5_E9_missing_RLAST,4067,1,0,0,1,0,1,0,0,1,0,0,0,1,0,1,0,0,16,0,1,0,0,4,0          8
E5_E9_missing_RLAST,4068,1,0,0,1,0,1,0,0,1,0,0,0,1,0,1,0,0,16,0,1,0,0,4,0          8
E5_E9_missing_RLAST,4069,1,0,0,1,0,1,0,0,1,0,0,0,1,0,1,0,0,16,0,1,0,0,4,0          8
E5_E9_missing_RLAST,4070,1,0,0,1,0,1,0,0,1,0,0,0,1,0,1,0,0,16,0,1,0,0,4,0          8
E5_E9_missing_RLAST,4071,1,0,0,1,0,1,0,0,1,0,0,0,1,0,1,0,0,16,0,1,0,0,4,0          8
E5_E9_missing_RLAST,4072,1,0,0,1,0,1,0,0,1,0,0,0,1,0,1,0,0,16,0,1,0,0,4,0          8
E5_E9_missing_RLAST,4073,1,0,0,1,0,1,0,0,1,0,0,0,1,0,1,0,0,16,0,1,0,0,4,0          8
E5_E9_missing_RLAST,4074,1,0,0,1,0,1,0,0,1,0,0,0,1,0,1,0,0,16,0,1,0,0,4,0          8
E5_E9_missing_RLAST,4075,1,0,0,1,0,1,0,0,1,0,0,0,1,0,1,0,0,16,0,1,0,0,4,0          8
E5_E9_missing_RLAST,4076,1,0,0,1,0,1,0,0,1,0,0,0,1,0,1,0,0,16,0,1,0,0,4,0          8
E5_E9_missing_RLAST,4077,1,0,0,1,0,1,0,0,1,0,0,0,1,0,1,0,0,16,0,1,0,0,4,0          8
E5_E9_missing_RLAST,4078,1,0,0,1,0,1,0,0,1,0,0,0,1,0,1,0,0,16,0,1,0,0,4,0          8
E5_E9_missing_RLAST,4079,1,0,0,1,0,1,0,0,1,0,0,0,1,0,1,0,0,16,0,1,0,0,4,0          8
E5_E9_missing_RLAST,4080,1,0,0,1,0,1,0,0,1,0,0,0,1,0,1,0,0,16,0,1,0,0,4,0          8
E5_E9_missing_RLAST,4081,1,0,0,1,0,1,0,0,1,0,0,0,1,0,1,0,0,16,0,1,0,0,4,0          8
E5_E9_missing_RLAST,4082,1,0,0,1,0,1,0,0,1,0,0,0,1,0,1,0,0,16,0,1,0,0,4,0          8
E5_E9_missing_RLAST,4083,1,0,0,1,0,1,0,0,1,0,0,0,1,0,1,0,0,16,0,1,0,0,4,0          8
E5_E9_missing_RLAST,4084,1,0,0,1,0,1,0,0,1,0,0,0,1,0,1,0,0,16,0,1,0,0,4,0          8
E5_E9_missing_RLAST,4085,1,0,0,1,0,1,0,0,1,0,0,0,1,0,1,0,0,16,0,1,0,0,4,0          8
E5_E9_missing_RLAST,4086,1,0,0,1,0,1,0,0,1,0,0,0,1,0,1,0,0,16,0,1,0,0,4,0          8
E5_E9_missing_RLAST,4087,1,0,0,1,0,1,0,0,1,0,0,0,1,0,1,0,0,16,0,1,0,0,4,0          8
E5_E9_missing_RLAST,4088,1,0,0,1,0,1,0,0,1,0,0,0,1,0,1,0,0,16,0,1,0,0,4,0          8
E5_E9_missing_RLAST,4089,1,0,0,1,0,1,0,0,1,0,0,0,1,0,1,0,0,16,0,1,0,0,4,0          8
E5_E9_missing_RLAST,4090,1,0,0,1,0,1,0,0,1,0,0,0,1,0,1,0,0,16,0,1,0,0,4,0          8
E5_E9_missing_RLAST,4091,1,0,0,1,0,1,0,0,1,0,0,0,1,0,1,0,0,16,0,1,0,0,4,0          8
E5_E9_missing_RLAST,4092,1,0,0,1,0,1,0,0,1,0,0,0,1,0,1,0,0,16,0,1,0,0,4,0          8
E5_E9_missing_RLAST,4093,1,0,0,1,0,1,0,0,1,0,0,0,1,0,1,0,0,16,0,1,0,0,4,0          8
E5_E9_missing_RLAST,4094,1,0,0,1,0,1,0,0,1,0,0,0,1,0,1,0,0,16,0,1,0,0,4,0          8
E5_E9_missing_RLAST,4095,1,0,0,1,0,1,0,0,1,0,0,0,1,0,1,0,0,16,0,1,0,0,4,0          8
E5_E9_missing_RLAST,4096,1,0,0,1,0,1,0,0,1,0,0,0,1,0,1,0,0,16,0,1,0,0,4,0          8
E5_E9_missing_RLAST,4097,1,0,0,1,0,1,0,0,1,0,0,0,1,0,1,0,0,16,0,1,0,0,4,0          8
E5_E9_missing_RLAST,4098,1,0,0,1,0,1,0,0,1,0,0,0,1,0,1,0,0,16,0,1,0,0,4,0          8
E5_E9_missing_RLAST,4099,1,0,0,1,0,1,0,0,1,0,0,0,1,0,1,0,0,16,0,1,0,0,4,0          8
E5_E9_missing_RLAST,4100,1,0,0,1,0,1,0,0,1,0,0,0,1,0,1,0,0,16,0,1,0,0,4,0          8
E5_E9_missing_RLAST,4101,1,0,0,1,0,1,0,0,1,0,0,0,1,0,1,0,0,16,0,1,0,0,4,0          8
E5_E9_missing_RLAST,4102,1,0,0,1,0,1,0,0,1,0,0,0,1,0,1,0,0,16,0,1,0,0,4,0          8
E5_E9_missing_RLAST,4103,1,0,0,1,0,1,0,0,1,0,0,0,1,0,1,0,0,16,0,1,0,0,4,0          8
E5_E9_missing_RLAST,4104,1,0,0,1,0,1,0,0,1,0,0,0,1,0,1,0,0,16,0,1,0,0,4,0          8
E5_E9_missing_RLAST,4105,1,0,0,1,0,1,0,0,1,0,0,0,1,0,1,0,0,16,0,1,0,0,4,0          8
E5_E9_missing_RLAST,4106,1,0,0,1,0,1,0,0,1,0,0,0,1,0,1,0,0,16,0,1,0,0,4,0          8
E5_E9_missing_RLAST,4107,1,0,0,1,0,1,0,0,1,0,0,0,1,0,1,0,0,16,0,1,0,0,4,0          8
E5_E9_missing_RLAST,4108,1,0,0,1,0,1,0,0,1,0,0,0,1,0,1,0,0,16,0,1,0,0,4,0          8
E5_E9_missing_RLAST,4109,1,0,0,1,0,1,0,0,1,0,0,0,1,0,1,0,0,16,0,1,0,0,4,0          8
E5_E9_missing_RLAST,4110,1,0,0,1,0,1,0,0,1,0,0,0,1,0,1,0,0,16,0,1,0,0,4,0          8
E5_E9_missing_RLAST,4111,1,0,0,1,0,1,0,0,1,0,0,0,1,0,1,0,0,16,0,1,0,0,4,0          8
E5_E9_missing_RLAST,4112,1,0,0,1,0,1,0,0,1,0,0,0,1,0,1,0,0,16,0,1,0,0,4,0          8
E5_E9_missing_RLAST,4113,1,0,0,1,0,1,0,0,1,0,0,0,1,0,1,0,0,16,0,1,0,0,4,0          8
E5_E9_missing_RLAST,4114,1,0,0,1,0,1,0,0,1,0,0,0,1,0,1,0,0,16,0,1,0,0,4,0          8
E5_E9_missing_RLAST,4115,1,0,0,1,0,1,0,0,1,0,0,0,1,0,1,0,0,16,0,1,0,0,4,0          8
E5_E9_missing_RLAST,4116,1,0,0,1,0,1,0,0,1,0,0,0,1,0,1,0,0,16,0,1,0,0,4,0          8
E5_E9_missing_RLAST,4117,1,0,0,1,0,1,0,0,1,0,0,0,1,0,1,0,0,16,0,1,0,0,4,0          8
E5_E9_missing_RLAST,4118,1,0,0,1,0,1,0,0,1,0,0,0,1,0,1,0,0,16,0,1,0,0,4,0          8
E5_E9_missing_RLAST,4119,1,0,0,1,0,1,0,0,1,0,0,0,1,0,1,0,0,16,0,1,0,0,4,0          8
E5_E9_missing_RLAST,4120,1,0,0,1,0,1,0,0,1,0,0,0,1,0,1,0,0,16,0,1,0,0,4,0          8
E5_E9_missing_RLAST,4121,1,0,0,1,0,1,0,0,1,0,0,0,1,0,1,0,0,16,0,1,0,0,4,0          8
E5_E9_missing_RLAST,4122,1,0,0,1,0,1,0,0,1,0,0,0,1,0,1,0,0,16,0,1,0,0,4,0          8
E5_E9_missing_RLAST,4123,1,0,0,1,0,1,0,0,1,0,0,0,1,0,1,0,0,16,0,1,0,0,4,0          8
E5_E9_missing_RLAST,4124,1,0,0,1,0,1,0,0,1,0,0,0,1,0,1,0,0,16,0,1,0,0,4,0          8
E5_E9_missing_RLAST,4125,1,0,0,1,0,1,0,0,1,0,0,0,1,0,1,0,0,16,0,1,0,0,4,0          8
E5_E9_missing_RLAST,4126,1,0,0,1,0,1,0,0,1,0,0,0,1,0,1,0,0,16,0,1,0,0,4,0          8
E5_E9_missing_RLAST,4127,1,0,0,1,0,1,0,0,1,0,0,0,1,0,1,0,0,16,0,1,0,0,4,0          8
E5_E9_missing_RLAST,4128,1,0,0,1,0,1,0,0,1,0,0,0,1,0,1,0,0,16,0,1,0,0,4,0          8
E5_E9_missing_RLAST,4129,1,0,0,1,0,1,0,0,1,0,0,0,1,0,1,0,0,16,0,1,0,0,4,0          8
E5_E9_missing_RLAST,4130,1,0,0,1,0,1,0,0,1,0,0,0,1,0,1,0,0,16,0,1,0,0,4,0          8
E5_E9_missing_RLAST,4131,1,0,0,1,0,1,0,0,1,0,0,0,1,0,1,0,0,16,0,1,0,0,4,0          8
E5_E9_missing_RLAST,4132,1,0,0,1,0,1,0,0,1,0,0,0,1,0,1,0,0,16,0,1,0,0,4,0          8
E5_E9_missing_RLAST,4133,1,0,0,1,0,1,0,0,1,0,0,0,1,0,1,0,0,16,0,1,0,0,4,0          8
E5_E9_missing_RLAST,4134,1,0,0,1,0,1,0,0,1,0,0,0,1,0,1,0,0,16,0,1,0,0,4,0          8
E5_E9_missing_RLAST,4135,1,0,0,1,0,1,0,0,1,0,0,0,1,0,1,0,0,16,0,1,0,0,4,0          8
E5_E9_missing_RLAST,4136,1,0,0,1,0,1,0,0,1,0,0,0,1,0,1,0,0,16,0,1,0,0,4,0          8
E5_E9_missing_RLAST,4137,1,0,0,1,0,1,0,0,1,0,0,0,1,0,1,0,0,16,0,1,0,0,4,0          8
E5_E9_missing_RLAST,4138,1,0,0,1,0,1,0,0,1,0,0,0,1,0,1,0,0,16,0,1,0,0,4,0          8
E5_E9_missing_RLAST,4139,1,0,0,1,0,1,0,0,1,0,0,0,1,0,1,0,0,16,0,1,0,0,4,0          8
E5_E9_missing_RLAST,4140,1,0,0,1,0,1,0,0,1,0,0,0,1,0,1,0,0,16,0,1,0,0,4,0          8
E5_E9_missing_RLAST,4141,1,0,0,1,0,1,0,0,1,0,0,0,1,0,1,0,0,16,0,1,0,0,4,0          8
E5_E9_missing_RLAST,4142,1,0,0,1,0,1,0,0,1,0,0,0,1,0,1,0,0,16,0,1,0,0,4,0          8
E5_E9_missing_RLAST,4143,1,0,0,1,0,1,0,0,1,0,0,0,1,0,1,0,0,16,0,1,0,0,4,0          8
E5_E9_missing_RLAST,4144,1,0,0,1,0,1,0,0,1,0,0,0,1,0,1,0,0,16,0,1,0,0,4,0          8
E5_E9_missing_RLAST,4145,1,0,0,1,0,1,0,0,1,0,0,0,1,0,1,0,0,16,0,1,0,0,4,0          8
E5_E9_missing_RLAST,4146,1,0,0,1,0,1,0,0,1,0,0,0,1,0,1,0,0,16,0,1,0,0,4,0          8
E5_E9_missing_RLAST,4147,1,0,0,1,0,1,0,0,1,0,0,0,1,0,1,0,0,16,0,1,0,0,4,0          8
E5_E9_missing_RLAST,4148,1,0,0,1,0,1,0,0,1,0,0,0,1,0,1,0,0,16,0,1,0,0,4,0          8
E5_E9_missing_RLAST,4149,1,0,0,1,0,1,0,0,1,0,0,0,1,0,1,0,0,16,0,1,0,0,4,0          8
E5_E9_missing_RLAST,4150,1,0,0,1,0,1,0,0,1,0,0,0,1,0,1,0,0,16,0,1,0,0,4,0          8
E5_E9_missing_RLAST,4151,1,0,0,1,0,1,0,0,1,0,0,0,1,0,1,0,0,16,0,1,0,0,4,0          8
E5_E9_missing_RLAST,4152,1,0,0,1,0,1,0,0,1,0,0,0,1,0,1,0,0,16,0,1,0,0,4,0          8
E5_E9_missing_RLAST,4153,1,0,0,1,0,1,0,0,1,0,0,0,1,0,1,0,0,16,0,1,0,0,4,0          8
E5_E9_missing_RLAST,4154,1,0,0,1,0,1,0,0,1,0,0,0,1,0,1,0,0,16,0,1,0,0,4,0          8
E5_E9_missing_RLAST,4155,1,0,0,1,0,1,0,0,1,0,0,0,1,0,1,0,0,16,0,1,0,0,4,0          8
E5_E9_missing_RLAST,4156,1,0,0,1,0,1,0,0,1,0,0,0,1,0,1,0,0,16,0,1,0,0,4,0          8
E5_E9_missing_RLAST,4157,1,0,0,1,0,1,0,0,1,0,0,0,1,0,1,0,0,16,0,1,0,0,4,0          8
E5_E9_missing_RLAST,4158,1,0,0,1,0,1,0,0,1,0,0,0,1,0,1,0,0,16,0,1,0,0,4,0          8
E5_E9_missing_RLAST,4159,1,0,0,1,0,1,0,0,1,0,0,0,1,0,1,0,0,16,0,1,0,0,4,0          8
E5_E9_missing_RLAST,4160,1,0,0,1,0,1,0,0,1,0,0,0,1,0,1,0,0,16,0,1,0,0,4,0          8
E5_E9_missing_RLAST,4161,1,0,0,1,0,1,0,0,1,0,0,0,1,0,1,0,0,16,0,1,0,0,4,0          8
E5_E9_missing_RLAST,4162,1,0,0,1,0,1,0,0,1,0,0,0,1,0,1,0,0,16,0,1,0,0,4,0          8
E5_E9_missing_RLAST,4163,1,0,0,1,0,1,0,0,1,0,0,0,1,0,1,0,0,16,0,1,0,0,4,0          8
E5_E9_missing_RLAST,4164,1,0,0,1,0,1,0,0,1,0,0,0,1,0,1,0,0,16,0,1,0,0,4,0          8
E5_E9_missing_RLAST,4165,1,0,0,1,0,1,0,0,1,0,0,0,1,0,1,0,0,16,0,1,0,0,4,0          8
E5_E9_missing_RLAST,4166,1,0,0,1,0,1,0,0,1,0,0,0,1,0,1,0,0,16,0,1,0,0,4,0          8
E5_E9_missing_RLAST,4167,1,0,0,1,0,1,0,0,1,0,0,0,1,0,1,0,0,16,0,1,0,0,4,0          8
E5_E9_missing_RLAST,4168,1,0,0,1,0,1,0,0,1,0,0,0,1,0,1,0,0,16,0,1,0,0,4,0          8
E5_E9_missing_RLAST,4169,1,0,0,1,0,1,0,0,1,0,0,0,1,0,1,0,0,16,0,1,0,0,4,0          8
E5_E9_missing_RLAST,4170,1,0,0,1,0,1,0,0,1,0,0,0,1,0,1,0,0,16,0,1,0,0,4,0          8
E5_E9_missing_RLAST,4171,1,0,0,1,0,1,0,0,1,0,0,0,1,0,1,0,0,16,0,1,0,0,4,0          8
E5_E9_missing_RLAST,4172,1,0,0,1,0,1,0,0,1,0,0,0,1,0,1,0,0,16,0,1,0,0,4,0          8
E5_E9_missing_RLAST,4173,1,0,0,1,0,1,0,0,1,0,0,0,1,0,1,0,0,16,0,1,0,0,4,0          8
E5_E9_missing_RLAST,4174,1,0,0,1,0,1,0,0,1,0,0,0,1,0,1,0,0,16,0,1,0,0,4,0          8
E5_E9_missing_RLAST,4175,1,0,0,1,0,1,0,0,1,0,0,0,1,0,1,0,0,16,0,1,0,0,4,0          8
E5_E9_missing_RLAST,4176,1,0,0,1,0,1,0,0,1,0,0,0,1,0,1,0,0,16,0,1,0,0,4,0          8
E5_E9_missing_RLAST,4177,1,0,0,1,0,1,0,0,1,0,0,0,1,0,1,0,0,16,0,1,0,0,4,0          8
E5_E9_missing_RLAST,4178,1,0,0,1,0,1,0,0,1,0,0,0,1,0,1,0,0,16,0,1,0,0,4,0          8
E5_E9_missing_RLAST,4179,1,0,0,1,0,1,0,0,1,0,0,0,1,0,1,0,0,16,0,1,0,0,4,0          8
E5_E9_missing_RLAST,4180,1,0,0,1,0,1,0,0,1,0,0,0,1,0,1,0,0,16,0,1,0,0,4,0          8
E5_E9_missing_RLAST,4181,1,0,0,1,0,1,0,0,1,0,0,0,1,0,1,0,0,16,0,1,0,0,4,0          8
E5_E9_missing_RLAST,4182,1,0,0,1,0,1,0,0,1,0,0,0,1,0,1,0,0,16,0,1,0,0,4,0          8
E5_E9_missing_RLAST,4183,1,0,0,1,0,1,0,0,1,0,0,0,1,0,1,0,0,16,0,1,0,0,4,0          8
E5_E9_missing_RLAST,4184,1,0,0,1,0,1,0,0,1,0,0,0,1,0,1,0,0,16,0,1,0,0,4,0          8
E5_E9_missing_RLAST,4185,1,0,0,1,0,1,0,0,1,0,0,0,1,0,1,0,0,16,0,1,0,0,4,0          8
E5_E9_missing_RLAST,4186,1,0,0,1,0,1,0,0,1,0,0,0,1,0,1,0,0,16,0,1,0,0,4,0          8
E5_E9_missing_RLAST,4187,1,0,0,1,0,1,0,0,1,0,0,0,1,0,1,0,0,16,0,1,0,0,4,0          8
E5_E9_missing_RLAST,4188,1,0,0,1,0,1,0,0,1,0,0,0,1,0,1,0,0,16,0,1,0,0,4,0          8
E5_E9_missing_RLAST,4189,1,0,0,1,0,1,0,0,1,0,0,0,1,0,1,0,0,16,0,1,0,0,4,0          8
E5_E9_missing_RLAST,4190,1,0,0,1,0,1,0,0,1,0,0,0,1,0,1,0,0,16,0,1,0,0,4,0          8
E5_E9_missing_RLAST,4191,1,0,0,1,0,1,0,0,1,0,0,0,1,0,1,0,0,16,0,1,0,0,4,0          8
E5_E9_missing_RLAST,4192,1,0,0,1,0,1,0,0,1,0,0,0,1,0,1,0,0,16,0,1,0,0,4,0          8
E5_E9_missing_RLAST,4193,1,0,0,1,0,1,0,0,1,0,0,0,1,0,1,0,0,16,0,1,0,0,4,0          8
E5_E9_missing_RLAST,4194,1,0,0,1,0,1,0,0,1,0,0,0,1,0,1,0,0,16,0,1,0,0,4,0          8
E5_E9_missing_RLAST,4195,1,0,0,1,0,1,0,0,1,0,0,0,1,0,1,0,0,16,0,1,0,0,4,0          8
E5_E9_missing_RLAST,4196,1,0,0,1,0,1,0,0,1,0,0,0,1,0,1,0,0,16,0,1,0,0,4,0          8
E5_E9_missing_RLAST,4197,1,0,0,1,0,1,0,0,1,0,0,0,1,0,1,0,0,16,0,1,0,0,4,0          8
E5_E9_missing_RLAST,4198,1,0,0,1,0,1,0,0,1,0,0,0,1,0,1,0,0,16,0,1,0,0,4,0          8
E5_E9_missing_RLAST,4199,1,0,0,1,0,1,0,0,1,0,0,0,1,0,1,0,0,16,0,1,0,0,4,0          8
E5_E9_missing_RLAST,4200,1,0,0,1,0,1,0,0,1,0,0,0,1,0,1,0,0,16,0,1,0,0,4,0          8
E5_E9_missing_RLAST,4201,1,0,0,1,0,1,0,0,1,0,0,0,1,0,1,0,0,16,0,1,0,0,4,0          8
E5_E9_missing_RLAST,4202,1,0,0,1,0,1,0,0,1,0,0,0,1,0,1,0,0,16,0,1,0,0,4,0          8
E5_E9_missing_RLAST,4203,1,0,0,1,0,1,0,0,1,0,0,0,1,0,1,0,0,16,0,1,0,0,4,0          8
E5_E9_missing_RLAST,4204,1,0,0,1,0,1,0,0,1,0,0,0,1,0,1,0,0,16,0,1,0,0,4,0          8
E5_E9_missing_RLAST,4205,1,0,0,1,0,1,0,0,1,0,0,0,1,0,1,0,0,16,0,1,0,0,4,0          8
E5_E9_missing_RLAST,4206,1,0,0,1,0,1,0,0,1,0,0,0,1,0,1,0,0,16,0,1,0,0,4,0          8
E5_E9_missing_RLAST,4207,1,0,0,1,0,1,0,0,1,0,0,0,1,0,1,0,0,16,0,1,0,0,4,0          8
E5_E9_missing_RLAST,4208,1,0,0,1,0,1,0,0,1,0,0,0,1,0,1,0,0,16,0,1,0,0,4,0          8
E5_E9_missing_RLAST,4209,1,0,0,1,0,1,0,0,1,0,0,0,1,0,1,0,0,16,0,1,0,0,4,0          8
E5_E9_missing_RLAST,4210,1,0,0,1,0,1,0,0,1,0,0,0,1,0,1,0,0,16,0,1,0,0,4,0          8
E5_E9_missing_RLAST,4211,1,0,0,1,0,1,0,0,1,0,0,0,1,0,1,0,0,16,0,1,0,0,4,0          8
E5_E9_missing_RLAST,4212,1,0,0,1,0,1,0,0,1,0,0,0,1,0,1,0,0,16,0,1,0,0,4,0          8
E5_E9_missing_RLAST,4213,1,0,0,1,0,1,0,0,1,0,0,0,1,0,1,0,0,16,0,1,0,0,4,0          8
E5_E9_missing_RLAST,4214,1,0,0,1,0,1,0,0,1,0,0,0,1,0,1,0,0,16,0,1,0,0,4,0          8
E5_E9_missing_RLAST,4215,1,0,0,1,0,1,0,0,1,0,0,0,1,0,1,0,0,16,0,1,0,0,4,0          8
E5_E9_missing_RLAST,4216,1,0,0,1,0,1,0,0,1,0,0,0,1,0,1,0,0,16,0,1,0,0,4,0          8
E5_E9_missing_RLAST,4217,1,0,0,1,0,1,0,0,1,0,0,0,1,0,1,0,0,16,0,1,0,0,4,0          8
E5_E9_missing_RLAST,4218,1,0,0,1,0,1,0,0,1,0,0,0,1,0,1,0,0,16,0,1,0,0,4,0          8
E5_E9_missing_RLAST,4219,1,0,0,1,0,1,0,0,1,0,0,0,1,0,1,0,0,16,0,1,0,0,4,0          8
E5_E9_missing_RLAST,4220,1,0,0,1,0,1,0,0,1,0,0,0,1,0,1,0,0,16,0,1,0,0,4,0          8
E5_E9_missing_RLAST,4221,1,0,0,1,0,1,0,0,1,0,0,0,1,0,1,0,0,16,0,1,0,0,4,0          8
E5_E9_missing_RLAST,4222,1,0,0,1,0,1,0,0,1,0,0,0,1,0,1,0,0,16,0,1,0,0,4,0          8
E5_E9_missing_RLAST,4223,1,0,0,1,0,1,0,0,1,0,0,0,1,0,1,0,0,16,0,1,0,0,4,0          8
E5_E9_missing_RLAST,4224,1,0,0,1,0,1,0,0,1,0,0,0,1,0,1,0,0,16,0,1,0,0,4,0          8
E5_E9_missing_RLAST,4225,1,0,0,1,0,1,0,0,1,0,0,0,1,0,1,0,0,16,0,1,0,0,4,0          8
E5_E9_missing_RLAST,4226,1,0,0,1,0,1,0,0,1,0,0,0,1,0,1,0,0,16,0,1,0,0,4,0          8
E5_E9_missing_RLAST,4227,1,0,0,1,0,1,0,0,1,0,0,0,1,0,1,0,0,16,0,1,0,0,4,0          8
E5_E9_missing_RLAST,4228,1,0,0,1,0,1,0,0,1,0,0,0,1,0,1,0,0,16,0,1,0,0,4,0          8
E5_E9_missing_RLAST,4229,1,0,0,1,0,1,0,0,1,0,0,0,1,0,1,0,0,16,0,1,0,0,4,0          8
E5_E9_missing_RLAST,4230,1,0,0,1,0,1,0,0,1,0,0,0,1,0,1,0,0,16,0,1,0,0,4,0          8
E5_E9_missing_RLAST,4231,1,0,0,1,0,1,0,0,1,0,0,0,1,0,1,0,0,16,0,1,0,0,4,0          8
E5_E9_missing_RLAST,4232,1,0,0,1,0,1,0,0,1,0,0,0,1,0,1,0,0,16,0,1,0,0,4,0          8
E5_E9_missing_RLAST,4233,1,0,0,1,0,1,0,0,1,0,0,0,1,0,1,0,0,16,0,1,0,0,4,0          8
E5_E9_missing_RLAST,4234,1,0,0,1,0,1,0,0,1,0,0,0,1,0,1,0,0,16,0,1,0,0,4,0          8
E5_E9_missing_RLAST,4235,1,0,0,1,0,1,0,0,1,0,0,0,1,0,1,0,0,16,0,1,0,0,4,0          8
E5_E9_missing_RLAST,4236,1,0,0,1,0,1,0,0,1,0,0,0,1,0,1,0,0,16,0,1,0,0,4,0          8
E5_E9_missing_RLAST,4237,1,0,0,1,0,1,0,0,1,0,0,0,1,0,1,0,0,16,0,1,0,0,4,0          8
E5_E9_missing_RLAST,4238,1,0,0,1,0,1,0,0,1,0,0,0,1,0,1,0,0,16,0,1,0,0,4,0          8
E5_E9_missing_RLAST,4239,1,0,0,1,0,1,0,0,1,0,0,0,1,0,1,0,0,16,0,1,0,0,4,0          8
E5_E9_missing_RLAST,4240,1,0,0,1,0,1,0,0,1,0,0,0,1,0,1,0,0,16,0,1,0,0,4,0          8
E5_E9_missing_RLAST,4241,1,0,0,1,0,1,0,0,1,0,0,0,1,0,1,0,0,16,0,1,0,0,4,0          8
E5_E9_missing_RLAST,4242,1,0,0,1,0,1,0,0,1,0,0,0,1,0,1,0,0,16,0,1,0,0,4,0          8
E5_E9_missing_RLAST,4243,1,0,0,1,0,1,0,0,1,0,0,0,1,0,1,0,0,16,0,1,0,0,4,0          8
E5_E9_missing_RLAST,4244,1,0,0,1,0,1,0,0,1,0,0,0,1,0,1,0,0,16,0,1,0,0,4,0          8
E5_E9_missing_RLAST,4245,1,0,0,1,0,1,0,0,1,0,0,0,1,0,1,0,0,16,0,1,0,0,4,0          8
E5_E9_missing_RLAST,4246,1,0,0,1,0,1,0,0,1,0,0,0,1,0,1,0,0,16,0,1,0,0,4,0          8
E5_E9_missing_RLAST,4247,1,0,0,1,0,1,0,0,1,0,0,0,1,0,1,0,0,16,0,1,0,0,4,0          8
E5_E9_missing_RLAST,4248,1,0,0,1,0,1,0,0,1,0,0,0,1,0,1,0,0,16,0,1,0,0,4,0          8
E5_E9_missing_RLAST,4249,1,0,0,1,0,1,0,0,1,0,0,0,1,0,1,0,0,16,0,1,0,0,4,0          8
E5_E9_missing_RLAST,4250,1,0,0,1,0,1,0,0,1,0,0,0,1,0,1,0,0,16,0,1,0,0,4,0          8
E5_E9_missing_RLAST,4251,1,0,0,1,0,1,0,0,1,0,0,0,1,0,1,0,0,16,0,1,0,0,4,0          8
E5_E9_missing_RLAST,4252,1,0,0,1,0,1,0,0,1,0,0,0,1,0,1,0,0,16,0,1,0,0,4,0          8
E5_E9_missing_RLAST,4253,1,0,0,1,0,1,0,0,1,0,0,0,1,0,1,0,0,16,0,1,0,0,4,0          8
E5_E9_missing_RLAST,4254,1,0,0,1,0,1,0,0,1,0,0,0,1,0,1,0,0,16,0,1,0,0,4,0          8
E5_E9_missing_RLAST,4255,1,0,0,1,0,1,0,0,1,0,0,0,1,0,1,0,0,16,0,1,0,0,4,0          8
E5_E9_missing_RLAST,4256,1,0,0,1,0,1,0,0,1,0,0,0,1,0,1,0,0,16,0,1,0,0,4,0          8
E5_E9_missing_RLAST,4257,1,0,0,1,0,1,0,0,1,0,0,0,1,0,1,0,0,16,0,1,0,0,4,0          8
E5_E9_missing_RLAST,4258,1,0,0,1,0,1,0,0,1,0,0,0,1,0,1,0,0,16,0,1,0,0,4,0          8
E5_E9_missing_RLAST,4259,1,0,0,1,0,1,0,0,1,0,0,0,1,0,1,0,0,16,0,1,0,0,4,0          8
E5_E9_missing_RLAST,4260,1,0,0,1,0,1,0,0,1,0,0,0,1,0,1,0,0,16,0,1,0,0,4,0          8
E5_E9_missing_RLAST,4261,1,0,0,1,0,1,0,0,1,0,0,0,1,0,1,0,0,16,0,1,0,0,4,0          8
E5_E9_missing_RLAST,4262,1,0,0,1,0,1,0,0,1,0,0,0,1,0,1,0,0,16,0,1,0,0,4,0          8
E5_E9_missing_RLAST,4263,1,0,0,1,0,1,0,0,1,0,0,0,1,0,1,0,0,16,0,1,0,0,4,0          8
E5_E9_missing_RLAST,4264,1,0,0,1,0,1,0,0,1,0,0,0,1,0,1,0,0,16,0,1,0,0,4,0          8
E5_E9_missing_RLAST,4265,1,0,0,1,0,1,0,0,1,0,0,0,1,0,1,0,0,16,0,1,0,0,4,0          8
E5_E9_missing_RLAST,4266,1,0,0,1,0,1,0,0,1,0,0,0,1,0,1,0,0,16,0,1,0,0,4,0          8
E5_E9_missing_RLAST,4267,1,0,0,1,0,1,0,0,1,0,0,0,1,0,1,0,0,16,0,1,0,0,4,0          8
E5_E9_missing_RLAST,4268,1,0,0,1,0,1,0,0,1,0,0,0,1,0,1,0,0,16,0,1,0,0,4,0          8
E5_E9_missing_RLAST,4269,1,0,0,1,0,1,0,0,1,0,0,0,1,0,1,0,0,16,0,1,0,0,4,0          8
E5_E9_missing_RLAST,4270,1,0,0,1,0,1,0,0,1,0,0,0,1,0,1,0,0,16,0,1,0,0,4,0          8
E5_E9_missing_RLAST,4271,1,0,0,1,0,1,0,0,1,0,0,0,1,0,1,0,0,16,0,1,0,0,4,0          8
E5_E9_missing_RLAST,4272,1,0,0,1,0,1,0,0,1,0,0,0,1,0,1,0,0,16,0,1,0,0,4,0          8
E5_E9_missing_RLAST,4273,1,0,0,1,0,1,0,0,1,0,0,0,1,0,1,0,0,16,0,1,0,0,4,0          8
E5_E9_missing_RLAST,4274,1,0,0,1,0,1,0,0,1,0,0,0,1,0,1,0,0,16,0,1,0,0,4,0          8
E5_E9_missing_RLAST,4275,1,0,0,1,0,1,0,0,1,0,0,0,1,0,1,0,0,16,0,1,0,0,4,0          8
E5_E9_missing_RLAST,4276,1,0,0,1,0,1,0,0,1,0,0,0,1,0,1,0,0,16,0,1,0,0,4,0          8
E5_E9_missing_RLAST,4277,1,0,0,1,0,1,0,0,1,0,0,0,1,0,1,0,0,16,0,1,0,0,4,0          8
E5_E9_missing_RLAST,4278,1,0,0,1,0,1,0,0,1,0,0,0,1,0,1,0,0,16,0,1,0,0,4,0          8
E5_E9_missing_RLAST,4279,1,0,0,1,0,1,0,0,1,0,0,0,1,0,1,0,0,16,0,1,0,0,4,0          8
E5_E9_missing_RLAST,4280,1,0,0,1,0,1,0,0,1,0,0,0,1,0,1,0,0,16,0,1,0,0,4,0          8
E5_E9_missing_RLAST,4281,1,0,0,1,0,1,0,0,1,0,0,0,1,0,1,0,0,16,0,1,0,0,4,0          8
E5_E9_missing_RLAST,4282,1,0,0,1,0,1,0,0,1,0,0,0,1,0,1,0,0,16,0,1,0,0,4,0          8
E5_E9_missing_RLAST,4283,1,0,0,1,0,1,0,0,1,0,0,0,1,0,1,0,0,16,0,1,0,0,4,0          8
E5_E9_missing_RLAST,4284,1,0,0,1,0,1,0,0,1,0,0,0,1,0,1,0,0,16,0,1,0,0,4,0          8
E5_E9_missing_RLAST,4285,1,0,0,1,0,1,0,0,1,0,0,0,1,0,1,0,0,16,0,1,0,0,4,0          8
E5_E9_missing_RLAST,4286,1,0,0,1,0,1,0,0,1,0,0,0,1,0,1,0,0,16,0,1,0,0,4,0          8
E5_E9_missing_RLAST,4287,1,0,0,1,0,1,0,0,1,0,0,0,1,0,1,0,0,16,0,1,0,0,4,0          8
E5_E9_missing_RLAST,4288,1,0,0,1,0,1,0,0,1,0,0,0,1,0,1,0,0,16,0,1,0,0,4,0          8
E5_E9_missing_RLAST,4289,1,0,0,1,0,1,0,0,1,0,0,0,1,0,1,0,0,16,0,1,0,0,4,0          8
E5_E9_missing_RLAST,4290,1,0,0,1,0,1,0,0,1,0,0,0,1,0,1,0,0,16,0,1,0,0,4,0          8
E5_E9_missing_RLAST,4291,1,0,0,1,0,1,0,0,1,0,0,0,1,0,1,0,0,16,0,1,0,0,4,0          8
E5_E9_missing_RLAST,4292,1,0,0,1,0,1,0,0,1,0,0,0,1,0,1,0,0,16,0,1,0,0,4,0          8
E5_E9_missing_RLAST,4293,1,0,0,1,0,1,0,0,1,0,0,0,1,0,1,0,0,16,0,1,0,0,4,0          8
E5_E9_missing_RLAST,4294,1,0,0,1,0,1,0,0,1,0,0,0,1,0,1,0,0,16,0,1,0,0,4,0          8
E5_E9_missing_RLAST,4295,1,0,0,1,0,1,0,0,1,0,0,0,1,0,1,0,0,16,0,1,0,0,4,0          8
E5_E9_missing_RLAST,4296,1,0,0,1,0,1,0,0,1,0,0,0,1,0,1,0,0,16,0,1,0,0,4,0          8
E5_E9_missing_RLAST,4297,1,0,0,1,0,1,0,0,1,0,0,0,1,0,1,0,0,16,0,1,0,0,4,0          8
E5_E9_missing_RLAST,4298,1,0,0,1,0,1,0,0,1,0,0,0,1,0,1,0,0,16,0,1,0,0,4,0          8
E5_E9_missing_RLAST,4299,1,0,0,1,0,1,0,0,1,0,0,0,1,0,1,0,0,16,0,1,0,0,4,0          8
E5_E9_missing_RLAST,4300,1,0,0,1,0,1,0,0,1,0,0,0,1,0,1,0,0,16,0,1,0,0,4,0          8
E5_E9_missing_RLAST,4301,1,0,0,1,0,1,0,0,1,0,0,0,1,0,1,0,0,16,0,1,0,0,4,0          8
E5_E9_missing_RLAST,4302,1,0,0,1,0,1,0,0,1,0,0,0,1,0,1,0,0,16,0,1,0,0,4,0          8
E5_E9_missing_RLAST,4303,1,0,0,1,0,1,0,0,1,0,0,0,1,0,1,0,0,16,0,1,0,0,4,0          8
E5_E9_missing_RLAST,4304,1,0,0,1,0,1,0,0,1,0,0,0,1,0,1,0,0,16,0,1,0,0,4,0          8
E5_E9_missing_RLAST,4305,1,0,0,1,0,1,0,0,1,0,0,0,1,0,1,0,0,16,0,1,0,0,4,0          8
E5_E9_missing_RLAST,4306,1,0,0,1,0,1,0,0,1,0,0,0,1,0,1,0,0,16,0,1,0,0,4,0          8
E5_E9_missing_RLAST,4307,1,0,0,1,0,1,0,0,1,0,0,0,1,0,1,0,0,16,0,1,0,0,4,0          8
E5_E9_missing_RLAST,4308,1,0,0,1,0,1,0,0,1,0,0,0,1,0,1,0,0,16,0,1,0,0,4,0          8
E5_E9_missing_RLAST,4309,1,0,0,1,0,1,0,0,1,0,0,0,1,0,1,0,0,16,0,1,0,0,4,0          8
E5_E9_missing_RLAST,4310,1,0,0,1,0,1,0,0,1,0,0,0,1,0,1,0,0,16,0,1,0,0,4,0          8
E5_E9_missing_RLAST,4311,1,0,0,1,0,1,0,0,1,0,0,0,1,0,1,0,0,16,0,1,0,0,4,0          8
E5_E9_missing_RLAST,4312,1,0,0,1,0,1,0,0,1,0,0,0,1,0,1,0,0,16,0,1,0,0,4,0          8
E5_E9_missing_RLAST,4313,1,0,0,1,0,1,0,0,1,0,0,0,1,0,1,0,0,16,0,1,0,0,4,0          8
E5_E9_missing_RLAST,4314,1,0,0,1,0,1,0,0,1,0,0,0,1,0,1,0,0,16,0,1,0,0,4,0          8
E5_E9_missing_RLAST,4315,1,0,0,1,0,1,0,0,1,0,0,0,1,0,1,0,0,16,0,1,0,0,4,0          8
E5_E9_missing_RLAST,4316,1,0,0,1,0,1,0,0,1,0,0,0,1,0,1,0,0,16,0,1,0,0,4,0          8
E5_E9_missing_RLAST,4317,1,0,0,1,0,1,0,0,1,0,0,0,1,0,1,0,0,16,0,1,0,0,4,0          8
E5_E9_missing_RLAST,4318,1,0,0,1,0,1,0,0,1,0,0,0,1,0,1,0,0,16,0,1,0,0,4,0          8
E5_E9_missing_RLAST,4319,1,0,0,1,0,1,0,0,1,0,0,0,1,0,1,0,0,16,0,1,0,0,4,0          8
E5_E9_missing_RLAST,4320,1,0,0,1,0,1,0,0,1,0,0,0,1,0,1,0,0,16,0,1,0,0,4,0          8
E5_E9_missing_RLAST,4321,1,0,0,1,0,1,0,0,1,0,0,0,1,0,1,0,0,16,0,1,0,0,4,0          8
E5_E9_missing_RLAST,4322,1,0,0,1,0,1,0,0,1,0,0,0,1,0,1,0,0,16,0,1,0,0,4,0          8
E5_E9_missing_RLAST,4323,1,0,0,1,0,1,0,0,1,0,0,0,1,0,1,0,0,16,0,1,0,0,4,0          8
E5_E9_missing_RLAST,4324,1,0,0,1,0,1,0,0,1,0,0,0,1,0,1,0,0,16,0,1,0,0,4,0          8
E5_E9_missing_RLAST,4325,1,0,0,1,0,1,0,0,1,0,0,0,1,0,1,0,0,16,0,1,0,0,4,0          8
E5_E9_missing_RLAST,4326,1,0,0,1,0,1,0,0,1,0,0,0,1,0,1,0,0,16,0,1,0,0,4,0          8
E5_E9_missing_RLAST,4327,1,0,0,1,0,1,0,0,1,0,0,0,1,0,1,0,0,16,0,1,0,0,4,0          8
E5_E9_missing_RLAST,4328,1,0,0,1,0,1,0,0,1,0,0,0,1,0,1,0,0,16,0,1,0,0,4,0          8
E5_E9_missing_RLAST,4329,1,0,0,1,0,1,0,0,1,0,0,0,1,0,1,0,0,16,0,1,0,0,4,0          8
E5_E9_missing_RLAST,4330,1,0,0,1,0,1,0,0,1,0,0,0,1,0,1,0,0,16,0,1,0,0,4,0          8
E5_E9_missing_RLAST,4331,1,0,0,1,0,1,0,0,1,0,0,0,1,0,1,0,0,16,0,1,0,0,4,0          8
E5_E9_missing_RLAST,4332,1,0,0,1,0,1,0,0,1,0,0,0,1,0,1,0,0,16,0,1,0,0,4,0          8
E5_E9_missing_RLAST,4333,1,0,0,1,0,1,0,0,1,0,0,0,1,0,1,0,0,16,0,1,0,0,4,0          8
E5_E9_missing_RLAST,4334,1,0,0,1,0,1,0,0,1,0,0,0,1,0,1,0,0,16,0,1,0,0,4,0          8
E5_E9_missing_RLAST,4335,1,0,0,1,0,1,0,0,1,0,0,0,1,0,1,0,0,16,0,1,0,0,4,0          8
E5_E9_missing_RLAST,4336,1,0,0,1,0,1,0,0,1,0,0,0,1,0,1,0,0,16,0,1,0,0,4,0          8
E5_E9_missing_RLAST,4337,1,0,0,1,0,1,0,0,1,0,0,0,1,0,1,0,0,16,0,1,0,0,4,0          8
E5_E9_missing_RLAST,4338,1,0,0,1,0,1,0,0,1,0,0,0,1,0,1,0,0,16,0,1,0,0,4,0          8
E5_E9_missing_RLAST,4339,1,0,0,1,0,1,0,0,1,0,0,0,1,0,1,0,0,16,0,1,0,0,4,0          8
E5_E9_missing_RLAST,4340,1,0,0,1,0,1,0,0,1,0,0,0,1,0,1,0,0,16,0,1,0,0,4,0          8
E5_E9_missing_RLAST,4341,1,0,0,1,0,1,0,0,1,0,0,0,1,0,1,0,0,16,0,1,0,0,4,0          8
E5_E9_missing_RLAST,4342,1,0,0,1,0,1,0,0,1,0,0,0,1,0,1,0,0,16,0,1,0,0,4,0          8
E5_E9_missing_RLAST,4343,1,0,0,1,0,1,0,0,1,0,0,0,1,0,1,0,0,16,0,1,0,0,4,0          8
E5_E9_missing_RLAST,4344,1,0,0,1,0,1,0,0,1,0,0,0,1,0,1,0,0,16,0,1,0,0,4,0          8
E5_E9_missing_RLAST,4345,1,0,0,1,0,1,0,0,1,0,0,0,1,0,1,0,0,16,0,1,0,0,4,0          8
E5_E9_missing_RLAST,4346,1,0,0,1,0,1,0,0,1,0,0,0,1,0,1,0,0,16,0,1,0,0,4,0          8
E5_E9_missing_RLAST,4347,1,0,0,1,0,1,0,0,1,0,0,0,1,0,1,0,0,16,0,1,0,0,4,0          8
E5_E9_missing_RLAST,4348,1,0,0,1,0,1,0,0,1,0,0,0,1,0,1,0,0,16,0,1,0,0,4,0          8
E5_E9_missing_RLAST,4349,1,0,0,1,0,1,0,0,1,0,0,0,1,0,1,0,0,16,0,1,0,0,4,0          8
E5_E9_missing_RLAST,4350,1,0,0,1,0,1,0,0,1,0,0,0,1,0,1,0,0,16,0,1,0,0,4,0          8
E5_E9_missing_RLAST,4351,1,0,0,1,0,1,0,0,1,0,0,0,1,0,1,0,0,16,0,1,0,0,4,0          8
E5_E9_missing_RLAST,4352,1,0,0,1,0,1,0,0,1,0,0,0,1,0,1,0,0,16,0,1,0,0,4,0          8
E5_E9_missing_RLAST,4353,1,0,0,1,0,1,0,0,1,0,0,0,1,0,1,0,0,16,0,1,0,0,4,0          8
E5_E9_missing_RLAST,4354,1,0,0,1,0,1,0,0,1,0,0,0,1,0,1,0,0,16,0,1,0,0,4,0          8
E5_E9_missing_RLAST,4355,1,0,0,1,0,1,0,0,1,0,0,0,1,0,1,0,0,16,0,1,0,0,4,0          8
E5_E9_missing_RLAST,4356,1,0,0,1,0,1,0,0,1,0,0,0,1,0,1,0,0,16,0,1,0,0,4,0          8
E5_E9_missing_RLAST,4357,1,0,0,1,0,1,0,0,1,0,0,0,1,0,1,0,0,16,0,1,0,0,4,0          8
E5_E9_missing_RLAST,4358,1,0,0,1,0,1,0,0,1,0,0,0,1,0,1,0,0,16,0,1,0,0,4,0          8
E5_E9_missing_RLAST,4359,1,0,0,1,0,1,0,0,1,0,0,0,1,0,1,0,0,16,0,1,0,0,4,0          8
E5_E9_missing_RLAST,4360,1,0,0,1,0,1,0,0,1,0,0,0,1,0,1,0,0,16,0,1,0,0,4,0          8
E5_E9_missing_RLAST,4361,1,0,0,1,0,1,0,0,1,0,0,0,1,0,1,0,0,16,0,1,0,0,4,0          8
E5_E9_missing_RLAST,4362,1,0,0,1,0,1,0,0,1,0,0,0,1,0,1,0,0,16,0,1,0,0,4,0          8
E5_E9_missing_RLAST,4363,1,0,0,1,0,1,0,0,1,0,0,0,1,0,1,0,0,16,0,1,0,0,4,0          8
E5_E9_missing_RLAST,4364,1,0,0,1,0,1,0,0,1,0,0,0,1,0,1,0,0,16,0,1,0,0,4,0          8
E5_E9_missing_RLAST,4365,1,0,0,1,0,1,0,0,1,0,0,0,1,0,1,0,0,16,0,1,0,0,4,0          8
E5_E9_missing_RLAST,4366,1,0,0,1,0,1,0,0,1,0,0,0,1,0,1,0,0,16,0,1,0,0,4,0          8
E5_E9_missing_RLAST,4367,1,0,0,1,0,1,0,0,1,0,0,0,1,0,1,0,0,16,0,1,0,0,4,0          8
E5_E9_missing_RLAST,4368,1,0,0,1,0,1,0,0,1,0,0,0,1,0,1,0,0,16,0,1,0,0,4,0          8
E5_E9_missing_RLAST,4369,1,0,0,1,0,1,0,0,1,0,0,0,1,0,1,0,0,16,0,1,0,0,4,0          8
E5_E9_missing_RLAST,4370,1,0,0,1,0,1,0,0,1,0,0,0,1,0,1,0,0,16,0,1,0,0,4,0          8
E5_E9_missing_RLAST,4371,1,0,0,1,0,1,0,0,1,0,0,0,1,0,1,0,0,16,0,1,0,0,4,0          8
E5_E9_missing_RLAST,4372,1,0,0,1,0,1,0,0,1,0,0,0,1,0,1,0,0,16,0,1,0,0,4,0          8
E5_E9_missing_RLAST,4373,1,0,0,1,0,1,0,0,1,0,0,0,1,0,1,0,0,16,0,1,0,0,4,0          8
E5_E9_missing_RLAST,4374,1,0,0,1,0,1,0,0,1,0,0,0,1,0,1,0,0,16,0,1,0,0,4,0          8
E5_E9_missing_RLAST,4375,1,0,0,1,0,1,0,0,1,0,0,0,1,0,1,0,0,16,0,1,0,0,4,0          8
E5_E9_missing_RLAST,4376,1,0,0,1,0,1,0,0,1,0,0,0,1,0,1,0,0,16,0,1,0,0,4,0          8
E5_E9_missing_RLAST,4377,1,0,0,1,0,1,0,0,1,0,0,0,1,0,1,0,0,16,0,1,0,0,4,0          8
E5_E9_missing_RLAST,4378,1,0,0,1,0,1,0,0,1,0,0,0,1,0,1,0,0,16,0,1,0,0,4,0          8
E5_E9_missing_RLAST,4379,1,0,0,1,0,1,0,0,1,0,0,0,1,0,1,0,0,16,0,1,0,0,4,0          8
E5_E9_missing_RLAST,4380,1,0,0,1,0,1,0,0,1,0,0,0,1,0,1,0,0,16,0,1,0,0,4,0          8
E5_E9_missing_RLAST,4381,1,0,0,1,0,1,0,0,1,0,0,0,1,0,1,0,0,16,0,1,0,0,4,0          8
E5_E9_missing_RLAST,4382,1,0,0,1,0,1,0,0,1,0,0,0,1,0,1,0,0,16,0,1,0,0,4,0          8
E5_E9_missing_RLAST,4383,1,0,0,1,0,1,0,0,1,0,0,0,1,0,1,0,0,16,0,1,0,0,4,0          8
E5_E9_missing_RLAST,4384,1,0,0,1,0,1,0,0,1,0,0,0,1,0,1,0,0,16,0,1,0,0,4,0          8
E5_E9_missing_RLAST,4385,1,0,0,1,0,1,0,0,1,0,0,0,1,0,1,0,0,16,0,1,0,0,4,0          8
E5_E9_missing_RLAST,4386,1,0,0,1,0,1,0,0,1,0,0,0,1,0,1,0,0,16,0,1,0,0,4,0          8
E5_E9_missing_RLAST,4387,1,0,0,1,0,1,0,0,1,0,0,0,1,0,1,0,0,16,0,1,0,0,4,0          8
E5_E9_missing_RLAST,4388,1,0,0,1,0,1,0,0,1,0,0,0,1,0,1,0,0,16,0,1,0,0,4,0          8
E5_E9_missing_RLAST,4389,1,0,0,1,0,1,0,0,1,0,0,0,1,0,1,0,0,16,0,1,0,0,4,0          8
E5_E9_missing_RLAST,4390,1,0,0,1,0,1,0,0,1,0,0,0,1,0,1,0,0,16,0,1,0,0,4,0          8
E5_E9_missing_RLAST,4391,1,0,0,1,0,1,0,0,1,0,0,0,1,0,1,0,0,16,0,1,0,0,4,0          8
E5_E9_missing_RLAST,4392,1,0,0,1,0,1,0,0,1,0,0,0,1,0,1,0,0,16,0,1,0,0,4,0          8
E5_E9_missing_RLAST,4393,1,0,0,1,0,1,0,0,1,0,0,0,1,0,1,0,0,16,0,1,0,0,4,0          8
E5_E9_missing_RLAST,4394,1,0,0,1,0,1,0,0,1,0,0,0,1,0,1,0,0,16,0,1,0,0,4,0          8
E5_E9_missing_RLAST,4395,1,0,0,1,0,1,0,0,1,0,0,0,1,0,1,0,0,16,0,1,0,0,4,0          8
E5_E9_missing_RLAST,4396,1,0,0,1,0,1,0,0,1,0,0,0,1,0,1,0,0,16,0,1,0,0,4,0          8
E5_E9_missing_RLAST,4397,1,0,0,1,0,1,0,0,1,0,0,0,1,0,1,0,0,16,0,1,0,0,4,0          8
E5_E9_missing_RLAST,4398,1,0,0,1,0,1,0,0,1,0,0,0,1,0,1,0,0,16,0,1,0,0,4,0          8
E5_E9_missing_RLAST,4399,1,0,0,1,0,1,0,0,1,0,0,0,1,0,1,0,0,16,0,1,0,0,4,0          8
E5_E9_missing_RLAST,4400,1,0,0,1,0,1,0,0,1,0,0,0,1,0,1,0,0,16,0,1,0,0,4,0          8
E5_E9_missing_RLAST,4401,1,0,0,1,0,1,0,0,1,0,0,0,1,0,1,0,0,16,0,1,0,0,4,0          8
E5_E9_missing_RLAST,4402,1,0,0,1,0,1,0,0,1,0,0,0,1,0,1,0,0,16,0,1,0,0,4,0          8
E5_E9_missing_RLAST,4403,1,0,0,1,0,1,0,0,1,0,0,0,1,0,1,0,0,16,0,1,0,0,4,0          8
E5_E9_missing_RLAST,4404,1,0,0,1,0,1,0,0,1,0,0,0,1,0,1,0,0,16,0,1,0,0,4,0          8
E5_E9_missing_RLAST,4405,1,0,0,1,0,1,0,0,1,0,0,0,1,0,1,0,0,16,0,1,0,0,4,0          8
E5_E9_missing_RLAST,4406,1,0,0,1,0,1,0,0,1,0,0,0,1,0,1,0,0,16,0,1,0,0,4,0          8
E5_E9_missing_RLAST,4407,1,0,0,1,0,1,0,0,1,0,0,0,1,0,1,0,0,16,0,1,0,0,4,0          8
E5_E9_missing_RLAST,4408,1,0,0,1,0,1,0,0,1,0,0,0,1,0,1,0,0,16,0,1,0,0,4,0          8
E5_E9_missing_RLAST,4409,1,0,0,1,0,1,0,0,1,0,0,0,1,0,1,0,0,16,0,1,0,0,4,0          8
E5_E9_missing_RLAST,4410,1,0,0,1,0,1,0,0,1,0,0,0,1,0,1,0,0,16,0,1,0,0,4,0          8
E5_E9_missing_RLAST,4411,1,0,0,1,0,1,0,0,1,0,0,0,1,0,1,0,0,16,0,1,0,0,4,0          8
E5_E9_missing_RLAST,4412,1,0,0,1,0,1,0,0,1,0,0,0,1,0,1,0,0,16,0,1,0,0,4,0          8
E5_E9_missing_RLAST,4413,1,0,0,1,0,1,0,0,1,0,0,0,1,0,1,0,0,16,0,1,0,0,4,0          8
E5_E9_missing_RLAST,4414,1,0,0,1,0,1,0,0,1,0,0,0,1,0,1,0,0,16,0,1,0,0,4,0          8
E5_E9_missing_RLAST,4415,1,0,0,1,0,1,0,0,1,0,0,0,1,0,1,0,0,16,0,1,0,0,4,0          8
E5_E9_missing_RLAST,4416,1,0,0,1,0,1,0,0,1,0,0,0,1,0,1,0,0,16,0,1,0,0,4,0          8
E5_E9_missing_RLAST,4417,1,0,0,1,0,1,0,0,1,0,0,0,1,0,1,0,0,16,0,1,0,0,4,0          8
E5_E9_missing_RLAST,4418,1,0,0,1,0,1,0,0,1,0,0,0,1,0,1,0,0,16,0,1,0,0,4,0          8
E5_E9_missing_RLAST,4419,1,0,0,1,0,1,0,0,1,0,0,0,1,0,1,0,0,16,0,1,0,0,4,0          8
E5_E9_missing_RLAST,4420,1,0,0,1,0,1,0,0,1,0,0,0,1,0,1,0,0,16,0,1,0,0,4,0          8
E5_E9_missing_RLAST,4421,1,0,0,1,0,1,0,0,1,0,0,0,1,0,1,0,0,16,0,1,0,0,4,0          8
E5_E9_missing_RLAST,4422,1,0,0,1,0,1,0,0,1,0,0,0,1,0,1,0,0,16,0,1,0,0,4,0          8
E5_E9_missing_RLAST,4423,1,0,0,1,0,1,0,0,1,0,0,0,1,0,1,0,0,16,0,1,0,0,4,0          8
E5_E9_missing_RLAST,4424,1,0,0,1,0,1,0,0,1,0,0,0,1,0,1,0,0,16,0,1,0,0,4,0          8
E5_E9_missing_RLAST,4425,1,0,0,1,0,1,0,0,1,0,0,0,1,0,1,0,0,16,0,1,0,0,4,0          8
E5_E9_missing_RLAST,4426,1,0,0,1,0,1,0,0,1,0,0,0,1,0,1,0,0,16,0,1,0,0,4,0          8
E5_E9_missing_RLAST,4427,1,0,0,1,0,1,0,0,1,0,0,0,1,0,1,0,0,16,0,1,0,0,4,0          8
E5_E9_missing_RLAST,4428,1,0,0,1,0,1,0,0,1,0,0,0,1,0,1,0,0,16,0,1,0,0,4,0          8
E5_E9_missing_RLAST,4429,1,0,0,1,0,1,0,0,1,0,0,0,1,0,1,0,0,16,0,1,0,0,4,0          8
E5_E9_missing_RLAST,4430,1,0,0,1,0,1,0,0,1,0,0,0,1,0,1,0,0,16,0,1,0,0,4,0          8
E5_E9_missing_RLAST,4431,1,0,0,1,0,1,0,0,1,0,0,0,1,0,1,0,0,16,0,1,0,0,4,0          8
E5_E9_missing_RLAST,4432,1,0,0,1,0,1,0,0,1,0,0,0,1,0,1,0,0,16,0,1,0,0,4,0          8
E5_E9_missing_RLAST,4433,1,0,0,1,0,1,0,0,1,0,0,0,1,0,1,0,0,16,0,1,0,0,4,0          8
E5_E9_missing_RLAST,4434,1,0,0,1,0,1,0,0,1,0,0,0,1,0,1,0,0,16,0,1,0,0,4,0          8
E5_E9_missing_RLAST,4435,1,0,0,1,0,1,0,0,1,0,0,0,1,0,1,0,0,16,0,1,0,0,4,0          8
E5_E9_missing_RLAST,4436,1,0,0,1,0,1,0,0,1,0,0,0,1,0,1,0,0,16,0,1,0,0,4,0          8
E5_E9_missing_RLAST,4437,1,0,0,1,0,1,0,0,1,0,0,0,1,0,1,0,0,16,0,1,0,0,4,0          8
E5_E9_missing_RLAST,4438,1,0,0,1,0,1,0,0,1,0,0,0,1,0,1,0,0,16,0,1,0,0,4,0          8
E5_E9_missing_RLAST,4439,1,0,0,1,0,1,0,0,1,0,0,0,1,0,1,0,0,16,0,1,0,0,4,0          8
E5_E9_missing_RLAST,4440,1,0,0,1,0,1,0,0,1,0,0,0,1,0,1,0,0,16,0,1,0,0,4,0          8
E5_E9_missing_RLAST,4441,1,0,0,1,0,1,0,0,1,0,0,0,1,0,1,0,0,16,0,1,0,0,4,0          8
E5_E9_missing_RLAST,4442,1,0,0,1,0,1,0,0,1,0,0,0,1,0,1,0,0,16,0,1,0,0,4,0          8
E5_E9_missing_RLAST,4443,1,0,0,1,0,1,0,0,1,0,0,0,1,0,1,0,0,16,0,1,0,0,4,0          8
E5_E9_missing_RLAST,4444,1,0,0,1,0,1,0,0,1,0,0,0,1,0,1,0,0,16,0,1,0,0,4,0          8
E5_E9_missing_RLAST,4445,1,0,0,1,0,1,0,0,1,0,0,0,1,0,1,0,0,16,0,1,0,0,4,0          8
E5_E9_missing_RLAST,4446,1,0,0,1,0,1,0,0,1,0,0,0,1,0,1,0,0,16,0,1,0,0,4,0          8
E5_E9_missing_RLAST,4447,1,0,0,1,0,1,0,0,1,0,0,0,1,0,1,0,0,16,0,1,0,0,4,0          8
E5_E9_missing_RLAST,4448,1,0,0,1,0,1,0,0,1,0,0,0,1,0,1,0,0,16,0,1,0,0,4,0          8
E5_E9_missing_RLAST,4449,1,0,0,1,0,1,0,0,1,0,0,0,1,0,1,0,0,16,0,1,0,0,4,0          8
E5_E9_missing_RLAST,4450,1,0,0,1,0,1,0,0,1,0,0,0,1,0,1,0,0,16,0,1,0,0,4,0          8
E5_E9_missing_RLAST,4451,1,0,0,1,0,1,0,0,1,0,0,0,1,0,1,0,0,16,0,1,0,0,4,0          8
E5_E9_missing_RLAST,4452,1,0,0,1,0,1,0,0,1,0,0,0,1,0,1,0,0,16,0,1,0,0,4,0          8
E5_E9_missing_RLAST,4453,1,0,0,1,0,1,0,0,1,0,0,0,1,0,1,0,0,16,0,1,0,0,4,0          8
E5_E9_missing_RLAST,4454,1,0,0,1,0,1,0,0,1,0,0,0,1,0,1,0,0,16,0,1,0,0,4,0          8
E5_E9_missing_RLAST,4455,1,0,0,1,0,1,0,0,1,0,0,0,1,0,1,0,0,16,0,1,0,0,4,0          8
E5_E9_missing_RLAST,4456,1,0,0,1,0,1,0,0,1,0,0,0,1,0,1,0,0,16,0,1,0,0,4,0          8
E5_E9_missing_RLAST,4457,1,0,0,1,0,1,0,0,1,0,0,0,1,0,1,0,0,16,0,1,0,0,4,0          8
E5_E9_missing_RLAST,4458,1,0,0,1,0,1,0,0,1,0,0,0,1,0,1,0,0,16,0,1,0,0,4,0          8
E5_E9_missing_RLAST,4459,1,0,0,1,0,1,0,0,1,0,0,0,1,0,1,0,0,16,0,1,0,0,4,0          8
E5_E9_missing_RLAST,4460,1,0,0,1,0,1,0,0,1,0,0,0,1,0,1,0,0,16,0,1,0,0,4,0          8
E5_E9_missing_RLAST,4461,1,0,0,1,0,1,0,0,1,0,0,0,1,0,1,0,0,16,0,1,0,0,4,0          8
E5_E9_missing_RLAST,4462,1,0,0,1,0,1,0,0,1,0,0,0,1,0,1,0,0,16,0,1,0,0,4,0          8
E5_E9_missing_RLAST,4463,1,0,0,1,0,1,0,0,1,0,0,0,1,0,1,0,0,16,0,1,0,0,4,0          8
E5_E9_missing_RLAST,4464,1,0,0,1,0,1,0,0,1,0,0,0,1,0,1,0,0,16,0,1,0,0,4,0          8
E5_E9_missing_RLAST,4465,1,0,0,1,0,1,0,0,1,0,0,0,1,0,1,0,0,16,0,1,0,0,4,0          8
E5_E9_missing_RLAST,4466,1,0,0,1,0,1,0,0,1,0,0,0,1,0,1,0,0,16,0,1,0,0,4,0          8
E5_E9_missing_RLAST,4467,1,0,0,1,0,1,0,0,1,0,0,0,1,0,1,0,0,16,0,1,0,0,4,0          8
E5_E9_missing_RLAST,4468,1,0,0,1,0,1,0,0,1,0,0,0,1,0,1,0,0,16,0,1,0,0,4,0          8
E5_E9_missing_RLAST,4469,1,0,0,1,0,1,0,0,1,0,0,0,1,0,1,0,0,16,0,1,0,0,4,0          8
E5_E9_missing_RLAST,4470,1,0,0,1,0,1,0,0,1,0,0,0,1,0,1,0,0,16,0,1,0,0,4,0          8
E5_E9_missing_RLAST,4471,1,0,0,1,0,1,0,0,1,0,0,0,1,0,1,0,0,16,0,1,0,0,4,0          8
E5_E9_missing_RLAST,4472,1,0,0,1,0,1,0,0,1,0,0,0,1,0,1,0,0,16,0,1,0,0,4,0          8
E5_E9_missing_RLAST,4473,1,0,0,1,0,1,0,0,1,0,0,0,1,0,1,0,0,16,0,1,0,0,4,0          8
E5_E9_missing_RLAST,4474,1,0,0,1,0,1,0,0,1,0,0,0,1,0,1,0,0,16,0,1,0,0,4,0          8
E5_E9_missing_RLAST,4475,1,0,0,1,0,1,0,0,1,0,0,0,1,0,1,0,0,16,0,1,0,0,4,0          8
E5_E9_missing_RLAST,4476,1,0,0,1,0,1,0,0,1,0,0,0,1,0,1,0,0,16,0,1,0,0,4,0          8
E5_E9_missing_RLAST,4477,1,0,0,1,0,1,0,0,1,0,0,0,1,0,1,0,0,16,0,1,0,0,4,0          8
E5_E9_missing_RLAST,4478,1,0,0,1,0,1,0,0,1,0,0,0,1,0,1,0,0,16,0,1,0,0,4,0          8
E5_E9_missing_RLAST,4479,1,0,0,1,0,1,0,0,1,0,0,0,1,0,1,0,0,16,0,1,0,0,4,0          8
E5_E9_missing_RLAST,4480,1,0,0,1,0,1,0,0,1,0,0,0,1,0,1,0,0,16,0,1,0,0,4,0          8
E5_E9_missing_RLAST,4481,1,0,0,1,0,1,0,0,1,0,0,0,1,0,1,0,0,16,0,1,0,0,4,0          8
E5_E9_missing_RLAST,4482,1,0,0,1,0,1,0,0,1,0,0,0,1,0,1,0,0,16,0,1,0,0,4,0          8
E5_E9_missing_RLAST,4483,1,0,0,1,0,1,0,0,1,0,0,0,1,0,1,0,0,16,0,1,0,0,4,0          8
E5_E9_missing_RLAST,4484,1,0,0,1,0,1,0,0,1,0,0,0,1,0,1,0,0,16,0,1,0,0,4,0          8
E5_E9_missing_RLAST,4485,1,0,0,1,0,1,0,0,1,0,0,0,1,0,1,0,0,16,0,1,0,0,4,0          8
E5_E9_missing_RLAST,4486,1,0,0,1,0,1,0,0,1,0,0,0,1,0,1,0,0,16,0,1,0,0,4,0          8
E5_E9_missing_RLAST,4487,1,0,0,1,0,1,0,0,1,0,0,0,1,0,1,0,0,16,0,1,0,0,4,0          8
E5_E9_missing_RLAST,4488,1,0,0,1,0,1,0,0,1,0,0,0,1,0,1,0,0,16,0,1,0,0,4,0          8
E5_E9_missing_RLAST,4489,1,0,0,1,0,1,0,0,1,0,0,0,1,0,1,0,0,16,0,1,0,0,4,0          8
E5_E9_missing_RLAST,4490,1,0,0,1,0,1,0,0,1,0,0,0,1,0,1,0,0,16,0,1,0,0,4,0          8
E5_E9_missing_RLAST,4491,1,0,0,1,0,1,0,0,1,0,0,0,1,0,1,0,0,16,0,1,0,0,4,0          8
E5_E9_missing_RLAST,4492,1,0,0,1,0,1,0,0,1,0,0,0,1,0,1,0,0,16,0,1,0,0,4,0          8
E5_E9_missing_RLAST,4493,1,0,0,1,0,1,0,0,1,0,0,0,1,0,1,0,0,16,0,1,0,0,4,0          8
E5_E9_missing_RLAST,4494,1,0,0,1,0,1,0,0,1,0,0,0,1,0,1,0,0,16,0,1,0,0,4,0          8
E5_E9_missing_RLAST,4495,1,0,0,1,0,1,0,0,1,0,0,0,1,0,1,0,0,16,0,1,0,0,4,0          8
E5_E9_missing_RLAST,4496,1,0,0,1,0,1,0,0,1,0,0,0,1,0,1,0,0,16,0,1,0,0,4,0          8
E5_E9_missing_RLAST,4497,1,0,0,1,0,1,0,0,1,0,0,0,1,0,1,0,0,16,0,1,0,0,4,0          8
E5_E9_missing_RLAST,4498,1,0,0,1,0,1,0,0,1,0,0,0,1,0,1,0,0,16,0,1,0,0,4,0          8
E5_E9_missing_RLAST,4499,1,0,0,1,0,1,0,0,1,0,0,0,1,0,1,0,0,16,0,1,0,0,4,0          8
E5_E9_missing_RLAST,4500,1,0,0,1,0,1,0,0,1,0,0,0,1,0,1,0,0,16,0,1,0,0,4,0          8
E5_E9_missing_RLAST,4501,1,0,0,1,0,1,0,0,1,0,0,0,1,0,1,0,0,16,0,1,0,0,4,0          8
E5_E9_missing_RLAST,4502,1,0,0,1,0,1,0,0,1,0,0,0,1,0,1,0,0,16,0,1,0,0,4,0          8
E5_E9_missing_RLAST,4503,1,0,0,1,0,1,0,0,1,0,0,0,1,0,1,0,0,16,0,1,0,0,4,0          8
E5_E9_missing_RLAST,4504,1,0,0,1,0,1,0,0,1,0,0,0,1,0,1,0,0,16,0,1,0,0,4,0          8
E5_E9_missing_RLAST,4505,1,0,0,1,0,1,0,0,1,0,0,0,1,0,1,0,0,16,0,1,0,0,4,0          8
E5_E9_missing_RLAST,4506,1,0,0,1,0,1,0,0,1,0,0,0,1,0,1,0,0,16,0,1,0,0,4,0          8
E5_E9_missing_RLAST,4507,1,0,0,1,0,1,0,0,1,0,0,0,1,0,1,0,0,16,0,1,0,0,4,0          8
E5_E9_missing_RLAST,4508,1,0,0,1,0,1,0,0,1,0,0,0,1,0,1,0,0,16,0,1,0,0,4,0          8
E5_E9_missing_RLAST,4509,1,0,0,1,0,1,0,0,1,0,0,0,1,0,1,0,0,16,0,1,0,0,4,0          8
E5_E9_missing_RLAST,4510,1,0,0,1,0,1,0,0,1,0,0,0,1,0,1,0,0,16,0,1,0,0,4,0          8
E5_E9_missing_RLAST,4511,1,0,0,1,0,1,0,0,1,0,0,0,1,0,1,0,0,16,0,1,0,0,4,0          8
E5_E9_missing_RLAST,4512,1,0,0,1,0,1,0,0,1,0,0,0,1,0,1,0,0,16,0,1,0,0,4,0          8
E5_E9_missing_RLAST,4513,1,0,0,1,0,1,0,0,1,0,0,0,1,0,1,0,0,16,0,1,0,0,4,0          8
E5_E9_missing_RLAST,4514,1,0,0,1,0,1,0,0,1,0,0,0,1,0,1,0,0,16,0,1,0,0,4,0          8
E5_E9_missing_RLAST,4515,1,0,0,1,0,1,0,0,1,0,0,0,1,0,1,0,0,16,0,1,0,0,4,0          8
E5_E9_missing_RLAST,4516,1,0,0,1,0,1,0,0,1,0,0,0,1,0,1,0,0,16,0,1,0,0,4,0          8
E5_E9_missing_RLAST,4517,1,0,0,1,0,1,0,0,1,0,0,0,1,0,1,0,0,16,0,1,0,0,4,0          8
E5_E9_missing_RLAST,4518,1,0,0,1,0,1,0,0,1,0,0,0,1,0,1,0,0,16,0,1,0,0,4,0          8
E5_E9_missing_RLAST,4519,1,0,0,1,0,1,0,0,1,0,0,0,1,0,1,0,0,16,0,1,0,0,4,0          8
E5_E9_missing_RLAST,4520,1,0,0,1,0,1,0,0,1,0,0,0,1,0,1,0,0,16,0,1,0,0,4,0          8
E5_E9_missing_RLAST,4521,1,0,0,1,0,1,0,0,1,0,0,0,1,0,1,0,0,16,0,1,0,0,4,0          8
E5_E9_missing_RLAST,4522,1,0,0,1,0,1,0,0,1,0,0,0,1,0,1,0,0,16,0,1,0,0,4,0          8
E5_E9_missing_RLAST,4523,1,0,0,1,0,1,0,0,1,0,0,0,1,0,1,0,0,16,0,1,0,0,4,0          8
E5_E9_missing_RLAST,4524,1,0,0,1,0,1,0,0,1,0,0,0,1,0,1,0,0,16,0,1,0,0,4,0          8
E5_E9_missing_RLAST,4525,1,0,0,1,0,1,0,0,1,0,0,0,1,0,1,0,0,16,0,1,0,0,4,0          8
E5_E9_missing_RLAST,4526,1,0,0,1,0,1,0,0,1,0,0,0,1,0,1,0,0,16,0,1,0,0,4,0          8
E5_E9_missing_RLAST,4527,1,0,0,1,0,1,0,0,1,0,0,0,1,0,1,0,0,16,0,1,0,0,4,0          8
E5_E9_missing_RLAST,4528,1,0,0,1,0,1,0,0,1,0,0,0,1,0,1,0,0,16,0,1,0,0,4,0          8
E5_E9_missing_RLAST,4529,1,0,0,1,0,1,0,0,1,0,0,0,1,0,1,0,0,16,0,1,0,0,4,0          8
E5_E9_missing_RLAST,4530,1,0,0,1,0,1,0,0,1,0,0,0,1,0,1,0,0,16,0,1,0,0,4,0          8
E5_E9_missing_RLAST,4531,1,0,0,1,0,1,0,0,1,0,0,0,1,0,1,0,0,16,0,1,0,0,4,0          8
E5_E9_missing_RLAST,4532,1,0,0,1,0,1,0,0,1,0,0,0,1,0,1,0,0,16,0,1,0,0,4,0          8
E5_E9_missing_RLAST,4533,1,0,0,1,0,1,0,0,1,0,0,0,1,0,1,0,0,16,0,1,0,0,4,0          8
E5_E9_missing_RLAST,4534,1,0,0,1,0,1,0,0,1,0,0,0,1,0,1,0,0,16,0,1,0,0,4,0          8
E5_E9_missing_RLAST,4535,1,0,0,1,0,1,0,0,1,0,0,0,1,0,1,0,0,16,0,1,0,0,4,0          8
E5_E9_missing_RLAST,4536,1,0,0,1,0,1,0,0,1,0,0,0,1,0,1,0,0,16,0,1,0,0,4,0          8
E5_E9_missing_RLAST,4537,1,0,0,1,0,1,0,0,1,0,0,0,1,0,1,0,0,16,0,1,0,0,4,0          8
E5_E9_missing_RLAST,4538,1,0,0,1,0,1,0,0,1,0,0,0,1,0,1,0,0,16,0,1,0,0,4,0          8
E5_E9_missing_RLAST,4539,1,0,0,1,0,1,0,0,1,0,0,0,1,0,1,0,0,16,0,1,0,0,4,0          8
E5_E9_missing_RLAST,4540,1,0,0,1,0,1,0,0,1,0,0,0,1,0,1,0,0,16,0,1,0,0,4,0          8
E5_E9_missing_RLAST,4541,1,0,0,1,0,1,0,0,1,0,0,0,1,0,1,0,0,16,0,1,0,0,4,0          8
E5_E9_missing_RLAST,4542,1,0,0,1,0,1,0,0,1,0,0,0,1,0,1,0,0,16,0,1,0,0,4,0          8
E5_E9_missing_RLAST,4543,1,0,0,1,0,1,0,0,1,0,0,0,1,0,1,0,0,16,0,1,0,0,4,0          8
E5_E9_missing_RLAST,4544,1,0,0,1,0,1,0,0,1,0,0,0,1,0,1,0,0,16,0,1,0,0,4,0          8
E5_E9_missing_RLAST,4545,1,0,0,1,0,1,0,0,1,0,0,0,1,0,1,0,0,16,0,1,0,0,4,0          8
E5_E9_missing_RLAST,4546,1,0,0,1,0,1,0,0,1,0,0,0,1,0,1,0,0,16,0,1,0,0,4,0          8
E5_E9_missing_RLAST,4547,1,0,0,1,0,1,0,0,1,0,0,0,1,0,1,0,0,16,0,1,0,0,4,0          8
E5_E9_missing_RLAST,4548,1,0,0,1,0,1,0,0,1,0,0,0,1,0,1,0,0,16,0,1,0,0,4,0          8
E5_E9_missing_RLAST,4549,1,0,0,1,0,1,0,0,1,0,0,0,1,0,1,0,0,16,0,1,0,0,4,0          8
E5_E9_missing_RLAST,4550,1,0,0,1,0,1,0,0,1,0,0,0,1,0,1,0,0,16,0,1,0,0,4,0          8
E5_E9_missing_RLAST,4551,1,0,0,1,0,1,0,0,1,0,0,0,1,0,1,0,0,16,0,1,0,0,4,0          8
E5_E9_missing_RLAST,4552,1,0,0,1,0,1,0,0,1,0,0,0,1,0,1,0,0,16,0,1,0,0,4,0          8
E5_E9_missing_RLAST,4553,1,0,0,1,0,1,0,0,1,0,0,0,1,0,1,0,0,16,0,1,0,0,4,0          8
E5_E9_missing_RLAST,4554,1,0,0,1,0,1,0,0,1,0,0,0,1,0,1,0,0,16,0,1,0,0,4,0          8
E5_E9_missing_RLAST,4555,1,0,0,1,0,1,0,0,1,0,0,0,1,0,1,0,0,16,0,1,0,0,4,0          8
E5_E9_missing_RLAST,4556,1,0,0,1,0,1,0,0,1,0,0,0,1,0,1,0,0,16,0,1,0,0,4,0          8
E5_E9_missing_RLAST,4557,1,0,0,1,0,1,0,0,1,0,0,0,1,0,1,0,0,16,0,1,0,0,4,0          8
E5_E9_missing_RLAST,4558,1,0,0,1,0,1,0,0,1,0,0,0,1,0,1,0,0,16,0,1,0,0,4,0          8
E5_E9_missing_RLAST,4559,1,0,0,1,0,1,0,0,1,0,0,0,1,0,1,0,0,16,0,1,0,0,4,0          8
E5_E9_missing_RLAST,4560,1,0,0,1,0,1,0,0,1,0,0,0,1,0,1,0,0,16,0,1,0,0,4,0          8
E5_E9_missing_RLAST,4561,1,0,0,1,0,1,0,0,1,0,0,0,1,0,1,0,0,16,0,1,0,0,4,0          8
E5_E9_missing_RLAST,4562,1,0,0,1,0,1,0,0,1,0,0,0,1,0,1,0,0,16,0,1,0,0,4,0          8
E5_E9_missing_RLAST,4563,1,0,0,1,0,1,0,0,1,0,0,0,1,0,1,0,0,16,0,1,0,0,4,0          8
E5_E9_missing_RLAST,4564,1,0,0,1,0,1,0,0,1,0,0,0,1,0,1,0,0,16,0,1,0,0,4,0          8
E5_E9_missing_RLAST,4565,1,0,0,1,0,1,0,0,1,0,0,0,1,0,1,0,0,16,0,1,0,0,4,0          8
E5_E9_missing_RLAST,4566,1,0,0,1,0,1,0,0,1,0,0,0,1,0,1,0,0,16,0,1,0,0,4,0          8
E5_E9_missing_RLAST,4567,1,0,0,1,0,1,0,0,1,0,0,0,1,0,1,0,0,16,0,1,0,0,4,0          8
E5_E9_missing_RLAST,4568,1,0,0,1,0,1,0,0,1,0,0,0,1,0,1,0,0,16,0,1,0,0,4,0          8
E5_E9_missing_RLAST,4569,1,0,0,1,0,1,0,0,1,0,0,0,1,0,1,0,0,16,0,1,0,0,4,0          8
E5_E9_missing_RLAST,4570,1,0,0,1,0,1,0,0,1,0,0,0,1,0,1,0,0,16,0,1,0,0,4,0          8
E5_E9_missing_RLAST,4571,1,0,0,1,0,1,0,0,1,0,0,0,1,0,1,0,0,16,0,1,0,0,4,0          8
E5_E9_missing_RLAST,4572,1,0,0,1,0,1,0,0,1,0,0,0,1,0,1,0,0,16,0,1,0,0,4,0          8
E5_E9_missing_RLAST,4573,1,0,0,1,0,1,0,0,1,0,0,0,1,0,1,0,0,16,0,1,0,0,4,0          8
E5_E9_missing_RLAST,4574,1,0,0,1,0,1,0,0,1,0,0,0,1,0,1,0,0,16,0,1,0,0,4,0          8
E5_E9_missing_RLAST,4575,1,0,0,1,0,1,0,0,1,0,0,0,1,0,1,0,0,16,0,1,0,0,4,0          8
E5_E9_missing_RLAST,4576,1,0,0,1,0,1,0,0,1,0,0,0,1,0,1,0,0,16,0,1,0,0,4,0          8
E5_E9_missing_RLAST,4577,1,0,0,1,0,1,0,0,1,0,0,0,1,0,1,0,0,16,0,1,0,0,4,0          8
E5_E9_missing_RLAST,4578,1,0,0,1,0,1,0,0,1,0,0,0,1,0,1,0,0,16,0,1,0,0,4,0          8
E5_E9_missing_RLAST,4579,1,0,0,1,0,1,0,0,1,0,0,0,1,0,1,0,0,16,0,1,0,0,4,0          8
E5_E9_missing_RLAST,4580,1,0,0,1,0,1,0,0,1,0,0,0,1,0,1,0,0,16,0,1,0,0,4,0          8
E5_E9_missing_RLAST,4581,1,0,0,1,0,1,0,0,1,0,0,0,1,0,1,0,0,16,0,1,0,0,4,0          8
E5_E9_missing_RLAST,4582,1,0,0,1,0,1,0,0,1,0,0,0,1,0,1,0,0,16,0,1,0,0,4,0          8
E5_E9_missing_RLAST,4583,1,0,0,1,0,1,0,0,1,0,0,0,1,0,1,0,0,16,0,1,0,0,4,0          8
E5_E9_missing_RLAST,4584,1,0,0,1,0,1,0,0,1,0,0,0,1,0,1,0,0,16,0,1,0,0,4,0          8
E5_E9_missing_RLAST,4585,1,0,0,1,0,1,0,0,1,0,0,0,1,0,1,0,0,16,0,1,0,0,4,0          8
E5_E9_missing_RLAST,4586,1,0,0,1,0,1,0,0,1,0,0,0,1,0,1,0,0,16,0,1,0,0,4,0          8
E5_E9_missing_RLAST,4587,1,0,0,1,0,1,0,0,1,0,0,0,1,0,1,0,0,16,0,1,0,0,4,0          8
E5_E9_missing_RLAST,4588,1,0,0,1,0,1,0,0,1,0,0,0,1,0,1,0,0,16,0,1,0,0,4,0          8
E5_E9_missing_RLAST,4589,1,0,0,1,0,1,0,0,1,0,0,0,1,0,1,0,0,16,0,1,0,0,4,0          8
E5_E9_missing_RLAST,4590,1,0,0,1,0,1,0,0,1,0,0,0,1,0,1,0,0,16,0,1,0,0,4,0          8
E5_E9_missing_RLAST,4591,1,0,0,1,0,1,0,0,1,0,0,0,1,0,1,0,0,16,0,1,0,0,4,0          8
E5_E9_missing_RLAST,4592,1,0,0,1,0,1,0,0,1,0,0,0,1,0,1,0,0,16,0,1,0,0,4,0          8
E5_E9_missing_RLAST,4593,1,0,0,1,0,1,0,0,1,0,0,0,1,0,1,0,0,16,0,1,0,0,4,0          8
E5_E9_missing_RLAST,4594,1,0,0,1,0,1,0,0,1,0,0,0,1,0,1,0,0,16,0,1,0,0,4,0          8
E5_E9_missing_RLAST,4595,1,0,0,1,0,1,0,0,1,0,0,0,1,0,1,0,0,16,0,1,0,0,4,0          8
E5_E9_missing_RLAST,4596,1,0,0,1,0,1,0,0,1,0,0,0,1,0,1,0,0,16,0,1,0,0,4,0          8
E5_E9_missing_RLAST,4597,1,0,0,1,0,1,0,0,1,0,0,0,1,0,1,0,0,16,0,1,0,0,4,0          8
E5_E9_missing_RLAST,4598,1,0,0,1,0,1,0,0,1,0,0,0,1,0,1,0,0,16,0,1,0,0,4,0          8
E5_E9_missing_RLAST,4599,1,0,0,1,0,1,0,0,1,0,0,0,1,0,1,0,0,16,0,1,0,0,4,0          8
E5_E9_missing_RLAST,4600,1,0,0,1,0,1,0,0,1,0,0,0,1,0,1,0,0,16,0,1,0,0,4,0          8
E5_E9_missing_RLAST,4601,1,0,0,1,0,1,0,0,1,0,0,0,1,0,1,0,0,16,0,1,0,0,4,0          8
E5_E9_missing_RLAST,4602,1,0,0,1,0,1,0,0,1,0,0,0,1,0,1,0,0,16,0,1,0,0,4,0          8
E5_E9_missing_RLAST,4603,1,0,0,1,0,1,0,0,1,0,0,0,1,0,1,0,0,16,0,1,0,0,4,0          8
E5_E9_missing_RLAST,4604,1,0,0,1,0,1,0,0,1,0,0,0,1,0,1,0,0,16,0,1,0,0,4,0          8
E5_E9_missing_RLAST,4605,1,0,0,1,0,1,0,0,1,0,0,0,1,0,1,0,0,16,0,1,0,0,4,0          8
E5_E9_missing_RLAST,4606,1,0,0,1,0,1,0,0,1,0,0,0,1,0,1,0,0,16,0,1,0,0,4,0          8
E5_E9_missing_RLAST,4607,1,0,0,1,0,1,0,0,1,0,0,0,1,0,1,0,0,16,0,1,0,0,4,0          8
E5_E9_missing_RLAST,4608,1,0,0,1,0,1,0,0,1,0,0,0,1,0,1,0,0,16,0,1,0,0,4,0          8
E5_E9_missing_RLAST,4609,1,0,0,1,0,1,0,0,1,0,0,0,1,0,1,0,0,16,0,1,0,0,4,0          8
E5_E9_missing_RLAST,4610,1,0,0,1,0,1,0,0,1,0,0,0,1,0,1,0,0,16,0,1,0,0,4,0          8
E5_E9_missing_RLAST,4611,1,0,0,1,0,1,0,0,1,0,0,0,1,0,1,0,0,16,0,1,0,0,4,0          8
E5_E9_missing_RLAST,4612,1,0,0,1,0,1,0,0,1,0,0,0,1,0,1,0,0,16,0,1,0,0,4,0          8
E5_E9_missing_RLAST,4613,1,0,0,1,0,1,0,0,1,0,0,0,1,0,1,0,0,16,0,1,0,0,4,0          8
E5_E9_missing_RLAST,4614,1,0,0,1,0,1,0,0,1,0,0,0,1,0,1,0,0,16,0,1,0,0,4,0          8
E5_E9_missing_RLAST,4615,1,0,0,1,0,1,0,0,1,0,0,0,1,0,1,0,0,16,0,1,0,0,4,0          8
E5_E9_missing_RLAST,4616,1,0,0,1,0,1,0,0,1,0,0,0,1,0,1,0,0,16,0,1,0,0,4,0          8
E5_E9_missing_RLAST,4617,1,0,0,1,0,1,0,0,1,0,0,0,1,0,1,0,0,16,0,1,0,0,4,0          8
E5_E9_missing_RLAST,4618,1,0,0,1,0,1,0,0,1,0,0,0,1,0,1,0,0,16,0,1,0,0,4,0          8
E5_E9_missing_RLAST,4619,1,0,0,1,0,1,0,0,1,0,0,0,1,0,1,0,0,16,0,1,0,0,4,0          8
E5_E9_missing_RLAST,4620,1,0,0,1,0,1,0,0,1,0,0,0,1,0,1,0,0,16,0,1,0,0,4,0          8
E5_E9_missing_RLAST,4621,1,0,0,1,0,1,0,0,1,0,0,0,1,0,1,0,0,16,0,1,0,0,4,0          8
E5_E9_missing_RLAST,4622,1,0,0,1,0,1,0,0,1,0,0,0,1,0,1,0,0,16,0,1,0,0,4,0          8
E5_E9_missing_RLAST,4623,1,0,0,1,0,1,0,0,1,0,0,0,1,0,1,0,0,16,0,1,0,0,4,0          8
E5_E9_missing_RLAST,4624,1,0,0,1,0,1,0,0,1,0,0,0,1,0,1,0,0,16,0,1,0,0,4,0          8
E5_E9_missing_RLAST,4625,1,0,0,1,0,1,0,0,1,0,0,0,1,0,1,0,0,16,0,1,0,0,4,0          8
E5_E9_missing_RLAST,4626,1,0,0,1,0,1,0,0,1,0,0,0,1,0,1,0,0,16,0,1,0,0,4,0          8
E5_E9_missing_RLAST,4627,1,0,0,1,0,1,0,0,1,0,0,0,1,0,1,0,0,16,0,1,0,0,4,0          8
E5_E9_missing_RLAST,4628,1,0,0,1,0,1,0,0,1,0,0,0,1,0,1,0,0,16,0,1,0,0,4,0          8
E5_E9_missing_RLAST,4629,1,0,0,1,0,1,0,0,1,0,0,0,1,0,1,0,0,16,0,1,0,0,4,0          8
E5_E9_missing_RLAST,4630,1,0,0,1,0,1,0,0,1,0,0,0,1,0,1,0,0,16,0,1,0,0,4,0          8
E5_E9_missing_RLAST,4631,1,0,0,1,0,1,0,0,1,0,0,0,1,0,1,0,0,16,0,1,0,0,4,0          8
E5_E9_missing_RLAST,4632,1,0,0,1,0,1,0,0,1,0,0,0,1,0,1,0,0,16,0,1,0,0,4,0          8
E5_E9_missing_RLAST,4633,1,0,0,1,0,1,0,0,1,0,0,0,1,0,1,0,0,16,0,1,0,0,4,0          8
E5_E9_missing_RLAST,4634,1,0,0,1,0,1,0,0,1,0,0,0,1,0,1,0,0,16,0,1,0,0,4,0          8
E5_E9_missing_RLAST,4635,1,0,0,1,0,1,0,0,1,0,0,0,1,0,1,0,0,16,0,1,0,0,4,0          8
E5_E9_missing_RLAST,4636,1,0,0,1,0,1,0,0,1,0,0,0,1,0,1,0,0,16,0,1,0,0,4,0          8
E5_E9_missing_RLAST,4637,1,0,0,1,0,1,0,0,1,0,0,0,1,0,1,0,0,16,0,1,0,0,4,0          8
E5_E9_missing_RLAST,4638,1,0,0,1,0,1,0,0,1,0,0,0,1,0,1,0,0,16,0,1,0,0,4,0          8
E5_E9_missing_RLAST,4639,1,0,0,1,0,1,0,0,1,0,0,0,1,0,1,0,0,16,0,1,0,0,4,0          8
E5_E9_missing_RLAST,4640,1,0,0,1,0,1,0,0,1,0,0,0,1,0,1,0,0,16,0,1,0,0,4,0          8
E5_E9_missing_RLAST,4641,1,0,0,1,0,1,0,0,1,0,0,0,1,0,1,0,0,16,0,1,0,0,4,0          8
E5_E9_missing_RLAST,4642,1,0,0,1,0,1,0,0,1,0,0,0,1,0,1,0,0,16,0,1,0,0,4,0          8
E5_E9_missing_RLAST,4643,1,0,0,1,0,1,0,0,1,0,0,0,1,0,1,0,0,16,0,1,0,0,4,0          8
E5_E9_missing_RLAST,4644,1,0,0,1,0,1,0,0,1,0,0,0,1,0,1,0,0,16,0,1,0,0,4,0          8
E5_E9_missing_RLAST,4645,1,0,0,1,0,1,0,0,1,0,0,0,1,0,1,0,0,16,0,1,0,0,4,0          8
E5_E9_missing_RLAST,4646,1,0,0,1,0,1,0,0,1,0,0,0,1,0,1,0,0,16,0,1,0,0,4,0          8
E5_E9_missing_RLAST,4647,1,0,0,1,0,1,0,0,1,0,0,0,1,0,1,0,0,16,0,1,0,0,4,0          8
E5_E9_missing_RLAST,4648,1,0,0,1,0,1,0,0,1,0,0,0,1,0,1,0,0,16,0,1,0,0,4,0          8
E5_E9_missing_RLAST,4649,1,0,0,1,0,1,0,0,1,0,0,0,1,0,1,0,0,16,0,1,0,0,4,0          8
E5_E9_missing_RLAST,4650,1,0,0,1,0,1,0,0,1,0,0,0,1,0,1,0,0,16,0,1,0,0,4,0          8
E5_E9_missing_RLAST,4651,1,0,0,1,0,1,0,0,1,0,0,0,1,0,1,0,0,16,0,1,0,0,4,0          8
E5_E9_missing_RLAST,4652,1,0,0,1,0,1,0,0,1,0,0,0,1,0,1,0,0,16,0,1,0,0,4,0          8
E5_E9_missing_RLAST,4653,1,0,0,1,0,1,0,0,1,0,0,0,1,0,1,0,0,16,0,1,0,0,4,0          8
E5_E9_missing_RLAST,4654,1,0,0,1,0,1,0,0,1,0,0,0,1,0,1,0,0,16,0,1,0,0,4,0          8
E5_E9_missing_RLAST,4655,1,0,0,1,0,1,0,0,1,0,0,0,1,0,1,0,0,16,0,1,0,0,4,0          8
E5_E9_missing_RLAST,4656,1,0,0,1,0,1,0,0,1,0,0,0,1,0,1,0,0,16,0,1,0,0,4,0          8
E5_E9_missing_RLAST,4657,1,0,0,1,0,1,0,0,1,0,0,0,1,0,1,0,0,16,0,1,0,0,4,0          8
E5_E9_missing_RLAST,4658,1,0,0,1,0,1,0,0,1,0,0,0,1,0,1,0,0,16,0,1,0,0,4,0          8
E5_E9_missing_RLAST,4659,1,0,0,1,0,1,0,0,1,0,0,0,1,0,1,0,0,16,0,1,0,0,4,0          8
E5_E9_missing_RLAST,4660,1,0,0,1,0,1,0,0,1,0,0,0,1,0,1,0,0,16,0,1,0,0,4,0          8
E5_E9_missing_RLAST,4661,1,0,0,1,0,1,0,0,1,0,0,0,1,0,1,0,0,16,0,1,0,0,4,0          8
E5_E9_missing_RLAST,4662,1,0,0,1,0,1,0,0,1,0,0,0,1,0,1,0,0,16,0,1,0,0,4,0          8
E5_E9_missing_RLAST,4663,1,0,0,1,0,1,0,0,1,0,0,0,1,0,1,0,0,16,0,1,0,0,4,0          8
E5_E9_missing_RLAST,4664,1,0,0,1,0,1,0,0,1,0,0,0,1,0,1,0,0,16,0,1,0,0,4,0          8
E5_E9_missing_RLAST,4665,1,0,0,1,0,1,0,0,1,0,0,0,1,0,1,0,0,16,0,1,0,0,4,0          8
E5_E9_missing_RLAST,4666,1,0,0,1,0,1,0,0,1,0,0,0,1,0,1,0,0,16,0,1,0,0,4,0          8
E5_E9_missing_RLAST,4667,1,0,0,1,0,1,0,0,1,0,0,0,1,0,1,0,0,16,0,1,0,0,4,0          8
E5_E9_missing_RLAST,4668,1,0,0,1,0,1,0,0,1,0,0,0,1,0,1,0,0,16,0,1,0,0,4,0          8
E5_E9_missing_RLAST,4669,1,0,0,1,0,1,0,0,1,0,0,0,1,0,1,0,0,16,0,1,0,0,4,0          8
E5_E9_missing_RLAST,4670,1,0,0,1,0,1,0,0,1,0,0,0,1,0,1,0,0,16,0,1,0,0,4,0          8
E5_E9_missing_RLAST,4671,1,0,0,1,0,1,0,0,1,0,0,0,1,0,1,0,0,16,0,1,0,0,4,0          8
E5_E9_missing_RLAST,4672,1,0,0,1,0,1,0,0,1,0,0,0,1,0,1,0,0,16,0,1,0,0,4,0          8
E5_E9_missing_RLAST,4673,1,0,0,1,0,1,0,0,1,0,0,0,1,0,1,0,0,16,0,1,0,0,4,0          8
E5_E9_missing_RLAST,4674,1,0,0,1,0,1,0,0,1,0,0,0,1,0,1,0,0,16,0,1,0,0,4,0          8
E5_E9_missing_RLAST,4675,1,0,0,1,0,1,0,0,1,0,0,0,1,0,1,0,0,16,0,1,0,0,4,0          8
E5_E9_missing_RLAST,4676,1,0,0,1,0,1,0,0,1,0,0,0,1,0,1,0,0,16,0,1,0,0,4,0          8
E5_E9_missing_RLAST,4677,1,0,0,1,0,1,0,0,1,0,0,0,1,0,1,0,0,16,0,1,0,0,4,0          8
E5_E9_missing_RLAST,4678,1,0,0,1,0,1,0,0,1,0,0,0,1,0,1,0,0,16,0,1,0,0,4,0          8
E5_E9_missing_RLAST,4679,1,0,0,1,0,1,0,0,1,0,0,0,1,0,1,0,0,16,0,1,0,0,4,0          8
E5_E9_missing_RLAST,4680,1,0,0,1,0,1,0,0,1,0,0,0,1,0,1,0,0,16,0,1,0,0,4,0          8
E5_E9_missing_RLAST,4681,1,0,0,1,0,1,0,0,1,0,0,0,1,0,1,0,0,16,0,1,0,0,4,0          8
E5_E9_missing_RLAST,4682,1,0,0,1,0,1,0,0,1,0,0,0,1,0,1,0,0,16,0,1,0,0,4,0          8
E5_E9_missing_RLAST,4683,1,0,0,1,0,1,0,0,1,0,0,0,1,0,1,0,0,16,0,1,0,0,4,0          8
E5_E9_missing_RLAST,4684,1,0,0,1,0,1,0,0,1,0,0,0,1,0,1,0,0,16,0,1,0,0,4,0          8
E5_E9_missing_RLAST,4685,1,0,0,1,0,1,0,0,1,0,0,0,1,0,1,0,0,16,0,1,0,0,4,0          8
E5_E9_missing_RLAST,4686,1,0,0,1,0,1,0,0,1,0,0,0,1,0,1,0,0,16,0,1,0,0,4,0          8
E5_E9_missing_RLAST,4687,1,0,0,1,0,1,0,0,1,0,0,0,1,0,1,0,0,16,0,1,0,0,4,0          8
E5_E9_missing_RLAST,4688,1,0,0,1,0,1,0,0,1,0,0,0,1,0,1,0,0,16,0,1,0,0,4,0          8
E5_E9_missing_RLAST,4689,1,0,0,1,0,1,0,0,1,0,0,0,1,0,1,0,0,16,0,1,0,0,4,0          8
E5_E9_missing_RLAST,4690,1,0,0,1,0,1,0,0,1,0,0,0,1,0,1,0,0,16,0,1,0,0,4,0          8
E5_E9_missing_RLAST,4691,1,0,0,1,0,1,0,0,1,0,0,0,1,0,1,0,0,16,0,1,0,0,4,0          8
E5_E9_missing_RLAST,4692,1,0,0,1,0,1,0,0,1,0,0,0,1,0,1,0,0,16,0,1,0,0,4,0          8
E5_E9_missing_RLAST,4693,1,0,0,1,0,1,0,0,1,0,0,0,1,0,1,0,0,16,0,1,0,0,4,0          8
E5_E9_missing_RLAST,4694,1,0,0,1,0,1,0,0,1,0,0,0,1,0,1,0,0,16,0,1,0,0,4,0          8
E5_E9_missing_RLAST,4695,1,0,0,1,0,1,0,0,1,0,0,0,1,0,1,0,0,16,0,1,0,0,4,0          8
E5_E9_missing_RLAST,4696,1,0,0,1,0,1,0,0,1,0,0,0,1,0,1,0,0,16,0,1,0,0,4,0          8
E5_E9_missing_RLAST,4697,1,0,0,1,0,1,0,0,1,0,0,0,1,0,1,0,0,16,0,1,0,0,4,0          8
E5_E9_missing_RLAST,4698,1,0,0,1,0,1,0,0,1,0,0,0,1,0,1,0,0,16,0,1,0,0,4,0          8
E5_E9_missing_RLAST,4699,1,0,0,1,0,1,0,0,1,0,0,0,1,0,1,0,0,16,0,1,0,0,4,0          8
E5_E9_missing_RLAST,4700,1,0,0,1,0,1,0,0,1,0,0,0,1,0,1,0,0,16,0,1,0,0,4,0          8
E5_E9_missing_RLAST,4701,1,0,0,1,0,1,0,0,1,0,0,0,1,0,1,0,0,16,0,1,0,0,4,0          8
E5_E9_missing_RLAST,4702,1,0,0,1,0,1,0,0,1,0,0,0,1,0,1,0,0,16,0,1,0,0,4,0          8
E5_E9_missing_RLAST,4703,1,0,0,1,0,1,0,0,1,0,0,0,1,0,1,0,0,16,0,1,0,0,4,0          8
E5_E9_missing_RLAST,4704,1,0,0,1,0,1,0,0,1,0,0,0,1,0,1,0,0,16,0,1,0,0,4,0          8
E5_E9_missing_RLAST,4705,1,0,0,1,0,1,0,0,1,0,0,0,1,0,1,0,0,16,0,1,0,0,4,0          8
E5_E9_missing_RLAST,4706,1,0,0,1,0,1,0,0,1,0,0,0,1,0,1,0,0,16,0,1,0,0,4,0          8
E5_E9_missing_RLAST,4707,1,0,0,1,0,1,0,0,1,0,0,0,1,0,1,0,0,16,0,1,0,0,4,0          8
E5_E9_missing_RLAST,4708,1,0,0,1,0,1,0,0,1,0,0,0,1,0,1,0,0,16,0,1,0,0,4,0          8
E5_E9_missing_RLAST,4709,1,0,0,1,0,1,0,0,1,0,0,0,1,0,1,0,0,16,0,1,0,0,4,0          8
E5_E9_missing_RLAST,4710,1,0,0,1,0,1,0,0,1,0,0,0,1,0,1,0,0,16,0,1,0,0,4,0          8
E5_E9_missing_RLAST,4711,1,0,0,1,0,1,0,0,1,0,0,0,1,0,1,0,0,16,0,1,0,0,4,0          8
E5_E9_missing_RLAST,4712,1,0,0,1,0,1,0,0,1,0,0,0,1,0,1,0,0,16,0,1,0,0,4,0          8
E5_E9_missing_RLAST,4713,1,0,0,1,0,1,0,0,1,0,0,0,1,0,1,0,0,16,0,1,0,0,4,0          8
E5_E9_missing_RLAST,4714,1,0,0,1,0,1,0,0,1,0,0,0,1,0,1,0,0,16,0,1,0,0,4,0          8
E5_E9_missing_RLAST,4715,1,0,0,1,0,1,0,0,1,0,0,0,1,0,1,0,0,16,0,1,0,0,4,0          8
E5_E9_missing_RLAST,4716,1,0,0,1,0,1,0,0,1,0,0,0,1,0,1,0,0,16,0,1,0,0,4,0          8
E5_E9_missing_RLAST,4717,1,0,0,1,0,1,0,0,1,0,0,0,1,0,1,0,0,16,0,1,0,0,4,0          8
E5_E9_missing_RLAST,4718,1,0,0,1,0,1,0,0,1,0,0,0,1,0,1,0,0,16,0,1,0,0,4,0          8
E5_E9_missing_RLAST,4719,1,0,0,1,0,1,0,0,1,0,0,0,1,0,1,0,0,16,0,1,0,0,4,0          8
E5_E9_missing_RLAST,4720,1,0,0,1,0,1,0,0,1,0,0,0,1,0,1,0,0,16,0,1,0,0,4,0          8
E5_E9_missing_RLAST,4721,1,0,0,1,0,1,0,0,1,0,0,0,1,0,1,0,0,16,0,1,0,0,4,0          8
E5_E9_missing_RLAST,4722,1,0,0,1,0,1,0,0,1,0,0,0,1,0,1,0,0,16,0,1,0,0,4,0          8
E5_E9_missing_RLAST,4723,1,0,0,1,0,1,0,0,1,0,0,0,1,0,1,0,0,16,0,1,0,0,4,0          8
E5_E9_missing_RLAST,4724,1,0,0,1,0,1,0,0,1,0,0,0,1,0,1,0,0,16,0,1,0,0,4,0          8
E5_E9_missing_RLAST,4725,1,0,0,1,0,1,0,0,1,0,0,0,1,0,1,0,0,16,0,1,0,0,4,0          8
E5_E9_missing_RLAST,4726,1,0,0,1,0,1,0,0,1,0,0,0,1,0,1,0,0,16,0,1,0,0,4,0          8
E5_E9_missing_RLAST,4727,1,0,0,1,0,1,0,0,1,0,0,0,1,0,1,0,0,16,0,1,0,0,4,0          8
E5_E9_missing_RLAST,4728,1,0,0,1,0,1,0,0,1,0,0,0,1,0,1,0,0,16,0,1,0,0,4,0          8
E5_E9_missing_RLAST,4729,1,0,0,1,0,1,0,0,1,0,0,0,1,0,1,0,0,16,0,1,0,0,4,0          8
E5_E9_missing_RLAST,4730,1,0,0,1,0,1,0,0,1,0,0,0,1,0,1,0,0,16,0,1,0,0,4,0          8
E5_E9_missing_RLAST,4731,1,0,0,1,0,1,0,0,1,0,0,0,1,0,1,0,0,16,0,1,0,0,4,0          8
E5_E9_missing_RLAST,4732,1,0,0,1,0,1,0,0,1,0,0,0,1,0,1,0,0,16,0,1,0,0,4,0          8
E5_E9_missing_RLAST,4733,1,0,0,1,0,1,0,0,1,0,0,0,1,0,1,0,0,16,0,1,0,0,4,0          8
E5_E9_missing_RLAST,4734,1,0,0,1,0,1,0,0,1,0,0,0,1,0,1,0,0,16,0,1,0,0,4,0          8
E5_E9_missing_RLAST,4735,1,0,0,1,0,1,0,0,1,0,0,0,1,0,1,0,0,16,0,1,0,0,4,0          8
E5_E9_missing_RLAST,4736,1,0,0,1,0,1,0,0,1,0,0,0,1,0,1,0,0,16,0,1,0,0,4,0          8
E5_E9_missing_RLAST,4737,1,0,0,1,0,1,0,0,1,0,0,0,1,0,1,0,0,16,0,1,0,0,4,0          8
E5_E9_missing_RLAST,4738,1,0,0,1,0,1,0,0,1,0,0,0,1,0,1,0,0,16,0,1,0,0,4,0          8
E5_E9_missing_RLAST,4739,1,0,0,1,0,1,0,0,1,0,0,0,1,0,1,0,0,16,0,1,0,0,4,0          8
E5_E9_missing_RLAST,4740,1,0,0,1,0,1,0,0,1,0,0,0,1,0,1,0,0,16,0,1,0,0,4,0          8
E5_E9_missing_RLAST,4741,1,0,0,1,0,1,0,0,1,0,0,0,1,0,1,0,0,16,0,1,0,0,4,0          8
E5_E9_missing_RLAST,4742,1,0,0,1,0,1,0,0,1,0,0,0,1,0,1,0,0,16,0,1,0,0,4,0          8
E5_E9_missing_RLAST,4743,1,0,0,1,0,1,0,0,1,0,0,0,1,0,1,0,0,16,0,1,0,0,4,0          8
E5_E9_missing_RLAST,4744,1,0,0,1,0,1,0,0,1,0,0,0,1,0,1,0,0,16,0,1,0,0,4,0          8
E5_E9_missing_RLAST,4745,1,0,0,1,0,1,0,0,1,0,0,0,1,0,1,0,0,16,0,1,0,0,4,0          8
E5_E9_missing_RLAST,4746,1,0,0,1,0,1,0,0,1,0,0,0,1,0,1,0,0,16,0,1,0,0,4,0          8
E5_E9_missing_RLAST,4747,1,0,0,1,0,1,0,0,1,0,0,0,1,0,1,0,0,16,0,1,0,0,4,0          8
E5_E9_missing_RLAST,4748,1,0,0,1,0,1,0,0,1,0,0,0,1,0,1,0,0,16,0,1,0,0,4,0          8
E5_E9_missing_RLAST,4749,1,0,0,1,0,1,0,0,1,0,0,0,1,0,1,0,0,16,0,1,0,0,4,0          8
E5_E9_missing_RLAST,4750,1,0,0,1,0,1,0,0,1,0,0,0,1,0,1,0,0,16,0,1,0,0,4,0          8
E5_E9_missing_RLAST,4751,1,0,0,1,0,1,0,0,1,0,0,0,1,0,1,0,0,16,0,1,0,0,4,0          8
E5_E9_missing_RLAST,4752,1,0,0,1,0,1,0,0,1,0,0,0,1,0,1,0,0,16,0,1,0,0,4,0          8
E5_E9_missing_RLAST,4753,1,0,0,1,0,1,0,0,1,0,0,0,1,0,1,0,0,16,0,1,0,0,4,0          8
E5_E9_missing_RLAST,4754,1,0,0,1,0,1,0,0,1,0,0,0,1,0,1,0,0,16,0,1,0,0,4,0          8
E5_E9_missing_RLAST,4755,1,0,0,1,0,1,0,0,1,0,0,0,1,0,1,0,0,16,0,1,0,0,4,0          8
E5_E9_missing_RLAST,4756,1,0,0,1,0,1,0,0,1,0,0,0,1,0,1,0,0,16,0,1,0,0,4,0          8
E5_E9_missing_RLAST,4757,1,0,0,1,0,1,0,0,1,0,0,0,1,0,1,0,0,16,0,1,0,0,4,0          8
E5_E9_missing_RLAST,4758,1,0,0,1,0,1,0,0,1,0,0,0,1,0,1,0,0,16,0,1,0,0,4,0          8
E5_E9_missing_RLAST,4759,1,0,0,1,0,1,0,0,1,0,0,0,1,0,1,0,0,16,0,1,0,0,4,0          8
E5_E9_missing_RLAST,4760,1,0,0,1,0,1,0,0,1,0,0,0,1,0,1,0,0,16,0,1,0,0,4,0          8
E5_E9_missing_RLAST,4761,1,0,0,1,0,1,0,0,1,0,0,0,1,0,1,0,0,16,0,1,0,0,4,0          8
E5_E9_missing_RLAST,4762,1,0,0,1,0,1,0,0,1,0,0,0,1,0,1,0,0,16,0,1,0,0,4,0          8
E5_E9_missing_RLAST,4763,1,0,0,1,0,1,0,0,1,0,0,0,1,0,1,0,0,16,0,1,0,0,4,0          8
E5_E9_missing_RLAST,4764,1,0,0,1,0,1,0,0,1,0,0,0,1,0,1,0,0,16,0,1,0,0,4,0          8
E5_E9_missing_RLAST,4765,1,0,0,1,0,1,0,0,1,0,0,0,1,0,1,0,0,16,0,1,0,0,4,0          8
E5_E9_missing_RLAST,4766,1,0,0,1,0,1,0,0,1,0,0,0,1,0,1,0,0,16,0,1,0,0,4,0          8
E5_E9_missing_RLAST,4767,1,0,0,1,0,1,0,0,1,0,0,0,1,0,1,0,0,16,0,1,0,0,4,0          8
E5_E9_missing_RLAST,4768,1,0,0,1,0,1,0,0,1,0,0,0,1,0,1,0,0,16,0,1,0,0,4,0          8
E5_E9_missing_RLAST,4769,1,0,0,1,0,1,0,0,1,0,0,0,1,0,1,0,0,16,0,1,0,0,4,0          8
E5_E9_missing_RLAST,4770,1,0,0,1,0,1,0,0,1,0,0,0,1,0,1,0,0,16,0,1,0,0,4,0          8
E5_E9_missing_RLAST,4771,1,0,0,1,0,1,0,0,1,0,0,0,1,0,1,0,0,16,0,1,0,0,4,0          8
E5_E9_missing_RLAST,4772,1,0,0,1,0,1,0,0,1,0,0,0,1,0,1,0,0,16,0,1,0,0,4,0          8
E5_E9_missing_RLAST,4773,1,0,0,1,0,1,0,0,1,0,0,0,1,0,1,0,0,16,0,1,0,0,4,0          8
E5_E9_missing_RLAST,4774,1,0,0,1,0,1,0,0,1,0,0,0,1,0,1,0,0,16,0,1,0,0,4,0          8
E5_E9_missing_RLAST,4775,1,0,0,1,0,1,0,0,1,0,0,0,1,0,1,0,0,16,0,1,0,0,4,0          8
E5_E9_missing_RLAST,4776,1,0,0,1,0,1,0,0,1,0,0,0,1,0,1,0,0,16,0,1,0,0,4,0          8
E5_E9_missing_RLAST,4777,1,0,0,1,0,1,0,0,1,0,0,0,1,0,1,0,0,16,0,1,0,0,4,0          8
E5_E9_missing_RLAST,4778,1,0,0,1,0,1,0,0,1,0,0,0,1,0,1,0,0,16,0,1,0,0,4,0          8
E5_E9_missing_RLAST,4779,1,0,0,1,0,1,0,0,1,0,0,0,1,0,1,0,0,16,0,1,0,0,4,0          8
E5_E9_missing_RLAST,4780,1,0,0,1,0,1,0,0,1,0,0,0,1,0,1,0,0,16,0,1,0,0,4,0          8
E5_E9_missing_RLAST,4781,1,0,0,1,0,1,0,0,1,0,0,0,1,0,1,0,0,16,0,1,0,0,4,0          8
E5_E9_missing_RLAST,4782,1,0,0,1,0,1,0,0,1,0,0,0,1,0,1,0,0,16,0,1,0,0,4,0          8
E5_E9_missing_RLAST,4783,1,0,0,1,0,1,0,0,1,0,0,0,1,0,1,0,0,16,0,1,0,0,4,0          8
E5_E9_missing_RLAST,4784,1,0,0,1,0,1,0,0,1,0,0,0,1,0,1,0,0,16,0,1,0,0,4,0          8
E5_E9_missing_RLAST,4785,1,0,0,1,0,1,0,0,1,0,0,0,1,0,1,0,0,16,0,1,0,0,4,0          8
E5_E9_missing_RLAST,4786,1,0,0,1,0,1,0,0,1,0,0,0,1,0,1,0,0,16,0,1,0,0,4,0          8
E5_E9_missing_RLAST,4787,1,0,0,1,0,1,0,0,1,0,0,0,1,0,1,0,0,16,0,1,0,0,4,0          8
E5_E9_missing_RLAST,4788,1,0,0,1,0,1,0,0,1,0,0,0,1,0,1,0,0,16,0,1,0,0,4,0          8
E5_E9_missing_RLAST,4789,1,0,0,1,0,1,0,0,1,0,0,0,1,0,1,0,0,16,0,1,0,0,4,0          8
E5_E9_missing_RLAST,4790,1,0,0,1,0,1,0,0,1,0,0,0,1,0,1,0,0,16,0,1,0,0,4,0          8
E5_E9_missing_RLAST,4791,1,0,0,1,0,1,0,0,1,0,0,0,1,0,1,0,0,16,0,1,0,0,4,0          8
E5_E9_missing_RLAST,4792,1,0,0,1,0,1,0,0,1,0,0,0,1,0,1,0,0,16,0,1,0,0,4,0          8
E5_E9_missing_RLAST,4793,1,0,0,1,0,1,0,0,1,0,0,0,1,0,1,0,0,16,0,1,0,0,4,0          8
E5_E9_missing_RLAST,4794,1,0,0,1,0,1,0,0,1,0,0,0,1,0,1,0,0,16,0,1,0,0,4,0          8
E5_E9_missing_RLAST,4795,1,0,0,1,0,1,0,0,1,0,0,0,1,0,1,0,0,16,0,1,0,0,4,0          8
E5_E9_missing_RLAST,4796,1,0,0,1,0,1,0,0,1,0,0,0,1,0,1,0,0,16,0,1,0,0,4,0          8
E5_E9_missing_RLAST,4797,1,0,0,1,0,1,0,0,1,0,0,0,1,0,1,0,0,16,0,1,0,0,4,0          8
E5_E9_missing_RLAST,4798,1,0,0,1,0,1,0,0,1,0,0,0,1,0,1,0,0,16,0,1,0,0,4,0          8
E5_E9_missing_RLAST,4799,1,0,0,1,0,1,0,0,1,0,0,0,1,0,1,0,0,16,0,1,0,0,4,0          8
E5_E9_missing_RLAST,4800,1,0,0,1,0,1,0,0,1,0,0,0,1,0,1,0,0,16,0,1,0,0,4,0          8
E5_E9_missing_RLAST,4801,1,0,0,1,0,1,0,0,1,0,0,0,1,0,1,0,0,16,0,1,0,0,4,0          8
E5_E9_missing_RLAST,4802,1,0,0,1,0,1,0,0,1,0,0,0,1,0,1,0,0,16,0,1,0,0,4,0          8
E5_E9_missing_RLAST,4803,1,0,0,1,0,1,0,0,1,0,0,0,1,0,1,0,0,16,0,1,0,0,4,0          8
E5_E9_missing_RLAST,4804,1,0,0,1,0,1,0,0,1,0,0,0,1,0,1,0,0,16,0,1,0,0,4,0          8
E5_E9_missing_RLAST,4805,1,0,0,1,0,1,0,0,1,0,0,0,1,0,1,0,0,16,0,1,0,0,4,0          8
E5_E9_missing_RLAST,4806,1,0,0,1,0,1,0,0,1,0,0,0,1,0,1,0,0,16,0,1,0,0,4,0          8
E5_E9_missing_RLAST,4807,1,0,0,1,0,1,0,0,1,0,0,0,1,0,1,0,0,16,0,1,0,0,4,0          8
E5_E9_missing_RLAST,4808,1,0,0,1,0,1,0,0,1,0,0,0,1,0,1,0,0,16,0,1,0,0,4,0          8
E5_E9_missing_RLAST,4809,1,0,0,1,0,1,0,0,1,0,0,0,1,0,1,0,0,16,0,1,0,0,4,0          8
E5_E9_missing_RLAST,4810,1,0,0,1,0,1,0,0,1,0,0,0,1,0,1,0,0,16,0,1,0,0,4,0          8
E5_E9_missing_RLAST,4811,1,0,0,1,0,1,0,0,1,0,0,0,1,0,1,0,0,16,0,1,0,0,4,0          8
E5_E9_missing_RLAST,4812,1,0,0,1,0,1,0,0,1,0,0,0,1,0,1,0,0,16,0,1,0,0,4,0          8
E5_E9_missing_RLAST,4813,1,0,0,1,0,1,0,0,1,0,0,0,1,0,1,0,0,16,0,1,0,0,4,0          8
E5_E9_missing_RLAST,4814,1,0,0,1,0,1,0,0,1,0,0,0,1,0,1,0,0,16,0,1,0,0,4,0          8
E5_E9_missing_RLAST,4815,1,0,0,1,0,1,0,0,1,0,0,0,1,0,1,0,0,16,0,1,0,0,4,0          8
E5_E9_missing_RLAST,4816,1,0,0,1,0,1,0,0,1,0,0,0,1,0,1,0,0,16,0,1,0,0,4,0          8
E5_E9_missing_RLAST,4817,1,0,0,1,0,1,0,0,1,0,0,0,1,0,1,0,0,16,0,1,0,0,4,0          8
E5_E9_missing_RLAST,4818,1,0,0,1,0,1,0,0,1,0,0,0,1,0,1,0,0,16,0,1,0,0,4,0          8
E5_E9_missing_RLAST,4819,1,0,0,1,0,1,0,0,1,0,0,0,1,0,1,0,0,16,0,1,0,0,4,0          8
E5_E9_missing_RLAST,4820,1,0,0,1,0,1,0,0,1,0,0,0,1,0,1,0,0,16,0,1,0,0,4,0          8
E5_E9_missing_RLAST,4821,1,0,0,1,0,1,0,0,1,0,0,0,1,0,1,0,0,16,0,1,0,0,4,0          8
E5_E9_missing_RLAST,4822,1,0,0,1,0,1,0,0,1,0,0,0,1,0,1,0,0,16,0,1,0,0,4,0          8
E5_E9_missing_RLAST,4823,1,0,0,1,0,1,0,0,1,0,0,0,1,0,1,0,0,16,0,1,0,0,4,0          8
E5_E9_missing_RLAST,4824,1,0,0,1,0,1,0,0,1,0,0,0,1,0,1,0,0,16,0,1,0,0,4,0          8
E5_E9_missing_RLAST,4825,1,0,0,1,0,1,0,0,1,0,0,0,1,0,1,0,0,16,0,1,0,0,4,0          8
E5_E9_missing_RLAST,4826,1,0,0,1,0,1,0,0,1,0,0,0,1,0,1,0,0,16,0,1,0,0,4,0          8
E5_E9_missing_RLAST,4827,1,0,0,1,0,1,0,0,1,0,0,0,1,0,1,0,0,16,0,1,0,0,4,0          8
E5_E9_missing_RLAST,4828,1,0,0,1,0,1,0,0,1,0,0,0,1,0,1,0,0,16,0,1,0,0,4,0          8
E5_E9_missing_RLAST,4829,1,0,0,1,0,1,0,0,1,0,0,0,1,0,1,0,0,16,0,1,0,0,4,0          8
E5_E9_missing_RLAST,4830,1,0,0,1,0,1,0,0,1,0,0,0,1,0,1,0,0,16,0,1,0,0,4,0          8
E5_E9_missing_RLAST,4831,1,0,0,1,0,1,0,0,1,0,0,0,1,0,1,0,0,16,0,1,0,0,4,0          8
E5_E9_missing_RLAST,4832,1,0,0,1,0,1,0,0,1,0,0,0,1,0,1,0,0,16,0,1,0,0,4,0          8
E5_E9_missing_RLAST,4833,1,0,0,1,0,1,0,0,1,0,0,0,1,0,1,0,0,16,0,1,0,0,4,0          8
E5_E9_missing_RLAST,4834,1,0,0,1,0,1,0,0,1,0,0,0,1,0,1,0,0,16,0,1,0,0,4,0          8
E5_E9_missing_RLAST,4835,1,0,0,1,0,1,0,0,1,0,0,0,1,0,1,0,0,16,0,1,0,0,4,0          8
E5_E9_missing_RLAST,4836,1,0,0,1,0,1,0,0,1,0,0,0,1,0,1,0,0,16,0,1,0,0,4,0          8
E5_E9_missing_RLAST,4837,1,0,0,1,0,1,0,0,1,0,0,0,1,0,1,0,0,16,0,1,0,0,4,0          8
E5_E9_missing_RLAST,4838,1,0,0,1,0,1,0,0,1,0,0,0,1,0,1,0,0,16,0,1,0,0,4,0          8
E5_E9_missing_RLAST,4839,1,0,0,1,0,1,0,0,1,0,0,0,1,0,1,0,0,16,0,1,0,0,4,0          8
E5_E9_missing_RLAST,4840,1,0,0,1,0,1,0,0,1,0,0,0,1,0,1,0,0,16,0,1,0,0,4,0          8
E5_E9_missing_RLAST,4841,1,0,0,1,0,1,0,0,1,0,0,0,1,0,1,0,0,16,0,1,0,0,4,0          8
E5_E9_missing_RLAST,4842,1,0,0,1,0,1,0,0,1,0,0,0,1,0,1,0,0,16,0,1,0,0,4,0          8
E5_E9_missing_RLAST,4843,1,0,0,1,0,1,0,0,1,0,0,0,1,0,1,0,0,16,0,1,0,0,4,0          8
E5_E9_missing_RLAST,4844,1,0,0,1,0,1,0,0,1,0,0,0,1,0,1,0,0,16,0,1,0,0,4,0          8
E5_E9_missing_RLAST,4845,1,0,0,1,0,1,0,0,1,0,0,0,1,0,1,0,0,16,0,1,0,0,4,0          8
E5_E9_missing_RLAST,4846,1,0,0,1,0,1,0,0,1,0,0,0,1,0,1,0,0,16,0,1,0,0,4,0          8
E5_E9_missing_RLAST,4847,1,0,0,1,0,1,0,0,1,0,0,0,1,0,1,0,0,16,0,1,0,0,4,0          8
E5_E9_missing_RLAST,4848,1,0,0,1,0,1,0,0,1,0,0,0,1,0,1,0,0,16,0,1,0,0,4,0          8
E5_E9_missing_RLAST,4849,1,0,0,1,0,1,0,0,1,0,0,0,1,0,1,0,0,16,0,1,0,0,4,0          8
E5_E9_missing_RLAST,4850,1,0,0,1,0,1,0,0,1,0,0,0,1,0,1,0,0,16,0,1,0,0,4,0          8
E5_E9_missing_RLAST,4851,1,0,0,1,0,1,0,0,1,0,0,0,1,0,1,0,0,16,0,1,0,0,4,0          8
E5_E9_missing_RLAST,4852,1,0,0,1,0,1,0,0,1,0,0,0,1,0,1,0,0,16,0,1,0,0,4,0          8
E5_E9_missing_RLAST,4853,1,0,0,1,0,1,0,0,1,0,0,0,1,0,1,0,0,16,0,1,0,0,4,0          8
E5_E9_missing_RLAST,4854,1,0,0,1,0,1,0,0,1,0,0,0,1,0,1,0,0,16,0,1,0,0,4,0          8
E5_E9_missing_RLAST,4855,1,0,0,1,0,1,0,0,1,0,0,0,1,0,1,0,0,16,0,1,0,0,4,0          8
E5_E9_missing_RLAST,4856,1,0,0,1,0,1,0,0,1,0,0,0,1,0,1,0,0,16,0,1,0,0,4,0          8
E5_E9_missing_RLAST,4857,1,0,0,1,0,1,0,0,1,0,0,0,1,0,1,0,0,16,0,1,0,0,4,0          8
E5_E9_missing_RLAST,4858,1,0,0,1,0,1,0,0,1,0,0,0,1,0,1,0,0,16,0,1,0,0,4,0          8
E5_E9_missing_RLAST,4859,1,0,0,1,0,1,0,0,1,0,0,0,1,0,1,0,0,16,0,1,0,0,4,0          8
E5_E9_missing_RLAST,4860,1,0,0,1,0,1,0,0,1,0,0,0,1,0,1,0,0,16,0,1,0,0,4,0          8
E5_E9_missing_RLAST,4861,1,0,0,1,0,1,0,0,1,0,0,0,1,0,1,0,0,16,0,1,0,0,4,0          8
E5_E9_missing_RLAST,4862,1,0,0,1,0,1,0,0,1,0,0,0,1,0,1,0,0,16,0,1,0,0,4,0          8
E5_E9_missing_RLAST,4863,1,0,0,1,0,1,0,0,1,0,0,0,1,0,1,0,0,16,0,1,0,0,4,0          8
E5_E9_missing_RLAST,4864,1,0,0,1,0,1,0,0,1,0,0,0,1,0,1,0,0,16,0,1,0,0,4,0          8
E5_E9_missing_RLAST,4865,1,0,0,1,0,1,0,0,1,0,0,0,1,0,1,0,0,16,0,1,0,0,4,0          8
E5_E9_missing_RLAST,4866,1,0,0,1,0,1,0,0,1,0,0,0,1,0,1,0,0,16,0,1,0,0,4,0          8
E5_E9_missing_RLAST,4867,1,0,0,1,0,1,0,0,1,0,0,0,1,0,1,0,0,16,0,1,0,0,4,0          8
E5_E9_missing_RLAST,4868,1,0,0,1,0,1,0,0,1,0,0,0,1,0,1,0,0,16,0,1,0,0,4,0          8
E5_E9_missing_RLAST,4869,1,0,0,1,0,1,0,0,1,0,0,0,1,0,1,0,0,16,0,1,0,0,4,0          8
E5_E9_missing_RLAST,4870,1,0,0,1,0,1,0,0,1,0,0,0,1,0,1,0,0,16,0,1,0,0,4,0          8
E5_E9_missing_RLAST,4871,1,0,0,1,0,1,0,0,1,0,0,0,1,0,1,0,0,16,0,1,0,0,4,0          8
E5_E9_missing_RLAST,4872,1,0,0,1,0,1,0,0,1,0,0,0,1,0,1,0,0,16,0,1,0,0,4,0          8
E5_E9_missing_RLAST,4873,1,0,0,1,0,1,0,0,1,0,0,0,1,0,1,0,0,16,0,1,0,0,4,0          8
E5_E9_missing_RLAST,4874,1,0,0,1,0,1,0,0,1,0,0,0,1,0,1,0,0,16,0,1,0,0,4,0          8
E5_E9_missing_RLAST,4875,1,0,0,1,0,1,0,0,1,0,0,0,1,0,1,0,0,16,0,1,0,0,4,0          8
E5_E9_missing_RLAST,4876,1,0,0,1,0,1,0,0,1,0,0,0,1,0,1,0,0,16,0,1,0,0,4,0          8
E5_E9_missing_RLAST,4877,1,0,0,1,0,1,0,0,1,0,0,0,1,0,1,0,0,16,0,1,0,0,4,0          8
E5_E9_missing_RLAST,4878,1,0,0,1,0,1,0,0,1,0,0,0,1,0,1,0,0,16,0,1,0,0,4,0          8
E5_E9_missing_RLAST,4879,1,0,0,1,0,1,0,0,1,0,0,0,1,0,1,0,0,16,0,1,0,0,4,0          8
E5_E9_missing_RLAST,4880,1,0,0,1,0,1,0,0,1,0,0,0,1,0,1,0,0,16,0,1,0,0,4,0          8
E5_E9_missing_RLAST,4881,1,0,0,1,0,1,0,0,1,0,0,0,1,0,1,0,0,16,0,1,0,0,4,0          8
E5_E9_missing_RLAST,4882,1,0,0,1,0,1,0,0,1,0,0,0,1,0,1,0,0,16,0,1,0,0,4,0          8
E5_E9_missing_RLAST,4883,1,0,0,1,0,1,0,0,1,0,0,0,1,0,1,0,0,16,0,1,0,0,4,0          8
E5_E9_missing_RLAST,4884,1,0,0,1,0,1,0,0,1,0,0,0,1,0,1,0,0,16,0,1,0,0,4,0          8
E5_E9_missing_RLAST,4885,1,0,0,1,0,1,0,0,1,0,0,0,1,0,1,0,0,16,0,1,0,0,4,0          8
E5_E9_missing_RLAST,4886,1,0,0,1,0,1,0,0,1,0,0,0,1,0,1,0,0,16,0,1,0,0,4,0          8
E5_E9_missing_RLAST,4887,1,0,0,1,0,1,0,0,1,0,0,0,1,0,1,0,0,16,0,1,0,0,4,0          8
E5_E9_missing_RLAST,4888,1,0,0,1,0,1,0,0,1,0,0,0,1,0,1,0,0,16,0,1,0,0,4,0          8
E5_E9_missing_RLAST,4889,1,0,0,1,0,1,0,0,1,0,0,0,1,0,1,0,0,16,0,1,0,0,4,0          8
E5_E9_missing_RLAST,4890,1,0,0,1,0,1,0,0,1,0,0,0,1,0,1,0,0,16,0,1,0,0,4,0          8
E5_E9_missing_RLAST,4891,1,0,0,1,0,1,0,0,1,0,0,0,1,0,1,0,0,16,0,1,0,0,4,0          8
E5_E9_missing_RLAST,4892,1,0,0,1,0,1,0,0,1,0,0,0,1,0,1,0,0,16,0,1,0,0,4,0          8
E5_E9_missing_RLAST,4893,1,0,0,1,0,1,0,0,1,0,0,0,1,0,1,0,0,16,0,1,0,0,4,0          8
E5_E9_missing_RLAST,4894,1,0,0,1,0,1,0,0,1,0,0,0,1,0,1,0,0,16,0,1,0,0,4,0          8
E5_E9_missing_RLAST,4895,1,0,0,1,0,1,0,0,1,0,0,0,1,0,1,0,0,16,0,1,0,0,4,0          8
E5_E9_missing_RLAST,4896,1,0,0,1,0,1,0,0,1,0,0,0,1,0,1,0,0,16,0,1,0,0,4,0          8
E5_E9_missing_RLAST,4897,1,0,0,1,0,1,0,0,1,0,0,0,1,0,1,0,0,16,0,1,0,0,4,0          8
E5_E9_missing_RLAST,4898,1,0,0,1,0,1,0,0,1,0,0,0,1,0,1,0,0,16,0,1,0,0,4,0          8
E5_E9_missing_RLAST,4899,1,0,0,1,0,1,0,0,1,0,0,0,1,0,1,0,0,16,0,1,0,0,4,0          8
E5_E9_missing_RLAST,4900,1,0,0,1,0,1,0,0,1,0,0,0,1,0,1,0,0,16,0,1,0,0,4,0          8
E5_E9_missing_RLAST,4901,1,0,0,1,0,1,0,0,1,0,0,0,1,0,1,0,0,16,0,1,0,0,4,0          8
E5_E9_missing_RLAST,4902,1,0,0,1,0,1,0,0,1,0,0,0,1,0,1,0,0,16,0,1,0,0,4,0          8
E5_E9_missing_RLAST,4903,1,0,0,1,0,1,0,0,1,0,0,0,1,0,1,0,0,16,0,1,0,0,4,0          8
E5_E9_missing_RLAST,4904,1,0,0,1,0,1,0,0,1,0,0,0,1,0,1,0,0,16,0,1,0,0,4,0          8
E5_E9_missing_RLAST,4905,1,0,0,1,0,1,0,0,1,0,0,0,1,0,1,0,0,16,0,1,0,0,4,0          8
E5_E9_missing_RLAST,4906,1,0,0,1,0,1,0,0,1,0,0,0,1,0,1,0,0,16,0,1,0,0,4,0          8
E5_E9_missing_RLAST,4907,1,0,0,1,0,1,0,0,1,0,0,0,1,0,1,0,0,16,0,1,0,0,4,0          8
E5_E9_missing_RLAST,4908,1,0,0,1,0,1,0,0,1,0,0,0,1,0,1,0,0,16,0,1,0,0,4,0          8
E5_E9_missing_RLAST,4909,1,0,0,1,0,1,0,0,1,0,0,0,1,0,1,0,0,16,0,1,0,0,4,0          8
E5_E9_missing_RLAST,4910,1,0,0,1,0,1,0,0,1,0,0,0,1,0,1,0,0,16,0,1,0,0,4,0          8
E5_E9_missing_RLAST,4911,1,0,0,1,0,1,0,0,1,0,0,0,1,0,1,0,0,16,0,1,0,0,4,0          8
E5_E9_missing_RLAST,4912,1,0,0,1,0,1,0,0,1,0,0,0,1,0,1,0,0,16,0,1,0,0,4,0          8
E5_E9_missing_RLAST,4913,1,0,0,1,0,1,0,0,1,0,0,0,1,0,1,0,0,16,0,1,0,0,4,0          8
E5_E9_missing_RLAST,4914,1,0,0,1,0,1,0,0,1,0,0,0,1,0,1,0,0,16,0,1,0,0,4,0          8
E5_E9_missing_RLAST,4915,1,0,0,1,0,1,0,0,1,0,0,0,1,0,1,0,0,16,0,1,0,0,4,0          8
E5_E9_missing_RLAST,4916,1,0,0,1,0,1,0,0,1,0,0,0,1,0,1,0,0,16,0,1,0,0,4,0          8
E5_E9_missing_RLAST,4917,1,0,0,1,0,1,0,0,1,0,0,0,1,0,1,0,0,16,0,1,0,0,4,0          8
E5_E9_missing_RLAST,4918,1,0,0,1,0,1,0,0,1,0,0,0,1,0,1,0,0,16,0,1,0,0,4,0          8
E5_E9_missing_RLAST,4919,1,0,0,1,0,1,0,0,1,0,0,0,1,0,1,0,0,16,0,1,0,0,4,0          8
E5_E9_missing_RLAST,4920,1,0,0,1,0,1,0,0,1,0,0,0,1,0,1,0,0,16,0,1,0,0,4,0          8
E5_E9_missing_RLAST,4921,1,0,0,1,0,1,0,0,1,0,0,0,1,0,1,0,0,16,0,1,0,0,4,0          8
E5_E9_missing_RLAST,4922,1,0,0,1,0,1,0,0,1,0,0,0,1,0,1,0,0,16,0,1,0,0,4,0          8
E5_E9_missing_RLAST,4923,1,0,0,1,0,1,0,0,1,0,0,0,1,0,1,0,0,16,0,1,0,0,4,0          8
E5_E9_missing_RLAST,4924,1,0,0,1,0,1,0,0,1,0,0,0,1,0,1,0,0,16,0,1,0,0,4,0          8
E5_E9_missing_RLAST,4925,1,0,0,1,0,1,0,0,1,0,0,0,1,0,1,0,0,16,0,1,0,0,4,0          8
E5_E9_missing_RLAST,4926,1,0,0,1,0,1,0,0,1,0,0,0,1,0,1,0,0,16,0,1,0,0,4,0          8
E5_E9_missing_RLAST,4927,1,0,0,1,0,1,0,0,1,0,0,0,1,0,1,0,0,16,0,1,0,0,4,0          8
E5_E9_missing_RLAST,4928,1,0,0,1,0,1,0,0,1,0,0,0,1,0,1,0,0,16,0,1,0,0,4,0          8
E5_E9_missing_RLAST,4929,1,0,0,1,0,1,0,0,1,0,0,0,1,0,1,0,0,16,0,1,0,0,4,0          8
E5_E9_missing_RLAST,4930,1,0,0,1,0,1,0,0,1,0,0,0,1,0,1,0,0,16,0,1,0,0,4,0          8
E5_E9_missing_RLAST,4931,1,0,0,1,0,1,0,0,1,0,0,0,1,0,1,0,0,16,0,1,0,0,4,0          8
E5_E9_missing_RLAST,4932,1,0,0,1,0,1,0,0,1,0,0,0,1,0,1,0,0,16,0,1,0,0,4,0          8
E5_E9_missing_RLAST,4933,1,0,0,1,0,1,0,0,1,0,0,0,1,0,1,0,0,16,0,1,0,0,4,0          8
E5_E9_missing_RLAST,4934,1,0,0,1,0,1,0,0,1,0,0,0,1,0,1,0,0,16,0,1,0,0,4,0          8
E5_E9_missing_RLAST,4935,1,0,0,1,0,1,0,0,1,0,0,0,1,0,1,0,0,16,0,1,0,0,4,0          8
E5_E9_missing_RLAST,4936,1,0,0,1,0,1,0,0,1,0,0,0,1,0,1,0,0,16,0,1,0,0,4,0          8
E5_E9_missing_RLAST,4937,1,0,0,1,0,1,0,0,1,0,0,0,1,0,1,0,0,16,0,1,0,0,4,0          8
E5_E9_missing_RLAST,4938,1,0,0,1,0,1,0,0,1,0,0,0,1,0,1,0,0,16,0,1,0,0,4,0          8
E5_E9_missing_RLAST,4939,1,0,0,1,0,1,0,0,1,0,0,0,1,0,1,0,0,16,0,1,0,0,4,0          8
E5_E9_missing_RLAST,4940,1,0,0,1,0,1,0,0,1,0,0,0,1,0,1,0,0,16,0,1,0,0,4,0          8
E5_E9_missing_RLAST,4941,1,0,0,1,0,1,0,0,1,0,0,0,1,0,1,0,0,16,0,1,0,0,4,0          8
E5_E9_missing_RLAST,4942,1,0,0,1,0,1,0,0,1,0,0,0,1,0,1,0,0,16,0,1,0,0,4,0          8
E5_E9_missing_RLAST,4943,1,0,0,1,0,1,0,0,1,0,0,0,1,0,1,0,0,16,0,1,0,0,4,0          8
E5_E9_missing_RLAST,4944,1,0,0,1,0,1,0,0,1,0,0,0,1,0,1,0,0,16,0,1,0,0,4,0          8
E5_E9_missing_RLAST,4945,1,0,0,1,0,1,0,0,1,0,0,0,1,0,1,0,0,16,0,1,0,0,4,0          8
E5_E9_missing_RLAST,4946,1,0,0,1,0,1,0,0,1,0,0,0,1,0,1,0,0,16,0,1,0,0,4,0          8
E5_E9_missing_RLAST,4947,1,0,0,1,0,1,0,0,1,0,0,0,1,0,1,0,0,16,0,1,0,0,4,0          8
E5_E9_missing_RLAST,4948,1,0,0,1,0,1,0,0,1,0,0,0,1,0,1,0,0,16,0,1,0,0,4,0          8
E5_E9_missing_RLAST,4949,1,0,0,1,0,1,0,0,1,0,0,0,1,0,1,0,0,16,0,1,0,0,4,0          8
E5_E9_missing_RLAST,4950,1,0,0,1,0,1,0,0,1,0,0,0,1,0,1,0,0,16,0,1,0,0,4,0          8
E5_E9_missing_RLAST,4951,1,0,0,1,0,1,0,0,1,0,0,0,1,0,1,0,0,16,0,1,0,0,4,0          8
E5_E9_missing_RLAST,4952,1,0,0,1,0,1,0,0,1,0,0,0,1,0,1,0,0,16,0,1,0,0,4,0          8
E5_E9_missing_RLAST,4953,1,0,0,1,0,1,0,0,1,0,0,0,1,0,1,0,0,16,0,1,0,0,4,0          8
E5_E9_missing_RLAST,4954,1,0,0,1,0,1,0,0,1,0,0,0,1,0,1,0,0,16,0,1,0,0,4,0          8
E5_E9_missing_RLAST,4955,1,0,0,1,0,1,0,0,1,0,0,0,1,0,1,0,0,16,0,1,0,0,4,0          8
E5_E9_missing_RLAST,4956,1,0,0,1,0,1,0,0,1,0,0,0,1,0,1,0,0,16,0,1,0,0,4,0          8
E5_E9_missing_RLAST,4957,1,0,0,1,0,1,0,0,1,0,0,0,1,0,1,0,0,16,0,1,0,0,4,0          8
E5_E9_missing_RLAST,4958,1,0,0,1,0,1,0,0,1,0,0,0,1,0,1,0,0,16,0,1,0,0,4,0          8
E5_E9_missing_RLAST,4959,1,0,0,1,0,1,0,0,1,0,0,0,1,0,1,0,0,16,0,1,0,0,4,0          8
E5_E9_missing_RLAST,4960,1,0,0,1,0,1,0,0,1,0,0,0,1,0,1,0,0,16,0,1,0,0,4,0          8
E5_E9_missing_RLAST,4961,1,0,0,1,0,1,0,0,1,0,0,0,1,0,1,0,0,16,0,1,0,0,4,0          8
E5_E9_missing_RLAST,4962,1,0,0,1,0,1,0,0,1,0,0,0,1,0,1,0,0,16,0,1,0,0,4,0          8
E5_E9_missing_RLAST,4963,1,0,0,1,0,1,0,0,1,0,0,0,1,0,1,0,0,16,0,1,0,0,4,0          8
E5_E9_missing_RLAST,4964,1,0,0,1,0,1,0,0,1,0,0,0,1,0,1,0,0,16,0,1,0,0,4,0          8
E5_E9_missing_RLAST,4965,1,0,0,1,0,1,0,0,1,0,0,0,1,0,1,0,0,16,0,1,0,0,4,0          8
E5_E9_missing_RLAST,4966,1,0,0,1,0,1,0,0,1,0,0,0,1,0,1,0,0,16,0,1,0,0,4,0          8
E5_E9_missing_RLAST,4967,1,0,0,1,0,1,0,0,1,0,0,0,1,0,1,0,0,16,0,1,0,0,4,0          8
E5_E9_missing_RLAST,4968,1,0,0,1,0,1,0,0,1,0,0,0,1,0,1,0,0,16,0,1,0,0,4,0          8
E5_E9_missing_RLAST,4969,1,0,0,1,0,1,0,0,1,0,0,0,1,0,1,0,0,16,0,1,0,0,4,0          8
E5_E9_missing_RLAST,4970,1,0,0,1,0,1,0,0,1,0,0,0,1,0,1,0,0,16,0,1,0,0,4,0          8
E5_E9_missing_RLAST,4971,1,0,0,1,0,1,0,0,1,0,0,0,1,0,1,0,0,16,0,1,0,0,4,0          8
E5_E9_missing_RLAST,4972,1,0,0,1,0,1,0,0,1,0,0,0,1,0,1,0,0,16,0,1,0,0,4,0          8
E5_E9_missing_RLAST,4973,1,0,0,1,0,1,0,0,1,0,0,0,1,0,1,0,0,16,0,1,0,0,4,0          8
E5_E9_missing_RLAST,4974,1,0,0,1,0,1,0,0,1,0,0,0,1,0,1,0,0,16,0,1,0,0,4,0          8
E5_E9_missing_RLAST,4975,1,0,0,1,0,1,0,0,1,0,0,0,1,0,1,0,0,16,0,1,0,0,4,0          8
E5_E9_missing_RLAST,4976,1,0,0,1,0,1,0,0,1,0,0,0,1,0,1,0,0,16,0,1,0,0,4,0          8
E5_E9_missing_RLAST,4977,1,0,0,1,0,1,0,0,1,0,0,0,1,0,1,0,0,16,0,1,0,0,4,0          8
E5_E9_missing_RLAST,4978,1,0,0,1,0,1,0,0,1,0,0,0,1,0,1,0,0,16,0,1,0,0,4,0          8
E5_E9_missing_RLAST,4979,1,0,0,1,0,1,0,0,1,0,0,0,1,0,1,0,0,16,0,1,0,0,4,0          8
E5_E9_missing_RLAST,4980,1,0,0,1,0,1,0,0,1,0,0,0,1,0,1,0,0,16,0,1,0,0,4,0          8
E5_E9_missing_RLAST,4981,1,0,0,1,0,1,0,0,1,0,0,0,1,0,1,0,0,16,0,1,0,0,4,0          8
E5_E9_missing_RLAST,4982,1,0,0,1,0,1,0,0,1,0,0,0,1,0,1,0,0,16,0,1,0,0,4,0          8
E5_E9_missing_RLAST,4983,1,0,0,1,0,1,0,0,1,0,0,0,1,0,1,0,0,16,0,1,0,0,4,0          8
E5_E9_missing_RLAST,4984,1,0,0,1,0,1,0,0,1,0,0,0,1,0,1,0,0,16,0,1,0,0,4,0          8
E5_E9_missing_RLAST,4985,1,0,0,1,0,1,0,0,1,0,0,0,1,0,1,0,0,16,0,1,0,0,4,0          8
E5_E9_missing_RLAST,4986,1,0,0,1,0,1,0,0,1,0,0,0,1,0,1,0,0,16,0,1,0,0,4,0          8
E5_E9_missing_RLAST,4987,1,0,0,1,0,1,0,0,1,0,0,0,1,0,1,0,0,16,0,1,0,0,4,0          8
E5_E9_missing_RLAST,4988,1,0,0,1,0,1,0,0,1,0,0,0,1,0,1,0,0,16,0,1,0,0,4,0          8
E5_E9_missing_RLAST,4989,1,0,0,1,0,1,0,0,1,0,0,0,1,0,1,0,0,16,0,1,0,0,4,0          8
E5_E9_missing_RLAST,4990,1,0,0,1,0,1,0,0,1,0,0,0,1,0,1,0,0,16,0,1,0,0,4,0          8
E5_E9_missing_RLAST,4991,1,0,0,1,0,1,0,0,1,0,0,0,1,0,1,0,0,16,0,1,0,0,4,0          8
E5_E9_missing_RLAST,4992,1,0,0,1,0,1,0,0,1,0,0,0,1,0,1,0,0,16,0,1,0,0,4,0          8
E5_E9_missing_RLAST,4993,1,0,0,1,0,1,0,0,1,0,0,0,1,0,1,0,0,16,0,1,0,0,4,0          8
E5_E9_missing_RLAST,4994,1,0,0,1,0,1,0,0,1,0,0,0,1,0,1,0,0,16,0,1,0,0,4,0          8
E5_E9_missing_RLAST,4995,1,0,0,1,0,1,0,0,1,0,0,0,1,0,1,0,0,16,0,1,0,0,4,0          8
E5_E9_missing_RLAST,4996,1,0,0,1,0,1,0,0,1,0,0,0,1,0,1,0,0,16,0,1,0,0,4,0          8
E5_E9_missing_RLAST,4997,1,0,0,1,0,1,0,0,1,0,0,0,1,0,1,0,0,16,0,1,0,0,4,0          8
E5_E9_missing_RLAST,4998,1,0,0,1,0,1,0,0,1,0,0,0,1,0,1,0,0,16,0,1,0,0,4,0          8
E5_E9_missing_RLAST,4999,1,0,0,1,0,1,0,0,1,0,0,0,1,0,1,0,0,16,0,1,0,0,4,0          8
E5_E9_missing_RLAST,5000,1,0,0,1,0,1,0,0,1,0,0,0,1,0,1,0,0,16,0,1,0,0,4,0          8
E5_E9_missing_RLAST,5001,1,0,0,1,0,1,0,0,1,0,0,0,1,0,1,0,0,16,0,1,0,0,4,0          8
E5_E9_missing_RLAST,5002,1,0,0,1,0,1,0,0,1,0,0,0,1,0,1,0,0,16,0,1,0,0,4,0          8
E5_E9_missing_RLAST,5003,1,0,0,1,0,1,0,0,1,0,0,0,1,0,1,0,0,16,0,1,0,0,4,0          8
E5_E9_missing_RLAST,5004,1,0,0,1,0,1,0,0,1,0,0,0,1,0,1,0,0,16,0,1,0,0,4,0          8
E5_E9_missing_RLAST,5005,1,0,0,1,0,1,0,0,1,0,0,0,1,0,1,0,0,16,0,1,0,0,4,0          8
E5_E9_missing_RLAST,5006,1,0,0,1,0,1,0,0,1,0,0,0,1,0,1,0,0,16,0,1,0,0,4,0          8
E5_E9_missing_RLAST,5007,1,0,0,1,0,1,0,0,1,0,0,0,1,0,1,0,0,16,0,1,0,0,4,0          8
E5_E9_missing_RLAST,5008,1,0,0,1,0,1,0,0,1,0,0,0,1,0,1,0,0,16,0,1,0,0,4,0          8
E5_E9_missing_RLAST,5009,1,0,0,1,0,1,0,0,1,0,0,0,1,0,1,0,0,16,0,1,0,0,4,0          8
E5_E9_missing_RLAST,5010,1,0,0,1,0,1,0,0,1,0,0,0,1,0,1,0,0,16,0,1,0,0,4,0          8
E5_E9_missing_RLAST,5011,1,0,0,1,0,1,0,0,1,0,0,0,1,0,1,0,0,16,0,1,0,0,4,0          8
E5_E9_missing_RLAST,5012,1,0,0,1,0,1,0,0,1,0,0,0,1,0,1,0,0,16,0,1,0,0,4,0          8
E5_E9_missing_RLAST,5013,1,0,0,1,0,1,0,0,1,0,0,0,1,0,1,0,0,16,0,1,0,0,4,0          8
E5_E9_missing_RLAST,5014,1,0,0,1,0,1,0,0,1,0,0,0,1,0,1,0,0,16,0,1,0,0,4,0          8
E5_E9_missing_RLAST,5015,1,0,0,1,0,1,0,0,1,0,0,0,1,0,1,0,0,16,0,1,0,0,4,0          8
E5_E9_missing_RLAST,5016,1,0,0,1,0,1,0,0,1,0,0,0,1,0,1,0,0,16,0,1,0,0,4,0          8
E5_E9_missing_RLAST,5017,1,0,0,1,0,1,0,0,1,0,0,0,1,0,1,0,0,16,0,1,0,0,4,0          8
E5_E9_missing_RLAST,5018,1,0,0,1,0,1,0,0,1,0,0,0,1,0,1,0,0,16,0,1,0,0,4,0          8
E5_E9_missing_RLAST,5019,1,0,0,1,0,1,0,0,1,0,0,0,1,0,1,0,0,16,0,1,0,0,4,0          8
E5_E9_missing_RLAST,5020,1,0,0,1,0,1,0,0,1,0,0,0,1,0,1,0,0,16,0,1,0,0,4,0          8
E5_E9_missing_RLAST,5021,1,0,0,1,0,1,0,0,1,0,0,0,1,0,1,0,0,16,0,1,0,0,4,0          8
E5_E9_missing_RLAST,5022,1,0,0,1,0,1,0,0,1,0,0,0,1,0,1,0,0,16,0,1,0,0,4,0          8
E5_E9_missing_RLAST,5023,1,0,0,1,0,1,0,0,1,0,0,0,1,0,1,0,0,16,0,1,0,0,4,0          8
E5_E9_missing_RLAST,5024,1,0,0,1,0,1,0,0,1,0,0,0,1,0,1,0,0,16,0,1,0,0,4,0          8
E5_E9_missing_RLAST,5025,1,0,0,1,0,1,0,0,1,0,0,0,1,0,1,0,0,16,0,1,0,0,4,0          8
E5_E9_missing_RLAST,5026,1,0,0,1,0,1,0,0,1,0,0,0,1,0,1,0,0,16,0,1,0,0,4,0          8
E5_E9_missing_RLAST,5027,1,0,0,1,0,1,0,0,1,0,0,0,1,0,1,0,0,16,0,1,0,0,4,0          8
E5_E9_missing_RLAST,5028,1,0,0,1,0,1,0,0,1,0,0,0,1,0,1,0,0,16,0,1,0,0,4,0          8
E5_E9_missing_RLAST,5029,1,0,0,1,0,1,0,0,1,0,0,0,1,0,1,0,0,16,0,1,0,0,4,0          8
E5_E9_missing_RLAST,5030,1,0,0,1,0,1,0,0,1,0,0,0,1,0,1,0,0,16,0,1,0,0,4,0          8
E5_E9_missing_RLAST,5031,1,0,0,1,0,1,0,0,1,0,0,0,1,0,1,0,0,16,0,1,0,0,4,0          8
E5_E9_missing_RLAST,5032,1,0,0,1,0,1,0,0,1,0,0,0,1,0,1,0,0,16,0,1,0,0,4,0          8
E5_E9_missing_RLAST,5033,1,0,0,1,0,1,0,0,1,0,0,0,1,0,1,0,0,16,0,1,0,0,4,0          8
E5_E9_missing_RLAST,5034,1,0,0,1,0,1,0,0,1,0,0,0,1,0,1,0,0,16,0,1,0,0,4,0          8
E5_E9_missing_RLAST,5035,1,0,0,1,0,1,0,0,1,0,0,0,1,0,1,0,0,16,0,1,0,0,4,0          8
E5_E9_missing_RLAST,5036,1,0,0,1,0,1,0,0,1,0,0,0,1,0,1,0,0,16,0,1,0,0,4,0          8
E5_E9_missing_RLAST,5037,1,0,0,1,0,1,0,0,1,0,0,0,1,0,1,0,0,16,0,1,0,0,4,0          8
E5_E9_missing_RLAST,5038,1,0,0,1,0,1,0,0,1,0,0,0,1,0,1,0,0,16,0,1,0,0,4,0          8
E5_E9_missing_RLAST,5039,1,0,0,1,0,1,0,0,1,0,0,0,1,0,1,0,0,16,0,1,0,0,4,0          8
E5_E9_missing_RLAST,5040,1,0,0,1,0,1,0,0,1,0,0,0,1,0,1,0,0,16,0,1,0,0,4,0          8
E5_E9_missing_RLAST,5041,1,0,0,1,0,1,0,0,1,0,0,0,1,0,1,0,0,16,0,1,0,0,4,0          8
E5_E9_missing_RLAST,5042,1,0,0,1,0,1,0,0,1,0,0,0,1,0,1,0,0,16,0,1,0,0,4,0          8
E5_E9_missing_RLAST,5043,1,0,0,1,0,1,0,0,1,0,0,0,1,0,1,0,0,16,0,1,0,0,4,0          8
E5_E9_missing_RLAST,5044,1,0,0,1,0,1,0,0,1,0,0,0,1,0,1,0,0,16,0,1,0,0,4,0          8
E5_E9_missing_RLAST,5045,1,0,0,1,0,1,0,0,1,0,0,0,1,0,1,0,0,16,0,1,0,0,4,0          8
E5_E9_missing_RLAST,5046,1,0,0,1,0,1,0,0,1,0,0,0,1,0,1,0,0,16,0,1,0,0,4,0          8
E5_E9_missing_RLAST,5047,1,0,0,1,0,1,0,0,1,0,0,0,1,0,1,0,0,16,0,1,0,0,4,0          8
E5_E9_missing_RLAST,5048,1,0,0,1,0,1,0,0,1,0,0,0,1,0,1,0,0,16,0,1,0,0,4,0          8
E5_E9_missing_RLAST,5049,1,0,0,1,0,1,0,0,1,0,0,0,1,0,1,0,0,16,0,1,0,0,4,0          8
E5_E9_missing_RLAST,5050,1,0,0,1,0,1,0,0,1,0,0,0,1,0,1,0,0,16,0,1,0,0,4,0          8
E5_E9_missing_RLAST,5051,1,0,0,1,0,1,0,0,1,0,0,0,1,0,1,0,0,16,0,1,0,0,4,0          8
E5_E9_missing_RLAST,5052,1,0,0,1,0,1,0,0,1,0,0,0,1,0,1,0,0,16,0,1,0,0,4,0          8
E5_E9_missing_RLAST,5053,1,0,0,1,0,1,0,0,1,0,0,0,1,0,1,0,0,16,0,1,0,0,4,0          8
E5_E9_missing_RLAST,5054,1,0,0,1,0,1,0,0,1,0,0,0,1,0,1,0,0,16,0,1,0,0,4,0          8
E5_E9_missing_RLAST,5055,1,0,0,1,0,1,0,0,1,0,0,0,1,0,1,0,0,16,0,1,0,0,4,0          8
E5_E9_missing_RLAST,5056,1,0,0,1,0,1,0,0,1,0,0,0,1,0,1,0,0,16,0,1,0,0,4,0          8
E5_E9_missing_RLAST,5057,1,0,0,1,0,1,0,0,1,0,0,0,1,0,1,0,0,16,0,1,0,0,4,0          8
E5_E9_missing_RLAST,5058,1,0,0,1,0,1,0,0,1,0,0,0,1,0,1,0,0,16,0,1,0,0,4,0          8
E5_E9_missing_RLAST,5059,1,0,0,1,0,1,0,0,1,0,0,0,1,0,1,0,0,16,0,1,0,0,4,0          8
E5_E9_missing_RLAST,5060,1,0,0,1,0,1,0,0,1,0,0,0,1,0,1,0,0,16,0,1,0,0,4,0          8
E5_E9_missing_RLAST,5061,1,0,0,1,0,1,0,0,1,0,0,0,1,0,1,0,0,16,0,1,0,0,4,0          8
E5_E9_missing_RLAST,5062,1,0,0,1,0,1,0,0,1,0,0,0,1,0,1,0,0,16,0,1,0,0,4,0          8
E5_E9_missing_RLAST,5063,1,0,0,1,0,1,0,0,1,0,0,0,1,0,1,0,0,16,0,1,0,0,4,0          8
E5_E9_missing_RLAST,5064,1,0,0,1,0,1,0,0,1,0,0,0,1,0,1,0,0,16,0,1,0,0,4,0          8
E5_E9_missing_RLAST,5065,1,0,0,1,0,1,0,0,1,0,0,0,1,0,1,0,0,16,0,1,0,0,4,0          8
E5_E9_missing_RLAST,5066,1,0,0,1,0,1,0,0,1,0,0,0,1,0,1,0,0,16,0,1,0,0,4,0          8
E5_E9_missing_RLAST,5067,1,0,0,1,0,1,0,0,1,0,0,0,1,0,1,0,0,16,0,1,0,0,4,0          8
E5_E9_missing_RLAST,5068,1,0,0,1,0,1,0,0,1,0,0,0,1,0,1,0,0,16,0,1,0,0,4,0          8
E5_E9_missing_RLAST,5069,1,0,0,1,0,1,0,0,1,0,0,0,1,0,1,0,0,16,0,1,0,0,4,0          8
E5_E9_missing_RLAST,5070,1,0,0,1,0,1,0,0,1,0,0,0,1,0,1,0,0,16,0,1,0,0,4,0          8
E5_E9_missing_RLAST,5071,1,0,0,1,0,1,0,0,1,0,0,0,1,0,1,0,0,16,0,1,0,0,4,0          8
E5_E9_missing_RLAST,5072,1,0,0,1,0,1,0,0,1,0,0,0,1,0,1,0,0,16,0,1,0,0,4,0          8
E5_E9_missing_RLAST,5073,1,0,0,1,0,1,0,0,1,0,0,0,1,0,1,0,0,16,0,1,0,0,4,0          8
E5_E9_missing_RLAST,5074,1,0,0,1,0,1,0,0,1,0,0,0,1,0,1,0,0,16,0,1,0,0,4,0          8
E5_E9_missing_RLAST,5075,1,0,0,1,0,1,0,0,1,0,0,0,1,0,1,0,0,16,0,1,0,0,4,0          8
E5_E9_missing_RLAST,5076,1,0,0,1,0,1,0,0,1,0,0,0,1,0,1,0,0,16,0,1,0,0,4,0          8
E5_E9_missing_RLAST,5077,1,0,0,1,0,1,0,0,1,0,0,0,1,0,1,0,0,16,0,1,0,0,4,0          8
E5_E9_missing_RLAST,5078,1,0,0,1,0,1,0,0,1,0,0,0,1,0,1,0,0,16,0,1,0,0,4,0          8
E5_E9_missing_RLAST,5079,1,0,0,1,0,1,0,0,1,0,0,0,1,0,1,0,0,16,0,1,0,0,4,0          8
E5_E9_missing_RLAST,5080,1,0,0,1,0,1,0,0,1,0,0,0,1,0,1,0,0,16,0,1,0,0,4,0          8
E5_E9_missing_RLAST,5081,1,0,0,1,0,1,0,0,1,0,0,0,1,0,1,0,0,16,0,1,0,0,4,0          8
E5_E9_missing_RLAST,5082,1,0,0,1,0,1,0,0,1,0,0,0,1,0,1,0,0,16,0,1,0,0,4,0          8
E5_E9_missing_RLAST,5083,1,0,0,1,0,1,0,0,1,0,0,0,1,0,1,0,0,16,0,1,0,0,4,0          8
E5_E9_missing_RLAST,5084,1,0,0,1,0,1,0,0,1,0,0,0,1,0,1,0,0,16,0,1,0,0,4,0          8
E5_E9_missing_RLAST,5085,1,0,0,1,0,1,0,0,1,0,0,0,1,0,1,0,0,16,0,1,0,0,4,0          8
E5_E9_missing_RLAST,5086,1,0,0,1,0,1,0,0,1,0,0,0,1,0,1,0,0,16,0,1,0,0,4,0          8
E5_E9_missing_RLAST,5087,1,0,0,1,0,1,0,0,1,0,0,0,1,0,1,0,0,16,0,1,0,0,4,0          8
E5_E9_missing_RLAST,5088,1,0,0,1,0,1,0,0,1,0,0,0,1,0,1,0,0,16,0,1,0,0,4,0          8
E5_E9_missing_RLAST,5089,1,0,0,1,0,1,0,0,1,0,0,0,1,0,1,0,0,16,0,1,0,0,4,0          8
E5_E9_missing_RLAST,5090,1,0,0,1,0,1,0,0,1,0,0,0,1,0,1,0,0,16,0,1,0,0,4,0          8
E5_E9_missing_RLAST,5091,1,0,0,1,0,1,0,0,1,0,0,0,1,0,1,0,0,16,0,1,0,0,4,0          8
E5_E9_missing_RLAST,5092,1,0,0,1,0,1,0,0,1,0,0,0,1,0,1,0,0,16,0,1,0,0,4,0          8
E5_E9_missing_RLAST,5093,1,0,0,1,0,1,0,0,1,0,0,0,1,0,1,0,0,16,0,1,0,0,4,0          8
E5_E9_missing_RLAST,5094,1,0,0,1,0,1,0,0,1,0,0,0,1,0,1,0,0,16,0,1,0,0,4,0          8
E5_E9_missing_RLAST,5095,1,0,0,1,0,1,0,0,1,0,0,0,1,0,1,0,0,16,0,1,0,0,4,0          8
E5_E9_missing_RLAST,5096,1,0,0,1,0,1,0,0,1,0,0,0,1,0,1,0,0,16,0,1,0,0,4,0          8
E5_E9_missing_RLAST,5097,1,0,0,1,0,1,0,0,1,0,0,0,1,0,1,0,0,16,0,1,0,0,4,0          8
E5_E9_missing_RLAST,5098,1,0,0,1,0,1,0,0,1,0,0,0,1,0,1,0,0,16,0,1,0,0,4,0          8
E5_E9_missing_RLAST,5099,1,0,0,1,0,1,0,0,1,0,0,0,1,0,1,0,0,16,0,1,0,0,4,0          8
E5_E9_missing_RLAST,5100,1,0,0,1,0,1,0,0,1,0,0,0,1,0,1,0,0,16,0,1,0,0,4,0          8
E5_E9_missing_RLAST,5101,1,0,0,1,0,1,0,0,1,0,0,0,1,0,1,0,0,16,0,1,0,0,4,0          8
E5_E9_missing_RLAST,5102,1,0,0,1,0,1,0,0,1,0,0,0,1,0,1,0,0,16,0,1,0,0,4,0          8
E5_E9_missing_RLAST,5103,1,0,0,1,0,1,0,0,1,0,0,0,1,0,1,0,0,16,0,1,0,0,4,0          8
E5_E9_missing_RLAST,5104,1,0,0,1,0,1,0,0,1,0,0,0,1,0,1,0,0,16,0,1,0,0,4,0          8
E5_E9_missing_RLAST,5105,1,0,0,1,0,1,0,0,1,0,0,0,1,0,1,0,0,16,0,1,0,0,4,0          8
E5_E9_missing_RLAST,5106,1,0,0,1,0,1,0,0,1,0,0,0,1,0,1,0,0,16,0,1,0,0,4,0          8
E5_E9_missing_RLAST,5107,1,0,0,1,0,1,0,0,1,0,0,0,1,0,1,0,0,16,0,1,0,0,4,0          8
E5_E9_missing_RLAST,5108,1,0,0,1,0,1,0,0,1,0,0,0,1,0,1,0,0,16,0,1,0,0,4,0          8
E5_E9_missing_RLAST,5109,1,0,0,1,0,1,0,0,1,0,0,0,1,0,1,0,0,16,0,1,0,0,4,0          8
E5_E9_missing_RLAST,5110,1,0,0,1,0,1,0,0,1,0,0,0,1,0,1,0,0,16,0,1,0,0,4,0          8
E5_E9_missing_RLAST,5111,1,0,0,1,0,1,0,0,1,0,0,0,1,0,1,0,0,16,0,1,0,0,4,0          8
E5_E9_missing_RLAST,5112,1,0,0,1,0,1,0,0,1,0,0,0,1,0,1,0,0,16,0,1,0,0,4,0          8
E5_E9_missing_RLAST,5113,1,0,0,1,0,1,0,0,1,0,0,0,1,0,1,0,0,16,0,1,0,0,4,0          8
E5_E9_missing_RLAST,5114,1,0,0,1,0,1,0,0,1,0,0,0,1,0,1,0,0,16,0,1,0,0,4,0          8
E5_E9_missing_RLAST,5115,1,0,0,1,0,1,0,0,1,0,0,0,1,0,1,0,0,16,0,1,0,0,4,0          8
E5_E9_missing_RLAST,5116,1,0,0,1,0,1,0,0,1,0,0,0,1,0,1,0,0,16,0,1,0,0,4,0          8
E5_E9_missing_RLAST,5117,1,0,0,1,0,1,0,0,1,0,0,0,1,0,1,0,0,16,0,1,0,0,4,0          8
E5_E9_missing_RLAST,5118,1,0,0,1,0,1,0,0,1,0,0,0,1,0,1,0,0,16,0,1,0,0,4,0          8
E5_E9_missing_RLAST,5119,1,0,0,1,0,1,0,0,1,0,0,0,1,0,1,0,0,16,0,1,0,0,4,0          8
E5_E9_missing_RLAST,5120,1,0,0,1,0,1,0,0,1,0,0,0,1,0,1,0,0,16,0,1,0,0,4,0          8
E5_E9_missing_RLAST,5121,1,0,0,1,0,1,0,0,1,0,0,0,1,0,1,0,0,16,0,1,0,0,4,0          8
E5_E9_missing_RLAST,5122,1,0,0,1,0,1,0,0,1,0,0,0,1,0,1,0,0,16,0,1,0,0,4,0          8
E5_E9_missing_RLAST,5123,1,0,0,1,0,1,0,0,1,0,0,0,1,0,1,0,0,16,0,1,0,0,4,0          8
E5_E9_missing_RLAST,5124,1,0,0,1,0,1,0,0,1,0,0,0,1,0,1,0,0,16,0,1,0,0,4,0          8
E5_E9_missing_RLAST,5125,1,0,0,1,0,1,0,0,1,0,0,0,1,0,1,0,0,16,0,1,0,0,4,0          8
E5_E9_missing_RLAST,5126,1,0,0,1,0,1,0,0,1,0,0,0,1,0,1,0,0,16,0,1,0,0,4,0          8
E5_E9_missing_RLAST,5127,1,0,0,1,0,1,0,0,1,0,0,0,1,0,1,0,0,16,0,1,0,0,4,0          8
E5_E9_missing_RLAST,5128,1,0,0,1,0,1,0,0,1,0,0,0,1,0,1,0,0,16,0,1,0,0,4,0          8
E5_E9_missing_RLAST,5129,1,0,0,1,0,1,0,0,1,0,0,0,1,0,1,0,0,16,0,1,0,0,4,0          8
E5_E9_missing_RLAST,5130,1,0,0,1,0,1,0,0,1,0,0,0,1,0,1,0,0,16,0,1,0,0,4,0          8
E5_E9_missing_RLAST,5131,1,0,0,1,0,1,0,0,1,0,0,0,1,0,1,0,0,16,0,1,0,0,4,0          8
E5_E9_missing_RLAST,5132,1,0,0,1,0,1,0,0,1,0,0,0,1,0,1,0,0,16,0,1,0,0,4,0          8
E5_E9_missing_RLAST,5133,1,0,0,1,0,1,0,0,1,0,0,0,1,0,1,0,0,16,0,1,0,0,4,0          8
E5_E9_missing_RLAST,5134,1,0,0,1,0,1,0,0,1,0,0,0,1,0,1,0,0,16,0,1,0,0,4,0          8
E5_E9_missing_RLAST,5135,1,0,0,1,0,1,0,0,1,0,0,0,1,0,1,0,0,16,0,1,0,0,4,0          8
E5_E9_missing_RLAST,5136,1,0,0,1,0,1,0,0,1,0,0,0,1,0,1,0,0,16,0,1,0,0,4,0          8
E5_E9_missing_RLAST,5137,1,0,0,1,0,1,0,0,1,0,0,0,1,0,1,0,0,16,0,1,0,0,4,0          8
E5_E9_missing_RLAST,5138,1,0,0,1,0,1,0,0,1,0,0,0,1,0,1,0,0,16,0,1,0,0,4,0          8
E5_E9_missing_RLAST,5139,1,0,0,1,0,1,0,0,1,0,0,0,1,0,1,0,0,16,0,1,0,0,4,0          8
E5_E9_missing_RLAST,5140,1,0,0,1,0,1,0,0,1,0,0,0,1,0,1,0,0,16,0,1,0,0,4,0          8
E5_E9_missing_RLAST,5141,1,0,0,1,0,1,0,0,1,0,0,0,1,0,1,0,0,16,0,1,0,0,4,0          8
E5_E9_missing_RLAST,5142,1,0,0,1,0,1,0,0,1,0,0,0,1,0,1,0,0,16,0,1,0,0,4,0          8
E5_E9_missing_RLAST,5143,1,0,0,1,0,1,0,0,1,0,0,0,1,0,1,0,0,16,0,1,0,0,4,0          8
E5_E9_missing_RLAST,5144,1,0,0,1,0,1,0,0,1,0,0,0,1,0,1,0,0,16,0,1,0,0,4,0          8
E5_E9_missing_RLAST,5145,1,0,0,1,0,1,0,0,1,0,0,0,1,0,1,0,0,16,0,1,0,0,4,0          8
E5_E9_missing_RLAST,5146,1,0,0,1,0,1,0,0,1,0,0,0,1,0,1,0,0,16,0,1,0,0,4,0          8
E5_E9_missing_RLAST,5147,1,0,0,1,0,1,0,0,1,0,0,0,1,0,1,0,0,16,0,1,0,0,4,0          8
E5_E9_missing_RLAST,5148,1,0,0,1,0,1,0,0,1,0,0,0,1,0,1,0,0,16,0,1,0,0,4,0          8
E5_E9_missing_RLAST,5149,1,0,0,1,0,1,0,0,1,0,0,0,1,0,1,0,0,16,0,1,0,0,4,0          8
E5_E9_missing_RLAST,5150,1,0,0,1,0,1,0,0,1,0,0,0,1,0,1,0,0,16,0,1,0,0,4,0          8
E5_E9_missing_RLAST,5151,1,0,0,1,0,1,0,0,1,0,0,0,1,0,1,0,0,16,0,1,0,0,4,0          8
E5_E9_missing_RLAST,5152,1,0,0,1,0,1,0,0,1,0,0,0,1,0,1,0,0,16,0,1,0,0,4,0          8
E5_E9_missing_RLAST,5153,1,0,0,1,0,1,0,0,1,0,0,0,1,0,1,0,0,16,0,1,0,0,4,0          8
E5_E9_missing_RLAST,5154,1,0,0,1,0,1,0,0,1,0,0,0,1,0,1,0,0,16,0,1,0,0,4,0          8
E5_E9_missing_RLAST,5155,1,0,0,1,0,1,0,0,1,0,0,0,1,0,1,0,0,16,0,1,0,0,4,0          8
E5_E9_missing_RLAST,5156,1,0,0,1,0,1,0,0,1,0,0,0,1,0,1,0,0,16,0,1,0,0,4,0          8
E5_E9_missing_RLAST,5157,1,0,0,1,0,1,0,0,1,0,0,0,1,0,1,0,0,16,0,1,0,0,4,0          8
E5_E9_missing_RLAST,5158,1,0,0,1,0,1,0,0,1,0,0,0,1,0,1,0,0,16,0,1,0,0,4,0          8
E5_E9_missing_RLAST,5159,1,0,0,1,0,1,0,0,1,0,0,0,1,0,1,0,0,16,0,1,0,0,4,0          8
E5_E9_missing_RLAST,5160,1,0,0,1,0,1,0,0,1,0,0,0,1,0,1,0,0,16,0,1,0,0,4,0          8
E5_E9_missing_RLAST,5161,1,0,0,1,0,1,0,0,1,0,0,0,1,0,1,0,0,16,0,1,0,0,4,0          8
E5_E9_missing_RLAST,5162,1,0,0,1,0,1,0,0,1,0,0,0,1,0,1,0,0,16,0,1,0,0,4,0          8
E5_E9_missing_RLAST,5163,1,0,0,1,0,1,0,0,1,0,0,0,1,0,1,0,0,16,0,1,0,0,4,0          8
E5_E9_missing_RLAST,5164,1,0,0,1,0,1,0,0,1,0,0,0,1,0,1,0,0,16,0,1,0,0,4,0          8
E5_E9_missing_RLAST,5165,1,0,0,1,0,1,0,0,1,0,0,0,1,0,1,0,0,16,0,1,0,0,4,0          8
E5_E9_missing_RLAST,5166,1,0,0,1,0,1,0,0,1,0,0,0,1,0,1,0,0,16,0,1,0,0,4,0          8
E5_E9_missing_RLAST,5167,1,0,0,1,0,1,0,0,1,0,0,0,1,0,1,0,0,16,0,1,0,0,4,0          8
E5_E9_missing_RLAST,5168,1,0,0,1,0,1,0,0,1,0,0,0,1,0,1,0,0,16,0,1,0,0,4,0          8
E5_E9_missing_RLAST,5169,1,0,0,1,0,1,0,0,1,0,0,0,1,0,1,0,0,16,0,1,0,0,4,0          8
E5_E9_missing_RLAST,5170,1,0,0,1,0,1,0,0,1,0,0,0,1,0,1,0,0,16,0,1,0,0,4,0          8
E5_E9_missing_RLAST,5171,1,0,0,1,0,1,0,0,1,0,0,0,1,0,1,0,0,16,0,1,0,0,4,0          8
E5_E9_missing_RLAST,5172,1,0,0,1,0,1,0,0,1,0,0,0,1,0,1,0,0,16,0,1,0,0,4,0          8
E5_E9_missing_RLAST,5173,1,0,0,1,0,1,0,0,1,0,0,0,1,0,1,0,0,16,0,1,0,0,4,0          8
E5_E9_missing_RLAST,5174,1,0,0,1,0,1,0,0,1,0,0,0,1,0,1,0,0,16,0,1,0,0,4,0          8
E5_E9_missing_RLAST,5175,1,0,0,1,0,1,0,0,1,0,0,0,1,0,1,0,0,16,0,1,0,0,4,0          8
E5_E9_missing_RLAST,5176,1,0,0,1,0,1,0,0,1,0,0,0,1,0,1,0,0,16,0,1,0,0,4,0          8
E5_E9_missing_RLAST,5177,1,0,0,1,0,1,0,0,1,0,0,0,1,0,1,0,0,16,0,1,0,0,4,0          8
E5_E9_missing_RLAST,5178,1,0,0,1,0,1,0,0,1,0,0,0,1,0,1,0,0,16,0,1,0,0,4,0          8
E5_E9_missing_RLAST,5179,1,0,0,1,0,1,0,0,1,0,0,0,1,0,1,0,0,16,0,1,0,0,4,0          8
E5_E9_missing_RLAST,5180,1,0,0,1,0,1,0,0,1,0,0,0,1,0,1,0,0,16,0,1,0,0,4,0          8
E5_E9_missing_RLAST,5181,1,0,0,1,0,1,0,0,1,0,0,0,1,0,1,0,0,16,0,1,0,0,4,0          8
E5_E9_missing_RLAST,5182,1,0,0,1,0,1,0,0,1,0,0,0,1,0,1,0,0,16,0,1,0,0,4,0          8
E5_E9_missing_RLAST,5183,1,0,0,1,0,1,0,0,1,0,0,0,1,0,1,0,0,16,0,1,0,0,4,0          8
E5_E9_missing_RLAST,5184,1,0,0,1,0,1,0,0,1,0,0,0,1,0,1,0,0,16,0,1,0,0,4,0          8
E5_E9_missing_RLAST,5185,1,0,0,1,0,1,0,0,1,0,0,0,1,0,1,0,0,16,0,1,0,0,4,0          8
E5_E9_missing_RLAST,5186,1,0,0,1,0,1,0,0,1,0,0,0,1,0,1,0,0,16,0,1,0,0,4,0          8
E5_E9_missing_RLAST,5187,1,0,0,1,0,1,0,0,1,0,0,0,1,0,1,0,0,16,0,1,0,0,4,0          8
E5_E9_missing_RLAST,5188,1,0,0,1,0,1,0,0,1,0,0,0,1,0,1,0,0,16,0,1,0,0,4,0          8
E5_E9_missing_RLAST,5189,1,0,0,1,0,1,0,0,1,0,0,0,1,0,1,0,0,16,0,1,0,0,4,0          8
E5_E9_missing_RLAST,5190,1,0,0,1,0,1,0,0,1,0,0,0,1,0,1,0,0,16,0,1,0,0,4,0          8
E5_E9_missing_RLAST,5191,1,0,0,1,0,1,0,0,1,0,0,0,1,0,1,0,0,16,0,1,0,0,4,0          8
E5_E9_missing_RLAST,5192,1,0,0,1,0,1,0,0,1,0,0,0,1,0,1,0,0,16,0,1,0,0,4,0          8
E5_E9_missing_RLAST,5193,1,0,0,1,0,1,0,0,1,0,0,0,1,0,1,0,0,16,0,1,0,0,4,0          8
E5_E9_missing_RLAST,5194,1,0,0,1,0,1,0,0,1,0,0,0,1,0,1,0,0,16,0,1,0,0,4,0          8
E5_E9_missing_RLAST,5195,1,0,0,1,0,1,0,0,1,0,0,0,1,0,1,0,0,16,0,1,0,0,4,0          8
E5_E9_missing_RLAST,5196,1,0,0,1,0,1,0,0,1,0,0,0,1,0,1,0,0,16,0,1,0,0,4,0          8
E5_E9_missing_RLAST,5197,1,0,0,1,0,1,0,0,1,0,0,0,1,0,1,0,0,16,0,1,0,0,4,0          8
E5_E9_missing_RLAST,5198,1,0,0,1,0,1,0,0,1,0,0,0,1,0,1,0,0,16,0,1,0,0,4,0          8
E5_E9_missing_RLAST,5199,1,0,0,1,0,1,0,0,1,0,0,0,1,0,1,0,0,16,0,1,0,0,4,0          8
E5_E9_missing_RLAST,5200,1,0,0,1,0,1,0,0,1,0,0,0,1,0,1,0,0,16,0,1,0,0,4,0          8
E5_E9_missing_RLAST,5201,1,0,0,1,0,1,0,0,1,0,0,0,1,0,1,0,0,16,0,1,0,0,4,0          8
E5_E9_missing_RLAST,5202,1,0,0,1,0,1,0,0,1,0,0,0,1,0,1,0,0,16,0,1,0,0,4,0          8
E5_E9_missing_RLAST,5203,1,0,0,1,0,1,0,0,1,0,0,0,1,0,1,0,0,16,0,1,0,0,4,0          8
E5_E9_missing_RLAST,5204,1,0,0,1,0,1,0,0,1,0,0,0,1,0,1,0,0,16,0,1,0,0,4,0          8
E5_E9_missing_RLAST,5205,1,0,0,1,0,1,0,0,1,0,0,0,1,0,1,0,0,16,0,1,0,0,4,0          8
E5_E9_missing_RLAST,5206,1,0,0,1,0,1,0,0,1,0,0,0,1,0,1,0,0,16,0,1,0,0,4,0          8
E5_E9_missing_RLAST,5207,1,0,0,1,0,1,0,0,1,0,0,0,1,0,1,0,0,16,0,1,0,0,4,0          8
E5_E9_missing_RLAST,5208,1,0,0,1,0,1,0,0,1,0,0,0,1,0,1,0,0,16,0,1,0,0,4,0          8
E5_E9_missing_RLAST,5209,1,0,0,1,0,1,0,0,1,0,0,0,1,0,1,0,0,16,0,1,0,0,4,0          8
E5_E9_missing_RLAST,5210,1,0,0,1,0,1,0,0,1,0,0,0,1,0,1,0,0,16,0,1,0,0,4,0          8
E5_E9_missing_RLAST,5211,1,0,0,1,0,1,0,0,1,0,0,0,1,0,1,0,0,16,0,1,0,0,4,0          8
E5_E9_missing_RLAST,5212,1,0,0,1,0,1,0,0,1,0,0,0,1,0,1,0,0,16,0,1,0,0,4,0          8
E5_E9_missing_RLAST,5213,1,0,0,1,0,1,0,0,1,0,0,0,1,0,1,0,0,16,0,1,0,0,4,0          8
E5_E9_missing_RLAST,5214,1,0,0,1,0,1,0,0,1,0,0,0,1,0,1,0,0,16,0,1,0,0,4,0          8
E5_E9_missing_RLAST,5215,1,0,0,1,0,1,0,0,1,0,0,0,1,0,1,0,0,16,0,1,0,0,4,0          8
E5_E9_missing_RLAST,5216,1,0,0,1,0,1,0,0,1,0,0,0,1,0,1,0,0,16,0,1,0,0,4,0          8
E5_E9_missing_RLAST,5217,1,0,0,1,0,1,0,0,1,0,0,0,1,0,1,0,0,16,0,1,0,0,4,0          8
E5_E9_missing_RLAST,5218,1,0,0,1,0,1,0,0,1,0,0,0,1,0,1,0,0,16,0,1,0,0,4,0          8
E5_E9_missing_RLAST,5219,1,0,0,1,0,1,0,0,1,0,0,0,1,0,1,0,0,16,0,1,0,0,4,0          8
E5_E9_missing_RLAST,5220,1,0,0,1,0,1,0,0,1,0,0,0,1,0,1,0,0,16,0,1,0,0,4,0          8
E5_E9_missing_RLAST,5221,1,0,0,1,0,1,0,0,1,0,0,0,1,0,1,0,0,16,0,1,0,0,4,0          8
E5_E9_missing_RLAST,5222,1,0,0,1,0,1,0,0,1,0,0,0,1,0,1,0,0,16,0,1,0,0,4,0          8
E5_E9_missing_RLAST,5223,1,0,0,1,0,1,0,0,1,0,0,0,1,0,1,0,0,16,0,1,0,0,4,0          8
E5_E9_missing_RLAST,5224,1,0,0,1,0,1,0,0,1,0,0,0,1,0,1,0,0,16,0,1,0,0,4,0          8
E5_E9_missing_RLAST,5225,1,0,0,1,0,1,0,0,1,0,0,0,1,0,1,0,0,16,0,1,0,0,4,0          8
E5_E9_missing_RLAST,5226,1,0,0,1,0,1,0,0,1,0,0,0,1,0,1,0,0,16,0,1,0,0,4,0          8
E5_E9_missing_RLAST,5227,1,0,0,1,0,1,0,0,1,0,0,0,1,0,1,0,0,16,0,1,0,0,4,0          8
E5_E9_missing_RLAST,5228,1,0,0,1,0,1,0,0,1,0,0,0,1,0,1,0,0,16,0,1,0,0,4,0          8
E5_E9_missing_RLAST,5229,1,0,0,1,0,1,0,0,1,0,0,0,1,0,1,0,0,16,0,1,0,0,4,0          8
E5_E9_missing_RLAST,5230,1,0,0,1,0,1,0,0,1,0,0,0,1,0,1,0,0,16,0,1,0,0,4,0          8
E5_E9_missing_RLAST,5231,1,0,0,1,0,1,0,0,1,0,0,0,1,0,1,0,0,16,0,1,0,0,4,0          8
E5_E9_missing_RLAST,5232,1,0,0,1,0,1,0,0,1,0,0,0,1,0,1,0,0,16,0,1,0,0,4,0          8
E5_E9_missing_RLAST,5233,1,0,0,1,0,1,0,0,1,0,0,0,1,0,1,0,0,16,0,1,0,0,4,0          8
E5_E9_missing_RLAST,5234,1,0,0,1,0,1,0,0,1,0,0,0,1,0,1,0,0,16,0,1,0,0,4,0          8
E5_E9_missing_RLAST,5235,1,0,0,1,0,1,0,0,1,0,0,0,1,0,1,0,0,16,0,1,0,0,4,0          8
E5_E9_missing_RLAST,5236,1,0,0,1,0,1,0,0,1,0,0,0,1,0,1,0,0,16,0,1,0,0,4,0          8
E5_E9_missing_RLAST,5237,1,0,0,1,0,1,0,0,1,0,0,0,1,0,1,0,0,16,0,1,0,0,4,0          8
E5_E9_missing_RLAST,5238,1,0,0,1,0,1,0,0,1,0,0,0,1,0,1,0,0,16,0,1,0,0,4,0          8
E5_E9_missing_RLAST,5239,1,0,0,1,0,1,0,0,1,0,0,0,1,0,1,0,0,16,0,1,0,0,4,0          8
E5_E9_missing_RLAST,5240,1,0,0,1,0,1,0,0,1,0,0,0,1,0,1,0,0,16,0,1,0,0,4,0          8
E5_E9_missing_RLAST,5241,1,0,0,1,0,1,0,0,1,0,0,0,1,0,1,0,0,16,0,1,0,0,4,0          8
E5_E9_missing_RLAST,5242,1,0,0,1,0,1,0,0,1,0,0,0,1,0,1,0,0,16,0,1,0,0,4,0          8
E5_E9_missing_RLAST,5243,1,0,0,1,0,1,0,0,1,0,0,0,1,0,1,0,0,16,0,1,0,0,4,0          8
E5_E9_missing_RLAST,5244,1,0,0,1,0,1,0,0,1,0,0,0,1,0,1,0,0,16,0,1,0,0,4,0          8
E5_E9_missing_RLAST,5245,1,0,0,1,0,1,0,0,1,0,0,0,1,0,1,0,0,16,0,1,0,0,4,0          8
E5_E9_missing_RLAST,5246,1,0,0,1,0,1,0,0,1,0,0,0,1,0,1,0,0,16,0,1,0,0,4,0          8
E5_E9_missing_RLAST,5247,1,0,0,1,0,1,0,0,1,0,0,0,1,0,1,0,0,16,0,1,0,0,4,0          8
E5_E9_missing_RLAST,5248,1,0,0,1,0,1,0,0,1,0,0,0,1,0,1,0,0,16,0,1,0,0,4,0          8
E5_E9_missing_RLAST,5249,1,0,0,1,0,1,0,0,1,0,0,0,1,0,1,0,0,16,0,1,0,0,4,0          8
E5_E9_missing_RLAST,5250,1,0,0,1,0,1,0,0,1,0,0,0,1,0,1,0,0,16,0,1,0,0,4,0          8
E5_E9_missing_RLAST,5251,1,0,0,1,0,1,0,0,1,0,0,0,1,0,1,0,0,16,0,1,0,0,4,0          8
E5_E9_missing_RLAST,5252,1,0,0,1,0,1,0,0,1,0,0,0,1,0,1,0,0,16,0,1,0,0,4,0          8
E5_E9_missing_RLAST,5253,1,0,0,1,0,1,0,0,1,0,0,0,1,0,1,0,0,16,0,1,0,0,4,0          8
E5_E9_missing_RLAST,5254,1,0,0,1,0,1,0,0,1,0,0,0,1,0,1,0,0,16,0,1,0,0,4,0          8
E5_E9_missing_RLAST,5255,1,0,0,1,0,1,0,0,1,0,0,0,1,0,1,0,0,16,0,1,0,0,4,0          8
E5_E9_missing_RLAST,5256,1,0,0,1,0,1,0,0,1,0,0,0,1,0,1,0,0,16,0,1,0,0,4,0          8
E5_E9_missing_RLAST,5257,1,0,0,1,0,1,0,0,1,0,0,0,1,0,1,0,0,16,0,1,0,0,4,0          8
E5_E9_missing_RLAST,5258,1,0,0,1,0,1,0,0,1,0,0,0,1,0,1,0,0,16,0,1,0,0,4,0          8
E5_E9_missing_RLAST,5259,1,0,0,1,0,1,0,0,1,0,0,0,1,0,1,0,0,16,0,1,0,0,4,0          8
E5_E9_missing_RLAST,5260,1,0,0,1,0,1,0,0,1,0,0,0,1,0,1,0,0,16,0,1,0,0,4,0          8
E5_E9_missing_RLAST,5261,1,0,0,1,0,1,0,0,1,0,0,0,1,0,1,0,0,16,0,1,0,0,4,0          8
E5_E9_missing_RLAST,5262,1,0,0,1,0,1,0,0,1,0,0,0,1,0,1,0,0,16,0,1,0,0,4,0          8
E5_E9_missing_RLAST,5263,1,0,0,1,0,1,0,0,1,0,0,0,1,0,1,0,0,16,0,1,0,0,4,0          8
E5_E9_missing_RLAST,5264,1,0,0,1,0,1,0,0,1,0,0,0,1,0,1,0,0,16,0,1,0,0,4,0          8
E5_E9_missing_RLAST,5265,1,0,0,1,0,1,0,0,1,0,0,0,1,0,1,0,0,16,0,1,0,0,4,0          8
E5_E9_missing_RLAST,5266,1,0,0,1,0,1,0,0,1,0,0,0,1,0,1,0,0,16,0,1,0,0,4,0          8
E5_E9_missing_RLAST,5267,1,0,0,1,0,1,0,0,1,0,0,0,1,0,1,0,0,16,0,1,0,0,4,0          8
E5_E9_missing_RLAST,5268,1,0,0,1,0,1,0,0,1,0,0,0,1,0,1,0,0,16,0,1,0,0,4,0          8
E5_E9_missing_RLAST,5269,1,0,0,1,0,1,0,0,1,0,0,0,1,0,1,0,0,16,0,1,0,0,4,0          8
E5_E9_missing_RLAST,5270,1,0,0,1,0,1,0,0,1,0,0,0,1,0,1,0,0,16,0,1,0,0,4,0          8
E5_E9_missing_RLAST,5271,1,0,0,1,0,1,0,0,1,0,0,0,1,0,1,0,0,16,0,1,0,0,4,0          8
E5_E9_missing_RLAST,5272,1,0,0,1,0,1,0,0,1,0,0,0,1,0,1,0,0,16,0,1,0,0,4,0          8
E5_E9_missing_RLAST,5273,1,0,0,1,0,1,0,0,1,0,0,0,1,0,1,0,0,16,0,1,0,0,4,0          8
E5_E9_missing_RLAST,5274,1,0,0,1,0,1,0,0,1,0,0,0,1,0,1,0,0,16,0,1,0,0,4,0          8
E5_E9_missing_RLAST,5275,1,0,0,1,0,1,0,0,1,0,0,0,1,0,1,0,0,16,0,1,0,0,4,0          8
E5_E9_missing_RLAST,5276,1,0,0,1,0,1,0,0,1,0,0,0,1,0,1,0,0,16,0,1,0,0,4,0          8
E5_E9_missing_RLAST,5277,1,0,0,1,0,1,0,0,1,0,0,0,1,0,1,0,0,16,0,1,0,0,4,0          8
E5_E9_missing_RLAST,5278,1,0,0,1,0,1,0,0,1,0,0,0,1,0,1,0,0,16,0,1,0,0,4,0          8
E5_E9_missing_RLAST,5279,1,0,0,1,0,1,0,0,1,0,0,0,1,0,1,0,0,16,0,1,0,0,4,0          8
E5_E9_missing_RLAST,5280,1,0,0,1,0,1,0,0,1,0,0,0,1,0,1,0,0,16,0,1,0,0,4,0          8
E5_E9_missing_RLAST,5281,1,0,0,1,0,1,0,0,1,0,0,0,1,0,1,0,0,16,0,1,0,0,4,0          8
E5_E9_missing_RLAST,5282,1,0,0,1,0,1,0,0,1,0,0,0,1,0,1,0,0,16,0,1,0,0,4,0          8
E5_E9_missing_RLAST,5283,1,0,0,1,0,1,0,0,1,0,0,0,1,0,1,0,0,16,0,1,0,0,4,0          8
E5_E9_missing_RLAST,5284,1,0,0,1,0,1,0,0,1,0,0,0,1,0,1,0,0,16,0,1,0,0,4,0          8
E5_E9_missing_RLAST,5285,1,0,0,1,0,1,0,0,1,0,0,0,1,0,1,0,0,16,0,1,0,0,4,0          8
E5_E9_missing_RLAST,5286,1,0,0,1,0,1,0,0,1,0,0,0,1,0,1,0,0,16,0,1,0,0,4,0          8
E5_E9_missing_RLAST,5287,1,0,0,1,0,1,0,0,1,0,0,0,1,0,1,0,0,16,0,1,0,0,4,0          8
E5_E9_missing_RLAST,5288,1,0,0,1,0,1,0,0,1,0,0,0,1,0,1,0,0,16,0,1,0,0,4,0          8
E5_E9_missing_RLAST,5289,1,0,0,1,0,1,0,0,1,0,0,0,1,0,1,0,0,16,0,1,0,0,4,0          8
E5_E9_missing_RLAST,5290,1,0,0,1,0,1,0,0,1,0,0,0,1,0,1,0,0,16,0,1,0,0,4,0          8
E5_E9_missing_RLAST,5291,1,0,0,1,0,1,0,0,1,0,0,0,1,0,1,0,0,16,0,1,0,0,4,0          8
E5_E9_missing_RLAST,5292,1,0,0,1,0,1,0,0,1,0,0,0,1,0,1,0,0,16,0,1,0,0,4,0          8
E5_E9_missing_RLAST,5293,1,0,0,1,0,1,0,0,1,0,0,0,1,0,1,0,0,16,0,1,0,0,4,0          8
E5_E9_missing_RLAST,5294,1,0,0,1,0,1,0,0,1,0,0,0,1,0,1,0,0,16,0,1,0,0,4,0          8
E5_E9_missing_RLAST,5295,1,0,0,1,0,1,0,0,1,0,0,0,1,0,1,0,0,16,0,1,0,0,4,0          8
E5_E9_missing_RLAST,5296,1,0,0,1,0,1,0,0,1,0,0,0,1,0,1,0,0,16,0,1,0,0,4,0          8
E5_E9_missing_RLAST,5297,1,0,0,1,0,1,0,0,1,0,0,0,1,0,1,0,0,16,0,1,0,0,4,0          8
E5_E9_missing_RLAST,5298,1,0,0,1,0,1,0,0,1,0,0,0,1,0,1,0,0,16,0,1,0,0,4,0          8
E5_E9_missing_RLAST,5299,1,0,0,1,0,1,0,0,1,0,0,0,1,0,1,0,0,16,0,1,0,0,4,0          8
E5_E9_missing_RLAST,5300,1,0,0,1,0,1,0,0,1,0,0,0,1,0,1,0,0,16,0,1,0,0,4,0          8
E5_E9_missing_RLAST,5301,1,0,0,1,0,1,0,0,1,0,0,0,1,0,1,0,0,16,0,1,0,0,4,0          8
E5_E9_missing_RLAST,5302,1,0,0,1,0,1,0,0,1,0,0,0,1,0,1,0,0,16,0,1,0,0,4,0          8
E5_E9_missing_RLAST,5303,1,0,0,1,0,1,0,0,1,0,0,0,1,0,1,0,0,16,0,1,0,0,4,0          8
E5_E9_missing_RLAST,5304,1,0,0,1,0,1,0,0,1,0,0,0,1,0,1,0,0,16,0,1,0,0,4,0          8
E5_E9_missing_RLAST,5305,1,0,0,1,0,1,0,0,1,0,0,0,1,0,1,0,0,16,0,1,0,0,4,0          8
E5_E9_missing_RLAST,5306,1,0,0,1,0,1,0,0,1,0,0,0,1,0,1,0,0,16,0,1,0,0,4,0          8
E5_E9_missing_RLAST,5307,1,0,0,1,0,1,0,0,1,0,0,0,1,0,1,0,0,16,0,1,0,0,4,0          8
E5_E9_missing_RLAST,5308,1,0,0,1,0,1,0,0,1,0,0,0,1,0,1,0,0,16,0,1,0,0,4,0          8
E5_E9_missing_RLAST,5309,1,0,0,1,0,1,0,0,1,0,0,0,1,0,1,0,0,16,0,1,0,0,4,0          8
E5_E9_missing_RLAST,5310,1,0,0,1,0,1,0,0,1,0,0,0,1,0,1,0,0,16,0,1,0,0,4,0          8
E5_E9_missing_RLAST,5311,1,0,0,1,0,1,0,0,1,0,0,0,1,0,1,0,0,16,0,1,0,0,4,0          8
E5_E9_missing_RLAST,5312,1,0,0,1,0,1,0,0,1,0,0,0,1,0,1,0,0,16,0,1,0,0,4,0          8
E5_E9_missing_RLAST,5313,1,0,0,1,0,1,0,0,1,0,0,0,1,0,1,0,0,16,0,1,0,0,4,0          8
E5_E9_missing_RLAST,5314,1,0,0,1,0,1,0,0,1,0,0,0,1,0,1,0,0,16,0,1,0,0,4,0          8
E5_E9_missing_RLAST,5315,1,0,0,1,0,1,0,0,1,0,0,0,1,0,1,0,0,16,0,1,0,0,4,0          8
E5_E9_missing_RLAST,5316,1,0,0,1,0,1,0,0,1,0,0,0,1,0,1,0,0,16,0,1,0,0,4,0          8
E5_E9_missing_RLAST,5317,1,0,0,1,0,1,0,0,1,0,0,0,1,0,1,0,0,16,0,1,0,0,4,0          8
E5_E9_missing_RLAST,5318,1,0,0,1,0,1,0,0,1,0,0,0,1,0,1,0,0,16,0,1,0,0,4,0          8
E5_E9_missing_RLAST,5319,1,0,0,1,0,1,0,0,1,0,0,0,1,0,1,0,0,16,0,1,0,0,4,0          8
E5_E9_missing_RLAST,5320,1,0,0,1,0,1,0,0,1,0,0,0,1,0,1,0,0,16,0,1,0,0,4,0          8
E5_E9_missing_RLAST,5321,1,0,0,1,0,1,0,0,1,0,0,0,1,0,1,0,0,16,0,1,0,0,4,0          8
E5_E9_missing_RLAST,5322,1,0,0,1,0,1,0,0,1,0,0,0,1,0,1,0,0,16,0,1,0,0,4,0          8
E5_E9_missing_RLAST,5323,1,0,0,1,0,1,0,0,1,0,0,0,1,0,1,0,0,16,0,1,0,0,4,0          8
E5_E9_missing_RLAST,5324,1,0,0,1,0,1,0,0,1,0,0,0,1,0,1,0,0,16,0,1,0,0,4,0          8
E5_E9_missing_RLAST,5325,1,0,0,1,0,1,0,0,1,0,0,0,1,0,1,0,0,16,0,1,0,0,4,0          8
E5_E9_missing_RLAST,5326,1,0,0,1,0,1,0,0,1,0,0,0,1,0,1,0,0,16,0,1,0,0,4,0          8
E5_E9_missing_RLAST,5327,1,0,0,1,0,1,0,0,1,0,0,0,1,0,1,0,0,16,0,1,0,0,4,0          8
E5_E9_missing_RLAST,5328,1,0,0,1,0,1,0,0,1,0,0,0,1,0,1,0,0,16,0,1,0,0,4,0          8
E5_E9_missing_RLAST,5329,1,0,0,1,0,1,0,0,1,0,0,0,1,0,1,0,0,16,0,1,0,0,4,0          8
E5_E9_missing_RLAST,5330,1,0,0,1,0,1,0,0,1,0,0,0,1,0,1,0,0,16,0,1,0,0,4,0          8
E5_E9_missing_RLAST,5331,1,0,0,1,0,1,0,0,1,0,0,0,1,0,1,0,0,16,0,1,0,0,4,0          8
E5_E9_missing_RLAST,5332,1,0,0,1,0,1,0,0,1,0,0,0,1,0,1,0,0,16,0,1,0,0,4,0          8
E5_E9_missing_RLAST,5333,1,0,0,1,0,1,0,0,1,0,0,0,1,0,1,0,0,16,0,1,0,0,4,0          8
E5_E9_missing_RLAST,5334,1,0,0,1,0,1,0,0,1,0,0,0,1,0,1,0,0,16,0,1,0,0,4,0          8
E5_E9_missing_RLAST,5335,1,0,0,1,0,1,0,0,1,0,0,0,1,0,1,0,0,16,0,1,0,0,4,0          8
E5_E9_missing_RLAST,5336,1,0,0,1,0,1,0,0,1,0,0,0,1,0,1,0,0,16,0,1,0,0,4,0          8
E5_E9_missing_RLAST,5337,1,0,0,1,0,1,0,0,1,0,0,0,1,0,1,0,0,16,0,1,0,0,4,0          8
E5_E9_missing_RLAST,5338,1,0,0,1,0,1,0,0,1,0,0,0,1,0,1,0,0,16,0,1,0,0,4,0          8
E5_E9_missing_RLAST,5339,1,0,0,1,0,1,0,0,1,0,0,0,1,0,1,0,0,16,0,1,0,0,4,0          8
E5_E9_missing_RLAST,5340,1,0,0,1,0,1,0,0,1,0,0,0,1,0,1,0,0,16,0,1,0,0,4,0          8
E5_E9_missing_RLAST,5341,1,0,0,1,0,1,0,0,1,0,0,0,1,0,1,0,0,16,0,1,0,0,4,0          8
E5_E9_missing_RLAST,5342,1,0,0,1,0,1,0,0,1,0,0,0,1,0,1,0,0,16,0,1,0,0,4,0          8
E5_E9_missing_RLAST,5343,1,0,0,1,0,1,0,0,1,0,0,0,1,0,1,0,0,16,0,1,0,0,4,0          8
E5_E9_missing_RLAST,5344,1,0,0,1,0,1,0,0,1,0,0,0,1,0,1,0,0,16,0,1,0,0,4,0          8
E5_E9_missing_RLAST,5345,1,0,0,1,0,1,0,0,1,0,0,0,1,0,1,0,0,16,0,1,0,0,4,0          8
E5_E9_missing_RLAST,5346,1,0,0,1,0,1,0,0,1,0,0,0,1,0,1,0,0,16,0,1,0,0,4,0          8
E5_E9_missing_RLAST,5347,1,0,0,1,0,1,0,0,1,0,0,0,1,0,1,0,0,16,0,1,0,0,4,0          8
E5_E9_missing_RLAST,5348,1,0,0,1,0,1,0,0,1,0,0,0,1,0,1,0,0,16,0,1,0,0,4,0          8
E5_E9_missing_RLAST,5349,1,0,0,1,0,1,0,0,1,0,0,0,1,0,1,0,0,16,0,1,0,0,4,0          8
E5_E9_missing_RLAST,5350,1,0,0,1,0,1,0,0,1,0,0,0,1,0,1,0,0,16,0,1,0,0,4,0          8
E5_E9_missing_RLAST,5351,1,0,0,1,0,1,0,0,1,0,0,0,1,0,1,0,0,16,0,1,0,0,4,0          8
E5_E9_missing_RLAST,5352,1,0,0,1,0,1,0,0,1,0,0,0,1,0,1,0,0,16,0,1,0,0,4,0          8
E5_E9_missing_RLAST,5353,1,0,0,1,0,1,0,0,1,0,0,0,1,0,1,0,0,16,0,1,0,0,4,0          8
E5_E9_missing_RLAST,5354,1,0,0,1,0,1,0,0,1,0,0,0,1,0,1,0,0,16,0,1,0,0,4,0          8
E5_E9_missing_RLAST,5355,1,0,0,1,0,1,0,0,1,0,0,0,1,0,1,0,0,16,0,1,0,0,4,0          8
E5_E9_missing_RLAST,5356,1,0,0,1,0,1,0,0,1,0,0,0,1,0,1,0,0,16,0,1,0,0,4,0          8
E5_E9_missing_RLAST,5357,1,0,0,1,0,1,0,0,1,0,0,0,1,0,1,0,0,16,0,1,0,0,4,0          8
E5_E9_missing_RLAST,5358,1,0,0,1,0,1,0,0,1,0,0,0,1,0,1,0,0,16,0,1,0,0,4,0          8
E5_E9_missing_RLAST,5359,1,0,0,1,0,1,0,0,1,0,0,0,1,0,1,0,0,16,0,1,0,0,4,0          8
E5_E9_missing_RLAST,5360,1,0,0,1,0,1,0,0,1,0,0,0,1,0,1,0,0,16,0,1,0,0,4,0          8
E5_E9_missing_RLAST,5361,1,0,0,1,0,1,0,0,1,0,0,0,1,0,1,0,0,16,0,1,0,0,4,0          8
E5_E9_missing_RLAST,5362,1,0,0,1,0,1,0,0,1,0,0,0,1,0,1,0,0,16,0,1,0,0,4,0          8
E5_E9_missing_RLAST,5363,1,0,0,1,0,1,0,0,1,0,0,0,1,0,1,0,0,16,0,1,0,0,4,0          8
E5_E9_missing_RLAST,5364,1,0,0,1,0,1,0,0,1,0,0,0,1,0,1,0,0,16,0,1,0,0,4,0          8
E5_E9_missing_RLAST,5365,1,0,0,1,0,1,0,0,1,0,0,0,1,0,1,0,0,16,0,1,0,0,4,0          8
E5_E9_missing_RLAST,5366,1,0,0,1,0,1,0,0,1,0,0,0,1,0,1,0,0,16,0,1,0,0,4,0          8
E5_E9_missing_RLAST,5367,1,0,0,1,0,1,0,0,1,0,0,0,1,0,1,0,0,16,0,1,0,0,4,0          8
E5_E9_missing_RLAST,5368,1,0,0,1,0,1,0,0,1,0,0,0,1,0,1,0,0,16,0,1,0,0,4,0          8
E5_E9_missing_RLAST,5369,1,0,0,1,0,1,0,0,1,0,0,0,1,0,1,0,0,16,0,1,0,0,4,0          8
E5_E9_missing_RLAST,5370,1,0,0,1,0,1,0,0,1,0,0,0,1,0,1,0,0,16,0,1,0,0,4,0          8
E5_E9_missing_RLAST,5371,1,0,0,1,0,1,0,0,1,0,0,0,1,0,1,0,0,16,0,1,0,0,4,0          8
E5_E9_missing_RLAST,5372,1,0,0,1,0,1,0,0,1,0,0,0,1,0,1,0,0,16,0,1,0,0,4,0          8
E5_E9_missing_RLAST,5373,1,0,0,1,0,1,0,0,1,0,0,0,1,0,1,0,0,16,0,1,0,0,4,0          8
E5_E9_missing_RLAST,5374,1,0,0,1,0,1,0,0,1,0,0,0,1,0,1,0,0,16,0,1,0,0,4,0          8
E5_E9_missing_RLAST,5375,1,0,0,1,0,1,0,0,1,0,0,0,1,0,1,0,0,16,0,1,0,0,4,0          8
E5_E9_missing_RLAST,5376,1,0,0,1,0,1,0,0,1,0,0,0,1,0,1,0,0,16,0,1,0,0,4,0          8
E5_E9_missing_RLAST,5377,1,0,0,1,0,1,0,0,1,0,0,0,1,0,1,0,0,16,0,1,0,0,4,0          8
E5_E9_missing_RLAST,5378,1,0,0,1,0,1,0,0,1,0,0,0,1,0,1,0,0,16,0,1,0,0,4,0          8
E5_E9_missing_RLAST,5379,1,0,0,1,0,1,0,0,1,0,0,0,1,0,1,0,0,16,0,1,0,0,4,0          8
E5_E9_missing_RLAST,5380,1,0,0,1,0,1,0,0,1,0,0,0,1,0,1,0,0,16,0,1,0,0,4,0          8
E5_E9_missing_RLAST,5381,1,0,0,1,0,1,0,0,1,0,0,0,1,0,1,0,0,16,0,1,0,0,4,0          8
E5_E9_missing_RLAST,5382,1,0,0,1,0,1,0,0,1,0,0,0,1,0,1,0,0,16,0,1,0,0,4,0          8
E5_E9_missing_RLAST,5383,1,0,0,1,0,1,0,0,1,0,0,0,1,0,1,0,0,16,0,1,0,0,4,0          8
E5_E9_missing_RLAST,5384,1,0,0,1,0,1,0,0,1,0,0,0,1,0,1,0,0,16,0,1,0,0,4,0          8
E5_E9_missing_RLAST,5385,1,0,0,1,0,1,0,0,1,0,0,0,1,0,1,0,0,16,0,1,0,0,4,0          8
E5_E9_missing_RLAST,5386,1,0,0,1,0,1,0,0,1,0,0,0,1,0,1,0,0,16,0,1,0,0,4,0          8
E5_E9_missing_RLAST,5387,1,0,0,1,0,1,0,0,1,0,0,0,1,0,1,0,0,16,0,1,0,0,4,0          8
E5_E9_missing_RLAST,5388,1,0,0,1,0,1,0,0,1,0,0,0,1,0,1,0,0,16,0,1,0,0,4,0          8
E5_E9_missing_RLAST,5389,1,0,0,1,0,1,0,0,1,0,0,0,1,0,1,0,0,16,0,1,0,0,4,0          8
E5_E9_missing_RLAST,5390,1,0,0,1,0,1,0,0,1,0,0,0,1,0,1,0,0,16,0,1,0,0,4,0          8
E5_E9_missing_RLAST,5391,1,0,0,1,0,1,0,0,1,0,0,0,1,0,1,0,0,16,0,1,0,0,4,0          8
E5_E9_missing_RLAST,5392,1,0,0,1,0,1,0,0,1,0,0,0,1,0,1,0,0,16,0,1,0,0,4,0          8
E5_E9_missing_RLAST,5393,1,0,0,1,0,1,0,0,1,0,0,0,1,0,1,0,0,16,0,1,0,0,4,0          8
E5_E9_missing_RLAST,5394,1,0,0,1,0,1,0,0,1,0,0,0,1,0,1,0,0,16,0,1,0,0,4,0          8
E5_E9_missing_RLAST,5395,1,0,0,1,0,1,0,0,1,0,0,0,1,0,1,0,0,16,0,1,0,0,4,0          8
E5_E9_missing_RLAST,5396,1,0,0,1,0,1,0,0,1,0,0,0,1,0,1,0,0,16,0,1,0,0,4,0          8
E5_E9_missing_RLAST,5397,1,0,0,1,0,1,0,0,1,0,0,0,1,0,1,0,0,16,0,1,0,0,4,0          8
E5_E9_missing_RLAST,5398,1,0,0,1,0,1,0,0,1,0,0,0,1,0,1,0,0,16,0,1,0,0,4,0          8
E5_E9_missing_RLAST,5399,1,0,0,1,0,1,0,0,1,0,0,0,1,0,1,0,0,16,0,1,0,0,4,0          8
E5_E9_missing_RLAST,5400,1,0,0,1,0,1,0,0,1,0,0,0,1,0,1,0,0,16,0,1,0,0,4,0          8
E5_E9_missing_RLAST,5401,1,0,0,1,0,1,0,0,1,0,0,0,1,0,1,0,0,16,0,1,0,0,4,0          8
E5_E9_missing_RLAST,5402,1,0,0,1,0,1,0,0,1,0,0,0,1,0,1,0,0,16,0,1,0,0,4,0          8
E5_E9_missing_RLAST,5403,1,0,0,1,0,1,0,0,1,0,0,0,1,0,1,0,0,16,0,1,0,0,4,0          8
E5_E9_missing_RLAST,5404,1,0,0,1,0,1,0,0,1,0,0,0,1,0,1,0,0,16,0,1,0,0,4,0          8
E5_E9_missing_RLAST,5405,1,0,0,1,0,1,0,0,1,0,0,0,1,0,1,0,0,16,0,1,0,0,4,0          8
E5_E9_missing_RLAST,5406,1,0,0,1,0,1,0,0,1,0,0,0,1,0,1,0,0,16,0,1,0,0,4,0          8
E5_E9_missing_RLAST,5407,1,0,0,1,0,1,0,0,1,0,0,0,1,0,1,0,0,16,0,1,0,0,4,0          8
E5_E9_missing_RLAST,5408,1,0,0,1,0,1,0,0,1,0,0,0,1,0,1,0,0,16,0,1,0,0,4,0          8
E5_E9_missing_RLAST,5409,1,0,0,1,0,1,0,0,1,0,0,0,1,0,1,0,0,16,0,1,0,0,4,0          8
E5_E9_missing_RLAST,5410,1,0,0,1,0,1,0,0,1,0,0,0,1,0,1,0,0,16,0,1,0,0,4,0          8
E5_E9_missing_RLAST,5411,1,0,0,1,0,1,0,0,1,0,0,0,1,0,1,0,0,16,0,1,0,0,4,0          8
E5_E9_missing_RLAST,5412,1,0,0,1,0,1,0,0,1,0,0,0,1,0,1,0,0,16,0,1,0,0,4,0          8
E5_E9_missing_RLAST,5413,1,0,0,1,0,1,0,0,1,0,0,0,1,0,1,0,0,16,0,1,0,0,4,0          8
E5_E9_missing_RLAST,5414,1,0,0,1,0,1,0,0,1,0,0,0,1,0,1,0,0,16,0,1,0,0,4,0          8
E5_E9_missing_RLAST,5415,1,0,0,1,0,1,0,0,1,0,0,0,1,0,1,0,0,16,0,1,0,0,4,0          8
E5_E9_missing_RLAST,5416,1,0,0,1,0,1,0,0,1,0,0,0,1,0,1,0,0,16,0,1,0,0,4,0          8
E5_E9_missing_RLAST,5417,1,0,0,1,0,1,0,0,1,0,0,0,1,0,1,0,0,16,0,1,0,0,4,0          8
E5_E9_missing_RLAST,5418,1,0,0,1,0,1,0,0,1,0,0,0,1,0,1,0,0,16,0,1,0,0,4,0          8
E5_E9_missing_RLAST,5419,1,0,0,1,0,1,0,0,1,0,0,0,1,0,1,0,0,16,0,1,0,0,4,0          8
E5_E9_missing_RLAST,5420,1,0,0,1,0,1,0,0,1,0,0,0,1,0,1,0,0,16,0,1,0,0,4,0          8
E5_E9_missing_RLAST,5421,1,0,0,1,0,1,0,0,1,0,0,0,1,0,1,0,0,16,0,1,0,0,4,0          8
E5_E9_missing_RLAST,5422,1,0,0,1,0,1,0,0,1,0,0,0,1,0,1,0,0,16,0,1,0,0,4,0          8
E5_E9_missing_RLAST,5423,1,0,0,1,0,1,0,0,1,0,0,0,1,0,1,0,0,16,0,1,0,0,4,0          8
E5_E9_missing_RLAST,5424,1,0,0,1,0,1,0,0,1,0,0,0,1,0,1,0,0,16,0,1,0,0,4,0          8
E5_E9_missing_RLAST,5425,1,0,0,1,0,1,0,0,1,0,0,0,1,0,1,0,0,16,0,1,0,0,4,0          8
E5_E9_missing_RLAST,5426,1,0,0,1,0,1,0,0,1,0,0,0,1,0,1,0,0,16,0,1,0,0,4,0          8
E5_E9_missing_RLAST,5427,1,0,0,1,0,1,0,0,1,0,0,0,1,0,1,0,0,16,0,1,0,0,4,0          8
E5_E9_missing_RLAST,5428,1,0,0,1,0,1,0,0,1,0,0,0,1,0,1,0,0,16,0,1,0,0,4,0          8
E5_E9_missing_RLAST,5429,1,0,0,1,0,1,0,0,1,0,0,0,1,0,1,0,0,16,0,1,0,0,4,0          8
E5_E9_missing_RLAST,5430,1,0,0,1,0,1,0,0,1,0,0,0,1,0,1,0,0,16,0,1,0,0,4,0          8
E5_E9_missing_RLAST,5431,1,0,0,1,0,1,0,0,1,0,0,0,1,0,1,0,0,16,0,1,0,0,4,0          8
E5_E9_missing_RLAST,5432,1,0,0,1,0,1,0,0,1,0,0,0,1,0,1,0,0,16,0,1,0,0,4,0          8
E5_E9_missing_RLAST,5433,1,0,0,1,0,1,0,0,1,0,0,0,1,0,1,0,0,16,0,1,0,0,4,0          8
E5_E9_missing_RLAST,5434,1,0,0,1,0,1,0,0,1,0,0,0,1,0,1,0,0,16,0,1,0,0,4,0          8
E5_E9_missing_RLAST,5435,1,0,0,1,0,1,0,0,1,0,0,0,1,0,1,0,0,16,0,1,0,0,4,0          8
E5_E9_missing_RLAST,5436,1,0,0,1,0,1,0,0,1,0,0,0,1,0,1,0,0,16,0,1,0,0,4,0          8
E5_E9_missing_RLAST,5437,1,0,0,1,0,1,0,0,1,0,0,0,1,0,1,0,0,16,0,1,0,0,4,0          8
E5_E9_missing_RLAST,5438,1,0,0,1,0,1,0,0,1,0,0,0,1,0,1,0,0,16,0,1,0,0,4,0          8
E5_E9_missing_RLAST,5439,1,0,0,1,0,1,0,0,1,0,0,0,1,0,1,0,0,16,0,1,0,0,4,0          8
E5_E9_missing_RLAST,5440,1,0,0,1,0,1,0,0,1,0,0,0,1,0,1,0,0,16,0,1,0,0,4,0          8
E5_E9_missing_RLAST,5441,1,0,0,1,0,1,0,0,1,0,0,0,1,0,1,0,0,16,0,1,0,0,4,0          8
E5_E9_missing_RLAST,5442,1,0,0,1,0,1,0,0,1,0,0,0,1,0,1,0,0,16,0,1,0,0,4,0          8
E5_E9_missing_RLAST,5443,1,0,0,1,0,1,0,0,1,0,0,0,1,0,1,0,0,16,0,1,0,0,4,0          8
E5_E9_missing_RLAST,5444,1,0,0,1,0,1,0,0,1,0,0,0,1,0,1,0,0,16,0,1,0,0,4,0          8
E5_E9_missing_RLAST,5445,1,0,0,1,0,1,0,0,1,0,0,0,1,0,1,0,0,16,0,1,0,0,4,0          8
E5_E9_missing_RLAST,5446,1,0,0,1,0,1,0,0,1,0,0,0,1,0,1,0,0,16,0,1,0,0,4,0          8
E5_E9_missing_RLAST,5447,1,0,0,1,0,1,0,0,1,0,0,0,1,0,1,0,0,16,0,1,0,0,4,0          8
E5_E9_missing_RLAST,5448,1,0,0,1,0,1,0,0,1,0,0,0,1,0,1,0,0,16,0,1,0,0,4,0          8
E5_E9_missing_RLAST,5449,1,0,0,1,0,1,0,0,1,0,0,0,1,0,1,0,0,16,0,1,0,0,4,0          8
E5_E9_missing_RLAST,5450,1,0,0,1,0,1,0,0,1,0,0,0,1,0,1,0,0,16,0,1,0,0,4,0          8
E5_E9_missing_RLAST,5451,1,0,0,1,0,1,0,0,1,0,0,0,1,0,1,0,0,16,0,1,0,0,4,0          8
E5_E9_missing_RLAST,5452,1,0,0,1,0,1,0,0,1,0,0,0,1,0,1,0,0,16,0,1,0,0,4,0          8
E5_E9_missing_RLAST,5453,1,0,0,1,0,1,0,0,1,0,0,0,1,0,1,0,0,16,0,1,0,0,4,0          8
E5_E9_missing_RLAST,5454,1,0,0,1,0,1,0,0,1,0,0,0,1,0,1,0,0,16,0,1,0,0,4,0          8
E5_E9_missing_RLAST,5455,1,0,0,1,0,1,0,0,1,0,0,0,1,0,1,0,0,16,0,1,0,0,4,0          8
E5_E9_missing_RLAST,5456,1,0,0,1,0,1,0,0,1,0,0,0,1,0,1,0,0,16,0,1,0,0,4,0          8
E5_E9_missing_RLAST,5457,1,0,0,1,0,1,0,0,1,0,0,0,1,0,1,0,0,16,0,1,0,0,4,0          8
E5_E9_missing_RLAST,5458,1,0,0,1,0,1,0,0,1,0,0,0,1,0,1,0,0,16,0,1,0,0,4,0          8
E5_E9_missing_RLAST,5459,1,0,0,1,0,1,0,0,1,0,0,0,1,0,1,0,0,16,0,1,0,0,4,0          8
E5_E9_missing_RLAST,5460,1,0,0,1,0,1,0,0,1,0,0,0,1,0,1,0,0,16,0,1,0,0,4,0          8
E5_E9_missing_RLAST,5461,1,0,0,1,0,1,0,0,1,0,0,0,1,0,1,0,0,16,0,1,0,0,4,0          8
E5_E9_missing_RLAST,5462,1,0,0,1,0,1,0,0,1,0,0,0,1,0,1,0,0,16,0,1,0,0,4,0          8
E5_E9_missing_RLAST,5463,1,0,0,1,0,1,0,0,1,0,0,0,1,0,1,0,0,16,0,1,0,0,4,0          8
E5_E9_missing_RLAST,5464,1,0,0,1,0,1,0,0,1,0,0,0,1,0,1,0,0,16,0,1,0,0,4,0          8
E5_E9_missing_RLAST,5465,1,0,0,1,0,1,0,0,1,0,0,0,1,0,1,0,0,16,0,1,0,0,4,0          8
E5_E9_missing_RLAST,5466,1,0,0,1,0,1,0,0,1,0,0,0,1,0,1,0,0,16,0,1,0,0,4,0          8
E5_E9_missing_RLAST,5467,1,0,0,1,0,1,0,0,1,0,0,0,1,0,1,0,0,16,0,1,0,0,4,0          8
E5_E9_missing_RLAST,5468,1,0,0,1,0,1,0,0,1,0,0,0,1,0,1,0,0,16,0,1,0,0,4,0          8
E5_E9_missing_RLAST,5469,1,0,0,1,0,1,0,0,1,0,0,0,1,0,1,0,0,16,0,1,0,0,4,0          8
E5_E9_missing_RLAST,5470,1,0,0,1,0,1,0,0,1,0,0,0,1,0,1,0,0,16,0,1,0,0,4,0          8
E5_E9_missing_RLAST,5471,1,0,0,1,0,1,0,0,1,0,0,0,1,0,1,0,0,16,0,1,0,0,4,0          8
E5_E9_missing_RLAST,5472,1,0,0,1,0,1,0,0,1,0,0,0,1,0,1,0,0,16,0,1,0,0,4,0          8
E5_E9_missing_RLAST,5473,1,0,0,1,0,1,0,0,1,0,0,0,1,0,1,0,0,16,0,1,0,0,4,0          8
E5_E9_missing_RLAST,5474,1,0,0,1,0,1,0,0,1,0,0,0,1,0,1,0,0,16,0,1,0,0,4,0          8
E5_E9_missing_RLAST,5475,1,0,0,1,0,1,0,0,1,0,0,0,1,0,1,0,0,16,0,1,0,0,4,0          8
E5_E9_missing_RLAST,5476,1,0,0,1,0,1,0,0,1,0,0,0,1,0,1,0,0,16,0,1,0,0,4,0          8
E5_E9_missing_RLAST,5477,1,0,0,1,0,1,0,0,1,0,0,0,1,0,1,0,0,16,0,1,0,0,4,0          8
E5_E9_missing_RLAST,5478,1,0,0,1,0,1,0,0,1,0,0,0,1,0,1,0,0,16,0,1,0,0,4,0          8
E5_E9_missing_RLAST,5479,1,0,0,1,0,1,0,0,1,0,0,0,1,0,1,0,0,16,0,1,0,0,4,0          8
E5_E9_missing_RLAST,5480,1,0,0,1,0,1,0,0,1,0,0,0,1,0,1,0,0,16,0,1,0,0,4,0          8
E5_E9_missing_RLAST,5481,1,0,0,1,0,1,0,0,1,0,0,0,1,0,1,0,0,16,0,1,0,0,4,0          8
E5_E9_missing_RLAST,5482,1,0,0,1,0,1,0,0,1,0,0,0,1,0,1,0,0,16,0,1,0,0,4,0          8
E5_E9_missing_RLAST,5483,1,0,0,1,0,1,0,0,1,0,0,0,1,0,1,0,0,16,0,1,0,0,4,0          8
E5_E9_missing_RLAST,5484,1,0,0,1,0,1,0,0,1,0,0,0,1,0,1,0,0,16,0,1,0,0,4,0          8
E5_E9_missing_RLAST,5485,1,0,0,1,0,1,0,0,1,0,0,0,1,0,1,0,0,16,0,1,0,0,4,0          8
E5_E9_missing_RLAST,5486,1,0,0,1,0,1,0,0,1,0,0,0,1,0,1,0,0,16,0,1,0,0,4,0          8
E5_E9_missing_RLAST,5487,1,0,0,1,0,1,0,0,1,0,0,0,1,0,1,0,0,16,0,1,0,0,4,0          8
E5_E9_missing_RLAST,5488,1,0,0,1,0,1,0,0,1,0,0,0,1,0,1,0,0,16,0,1,0,0,4,0          8
E5_E9_missing_RLAST,5489,1,0,0,1,0,1,0,0,1,0,0,0,1,0,1,0,0,16,0,1,0,0,4,0          8
E5_E9_missing_RLAST,5490,1,0,0,1,0,1,0,0,1,0,0,0,1,0,1,0,0,16,0,1,0,0,4,0          8
E5_E9_missing_RLAST,5491,1,0,0,1,0,1,0,0,1,0,0,0,1,0,1,0,0,16,0,1,0,0,4,0          8
E5_E9_missing_RLAST,5492,1,0,0,1,0,1,0,0,1,0,0,0,1,0,1,0,0,16,0,1,0,0,4,0          8
E5_E9_missing_RLAST,5493,1,0,0,1,0,1,0,0,1,0,0,0,1,0,1,0,0,16,0,1,0,0,4,0          8
E5_E9_missing_RLAST,5494,1,0,0,1,0,1,0,0,1,0,0,0,1,0,1,0,0,16,0,1,0,0,4,0          8
E5_E9_missing_RLAST,5495,1,0,0,1,0,1,0,0,1,0,0,0,1,0,1,0,0,16,0,1,0,0,4,0          8
E5_E9_missing_RLAST,5496,1,0,0,1,0,1,0,0,1,0,0,0,1,0,1,0,0,16,0,1,0,0,4,0          8
E5_E9_missing_RLAST,5497,1,0,0,1,0,1,0,0,1,0,0,0,1,0,1,0,0,16,0,1,0,0,4,0          8
E5_E9_missing_RLAST,5498,1,0,0,1,0,1,0,0,1,0,0,0,1,0,1,0,0,16,0,1,0,0,4,0          8
E5_E9_missing_RLAST,5499,1,0,0,1,0,1,0,0,1,0,0,0,1,0,1,0,0,16,0,1,0,0,4,0          8
E5_E9_missing_RLAST,5500,1,0,0,1,0,1,0,0,1,0,0,0,1,0,1,0,0,16,0,1,0,0,4,0          8
E5_E9_missing_RLAST,5501,1,0,0,1,0,1,0,0,1,0,0,0,1,0,1,0,0,16,0,1,0,0,4,0          8
E5_E9_missing_RLAST,5502,1,0,0,1,0,1,0,0,1,0,0,0,1,0,1,0,0,16,0,1,0,0,4,0          8
E5_E9_missing_RLAST,5503,1,0,0,1,0,1,0,0,1,0,0,0,1,0,1,0,0,16,0,1,0,0,4,0          8
E5_E9_missing_RLAST,5504,1,0,0,1,0,1,0,0,1,0,0,0,1,0,1,0,0,16,0,1,0,0,4,0          8
E5_E9_missing_RLAST,5505,1,0,0,1,0,1,0,0,1,0,0,0,1,0,1,0,0,16,0,1,0,0,4,0          8
E5_E9_missing_RLAST,5506,1,0,0,1,0,1,0,0,1,0,0,0,1,0,1,0,0,16,0,1,0,0,4,0          8
E5_E9_missing_RLAST,5507,1,0,0,1,0,1,0,0,1,0,0,0,1,0,1,0,0,16,0,1,0,0,4,0          8
E5_E9_missing_RLAST,5508,1,0,0,1,0,1,0,0,1,0,0,0,1,0,1,0,0,16,0,1,0,0,4,0          8
E5_E9_missing_RLAST,5509,1,0,0,1,0,1,0,0,1,0,0,0,1,0,1,0,0,16,0,1,0,0,4,0          8
E5_E9_missing_RLAST,5510,1,0,0,1,0,1,0,0,1,0,0,0,1,0,1,0,0,16,0,1,0,0,4,0          8
E5_E9_missing_RLAST,5511,1,0,0,1,0,1,0,0,1,0,0,0,1,0,1,0,0,16,0,1,0,0,4,0          8
E5_E9_missing_RLAST,5512,1,0,0,1,0,1,0,0,1,0,0,0,1,0,1,0,0,16,0,1,0,0,4,0          8
E5_E9_missing_RLAST,5513,1,0,0,1,0,1,0,0,1,0,0,0,1,0,1,0,0,16,0,1,0,0,4,0          8
E5_E9_missing_RLAST,5514,1,0,0,1,0,1,0,0,1,0,0,0,1,0,1,0,0,16,0,1,0,0,4,0          8
E5_E9_missing_RLAST,5515,1,0,0,1,0,1,0,0,1,0,0,0,1,0,1,0,0,16,0,1,0,0,4,0          8
E5_E9_missing_RLAST,5516,1,0,0,1,0,1,0,0,1,0,0,0,1,0,1,0,0,16,0,1,0,0,4,0          8
E5_E9_missing_RLAST,5517,1,0,0,1,0,1,0,0,1,0,0,0,1,0,1,0,0,16,0,1,0,0,4,0          8
E5_E9_missing_RLAST,5518,1,0,0,1,0,1,0,0,1,0,0,0,1,0,1,0,0,16,0,1,0,0,4,0          8
E5_E9_missing_RLAST,5519,1,0,0,1,0,1,0,0,1,0,0,0,1,0,1,0,0,16,0,1,0,0,4,0          8
E5_E9_missing_RLAST,5520,1,0,0,1,0,1,0,0,1,0,0,0,1,0,1,0,0,16,0,1,0,0,4,0          8
E5_E9_missing_RLAST,5521,1,0,0,1,0,1,0,0,1,0,0,0,1,0,1,0,0,16,0,1,0,0,4,0          8
E5_E9_missing_RLAST,5522,1,0,0,1,0,1,0,0,1,0,0,0,1,0,1,0,0,16,0,1,0,0,4,0          8
E5_E9_missing_RLAST,5523,1,0,0,1,0,1,0,0,1,0,0,0,1,0,1,0,0,16,0,1,0,0,4,0          8
E5_E9_missing_RLAST,5524,1,0,0,1,0,1,0,0,1,0,0,0,1,0,1,0,0,16,0,1,0,0,4,0          8
E5_E9_missing_RLAST,5525,1,0,0,1,0,1,0,0,1,0,0,0,1,0,1,0,0,16,0,1,0,0,4,0          8
E5_E9_missing_RLAST,5526,1,0,0,1,0,1,0,0,1,0,0,0,1,0,1,0,0,16,0,1,0,0,4,0          8
E5_E9_missing_RLAST,5527,1,0,0,1,0,1,0,0,1,0,0,0,1,0,1,0,0,16,0,1,0,0,4,0          8
E5_E9_missing_RLAST,5528,1,0,0,1,0,1,0,0,1,0,0,0,1,0,1,0,0,16,0,1,0,0,4,0          8
E5_E9_missing_RLAST,5529,1,0,0,1,0,1,0,0,1,0,0,0,1,0,1,0,0,16,0,1,0,0,4,0          8
E5_E9_missing_RLAST,5530,1,0,0,1,0,1,0,0,1,0,0,0,1,0,1,0,0,16,0,1,0,0,4,0          8
E5_E9_missing_RLAST,5531,1,0,0,1,0,1,0,0,1,0,0,0,1,0,1,0,0,16,0,1,0,0,4,0          8
E5_E9_missing_RLAST,5532,1,0,0,1,0,1,0,0,1,0,0,0,1,0,1,0,0,16,0,1,0,0,4,0          8
E5_E9_missing_RLAST,5533,1,0,0,1,0,1,0,0,1,0,0,0,1,0,1,0,0,16,0,1,0,0,4,0          8
E5_E9_missing_RLAST,5534,1,0,0,1,0,1,0,0,1,0,0,0,1,0,1,0,0,16,0,1,0,0,4,0          8
E5_E9_missing_RLAST,5535,1,0,0,1,0,1,0,0,1,0,0,0,1,0,1,0,0,16,0,1,0,0,4,0          8
E5_E9_missing_RLAST,5536,1,0,0,1,0,1,0,0,1,0,0,0,1,0,1,0,0,16,0,1,0,0,4,0          8
E5_E9_missing_RLAST,5537,1,0,0,1,0,1,0,0,1,0,0,0,1,0,1,0,0,16,0,1,0,0,4,0          8
E5_E9_missing_RLAST,5538,1,0,0,1,0,1,0,0,1,0,0,0,1,0,1,0,0,16,0,1,0,0,4,0          8
E5_E9_missing_RLAST,5539,1,0,0,1,0,1,0,0,1,0,0,0,1,0,1,0,0,16,0,1,0,0,4,0          8
E5_E9_missing_RLAST,5540,1,0,0,1,0,1,0,0,1,0,0,0,1,0,1,0,0,16,0,1,0,0,4,0          8
E5_E9_missing_RLAST,5541,1,0,0,1,0,1,0,0,1,0,0,0,1,0,1,0,0,16,0,1,0,0,4,0          8
E5_E9_missing_RLAST,5542,1,0,0,1,0,1,0,0,1,0,0,0,1,0,1,0,0,16,0,1,0,0,4,0          8
E5_E9_missing_RLAST,5543,1,0,0,1,0,1,0,0,1,0,0,0,1,0,1,0,0,16,0,1,0,0,4,0          8
E5_E9_missing_RLAST,5544,1,0,0,1,0,1,0,0,1,0,0,0,1,0,1,0,0,16,0,1,0,0,4,0          8
E5_E9_missing_RLAST,5545,1,0,0,1,0,1,0,0,1,0,0,0,1,0,1,0,0,16,0,1,0,0,4,0          8
E5_E9_missing_RLAST,5546,1,0,0,1,0,1,0,0,1,0,0,0,1,0,1,0,0,16,0,1,0,0,4,0          8
E5_E9_missing_RLAST,5547,1,0,0,1,0,1,0,0,1,0,0,0,1,0,1,0,0,16,0,1,0,0,4,0          8
E5_E9_missing_RLAST,5548,1,0,0,1,0,1,0,0,1,0,0,0,1,0,1,0,0,16,0,1,0,0,4,0          8
E5_E9_missing_RLAST,5549,1,0,0,1,0,1,0,0,1,0,0,0,1,0,1,0,0,16,0,1,0,0,4,0          8
E5_E9_missing_RLAST,5550,1,0,0,1,0,1,0,0,1,0,0,0,1,0,1,0,0,16,0,1,0,0,4,0          8
E5_E9_missing_RLAST,5551,1,0,0,1,0,1,0,0,1,0,0,0,1,0,1,0,0,16,0,1,0,0,4,0          8
E5_E9_missing_RLAST,5552,1,0,0,1,0,1,0,0,1,0,0,0,1,0,1,0,0,16,0,1,0,0,4,0          8
E5_E9_missing_RLAST,5553,1,0,0,1,0,1,0,0,1,0,0,0,1,0,1,0,0,16,0,1,0,0,4,0          8
E5_E9_missing_RLAST,5554,1,0,0,1,0,1,0,0,1,0,0,0,1,0,1,0,0,16,0,1,0,0,4,0          8
E5_E9_missing_RLAST,5555,1,0,0,1,0,1,0,0,1,0,0,0,1,0,1,0,0,16,0,1,0,0,4,0          8
E5_E9_missing_RLAST,5556,1,0,0,1,0,1,0,0,1,0,0,0,1,0,1,0,0,16,0,1,0,0,4,0          8
E5_E9_missing_RLAST,5557,1,0,0,1,0,1,0,0,1,0,0,0,1,0,1,0,0,16,0,1,0,0,4,0          8
E5_E9_missing_RLAST,5558,1,0,0,1,0,1,0,0,1,0,0,0,1,0,1,0,0,16,0,1,0,0,4,0          8
E5_E9_missing_RLAST,5559,1,0,0,1,0,1,0,0,1,0,0,0,1,0,1,0,0,16,0,1,0,0,4,0          8
E5_E9_missing_RLAST,5560,1,0,0,1,0,1,0,0,1,0,0,0,1,0,1,0,0,16,0,1,0,0,4,0          8
E5_E9_missing_RLAST,5561,1,0,0,1,0,1,0,0,1,0,0,0,1,0,1,0,0,16,0,1,0,0,4,0          8
E5_E9_missing_RLAST,5562,1,0,0,1,0,1,0,0,1,0,0,0,1,0,1,0,0,16,0,1,0,0,4,0          8
E5_E9_missing_RLAST,5563,1,0,0,1,0,1,0,0,1,0,0,0,1,0,1,0,0,16,0,1,0,0,4,0          8
E5_E9_missing_RLAST,5564,1,0,0,1,0,1,0,0,1,0,0,0,1,0,1,0,0,16,0,1,0,0,4,0          8
E5_E9_missing_RLAST,5565,1,0,0,1,0,1,0,0,1,0,0,0,1,0,1,0,0,16,0,1,0,0,4,0          8
E5_E9_missing_RLAST,5566,1,0,0,1,0,1,0,0,1,0,0,0,1,0,1,0,0,16,0,1,0,0,4,0          8
E5_E9_missing_RLAST,5567,1,0,0,1,0,1,0,0,1,0,0,0,1,0,1,0,0,16,0,1,0,0,4,0          8
E5_E9_missing_RLAST,5568,1,0,0,1,0,1,0,0,1,0,0,0,1,0,1,0,0,16,0,1,0,0,4,0          8
E5_E9_missing_RLAST,5569,1,0,0,1,0,1,0,0,1,0,0,0,1,0,1,0,0,16,0,1,0,0,4,0          8
E5_E9_missing_RLAST,5570,1,0,0,1,0,1,0,0,1,0,0,0,1,0,1,0,0,16,0,1,0,0,4,0          8
E5_E9_missing_RLAST,5571,1,0,0,1,0,1,0,0,1,0,0,0,1,0,1,0,0,16,0,1,0,0,4,0          8
E5_E9_missing_RLAST,5572,1,0,0,1,0,1,0,0,1,0,0,0,1,0,1,0,0,16,0,1,0,0,4,0          8
E5_E9_missing_RLAST,5573,1,0,0,1,0,1,0,0,1,0,0,0,1,0,1,0,0,16,0,1,0,0,4,0          8
E5_E9_missing_RLAST,5574,1,0,0,1,0,1,0,0,1,0,0,0,1,0,1,0,0,16,0,1,0,0,4,0          8
E5_E9_missing_RLAST,5575,1,0,0,1,0,1,0,0,1,0,0,0,1,0,1,0,0,16,0,1,0,0,4,0          8
E5_E9_missing_RLAST,5576,1,0,0,1,0,1,0,0,1,0,0,0,1,0,1,0,0,16,0,1,0,0,4,0          8
E5_E9_missing_RLAST,5577,1,0,0,1,0,1,0,0,1,0,0,0,1,0,1,0,0,16,0,1,0,0,4,0          8
E5_E9_missing_RLAST,5578,1,0,0,1,0,1,0,0,1,0,0,0,1,0,1,0,0,16,0,1,0,0,4,0          8
E5_E9_missing_RLAST,5579,1,0,0,1,0,1,0,0,1,0,0,0,1,0,1,0,0,16,0,1,0,0,4,0          8
E5_E9_missing_RLAST,5580,1,0,0,1,0,1,0,0,1,0,0,0,1,0,1,0,0,16,0,1,0,0,4,0          8
E5_E9_missing_RLAST,5581,1,0,0,1,0,1,0,0,1,0,0,0,1,0,1,0,0,16,0,1,0,0,4,0          8
E5_E9_missing_RLAST,5582,1,0,0,1,0,1,0,0,1,0,0,0,1,0,1,0,0,16,0,1,0,0,4,0          8
E5_E9_missing_RLAST,5583,1,0,0,1,0,1,0,0,1,0,0,0,1,0,1,0,0,16,0,1,0,0,4,0          8
E5_E9_missing_RLAST,5584,1,0,0,1,0,1,0,0,1,0,0,0,1,0,1,0,0,16,0,1,0,0,4,0          8
E5_E9_missing_RLAST,5585,1,0,0,1,0,1,0,0,1,0,0,0,1,0,1,0,0,16,0,1,0,0,4,0          8
E5_E9_missing_RLAST,5586,1,0,0,1,0,1,0,0,1,0,0,0,1,0,1,0,0,16,0,1,0,0,4,0          8
E5_E9_missing_RLAST,5587,1,0,0,1,0,1,0,0,1,0,0,0,1,0,1,0,0,16,0,1,0,0,4,0          8
E5_E9_missing_RLAST,5588,1,0,0,1,0,1,0,0,1,0,0,0,1,0,1,0,0,16,0,1,0,0,4,0          8
E5_E9_missing_RLAST,5589,1,0,0,1,0,1,0,0,1,0,0,0,1,0,1,0,0,16,0,1,0,0,4,0          8
E5_E9_missing_RLAST,5590,1,0,0,1,0,1,0,0,1,0,0,0,1,0,1,0,0,16,0,1,0,0,4,0          8
E5_E9_missing_RLAST,5591,1,0,0,1,0,1,0,0,1,0,0,0,1,0,1,0,0,16,0,1,0,0,4,0          8
E5_E9_missing_RLAST,5592,1,0,0,1,0,1,0,0,1,0,0,0,1,0,1,0,0,16,0,1,0,0,4,0          8
E5_E9_missing_RLAST,5593,1,0,0,1,0,1,0,0,1,0,0,0,1,0,1,0,0,16,0,1,0,0,4,0          8
E5_E9_missing_RLAST,5594,1,0,0,1,0,1,0,0,1,0,0,0,1,0,1,0,0,16,0,1,0,0,4,0          8
E5_E9_missing_RLAST,5595,1,0,0,1,0,1,0,0,1,0,0,0,1,0,1,0,0,16,0,1,0,0,4,0          8
E5_E9_missing_RLAST,5596,1,0,0,1,0,1,0,0,1,0,0,0,1,0,1,0,0,16,0,1,0,0,4,0          8
E5_E9_missing_RLAST,5597,1,0,0,1,0,1,0,0,1,0,0,0,1,0,1,0,0,16,0,1,0,0,4,0          8
E5_E9_missing_RLAST,5598,1,0,0,1,0,1,0,0,1,0,0,0,1,0,1,0,0,16,0,1,0,0,4,0          8
E5_E9_missing_RLAST,5599,1,0,0,1,0,1,0,0,1,0,0,0,1,0,1,0,0,16,0,1,0,0,4,0          8
E5_E9_missing_RLAST,5600,1,0,0,1,0,1,0,0,1,0,0,0,1,0,1,0,0,16,0,1,0,0,4,0          8
E5_E9_missing_RLAST,5601,1,0,0,1,0,1,0,0,1,0,0,0,1,0,1,0,0,16,0,1,0,0,4,0          8
E5_E9_missing_RLAST,5602,1,0,0,1,0,1,0,0,1,0,0,0,1,0,1,0,0,16,0,1,0,0,4,0          8
E5_E9_missing_RLAST,5603,1,0,0,1,0,1,0,0,1,0,0,0,1,0,1,0,0,16,0,1,0,0,4,0          8
E5_E9_missing_RLAST,5606,1,0,0,0,0,0,0,0,0,0,0,0,0,0,0,0,0,16,0,1,0,0,0,0          8
E5_E9_missing_RLAST,5607,1,0,0,0,0,0,0,0,1,0,0,0,1,0,1,0,0,16,0,1,0,0,0,0          8
E5_recovery_after_missing,5608,1,1,0,0,0,0,0,0,1,0,0,0,1,0,1,0,0,0,0,0,0,0,0,0          8
E5_recovery_after_missing,5609,1,0,0,1,0,0,0,0,1,0,0,0,1,0,1,0,0,0,0,0,0,0,1,0          8
E5_recovery_after_missing,5610,1,0,0,1,0,0,0,1,1,0,0,0,1,0,1,0,0,0,0,1,0,0,2,0          8
E5_recovery_after_missing,5611,1,0,0,1,0,0,0,0,0,1,1,0,1,0,1,0,0,1,0,1,0,0,3,0          8
E5_recovery_after_missing,5612,1,0,0,1,0,0,0,0,0,1,1,0,1,0,1,0,0,2,0,1,0,0,3,0          8
E5_recovery_after_missing,5613,1,0,0,1,0,0,0,0,0,1,1,0,1,0,1,0,0,3,0,1,0,0,3,0          8
E5_recovery_after_missing,5614,1,0,0,1,0,0,0,0,0,1,1,0,1,0,1,0,0,4,0,1,0,0,3,0          8
E5_recovery_after_missing,5615,1,0,0,1,0,0,0,0,0,1,1,0,1,0,1,0,0,5,0,1,0,0,3,0          8
E5_recovery_after_missing,5616,1,0,0,1,0,0,0,0,0,1,1,0,1,0,1,0,0,6,0,1,0,0,3,0          8
E5_recovery_after_missing,5617,1,0,0,1,0,0,0,0,0,1,1,0,1,0,1,0,0,7,0,1,0,0,3,0          8
E5_recovery_after_missing,5618,1,0,0,1,0,0,0,0,0,1,1,0,1,0,1,0,0,8,0,1,0,0,3,0          8
E5_recovery_after_missing,5619,1,0,0,1,0,0,0,0,0,1,1,0,1,0,1,0,0,9,0,1,0,0,3,0          8
E5_recovery_after_missing,5620,1,0,0,1,0,0,0,0,0,1,1,0,1,0,1,0,0,10,0,1,0,0,3,0          8
E5_recovery_after_missing,5621,1,0,0,1,0,0,0,0,0,1,1,0,1,0,1,0,0,11,0,1,0,0,3,0          8
E5_recovery_after_missing,5622,1,0,0,1,0,0,0,0,0,1,1,0,1,0,1,0,0,12,0,1,0,0,3,0          8
E5_recovery_after_missing,5623,1,0,0,1,0,0,0,0,0,1,1,0,1,0,1,0,0,13,0,1,0,0,3,0          8
E5_recovery_after_missing,5624,1,0,0,1,0,0,0,0,0,1,1,0,1,0,1,0,0,14,0,1,0,0,3,0          8
E5_recovery_after_missing,5625,1,0,0,1,0,0,0,0,0,1,1,0,1,0,1,0,0,15,0,1,0,0,3,0          8
E5_recovery_after_missing,5626,1,0,0,1,0,0,0,0,0,1,1,0,1,0,1,0,0,16,0,1,0,0,3,0          8
