case,cycle,resetn,rd_start,wr_start,rd_busy,wr_busy,rd_err,wr_err,arvalid,arready,rvalid,rready,awvalid,awready,wvalid,wready,bvalid,bready,R,W,AR,AW,B,rd_state,wr_state,injections
E7_AR_stall,1102,1,0,0,0,0,0,0,0,0,0,0,0,0,0,0,0,0,x,x,x,x,x,0,0          0
E7_AR_stall,1103,1,0,0,0,0,0,0,0,1,0,0,0,1,0,1,0,0,x,x,x,x,x,0,0          0
E7_AR_stall,1104,1,0,0,0,0,0,0,0,1,0,0,0,1,0,1,0,0,0,0,0,0,0,0,0          0
E7_AR_stall,1105,1,0,0,0,0,0,0,0,0,0,0,0,1,0,1,0,0,0,0,0,0,0,0,0          0
E7_AR_stall,1106,1,1,0,0,0,0,0,0,0,0,0,0,1,0,1,0,0,0,0,0,0,0,0,0          0
E7_AR_stall,1107,1,0,0,1,0,0,0,0,0,0,0,0,1,0,1,0,0,0,0,0,0,0,1,0          0
E7_AR_stall,1108,1,0,0,1,0,0,0,1,0,0,0,0,1,0,1,0,0,0,0,0,0,0,2,0          0
E7_AR_stall,1109,1,0,0,1,0,0,0,1,0,0,0,0,1,0,1,0,0,0,0,0,0,0,2,0          0
E7_AR_stall,1110,1,0,0,1,0,0,0,1,0,0,0,0,1,0,1,0,0,0,0,0,0,0,2,0          0
E7_AR_stall,1111,1,0,0,1,0,0,0,1,0,0,0,0,1,0,1,0,0,0,0,0,0,0,2,0          0
E7_AR_stall,1112,1,0,0,1,0,0,0,1,0,0,0,0,1,0,1,0,0,0,0,0,0,0,2,0          0
E7_AR_stall,1113,1,0,0,1,0,0,0,1,0,0,0,0,1,0,1,0,0,0,0,0,0,0,2,0          0
E7_AR_stall,1114,1,0,0,1,0,0,0,1,0,0,0,0,1,0,1,0,0,0,0,0,0,0,2,0          0
E7_AR_stall,1115,1,0,0,1,0,0,0,1,0,0,0,0,1,0,1,0,0,0,0,0,0,0,2,0          0
E7_AR_stall,1116,1,0,0,1,0,1,0,1,0,0,0,0,1,0,1,0,0,0,0,0,0,0,2,0          0
E7_AR_stall,1117,1,0,0,1,0,1,0,1,0,0,0,0,1,0,1,0,0,0,0,0,0,0,2,0          0
E7_AR_stall,1118,1,0,0,1,0,1,0,1,0,0,0,0,1,0,1,0,0,0,0,0,0,0,2,0          0
E7_AR_stall,1119,1,0,0,1,0,1,0,1,0,0,0,0,1,0,1,0,0,0,0,0,0,0,2,0          0
E7_AR_stall,1120,1,0,0,1,0,1,0,1,0,0,0,0,1,0,1,0,0,0,0,0,0,0,2,0          0
E7_AR_stall,1121,1,0,0,1,0,1,0,1,0,0,0,0,1,0,1,0,0,0,0,0,0,0,2,0          0
E7_AR_stall,1122,1,0,0,1,0,1,0,1,0,0,0,0,1,0,1,0,0,0,0,0,0,0,2,0          0
E7_AR_stall,1123,1,0,0,1,0,1,0,1,0,0,0,0,1,0,1,0,0,0,0,0,0,0,2,0          0
E7_AR_stall,1124,1,0,0,1,0,1,0,1,0,0,0,0,1,0,1,0,0,0,0,0,0,0,2,0          0
E7_AR_stall,1125,1,0,0,1,0,1,0,1,0,0,0,0,1,0,1,0,0,0,0,0,0,0,2,0          0
E7_AR_stall,1126,1,0,0,1,0,1,0,1,0,0,0,0,1,0,1,0,0,0,0,0,0,0,2,0          0
E7_AR_stall,1127,1,0,0,1,0,1,0,1,0,0,0,0,1,0,1,0,0,0,0,0,0,0,2,0          0
E7_AR_stall,1128,1,0,0,1,0,1,0,1,0,0,0,0,1,0,1,0,0,0,0,0,0,0,2,0          0
E7_AR_stall,1129,1,0,0,1,0,1,0,1,0,0,0,0,1,0,1,0,0,0,0,0,0,0,2,0          0
E7_AR_stall,1130,1,0,0,1,0,1,0,1,0,0,0,0,1,0,1,0,0,0,0,0,0,0,2,0          0
E7_AR_stall,1131,1,0,0,1,0,1,0,1,0,0,0,0,1,0,1,0,0,0,0,0,0,0,2,0          0
E7_AR_stall,1132,1,0,0,1,0,1,0,1,0,0,0,0,1,0,1,0,0,0,0,0,0,0,2,0          0
E7_AR_stall,1133,1,0,0,1,0,1,0,1,1,0,0,0,1,0,1,0,0,0,0,1,0,0,2,0          0
E7_AR_stall,1134,1,0,0,1,0,1,0,0,0,1,1,0,1,0,1,0,0,1,0,1,0,0,3,0          0
E7_AR_stall,1135,1,0,0,1,0,1,0,0,0,1,1,0,1,0,1,0,0,2,0,1,0,0,3,0          0
E7_AR_stall,1136,1,0,0,1,0,1,0,0,0,1,1,0,1,0,1,0,0,3,0,1,0,0,3,0          0
E7_AR_stall,1137,1,0,0,1,0,1,0,0,0,1,1,0,1,0,1,0,0,4,0,1,0,0,3,0          0
E7_AR_stall,1138,1,0,0,1,0,1,0,0,0,1,1,0,1,0,1,0,0,5,0,1,0,0,3,0          0
E7_AR_stall,1139,1,0,0,1,0,1,0,0,0,1,1,0,1,0,1,0,0,6,0,1,0,0,3,0          0
E7_AR_stall,1140,1,0,0,1,0,1,0,0,0,1,1,0,1,0,1,0,0,7,0,1,0,0,3,0          0
E7_AR_stall,1141,1,0,0,1,0,1,0,0,0,1,1,0,1,0,1,0,0,8,0,1,0,0,3,0          0
E7_AR_stall,1142,1,0,0,1,0,1,0,0,0,1,1,0,1,0,1,0,0,9,0,1,0,0,3,0          0
E7_AR_stall,1143,1,0,0,1,0,1,0,0,0,1,1,0,1,0,1,0,0,10,0,1,0,0,3,0          0
E7_AR_stall,1144,1,0,0,1,0,1,0,0,0,1,1,0,1,0,1,0,0,11,0,1,0,0,3,0          0
E7_AR_stall,1145,1,0,0,1,0,1,0,0,0,1,1,0,1,0,1,0,0,12,0,1,0,0,3,0          0
E7_AR_stall,1146,1,0,0,1,0,1,0,0,0,1,1,0,1,0,1,0,0,13,0,1,0,0,3,0          0
E7_AR_stall,1147,1,0,0,1,0,1,0,0,0,1,1,0,1,0,1,0,0,14,0,1,0,0,3,0          0
E7_AR_stall,1148,1,0,0,1,0,1,0,0,0,1,1,0,1,0,1,0,0,15,0,1,0,0,3,0          0
E7_AR_stall,1149,1,0,0,1,0,1,0,0,0,1,1,0,1,0,1,0,0,16,0,1,0,0,3,0          0
E7_AR_stall,1150,1,0,0,0,0,1,0,0,1,0,0,0,1,0,1,0,0,0,0,0,0,0,0,0          0
E7_AR_stall,1151,1,1,0,0,0,1,0,0,1,0,0,0,1,0,1,0,0,0,0,0,0,0,0,0          0
E7_AR_stall,1152,1,0,0,1,0,0,0,0,1,0,0,0,1,0,1,0,0,0,0,0,0,0,1,0          0
E7_AR_stall,1153,1,0,0,1,0,0,0,1,1,0,0,0,1,0,1,0,0,0,0,1,0,0,2,0          0
E7_AR_stall,1154,1,0,0,1,0,0,0,0,0,1,1,0,1,0,1,0,0,1,0,1,0,0,3,0          0
E7_R_stall,1155,1,0,0,0,0,0,0,0,1,0,0,0,1,0,1,0,0,1,0,1,0,0,0,0          0
E7_R_stall,1158,1,0,0,0,0,0,0,0,0,0,0,0,0,0,0,0,0,1,0,1,0,0,0,0          0
E7_R_stall,1159,1,0,0,0,0,0,0,0,1,0,0,0,1,0,1,0,0,1,0,1,0,0,0,0          0
E7_R_stall,1160,1,0,0,0,0,0,0,0,1,0,0,0,1,0,1,0,0,0,0,0,0,0,0,0          0
E7_R_stall,1161,1,0,0,0,0,0,0,0,1,0,0,0,1,0,1,0,0,0,0,0,0,0,0,0          0
E7_R_stall,1162,1,1,0,0,0,0,0,0,1,0,0,0,1,0,1,0,0,0,0,0,0,0,0,0          0
E7_R_stall,1163,1,0,0,1,0,0,0,0,1,0,0,0,1,0,1,0,0,0,0,0,0,0,1,0          0
E7_R_stall,1164,1,0,0,1,0,0,0,1,1,0,0,0,1,0,1,0,0,0,0,1,0,0,2,0          0
E7_R_stall,1165,1,0,0,1,0,0,0,0,0,0,1,0,1,0,1,0,0,0,0,1,0,0,3,0          0
E7_R_stall,1166,1,0,0,1,0,0,0,0,0,0,1,0,1,0,1,0,0,0,0,1,0,0,3,0          0
E7_R_stall,1167,1,0,0,1,0,0,0,0,0,0,1,0,1,0,1,0,0,0,0,1,0,0,3,0          0
E7_R_stall,1168,1,0,0,1,0,0,0,0,0,0,1,0,1,0,1,0,0,0,0,1,0,0,3,0          0
E7_R_stall,1169,1,0,0,1,0,0,0,0,0,0,1,0,1,0,1,0,0,0,0,1,0,0,3,0          0
E7_R_stall,1170,1,0,0,1,0,0,0,0,0,0,1,0,1,0,1,0,0,0,0,1,0,0,3,0          0
E7_R_stall,1171,1,0,0,1,0,0,0,0,0,0,1,0,1,0,1,0,0,0,0,1,0,0,3,0          0
E7_R_stall,1172,1,0,0,1,0,0,0,0,0,0,1,0,1,0,1,0,0,0,0,1,0,0,3,0          0
E7_R_stall,1173,1,0,0,1,0,1,0,0,0,0,1,0,1,0,1,0,0,0,0,1,0,0,3,0          0
E7_R_stall,1174,1,0,0,1,0,1,0,0,0,0,1,0,1,0,1,0,0,0,0,1,0,0,3,0          0
E7_R_stall,1175,1,0,0,1,0,1,0,0,0,0,1,0,1,0,1,0,0,0,0,1,0,0,3,0          0
E7_R_stall,1176,1,0,0,1,0,1,0,0,0,0,1,0,1,0,1,0,0,0,0,1,0,0,3,0          0
E7_R_stall,1177,1,0,0,1,0,1,0,0,0,0,1,0,1,0,1,0,0,0,0,1,0,0,3,0          0
E7_R_stall,1178,1,0,0,1,0,1,0,0,0,0,1,0,1,0,1,0,0,0,0,1,0,0,3,0          0
E7_R_stall,1179,1,0,0,1,0,1,0,0,0,0,1,0,1,0,1,0,0,0,0,1,0,0,3,0          0
E7_R_stall,1180,1,0,0,1,0,1,0,0,0,0,1,0,1,0,1,0,0,0,0,1,0,0,3,0          0
E7_R_stall,1181,1,0,0,1,0,1,0,0,0,0,1,0,1,0,1,0,0,0,0,1,0,0,3,0          0
E7_R_stall,1182,1,0,0,1,0,1,0,0,0,0,1,0,1,0,1,0,0,0,0,1,0,0,3,0          0
E7_R_stall,1183,1,0,0,1,0,1,0,0,0,0,1,0,1,0,1,0,0,0,0,1,0,0,3,0          0
E7_R_stall,1184,1,0,0,1,0,1,0,0,0,0,1,0,1,0,1,0,0,0,0,1,0,0,3,0          0
E7_R_stall,1185,1,0,0,1,0,1,0,0,0,0,1,0,1,0,1,0,0,0,0,1,0,0,3,0          0
E7_R_stall,1186,1,0,0,1,0,1,0,0,0,0,1,0,1,0,1,0,0,0,0,1,0,0,3,0          0
E7_R_stall,1187,1,0,0,1,0,1,0,0,0,0,1,0,1,0,1,0,0,0,0,1,0,0,3,0          0
E7_R_stall,1188,1,0,0,1,0,1,0,0,0,0,1,0,1,0,1,0,0,0,0,1,0,0,3,0          0
E7_R_stall,1189,1,0,0,1,0,1,0,0,0,0,1,0,1,0,1,0,0,0,0,1,0,0,3,0          0
E7_R_stall,1190,1,0,0,1,0,1,0,0,0,0,1,0,1,0,1,0,0,0,0,1,0,0,3,0          0
E7_R_stall,1191,1,0,0,1,0,1,0,0,0,0,1,0,1,0,1,0,0,0,0,1,0,0,3,0          0
E7_R_stall,1192,1,0,0,1,0,1,0,0,0,0,1,0,1,0,1,0,0,0,0,1,0,0,3,0          0
E7_R_stall,1193,1,0,0,1,0,1,0,0,0,0,1,0,1,0,1,0,0,0,0,1,0,0,3,0          0
E7_R_stall,1194,1,0,0,1,0,1,0,0,0,0,1,0,1,0,1,0,0,0,0,1,0,0,3,0          0
E7_R_stall,1195,1,0,0,1,0,1,0,0,0,0,1,0,1,0,1,0,0,0,0,1,0,0,3,0          0
E7_R_stall,1196,1,0,0,1,0,1,0,0,0,0,1,0,1,0,1,0,0,0,0,1,0,0,3,0          0
E7_R_stall,1197,1,0,0,1,0,1,0,0,0,0,1,0,1,0,1,0,0,0,0,1,0,0,3,0          0
E7_R_stall,1198,1,0,0,1,0,1,0,0,0,0,1,0,1,0,1,0,0,0,0,1,0,0,3,0          0
E7_R_stall,1199,1,0,0,1,0,1,0,0,0,0,1,0,1,0,1,0,0,0,0,1,0,0,3,0          0
E7_R_stall,1200,1,0,0,1,0,1,0,0,0,0,1,0,1,0,1,0,0,0,0,1,0,0,3,0          0
E7_R_stall,1201,1,0,0,1,0,1,0,0,0,0,1,0,1,0,1,0,0,0,0,1,0,0,3,0          0
E7_R_stall,1202,1,0,0,1,0,1,0,0,0,0,1,0,1,0,1,0,0,0,0,1,0,0,3,0          0
E7_R_stall,1203,1,0,0,1,0,1,0,0,0,0,1,0,1,0,1,0,0,0,0,1,0,0,3,0          0
E7_R_stall,1204,1,0,0,1,0,1,0,0,0,0,1,0,1,0,1,0,0,0,0,1,0,0,3,0          0
E7_R_stall,1205,1,0,0,1,0,1,0,0,0,0,1,0,1,0,1,0,0,0,0,1,0,0,3,0          0
E7_R_stall,1206,1,0,0,1,0,1,0,0,0,0,1,0,1,0,1,0,0,0,0,1,0,0,3,0          0
E7_R_stall,1207,1,0,0,1,0,1,0,0,0,0,1,0,1,0,1,0,0,0,0,1,0,0,3,0          0
E7_R_stall,1208,1,0,0,1,0,1,0,0,0,0,1,0,1,0,1,0,0,0,0,1,0,0,3,0          0
E7_R_stall,1209,1,0,0,1,0,1,0,0,0,0,1,0,1,0,1,0,0,0,0,1,0,0,3,0          0
E7_R_stall,1210,1,0,0,1,0,1,0,0,0,0,1,0,1,0,1,0,0,0,0,1,0,0,3,0          0
E7_R_stall,1211,1,0,0,1,0,1,0,0,0,0,1,0,1,0,1,0,0,0,0,1,0,0,3,0          0
E7_R_stall,1212,1,0,0,1,0,1,0,0,0,0,1,0,1,0,1,0,0,0,0,1,0,0,3,0          0
E7_R_stall,1213,1,0,0,1,0,1,0,0,0,0,1,0,1,0,1,0,0,0,0,1,0,0,3,0          0
E7_R_stall,1214,1,0,0,1,0,1,0,0,0,0,1,0,1,0,1,0,0,0,0,1,0,0,3,0          0
E7_R_stall,1215,1,0,0,1,0,1,0,0,0,0,1,0,1,0,1,0,0,0,0,1,0,0,3,0          0
E7_R_stall,1216,1,0,0,1,0,1,0,0,0,0,1,0,1,0,1,0,0,0,0,1,0,0,3,0          0
E7_R_stall,1217,1,0,0,1,0,1,0,0,0,0,1,0,1,0,1,0,0,0,0,1,0,0,3,0          0
E7_R_stall,1218,1,0,0,1,0,1,0,0,0,0,1,0,1,0,1,0,0,0,0,1,0,0,3,0          0
E7_R_stall,1219,1,0,0,1,0,1,0,0,0,0,1,0,1,0,1,0,0,0,0,1,0,0,3,0          0
E7_R_stall,1220,1,0,0,1,0,1,0,0,0,0,1,0,1,0,1,0,0,0,0,1,0,0,3,0          0
E7_R_stall,1221,1,0,0,1,0,1,0,0,0,0,1,0,1,0,1,0,0,0,0,1,0,0,3,0          0
E7_R_stall,1222,1,0,0,1,0,1,0,0,0,0,1,0,1,0,1,0,0,0,0,1,0,0,3,0          0
E7_R_stall,1223,1,0,0,1,0,1,0,0,0,0,1,0,1,0,1,0,0,0,0,1,0,0,3,0          0
E7_R_stall,1224,1,0,0,1,0,1,0,0,0,0,1,0,1,0,1,0,0,0,0,1,0,0,3,0          0
E7_R_stall,1225,1,0,0,1,0,1,0,0,0,0,1,0,1,0,1,0,0,0,0,1,0,0,3,0          0
E7_R_stall,1226,1,0,0,1,0,1,0,0,0,0,1,0,1,0,1,0,0,0,0,1,0,0,3,0          0
E7_R_stall,1227,1,0,0,1,0,1,0,0,0,0,1,0,1,0,1,0,0,0,0,1,0,0,3,0          0
E7_R_stall,1228,1,0,0,1,0,1,0,0,0,0,1,0,1,0,1,0,0,0,0,1,0,0,3,0          0
E7_R_stall,1229,1,0,0,1,0,1,0,0,0,1,1,0,1,0,1,0,0,1,0,1,0,0,3,0          0
E7_R_stall,1230,1,0,0,1,0,1,0,0,0,1,1,0,1,0,1,0,0,2,0,1,0,0,3,0          0
E7_R_stall,1231,1,0,0,1,0,1,0,0,0,1,1,0,1,0,1,0,0,3,0,1,0,0,3,0          0
E7_R_stall,1232,1,0,0,1,0,1,0,0,0,1,1,0,1,0,1,0,0,4,0,1,0,0,3,0          0
E7_R_stall,1233,1,0,0,1,0,1,0,0,0,1,1,0,1,0,1,0,0,5,0,1,0,0,3,0          0
E7_R_stall,1234,1,0,0,1,0,1,0,0,0,1,1,0,1,0,1,0,0,6,0,1,0,0,3,0          0
E7_R_stall,1235,1,0,0,1,0,1,0,0,0,1,1,0,1,0,1,0,0,7,0,1,0,0,3,0          0
E7_R_stall,1236,1,0,0,1,0,1,0,0,0,1,1,0,1,0,1,0,0,8,0,1,0,0,3,0          0
E7_R_stall,1237,1,0,0,1,0,1,0,0,0,1,1,0,1,0,1,0,0,9,0,1,0,0,3,0          0
E7_R_stall,1238,1,0,0,1,0,1,0,0,0,1,1,0,1,0,1,0,0,10,0,1,0,0,3,0          0
E7_R_stall,1239,1,0,0,1,0,1,0,0,0,1,1,0,1,0,1,0,0,11,0,1,0,0,3,0          0
E7_R_stall,1240,1,0,0,1,0,1,0,0,0,1,1,0,1,0,1,0,0,12,0,1,0,0,3,0          0
E7_R_stall,1241,1,0,0,1,0,1,0,0,0,1,1,0,1,0,1,0,0,13,0,1,0,0,3,0          0
E7_R_stall,1242,1,0,0,1,0,1,0,0,0,1,1,0,1,0,1,0,0,14,0,1,0,0,3,0          0
E7_R_stall,1243,1,0,0,1,0,1,0,0,0,1,1,0,1,0,1,0,0,15,0,1,0,0,3,0          0
E7_R_stall,1244,1,0,0,1,0,1,0,0,0,1,1,0,1,0,1,0,0,16,0,1,0,0,3,0          0
E7_R_stall,1245,1,0,0,0,0,1,0,0,1,0,0,0,1,0,1,0,0,0,0,0,0,0,0,0          0
E7_R_stall,1246,1,1,0,0,0,1,0,0,1,0,0,0,1,0,1,0,0,0,0,0,0,0,0,0          0
E7_R_stall,1247,1,0,0,1,0,0,0,0,1,0,0,0,1,0,1,0,0,0,0,0,0,0,1,0          0
E7_R_stall,1248,1,0,0,1,0,0,0,1,1,0,0,0,1,0,1,0,0,0,0,1,0,0,2,0          0
E7_R_stall,1249,1,0,0,1,0,0,0,0,0,1,1,0,1,0,1,0,0,1,0,1,0,0,3,0          0
E7_AW_W_stall,1250,1,0,0,0,0,0,0,0,1,0,0,0,1,0,1,0,0,1,0,1,0,0,0,0          0
E7_AW_W_stall,1253,1,0,0,0,0,0,0,0,0,0,0,0,0,0,0,0,0,1,0,1,0,0,0,0          0
E7_AW_W_stall,1254,1,0,0,0,0,0,0,0,1,0,0,0,1,0,1,0,0,1,0,1,0,0,0,0          0
E7_AW_W_stall,1255,1,0,0,0,0,0,0,0,1,0,0,0,1,0,1,0,0,0,0,0,0,0,0,0          0
E7_AW_W_stall,1256,1,0,0,0,0,0,0,0,1,0,0,0,0,0,0,0,0,0,0,0,0,0,0,0          0
E7_AW_W_stall,1257,1,0,1,0,0,0,0,0,1,0,0,0,0,0,0,0,0,0,0,0,0,0,0,0          0
E7_AW_W_stall,1258,1,0,0,0,1,0,0,0,1,0,0,0,0,0,0,0,0,0,0,0,0,0,0,1          0
E7_AW_W_stall,1259,1,0,0,0,1,0,0,0,1,0,0,1,0,1,0,0,0,0,0,0,0,0,0,2          0
E7_AW_W_stall,1260,1,0,0,0,1,0,0,0,1,0,0,1,0,1,0,0,0,0,0,0,0,0,0,2          0
E7_AW_W_stall,1261,1,0,0,0,1,0,0,0,1,0,0,1,0,1,0,0,0,0,0,0,0,0,0,2          0
E7_AW_W_stall,1262,1,0,0,0,1,0,0,0,1,0,0,1,0,1,0,0,0,0,0,0,0,0,0,2          0
E7_AW_W_stall,1263,1,0,0,0,1,0,0,0,1,0,0,1,0,1,0,0,0,0,0,0,0,0,0,2          0
E7_AW_W_stall,1264,1,0,0,0,1,0,0,0,1,0,0,1,0,1,0,0,0,0,0,0,0,0,0,2          0
E7_AW_W_stall,1265,1,0,0,0,1,0,0,0,1,0,0,1,0,1,0,0,0,0,0,0,0,0,0,2          0
E7_AW_W_stall,1266,1,0,0,0,1,0,0,0,1,0,0,1,0,1,0,0,0,0,0,0,0,0,0,2          0
E7_AW_W_stall,1267,1,0,0,0,1,0,1,0,1,0,0,1,0,1,0,0,0,0,0,0,0,0,0,2          0
E7_AW_W_stall,1268,1,0,0,0,1,0,1,0,1,0,0,1,0,1,0,0,0,0,0,0,0,0,0,2          0
E7_AW_W_stall,1269,1,0,0,0,1,0,1,0,1,0,0,1,0,1,0,0,0,0,0,0,0,0,0,2          0
E7_AW_W_stall,1270,1,0,0,0,1,0,1,0,1,0,0,1,0,1,0,0,0,0,0,0,0,0,0,2          0
E7_AW_W_stall,1271,1,0,0,0,1,0,1,0,1,0,0,1,0,1,0,0,0,0,0,0,0,0,0,2          0
E7_AW_W_stall,1272,1,0,0,0,1,0,1,0,1,0,0,1,0,1,0,0,0,0,0,0,0,0,0,2          0
E7_AW_W_stall,1273,1,0,0,0,1,0,1,0,1,0,0,1,0,1,0,0,0,0,0,0,0,0,0,2          0
E7_AW_W_stall,1274,1,0,0,0,1,0,1,0,1,0,0,1,0,1,0,0,0,0,0,0,0,0,0,2          0
E7_AW_W_stall,1275,1,0,0,0,1,0,1,0,1,0,0,1,0,1,0,0,0,0,0,0,0,0,0,2          0
E7_AW_W_stall,1276,1,0,0,0,1,0,1,0,1,0,0,1,0,1,0,0,0,0,0,0,0,0,0,2          0
E7_AW_W_stall,1277,1,0,0,0,1,0,1,0,1,0,0,1,0,1,0,0,0,0,0,0,0,0,0,2          0
E7_AW_W_stall,1278,1,0,0,0,1,0,1,0,1,0,0,1,0,1,0,0,0,0,0,0,0,0,0,2          0
E7_AW_W_stall,1279,1,0,0,0,1,0,1,0,1,0,0,1,0,1,0,0,0,0,0,0,0,0,0,2          0
E7_AW_W_stall,1280,1,0,0,0,1,0,1,0,1,0,0,1,0,1,0,0,0,0,0,0,0,0,0,2          0
E7_AW_W_stall,1281,1,0,0,0,1,0,1,0,1,0,0,1,0,1,0,0,0,0,0,0,0,0,0,2          0
E7_AW_W_stall,1282,1,0,0,0,1,0,1,0,1,0,0,1,0,1,0,0,0,0,0,0,0,0,0,2          0
E7_AW_W_stall,1283,1,0,0,0,1,0,1,0,1,0,0,1,0,1,0,0,0,0,0,0,0,0,0,2          0
E7_AW_W_stall,1284,1,0,0,0,1,0,1,0,1,0,0,1,1,1,1,0,0,0,1,0,1,0,0,2          0
E7_AW_W_stall,1285,1,0,0,0,1,0,1,0,1,0,0,0,0,1,1,0,0,0,2,0,1,0,0,2          0
E7_AW_W_stall,1286,1,0,0,0,1,0,1,0,1,0,0,0,0,1,1,0,0,0,3,0,1,0,0,2          0
E7_AW_W_stall,1287,1,0,0,0,1,0,1,0,1,0,0,0,0,1,1,0,0,0,4,0,1,0,0,2          0
E7_AW_W_stall,1288,1,0,0,0,1,0,1,0,1,0,0,0,0,1,1,0,0,0,5,0,1,0,0,2          0
E7_AW_W_stall,1289,1,0,0,0,1,0,1,0,1,0,0,0,0,1,1,0,0,0,6,0,1,0,0,2          0
E7_AW_W_stall,1290,1,0,0,0,1,0,1,0,1,0,0,0,0,1,1,0,0,0,7,0,1,0,0,2          0
E7_AW_W_stall,1291,1,0,0,0,1,0,1,0,1,0,0,0,0,1,1,0,0,0,8,0,1,0,0,2          0
E7_AW_W_stall,1292,1,0,0,0,1,0,1,0,1,0,0,0,0,1,1,0,0,0,9,0,1,0,0,2          0
E7_AW_W_stall,1293,1,0,0,0,1,0,1,0,1,0,0,0,0,1,1,0,0,0,10,0,1,0,0,2          0
E7_AW_W_stall,1294,1,0,0,0,1,0,1,0,1,0,0,0,0,1,1,0,0,0,11,0,1,0,0,2          0
E7_AW_W_stall,1295,1,0,0,0,1,0,1,0,1,0,0,0,0,1,1,0,0,0,12,0,1,0,0,2          0
E7_AW_W_stall,1296,1,0,0,0,1,0,1,0,1,0,0,0,0,1,1,0,0,0,13,0,1,0,0,2          0
E7_AW_W_stall,1297,1,0,0,0,1,0,1,0,1,0,0,0,0,1,1,0,0,0,14,0,1,0,0,2          0
E7_AW_W_stall,1298,1,0,0,0,1,0,1,0,1,0,0,0,0,1,1,0,0,0,15,0,1,0,0,2          0
E7_AW_W_stall,1299,1,0,0,0,1,0,1,0,1,0,0,0,0,1,1,0,0,0,16,0,1,0,0,2          0
E7_AW_W_stall,1300,1,0,0,0,1,0,1,0,1,0,0,0,0,0,0,1,1,0,16,0,1,1,0,3          0
E7_AW_W_stall,1301,1,0,0,0,0,0,1,0,1,0,0,0,1,0,0,0,0,0,16,0,1,1,0,0          0
E7_AW_W_stall,1302,1,1,0,0,0,0,1,0,1,0,0,0,1,0,1,0,0,0,16,0,1,1,0,0          0
E7_AW_W_stall,1303,1,0,0,1,0,0,1,0,1,0,0,0,1,0,1,0,0,0,16,0,1,1,1,0          0
E7_AW_W_stall,1304,1,0,0,1,0,0,1,1,1,0,0,0,1,0,1,0,0,0,16,1,1,1,2,0          0
E7_AW_W_stall,1305,1,0,0,1,0,0,1,0,0,1,1,0,1,0,1,0,0,1,16,1,1,1,3,0          0
E7_AW_W_stall,1306,1,0,0,1,0,0,1,0,0,1,1,0,1,0,1,0,0,2,16,1,1,1,3,0          0
E7_AW_W_stall,1307,1,0,0,1,0,0,1,0,0,1,1,0,1,0,1,0,0,3,16,1,1,1,3,0          0
E7_AW_W_stall,1308,1,0,0,1,0,0,1,0,0,1,1,0,1,0,1,0,0,4,16,1,1,1,3,0          0
E7_AW_W_stall,1309,1,0,0,1,0,0,1,0,0,1,1,0,1,0,1,0,0,5,16,1,1,1,3,0          0
E7_AW_W_stall,1310,1,0,0,1,0,0,1,0,0,1,1,0,1,0,1,0,0,6,16,1,1,1,3,0          0
E7_AW_W_stall,1311,1,0,0,1,0,0,1,0,0,1,1,0,1,0,1,0,0,7,16,1,1,1,3,0          0
E7_AW_W_stall,1312,1,0,0,1,0,0,1,0,0,1,1,0,1,0,1,0,0,8,16,1,1,1,3,0          0
E7_AW_W_stall,1313,1,0,0,1,0,0,1,0,0,1,1,0,1,0,1,0,0,9,16,1,1,1,3,0          0
E7_AW_W_stall,1314,1,0,0,1,0,0,1,0,0,1,1,0,1,0,1,0,0,10,16,1,1,1,3,0          0
E7_AW_W_stall,1315,1,0,0,1,0,0,1,0,0,1,1,0,1,0,1,0,0,11,16,1,1,1,3,0          0
E7_AW_W_stall,1316,1,0,0,1,0,0,1,0,0,1,1,0,1,0,1,0,0,12,16,1,1,1,3,0          0
E7_AW_W_stall,1317,1,0,0,1,0,0,1,0,0,1,1,0,1,0,1,0,0,13,16,1,1,1,3,0          0
E7_AW_W_stall,1318,1,0,0,1,0,0,1,0,0,1,1,0,1,0,1,0,0,14,16,1,1,1,3,0          0
E7_AW_W_stall,1319,1,0,0,1,0,0,1,0,0,1,1,0,1,0,1,0,0,15,16,1,1,1,3,0          0
E7_AW_W_stall,1320,1,0,0,1,0,0,1,0,0,1,1,0,1,0,1,0,0,16,16,1,1,1,3,0          0
E7_AW_W_stall,1321,1,0,0,0,0,0,1,0,1,0,0,0,1,0,1,0,0,16,0,1,0,0,0,0          0
E7_AW_W_stall,1322,1,0,1,0,0,0,1,0,1,0,0,0,1,0,1,0,0,16,0,1,0,0,0,0          0
E7_AW_W_stall,1323,1,0,0,0,1,0,0,0,1,0,0,0,1,0,1,0,0,16,0,1,0,0,0,1          0
E7_AW_W_stall,1324,1,0,0,0,1,0,0,0,1,0,0,1,1,1,1,0,0,16,1,1,1,0,0,2          0
E7_AW_W_stall,1325,1,0,0,0,1,0,0,0,1,0,0,0,0,0,1,1,1,16,1,1,1,1,0,3          0
E7_B_stall,1326,1,0,0,0,0,0,0,0,1,0,0,0,1,0,0,0,0,16,1,1,1,1,0,0          0
E7_B_stall,1329,1,0,0,0,0,0,0,0,0,0,0,0,0,0,0,0,0,16,1,1,1,1,0,0          0
E7_B_stall,1330,1,0,0,0,0,0,0,0,1,0,0,0,1,0,1,0,0,16,1,1,1,1,0,0          0
E7_B_stall,1331,1,0,0,0,0,0,0,0,1,0,0,0,1,0,1,0,0,0,0,0,0,0,0,0          0
E7_B_stall,1332,1,0,0,0,0,0,0,0,1,0,0,0,1,0,1,0,0,0,0,0,0,0,0,0          0
E7_B_stall,1333,1,0,1,0,0,0,0,0,1,0,0,0,1,0,1,0,0,0,0,0,0,0,0,0          0
E7_B_stall,1334,1,0,0,0,1,0,0,0,1,0,0,0,1,0,1,0,0,0,0,0,0,0,0,1          0
E7_B_stall,1335,1,0,0,0,1,0,0,0,1,0,0,1,1,1,1,0,0,0,1,0,1,0,0,2          0
E7_B_stall,1336,1,0,0,0,1,0,0,0,1,0,0,0,0,1,1,0,0,0,2,0,1,0,0,2          0
E7_B_stall,1337,1,0,0,0,1,0,0,0,1,0,0,0,0,1,1,0,0,0,3,0,1,0,0,2          0
E7_B_stall,1338,1,0,0,0,1,0,0,0,1,0,0,0,0,1,1,0,0,0,4,0,1,0,0,2          0
E7_B_stall,1339,1,0,0,0,1,0,0,0,1,0,0,0,0,1,1,0,0,0,5,0,1,0,0,2          0
E7_B_stall,1340,1,0,0,0,1,0,0,0,1,0,0,0,0,1,1,0,0,0,6,0,1,0,0,2          0
E7_B_stall,1341,1,0,0,0,1,0,0,0,1,0,0,0,0,1,1,0,0,0,7,0,1,0,0,2          0
E7_B_stall,1342,1,0,0,0,1,0,0,0,1,0,0,0,0,1,1,0,0,0,8,0,1,0,0,2          0
E7_B_stall,1343,1,0,0,0,1,0,0,0,1,0,0,0,0,1,1,0,0,0,9,0,1,0,0,2          0
E7_B_stall,1344,1,0,0,0,1,0,0,0,1,0,0,0,0,1,1,0,0,0,10,0,1,0,0,2          0
E7_B_stall,1345,1,0,0,0,1,0,0,0,1,0,0,0,0,1,1,0,0,0,11,0,1,0,0,2          0
E7_B_stall,1346,1,0,0,0,1,0,0,0,1,0,0,0,0,1,1,0,0,0,12,0,1,0,0,2          0
E7_B_stall,1347,1,0,0,0,1,0,0,0,1,0,0,0,0,1,1,0,0,0,13,0,1,0,0,2          0
E7_B_stall,1348,1,0,0,0,1,0,0,0,1,0,0,0,0,1,1,0,0,0,14,0,1,0,0,2          0
E7_B_stall,1349,1,0,0,0,1,0,0,0,1,0,0,0,0,1,1,0,0,0,15,0,1,0,0,2          0
E7_B_stall,1350,1,0,0,0,1,0,0,0,1,0,0,0,0,1,1,0,0,0,16,0,1,0,0,2          0
E7_B_stall,1351,1,0,0,0,1,0,0,0,1,0,0,0,0,0,0,0,1,0,16,0,1,0,0,3          0
E7_B_stall,1352,1,0,0,0,1,0,0,0,1,0,0,0,0,0,0,0,1,0,16,0,1,0,0,3          0
E7_B_stall,1353,1,0,0,0,1,0,0,0,1,0,0,0,0,0,0,0,1,0,16,0,1,0,0,3          0
E7_B_stall,1354,1,0,0,0,1,0,0,0,1,0,0,0,0,0,0,0,1,0,16,0,1,0,0,3          0
E7_B_stall,1355,1,0,0,0,1,0,0,0,1,0,0,0,0,0,0,0,1,0,16,0,1,0,0,3          0
E7_B_stall,1356,1,0,0,0,1,0,0,0,1,0,0,0,0,0,0,0,1,0,16,0,1,0,0,3          0
E7_B_stall,1357,1,0,0,0,1,0,0,0,1,0,0,0,0,0,0,0,1,0,16,0,1,0,0,3          0
E7_B_stall,1358,1,0,0,0,1,0,0,0,1,0,0,0,0,0,0,0,1,0,16,0,1,0,0,3          0
E7_B_stall,1359,1,0,0,0,1,0,1,0,1,0,0,0,0,0,0,0,1,0,16,0,1,0,0,3          0
E7_B_stall,1360,1,0,0,0,1,0,1,0,1,0,0,0,0,0,0,0,1,0,16,0,1,0,0,3          0
E7_B_stall,1361,1,0,0,0,1,0,1,0,1,0,0,0,0,0,0,0,1,0,16,0,1,0,0,3          0
E7_B_stall,1362,1,0,0,0,1,0,1,0,1,0,0,0,0,0,0,0,1,0,16,0,1,0,0,3          0
E7_B_stall,1363,1,0,0,0,1,0,1,0,1,0,0,0,0,0,0,0,1,0,16,0,1,0,0,3          0
E7_B_stall,1364,1,0,0,0,1,0,1,0,1,0,0,0,0,0,0,0,1,0,16,0,1,0,0,3          0
E7_B_stall,1365,1,0,0,0,1,0,1,0,1,0,0,0,0,0,0,0,1,0,16,0,1,0,0,3          0
E7_B_stall,1366,1,0,0,0,1,0,1,0,1,0,0,0,0,0,0,0,1,0,16,0,1,0,0,3          0
E7_B_stall,1367,1,0,0,0,1,0,1,0,1,0,0,0,0,0,0,0,1,0,16,0,1,0,0,3          0
E7_B_stall,1368,1,0,0,0,1,0,1,0,1,0,0,0,0,0,0,0,1,0,16,0,1,0,0,3          0
E7_B_stall,1369,1,0,0,0,1,0,1,0,1,0,0,0,0,0,0,0,1,0,16,0,1,0,0,3          0
E7_B_stall,1370,1,0,0,0,1,0,1,0,1,0,0,0,0,0,0,0,1,0,16,0,1,0,0,3          0
E7_B_stall,1371,1,0,0,0,1,0,1,0,1,0,0,0,0,0,0,0,1,0,16,0,1,0,0,3          0
E7_B_stall,1372,1,0,0,0,1,0,1,0,1,0,0,0,0,0,0,0,1,0,16,0,1,0,0,3          0
E7_B_stall,1373,1,0,0,0,1,0,1,0,1,0,0,0,0,0,0,0,1,0,16,0,1,0,0,3          0
E7_B_stall,1374,1,0,0,0,1,0,1,0,1,0,0,0,0,0,0,0,1,0,16,0,1,0,0,3          0
E7_B_stall,1375,1,0,0,0,1,0,1,0,1,0,0,0,0,0,0,0,1,0,16,0,1,0,0,3          0
E7_B_stall,1376,1,0,0,0,1,0,1,0,1,0,0,0,0,0,0,0,1,0,16,0,1,0,0,3          0
E7_B_stall,1377,1,0,0,0,1,0,1,0,1,0,0,0,0,0,0,0,1,0,16,0,1,0,0,3          0
E7_B_stall,1378,1,0,0,0,1,0,1,0,1,0,0,0,0,0,0,0,1,0,16,0,1,0,0,3          0
E7_B_stall,1379,1,0,0,0,1,0,1,0,1,0,0,0,0,0,0,0,1,0,16,0,1,0,0,3          0
E7_B_stall,1380,1,0,0,0,1,0,1,0,1,0,0,0,0,0,0,0,1,0,16,0,1,0,0,3          0
E7_B_stall,1381,1,0,0,0,1,0,1,0,1,0,0,0,0,0,0,0,1,0,16,0,1,0,0,3          0
E7_B_stall,1382,1,0,0,0,1,0,1,0,1,0,0,0,0,0,0,0,1,0,16,0,1,0,0,3          0
E7_B_stall,1383,1,0,0,0,1,0,1,0,1,0,0,0,0,0,0,0,1,0,16,0,1,0,0,3          0
E7_B_stall,1384,1,0,0,0,1,0,1,0,1,0,0,0,0,0,0,0,1,0,16,0,1,0,0,3          0
E7_B_stall,1385,1,0,0,0,1,0,1,0,1,0,0,0,0,0,0,0,1,0,16,0,1,0,0,3          0
E7_B_stall,1386,1,0,0,0,1,0,1,0,1,0,0,0,0,0,0,0,1,0,16,0,1,0,0,3          0
E7_B_stall,1387,1,0,0,0,1,0,1,0,1,0,0,0,0,0,0,0,1,0,16,0,1,0,0,3          0
E7_B_stall,1388,1,0,0,0,1,0,1,0,1,0,0,0,0,0,0,0,1,0,16,0,1,0,0,3          0
E7_B_stall,1389,1,0,0,0,1,0,1,0,1,0,0,0,0,0,0,0,1,0,16,0,1,0,0,3          0
E7_B_stall,1390,1,0,0,0,1,0,1,0,1,0,0,0,0,0,0,0,1,0,16,0,1,0,0,3          0
E7_B_stall,1391,1,0,0,0,1,0,1,0,1,0,0,0,0,0,0,0,1,0,16,0,1,0,0,3          0
E7_B_stall,1392,1,0,0,0,1,0,1,0,1,0,0,0,0,0,0,0,1,0,16,0,1,0,0,3          0
E7_B_stall,1393,1,0,0,0,1,0,1,0,1,0,0,0,0,0,0,0,1,0,16,0,1,0,0,3          0
E7_B_stall,1394,1,0,0,0,1,0,1,0,1,0,0,0,0,0,0,0,1,0,16,0,1,0,0,3          0
E7_B_stall,1395,1,0,0,0,1,0,1,0,1,0,0,0,0,0,0,0,1,0,16,0,1,0,0,3          0
E7_B_stall,1396,1,0,0,0,1,0,1,0,1,0,0,0,0,0,0,0,1,0,16,0,1,0,0,3          0
E7_B_stall,1397,1,0,0,0,1,0,1,0,1,0,0,0,0,0,0,0,1,0,16,0,1,0,0,3          0
E7_B_stall,1398,1,0,0,0,1,0,1,0,1,0,0,0,0,0,0,0,1,0,16,0,1,0,0,3          0
E7_B_stall,1399,1,0,0,0,1,0,1,0,1,0,0,0,0,0,0,0,1,0,16,0,1,0,0,3          0
E7_B_stall,1400,1,0,0,0,1,0,1,0,1,0,0,0,0,0,0,0,1,0,16,0,1,0,0,3          0
E7_B_stall,1401,1,0,0,0,1,0,1,0,1,0,0,0,0,0,0,0,1,0,16,0,1,0,0,3          0
E7_B_stall,1402,1,0,0,0,1,0,1,0,1,0,0,0,0,0,0,0,1,0,16,0,1,0,0,3          0
E7_B_stall,1403,1,0,0,0,1,0,1,0,1,0,0,0,0,0,0,0,1,0,16,0,1,0,0,3          0
E7_B_stall,1404,1,0,0,0,1,0,1,0,1,0,0,0,0,0,0,0,1,0,16,0,1,0,0,3          0
E7_B_stall,1405,1,0,0,0,1,0,1,0,1,0,0,0,0,0,0,0,1,0,16,0,1,0,0,3          0
E7_B_stall,1406,1,0,0,0,1,0,1,0,1,0,0,0,0,0,0,0,1,0,16,0,1,0,0,3          0
E7_B_stall,1407,1,0,0,0,1,0,1,0,1,0,0,0,0,0,0,0,1,0,16,0,1,0,0,3          0
E7_B_stall,1408,1,0,0,0,1,0,1,0,1,0,0,0,0,0,0,0,1,0,16,0,1,0,0,3          0
E7_B_stall,1409,1,0,0,0,1,0,1,0,1,0,0,0,0,0,0,0,1,0,16,0,1,0,0,3          0
E7_B_stall,1410,1,0,0,0,1,0,1,0,1,0,0,0,0,0,0,0,1,0,16,0,1,0,0,3          0
E7_B_stall,1411,1,0,0,0,1,0,1,0,1,0,0,0,0,0,0,0,1,0,16,0,1,0,0,3          0
E7_B_stall,1412,1,0,0,0,1,0,1,0,1,0,0,0,0,0,0,0,1,0,16,0,1,0,0,3          0
E7_B_stall,1413,1,0,0,0,1,0,1,0,1,0,0,0,0,0,0,0,1,0,16,0,1,0,0,3          0
E7_B_stall,1414,1,0,0,0,1,0,1,0,1,0,0,0,0,0,0,0,1,0,16,0,1,0,0,3          0
E7_B_stall,1415,1,0,0,0,1,0,1,0,1,0,0,0,0,0,0,1,1,0,16,0,1,1,0,3          0
E7_B_stall,1416,1,0,0,0,0,0,1,0,1,0,0,0,1,0,0,0,0,0,16,0,1,1,0,0          0
E7_B_stall,1417,1,1,0,0,0,0,1,0,1,0,0,0,1,0,1,0,0,0,16,0,1,1,0,0          0
E7_B_stall,1418,1,0,0,1,0,0,1,0,1,0,0,0,1,0,1,0,0,0,16,0,1,1,1,0          0
E7_B_stall,1419,1,0,0,1,0,0,1,1,1,0,0,0,1,0,1,0,0,0,16,1,1,1,2,0          0
E7_B_stall,1420,1,0,0,1,0,0,1,0,0,1,1,0,1,0,1,0,0,1,16,1,1,1,3,0          0
E7_B_stall,1421,1,0,0,1,0,0,1,0,0,1,1,0,1,0,1,0,0,2,16,1,1,1,3,0          0
E7_B_stall,1422,1,0,0,1,0,0,1,0,0,1,1,0,1,0,1,0,0,3,16,1,1,1,3,0          0
E7_B_stall,1423,1,0,0,1,0,0,1,0,0,1,1,0,1,0,1,0,0,4,16,1,1,1,3,0          0
E7_B_stall,1424,1,0,0,1,0,0,1,0,0,1,1,0,1,0,1,0,0,5,16,1,1,1,3,0          0
E7_B_stall,1425,1,0,0,1,0,0,1,0,0,1,1,0,1,0,1,0,0,6,16,1,1,1,3,0          0
E7_B_stall,1426,1,0,0,1,0,0,1,0,0,1,1,0,1,0,1,0,0,7,16,1,1,1,3,0          0
E7_B_stall,1427,1,0,0,1,0,0,1,0,0,1,1,0,1,0,1,0,0,8,16,1,1,1,3,0          0
E7_B_stall,1428,1,0,0,1,0,0,1,0,0,1,1,0,1,0,1,0,0,9,16,1,1,1,3,0          0
E7_B_stall,1429,1,0,0,1,0,0,1,0,0,1,1,0,1,0,1,0,0,10,16,1,1,1,3,0          0
E7_B_stall,1430,1,0,0,1,0,0,1,0,0,1,1,0,1,0,1,0,0,11,16,1,1,1,3,0          0
E7_B_stall,1431,1,0,0,1,0,0,1,0,0,1,1,0,1,0,1,0,0,12,16,1,1,1,3,0          0
E7_B_stall,1432,1,0,0,1,0,0,1,0,0,1,1,0,1,0,1,0,0,13,16,1,1,1,3,0          0
E7_B_stall,1433,1,0,0,1,0,0,1,0,0,1,1,0,1,0,1,0,0,14,16,1,1,1,3,0          0
E7_B_stall,1434,1,0,0,1,0,0,1,0,0,1,1,0,1,0,1,0,0,15,16,1,1,1,3,0          0
E7_B_stall,1435,1,0,0,1,0,0,1,0,0,1,1,0,1,0,1,0,0,16,16,1,1,1,3,0          0
E7_B_stall,1436,1,0,0,0,0,0,1,0,1,0,0,0,1,0,1,0,0,16,0,1,0,0,0,0          0
E7_B_stall,1437,1,0,1,0,0,0,1,0,1,0,0,0,1,0,1,0,0,16,0,1,0,0,0,0          0
E7_B_stall,1438,1,0,0,0,1,0,0,0,1,0,0,0,1,0,1,0,0,16,0,1,0,0,0,1          0
E7_B_stall,1439,1,0,0,0,1,0,0,0,1,0,0,1,1,1,1,0,0,16,1,1,1,0,0,2          0
E7_B_stall,1440,1,0,0,0,1,0,0,0,1,0,0,0,0,0,1,1,1,16,1,1,1,1,0,3          0
E7_B_stall,1441,1,0,0,0,0,0,0,0,1,0,0,0,1,0,0,0,0,16,1,1,1,1,0,0          0
E7_B_stall,1442,1,0,0,0,0,0,0,0,1,0,0,0,1,0,1,0,0,16,1,1,1,1,0,0          0
E7_B_stall,1443,1,0,0,0,0,0,0,0,1,0,0,0,1,0,1,0,0,16,1,1,1,1,0,0          0
E7_B_stall,1444,1,0,0,0,0,0,0,0,1,0,0,0,1,0,1,0,0,16,1,1,1,1,0,0          0
E7_B_stall,1445,1,0,0,0,0,0,0,0,1,0,0,0,1,0,1,0,0,16,1,1,1,1,0,0          0
E7_B_stall,1446,1,0,0,0,0,0,0,0,1,0,0,0,1,0,1,0,0,16,1,1,1,1,0,0          0
E7_B_stall,1447,1,0,0,0,0,0,0,0,1,0,0,0,1,0,1,0,0,16,1,1,1,1,0,0          0
E7_B_stall,1448,1,0,0,0,0,0,0,0,1,0,0,0,1,0,1,0,0,16,1,1,1,1,0,0          0
E7_B_stall,1449,1,0,0,0,0,0,0,0,1,0,0,0,1,0,1,0,0,16,1,1,1,1,0,0          0
E7_B_stall,1450,1,0,0,0,0,0,0,0,1,0,0,0,1,0,1,0,0,16,1,1,1,1,0,0          0
E7_B_stall,1451,1,0,0,0,0,0,0,0,1,0,0,0,1,0,1,0,0,16,1,1,1,1,0,0          0
E7_B_stall,1452,1,0,0,0,0,0,0,0,1,0,0,0,1,0,1,0,0,16,1,1,1,1,0,0          0
E7_B_stall,1453,1,0,0,0,0,0,0,0,1,0,0,0,1,0,1,0,0,16,1,1,1,1,0,0          0
E7_B_stall,1454,1,0,0,0,0,0,0,0,1,0,0,0,1,0,1,0,0,16,1,1,1,1,0,0          0
E7_B_stall,1455,1,0,0,0,0,0,0,0,1,0,0,0,1,0,1,0,0,16,1,1,1,1,0,0          0
E7_B_stall,1456,1,0,0,0,0,0,0,0,1,0,0,0,1,0,1,0,0,16,1,1,1,1,0,0          0
E7_B_stall,1457,1,0,0,0,0,0,0,0,1,0,0,0,1,0,1,0,0,16,1,1,1,1,0,0          0
E7_B_stall,1458,1,0,0,0,0,0,0,0,1,0,0,0,1,0,1,0,0,16,1,1,1,1,0,0          0
E7_B_stall,1459,1,0,0,0,0,0,0,0,1,0,0,0,1,0,1,0,0,16,1,1,1,1,0,0          0
E7_B_stall,1460,1,0,0,0,0,0,0,0,1,0,0,0,1,0,1,0,0,16,1,1,1,1,0,0          0
E7_B_stall,1461,1,0,0,0,0,0,0,0,1,0,0,0,1,0,1,0,0,16,1,1,1,1,0,0          0
E7_B_stall,1462,1,0,0,0,0,0,0,0,1,0,0,0,1,0,1,0,0,16,1,1,1,1,0,0          0
E7_B_stall,1463,1,0,0,0,0,0,0,0,1,0,0,0,1,0,1,0,0,16,1,1,1,1,0,0          0
E7_B_stall,1464,1,0,0,0,0,0,0,0,1,0,0,0,1,0,1,0,0,16,1,1,1,1,0,0          0
E7_B_stall,1465,1,0,0,0,0,0,0,0,1,0,0,0,1,0,1,0,0,16,1,1,1,1,0,0          0
E7_B_stall,1466,1,0,0,0,0,0,0,0,1,0,0,0,1,0,1,0,0,16,1,1,1,1,0,0          0
E7_B_stall,1467,1,0,0,0,0,0,0,0,1,0,0,0,1,0,1,0,0,16,1,1,1,1,0,0          0
E7_B_stall,1468,1,0,0,0,0,0,0,0,1,0,0,0,1,0,1,0,0,16,1,1,1,1,0,0          0
E7_B_stall,1469,1,0,0,0,0,0,0,0,1,0,0,0,1,0,1,0,0,16,1,1,1,1,0,0          0
E7_B_stall,1470,1,0,0,0,0,0,0,0,1,0,0,0,1,0,1,0,0,16,1,1,1,1,0,0          0
E7_B_stall,1471,1,0,0,0,0,0,0,0,1,0,0,0,1,0,1,0,0,16,1,1,1,1,0,0          0
E7_B_stall,1472,1,0,0,0,0,0,0,0,1,0,0,0,1,0,1,0,0,16,1,1,1,1,0,0          0
E7_B_stall,1473,1,0,0,0,0,0,0,0,1,0,0,0,1,0,1,0,0,16,1,1,1,1,0,0          0
E7_B_stall,1474,1,0,0,0,0,0,0,0,1,0,0,0,1,0,1,0,0,16,1,1,1,1,0,0          0
E7_B_stall,1475,1,0,0,0,0,0,0,0,1,0,0,0,1,0,1,0,0,16,1,1,1,1,0,0          0
E7_B_stall,1476,1,0,0,0,0,0,0,0,1,0,0,0,1,0,1,0,0,16,1,1,1,1,0,0          0
E7_B_stall,1477,1,0,0,0,0,0,0,0,1,0,0,0,1,0,1,0,0,16,1,1,1,1,0,0          0
E7_B_stall,1478,1,0,0,0,0,0,0,0,1,0,0,0,1,0,1,0,0,16,1,1,1,1,0,0          0
E7_B_stall,1479,1,0,0,0,0,0,0,0,1,0,0,0,1,0,1,0,0,16,1,1,1,1,0,0          0
E7_B_stall,1480,1,0,0,0,0,0,0,0,1,0,0,0,1,0,1,0,0,16,1,1,1,1,0,0          0
E7_B_stall,1481,1,0,0,0,0,0,0,0,1,0,0,0,1,0,1,0,0,16,1,1,1,1,0,0          0
E7_B_stall,1482,1,0,0,0,0,0,0,0,1,0,0,0,1,0,1,0,0,16,1,1,1,1,0,0          0
E7_B_stall,1483,1,0,0,0,0,0,0,0,1,0,0,0,1,0,1,0,0,16,1,1,1,1,0,0          0
E7_B_stall,1484,1,0,0,0,0,0,0,0,1,0,0,0,1,0,1,0,0,16,1,1,1,1,0,0          0
E7_B_stall,1485,1,0,0,0,0,0,0,0,1,0,0,0,1,0,1,0,0,16,1,1,1,1,0,0          0
E7_B_stall,1486,1,0,0,0,0,0,0,0,1,0,0,0,1,0,1,0,0,16,1,1,1,1,0,0          0
E7_B_stall,1487,1,0,0,0,0,0,0,0,1,0,0,0,1,0,1,0,0,16,1,1,1,1,0,0          0
E7_B_stall,1488,1,0,0,0,0,0,0,0,1,0,0,0,1,0,1,0,0,16,1,1,1,1,0,0          0
E7_B_stall,1489,1,0,0,0,0,0,0,0,1,0,0,0,1,0,1,0,0,16,1,1,1,1,0,0          0
E7_B_stall,1490,1,0,0,0,0,0,0,0,1,0,0,0,1,0,1,0,0,16,1,1,1,1,0,0          0
E7_B_stall,1491,1,0,0,0,0,0,0,0,1,0,0,0,1,0,1,0,0,16,1,1,1,1,0,0          0
E7_B_stall,1492,1,0,0,0,0,0,0,0,1,0,0,0,1,0,1,0,0,16,1,1,1,1,0,0          0
E7_B_stall,1493,1,0,0,0,0,0,0,0,1,0,0,0,1,0,1,0,0,16,1,1,1,1,0,0          0
E7_B_stall,1494,1,0,0,0,0,0,0,0,1,0,0,0,1,0,1,0,0,16,1,1,1,1,0,0          0
E7_B_stall,1495,1,0,0,0,0,0,0,0,1,0,0,0,1,0,1,0,0,16,1,1,1,1,0,0          0
E7_B_stall,1496,1,0,0,0,0,0,0,0,1,0,0,0,1,0,1,0,0,16,1,1,1,1,0,0          0
E7_B_stall,1497,1,0,0,0,0,0,0,0,1,0,0,0,1,0,1,0,0,16,1,1,1,1,0,0          0
E7_B_stall,1498,1,0,0,0,0,0,0,0,1,0,0,0,1,0,1,0,0,16,1,1,1,1,0,0          0
E7_B_stall,1499,1,0,0,0,0,0,0,0,1,0,0,0,1,0,1,0,0,16,1,1,1,1,0,0          0
E7_B_stall,1500,1,0,0,0,0,0,0,0,1,0,0,0,1,0,1,0,0,16,1,1,1,1,0,0          0
E7_B_stall,1501,1,0,0,0,0,0,0,0,1,0,0,0,1,0,1,0,0,16,1,1,1,1,0,0          0
E7_B_stall,1502,1,0,0,0,0,0,0,0,1,0,0,0,1,0,1,0,0,16,1,1,1,1,0,0          0
E7_B_stall,1503,1,0,0,0,0,0,0,0,1,0,0,0,1,0,1,0,0,16,1,1,1,1,0,0          0
E7_B_stall,1504,1,0,0,0,0,0,0,0,1,0,0,0,1,0,1,0,0,16,1,1,1,1,0,0          0
E7_B_stall,1505,1,0,0,0,0,0,0,0,1,0,0,0,1,0,1,0,0,16,1,1,1,1,0,0          0
E7_B_stall,1506,1,0,0,0,0,0,0,0,1,0,0,0,1,0,1,0,0,16,1,1,1,1,0,0          0
E7_B_stall,1507,1,0,0,0,0,0,0,0,1,0,0,0,1,0,1,0,0,16,1,1,1,1,0,0          0
E7_B_stall,1508,1,0,0,0,0,0,0,0,1,0,0,0,1,0,1,0,0,16,1,1,1,1,0,0          0
E7_B_stall,1509,1,0,0,0,0,0,0,0,1,0,0,0,1,0,1,0,0,16,1,1,1,1,0,0          0
E7_B_stall,1510,1,0,0,0,0,0,0,0,1,0,0,0,1,0,1,0,0,16,1,1,1,1,0,0          0
E7_B_stall,1511,1,0,0,0,0,0,0,0,1,0,0,0,1,0,1,0,0,16,1,1,1,1,0,0          0
E7_B_stall,1512,1,0,0,0,0,0,0,0,1,0,0,0,1,0,1,0,0,16,1,1,1,1,0,0          0
E7_B_stall,1513,1,0,0,0,0,0,0,0,1,0,0,0,1,0,1,0,0,16,1,1,1,1,0,0          0
E7_B_stall,1514,1,0,0,0,0,0,0,0,1,0,0,0,1,0,1,0,0,16,1,1,1,1,0,0          0
E7_B_stall,1515,1,0,0,0,0,0,0,0,1,0,0,0,1,0,1,0,0,16,1,1,1,1,0,0          0
E7_B_stall,1516,1,0,0,0,0,0,0,0,1,0,0,0,1,0,1,0,0,16,1,1,1,1,0,0          0
E7_B_stall,1517,1,0,0,0,0,0,0,0,1,0,0,0,1,0,1,0,0,16,1,1,1,1,0,0          0
E7_B_stall,1518,1,0,0,0,0,0,0,0,1,0,0,0,1,0,1,0,0,16,1,1,1,1,0,0          0
E7_B_stall,1519,1,0,0,0,0,0,0,0,1,0,0,0,1,0,1,0,0,16,1,1,1,1,0,0          0
E7_B_stall,1520,1,0,0,0,0,0,0,0,1,0,0,0,1,0,1,0,0,16,1,1,1,1,0,0          0
E7_B_stall,1521,1,0,0,0,0,0,0,0,1,0,0,0,1,0,1,0,0,16,1,1,1,1,0,0          0
E7_B_stall,1522,1,0,0,0,0,0,0,0,1,0,0,0,1,0,1,0,0,16,1,1,1,1,0,0          0
E7_B_stall,1523,1,0,0,0,0,0,0,0,1,0,0,0,1,0,1,0,0,16,1,1,1,1,0,0          0
E7_B_stall,1524,1,0,0,0,0,0,0,0,1,0,0,0,1,0,1,0,0,16,1,1,1,1,0,0          0
E7_B_stall,1525,1,0,0,0,0,0,0,0,1,0,0,0,1,0,1,0,0,16,1,1,1,1,0,0          0
E7_B_stall,1526,1,0,0,0,0,0,0,0,1,0,0,0,1,0,1,0,0,16,1,1,1,1,0,0          0
E7_B_stall,1527,1,0,0,0,0,0,0,0,1,0,0,0,1,0,1,0,0,16,1,1,1,1,0,0          0
E7_B_stall,1528,1,0,0,0,0,0,0,0,1,0,0,0,1,0,1,0,0,16,1,1,1,1,0,0          0
E7_B_stall,1529,1,0,0,0,0,0,0,0,1,0,0,0,1,0,1,0,0,16,1,1,1,1,0,0          0
E7_B_stall,1530,1,0,0,0,0,0,0,0,1,0,0,0,1,0,1,0,0,16,1,1,1,1,0,0          0
E7_B_stall,1531,1,0,0,0,0,0,0,0,1,0,0,0,1,0,1,0,0,16,1,1,1,1,0,0          0
E7_B_stall,1532,1,0,0,0,0,0,0,0,1,0,0,0,1,0,1,0,0,16,1,1,1,1,0,0          0
E7_B_stall,1533,1,0,0,0,0,0,0,0,1,0,0,0,1,0,1,0,0,16,1,1,1,1,0,0          0
E7_B_stall,1534,1,0,0,0,0,0,0,0,1,0,0,0,1,0,1,0,0,16,1,1,1,1,0,0          0
E7_B_stall,1535,1,0,0,0,0,0,0,0,1,0,0,0,1,0,1,0,0,16,1,1,1,1,0,0          0
E7_B_stall,1536,1,0,0,0,0,0,0,0,1,0,0,0,1,0,1,0,0,16,1,1,1,1,0,0          0
E7_B_stall,1537,1,0,0,0,0,0,0,0,1,0,0,0,1,0,1,0,0,16,1,1,1,1,0,0          0
E7_B_stall,1538,1,0,0,0,0,0,0,0,1,0,0,0,1,0,1,0,0,16,1,1,1,1,0,0          0
E7_B_stall,1539,1,0,0,0,0,0,0,0,1,0,0,0,1,0,1,0,0,16,1,1,1,1,0,0          0
E7_B_stall,1540,1,0,0,0,0,0,0,0,1,0,0,0,1,0,1,0,0,16,1,1,1,1,0,0          0
E7_B_stall,1541,1,0,0,0,0,0,0,0,1,0,0,0,1,0,1,0,0,16,1,1,1,1,0,0          0
E7_B_stall,1542,1,0,0,0,0,0,0,0,1,0,0,0,1,0,1,0,0,16,1,1,1,1,0,0          0
E7_B_stall,1543,1,0,0,0,0,0,0,0,1,0,0,0,1,0,1,0,0,16,1,1,1,1,0,0          0
E7_B_stall,1544,1,0,0,0,0,0,0,0,1,0,0,0,1,0,1,0,0,16,1,1,1,1,0,0          0
E7_B_stall,1545,1,0,0,0,0,0,0,0,1,0,0,0,1,0,1,0,0,16,1,1,1,1,0,0          0
E7_B_stall,1546,1,0,0,0,0,0,0,0,1,0,0,0,1,0,1,0,0,16,1,1,1,1,0,0          0
E7_B_stall,1547,1,0,0,0,0,0,0,0,1,0,0,0,1,0,1,0,0,16,1,1,1,1,0,0          0
E7_B_stall,1548,1,0,0,0,0,0,0,0,1,0,0,0,1,0,1,0,0,16,1,1,1,1,0,0          0
E7_B_stall,1549,1,0,0,0,0,0,0,0,1,0,0,0,1,0,1,0,0,16,1,1,1,1,0,0          0
E7_B_stall,1550,1,0,0,0,0,0,0,0,1,0,0,0,1,0,1,0,0,16,1,1,1,1,0,0          0
E7_B_stall,1551,1,0,0,0,0,0,0,0,1,0,0,0,1,0,1,0,0,16,1,1,1,1,0,0          0
E7_B_stall,1552,1,0,0,0,0,0,0,0,1,0,0,0,1,0,1,0,0,16,1,1,1,1,0,0          0
E7_B_stall,1553,1,0,0,0,0,0,0,0,1,0,0,0,1,0,1,0,0,16,1,1,1,1,0,0          0
E7_B_stall,1554,1,0,0,0,0,0,0,0,1,0,0,0,1,0,1,0,0,16,1,1,1,1,0,0          0
E7_B_stall,1555,1,0,0,0,0,0,0,0,1,0,0,0,1,0,1,0,0,16,1,1,1,1,0,0          0
E7_B_stall,1556,1,0,0,0,0,0,0,0,1,0,0,0,1,0,1,0,0,16,1,1,1,1,0,0          0
E7_B_stall,1557,1,0,0,0,0,0,0,0,1,0,0,0,1,0,1,0,0,16,1,1,1,1,0,0          0
E7_B_stall,1558,1,0,0,0,0,0,0,0,1,0,0,0,1,0,1,0,0,16,1,1,1,1,0,0          0
E7_B_stall,1559,1,0,0,0,0,0,0,0,1,0,0,0,1,0,1,0,0,16,1,1,1,1,0,0          0
E7_B_stall,1560,1,0,0,0,0,0,0,0,1,0,0,0,1,0,1,0,0,16,1,1,1,1,0,0          0
E7_B_stall,1561,1,0,0,0,0,0,0,0,1,0,0,0,1,0,1,0,0,16,1,1,1,1,0,0          0
E7_B_stall,1562,1,0,0,0,0,0,0,0,1,0,0,0,1,0,1,0,0,16,1,1,1,1,0,0          0
E7_B_stall,1563,1,0,0,0,0,0,0,0,1,0,0,0,1,0,1,0,0,16,1,1,1,1,0,0          0
E7_B_stall,1564,1,0,0,0,0,0,0,0,1,0,0,0,1,0,1,0,0,16,1,1,1,1,0,0          0
E7_B_stall,1565,1,0,0,0,0,0,0,0,1,0,0,0,1,0,1,0,0,16,1,1,1,1,0,0          0
E7_B_stall,1566,1,0,0,0,0,0,0,0,1,0,0,0,1,0,1,0,0,16,1,1,1,1,0,0          0
E7_B_stall,1567,1,0,0,0,0,0,0,0,1,0,0,0,1,0,1,0,0,16,1,1,1,1,0,0          0
E7_B_stall,1568,1,0,0,0,0,0,0,0,1,0,0,0,1,0,1,0,0,16,1,1,1,1,0,0          0
E7_B_stall,1569,1,0,0,0,0,0,0,0,1,0,0,0,1,0,1,0,0,16,1,1,1,1,0,0          0
E7_B_stall,1570,1,0,0,0,0,0,0,0,1,0,0,0,1,0,1,0,0,16,1,1,1,1,0,0          0
E7_B_stall,1571,1,0,0,0,0,0,0,0,1,0,0,0,1,0,1,0,0,16,1,1,1,1,0,0          0
E7_B_stall,1572,1,0,0,0,0,0,0,0,1,0,0,0,1,0,1,0,0,16,1,1,1,1,0,0          0
E7_B_stall,1573,1,0,0,0,0,0,0,0,1,0,0,0,1,0,1,0,0,16,1,1,1,1,0,0          0
E7_B_stall,1574,1,0,0,0,0,0,0,0,1,0,0,0,1,0,1,0,0,16,1,1,1,1,0,0          0
E7_B_stall,1575,1,0,0,0,0,0,0,0,1,0,0,0,1,0,1,0,0,16,1,1,1,1,0,0          0
E7_B_stall,1576,1,0,0,0,0,0,0,0,1,0,0,0,1,0,1,0,0,16,1,1,1,1,0,0          0
E7_B_stall,1577,1,0,0,0,0,0,0,0,1,0,0,0,1,0,1,0,0,16,1,1,1,1,0,0          0
E7_B_stall,1578,1,0,0,0,0,0,0,0,1,0,0,0,1,0,1,0,0,16,1,1,1,1,0,0          0
E7_B_stall,1579,1,0,0,0,0,0,0,0,1,0,0,0,1,0,1,0,0,16,1,1,1,1,0,0          0
E7_B_stall,1580,1,0,0,0,0,0,0,0,1,0,0,0,1,0,1,0,0,16,1,1,1,1,0,0          0
E7_B_stall,1581,1,0,0,0,0,0,0,0,1,0,0,0,1,0,1,0,0,16,1,1,1,1,0,0          0
E7_B_stall,1582,1,0,0,0,0,0,0,0,1,0,0,0,1,0,1,0,0,16,1,1,1,1,0,0          0
E7_B_stall,1583,1,0,0,0,0,0,0,0,1,0,0,0,1,0,1,0,0,16,1,1,1,1,0,0          0
E7_B_stall,1584,1,0,0,0,0,0,0,0,1,0,0,0,1,0,1,0,0,16,1,1,1,1,0,0          0
E7_B_stall,1585,1,0,0,0,0,0,0,0,1,0,0,0,1,0,1,0,0,16,1,1,1,1,0,0          0
E7_B_stall,1586,1,0,0,0,0,0,0,0,1,0,0,0,1,0,1,0,0,16,1,1,1,1,0,0          0
E7_B_stall,1587,1,0,0,0,0,0,0,0,1,0,0,0,1,0,1,0,0,16,1,1,1,1,0,0          0
E7_B_stall,1588,1,0,0,0,0,0,0,0,1,0,0,0,1,0,1,0,0,16,1,1,1,1,0,0          0
E7_B_stall,1589,1,0,0,0,0,0,0,0,1,0,0,0,1,0,1,0,0,16,1,1,1,1,0,0          0
E7_B_stall,1590,1,0,0,0,0,0,0,0,1,0,0,0,1,0,1,0,0,16,1,1,1,1,0,0          0
E7_B_stall,1591,1,0,0,0,0,0,0,0,1,0,0,0,1,0,1,0,0,16,1,1,1,1,0,0          0
E7_B_stall,1592,1,0,0,0,0,0,0,0,1,0,0,0,1,0,1,0,0,16,1,1,1,1,0,0          0
E7_B_stall,1593,1,0,0,0,0,0,0,0,1,0,0,0,1,0,1,0,0,16,1,1,1,1,0,0          0
E7_B_stall,1594,1,0,0,0,0,0,0,0,1,0,0,0,1,0,1,0,0,16,1,1,1,1,0,0          0
E7_B_stall,1595,1,0,0,0,0,0,0,0,1,0,0,0,1,0,1,0,0,16,1,1,1,1,0,0          0
E7_B_stall,1596,1,0,0,0,0,0,0,0,1,0,0,0,1,0,1,0,0,16,1,1,1,1,0,0          0
E7_B_stall,1597,1,0,0,0,0,0,0,0,1,0,0,0,1,0,1,0,0,16,1,1,1,1,0,0          0
E7_B_stall,1598,1,0,0,0,0,0,0,0,1,0,0,0,1,0,1,0,0,16,1,1,1,1,0,0          0
E7_B_stall,1599,1,0,0,0,0,0,0,0,1,0,0,0,1,0,1,0,0,16,1,1,1,1,0,0          0
E7_B_stall,1600,1,0,0,0,0,0,0,0,1,0,0,0,1,0,1,0,0,16,1,1,1,1,0,0          0
E7_B_stall,1601,1,0,0,0,0,0,0,0,1,0,0,0,1,0,1,0,0,16,1,1,1,1,0,0          0
E7_B_stall,1602,1,0,0,0,0,0,0,0,1,0,0,0,1,0,1,0,0,16,1,1,1,1,0,0          0
E7_B_stall,1603,1,0,0,0,0,0,0,0,1,0,0,0,1,0,1,0,0,16,1,1,1,1,0,0          0
E7_B_stall,1604,1,0,0,0,0,0,0,0,1,0,0,0,1,0,1,0,0,16,1,1,1,1,0,0          0
E7_B_stall,1605,1,0,0,0,0,0,0,0,1,0,0,0,1,0,1,0,0,16,1,1,1,1,0,0          0
E7_B_stall,1606,1,0,0,0,0,0,0,0,1,0,0,0,1,0,1,0,0,16,1,1,1,1,0,0          0
E7_B_stall,1607,1,0,0,0,0,0,0,0,1,0,0,0,1,0,1,0,0,16,1,1,1,1,0,0          0
E7_B_stall,1608,1,0,0,0,0,0,0,0,1,0,0,0,1,0,1,0,0,16,1,1,1,1,0,0          0
E7_B_stall,1609,1,0,0,0,0,0,0,0,1,0,0,0,1,0,1,0,0,16,1,1,1,1,0,0          0
E7_B_stall,1610,1,0,0,0,0,0,0,0,1,0,0,0,1,0,1,0,0,16,1,1,1,1,0,0          0
E7_B_stall,1611,1,0,0,0,0,0,0,0,1,0,0,0,1,0,1,0,0,16,1,1,1,1,0,0          0
E7_B_stall,1612,1,0,0,0,0,0,0,0,1,0,0,0,1,0,1,0,0,16,1,1,1,1,0,0          0
E7_B_stall,1613,1,0,0,0,0,0,0,0,1,0,0,0,1,0,1,0,0,16,1,1,1,1,0,0          0
E7_B_stall,1614,1,0,0,0,0,0,0,0,1,0,0,0,1,0,1,0,0,16,1,1,1,1,0,0          0
E7_B_stall,1615,1,0,0,0,0,0,0,0,1,0,0,0,1,0,1,0,0,16,1,1,1,1,0,0          0
E7_B_stall,1616,1,0,0,0,0,0,0,0,1,0,0,0,1,0,1,0,0,16,1,1,1,1,0,0          0
E7_B_stall,1617,1,0,0,0,0,0,0,0,1,0,0,0,1,0,1,0,0,16,1,1,1,1,0,0          0
E7_B_stall,1618,1,0,0,0,0,0,0,0,1,0,0,0,1,0,1,0,0,16,1,1,1,1,0,0          0
E7_B_stall,1619,1,0,0,0,0,0,0,0,1,0,0,0,1,0,1,0,0,16,1,1,1,1,0,0          0
E7_B_stall,1620,1,0,0,0,0,0,0,0,1,0,0,0,1,0,1,0,0,16,1,1,1,1,0,0          0
E7_B_stall,1621,1,0,0,0,0,0,0,0,1,0,0,0,1,0,1,0,0,16,1,1,1,1,0,0          0
E7_B_stall,1622,1,0,0,0,0,0,0,0,1,0,0,0,1,0,1,0,0,16,1,1,1,1,0,0          0
E7_B_stall,1623,1,0,0,0,0,0,0,0,1,0,0,0,1,0,1,0,0,16,1,1,1,1,0,0          0
E7_B_stall,1624,1,0,0,0,0,0,0,0,1,0,0,0,1,0,1,0,0,16,1,1,1,1,0,0          0
E7_B_stall,1625,1,0,0,0,0,0,0,0,1,0,0,0,1,0,1,0,0,16,1,1,1,1,0,0          0
E7_B_stall,1626,1,0,0,0,0,0,0,0,1,0,0,0,1,0,1,0,0,16,1,1,1,1,0,0          0
E7_B_stall,1627,1,0,0,0,0,0,0,0,1,0,0,0,1,0,1,0,0,16,1,1,1,1,0,0          0
E7_B_stall,1628,1,0,0,0,0,0,0,0,1,0,0,0,1,0,1,0,0,16,1,1,1,1,0,0          0
E7_B_stall,1629,1,0,0,0,0,0,0,0,1,0,0,0,1,0,1,0,0,16,1,1,1,1,0,0          0
E7_B_stall,1630,1,0,0,0,0,0,0,0,1,0,0,0,1,0,1,0,0,16,1,1,1,1,0,0          0
E7_B_stall,1631,1,0,0,0,0,0,0,0,1,0,0,0,1,0,1,0,0,16,1,1,1,1,0,0          0
E7_B_stall,1632,1,0,0,0,0,0,0,0,1,0,0,0,1,0,1,0,0,16,1,1,1,1,0,0          0
E7_B_stall,1633,1,0,0,0,0,0,0,0,1,0,0,0,1,0,1,0,0,16,1,1,1,1,0,0          0
E7_B_stall,1634,1,0,0,0,0,0,0,0,1,0,0,0,1,0,1,0,0,16,1,1,1,1,0,0          0
E7_B_stall,1635,1,0,0,0,0,0,0,0,1,0,0,0,1,0,1,0,0,16,1,1,1,1,0,0          0
E7_B_stall,1636,1,0,0,0,0,0,0,0,1,0,0,0,1,0,1,0,0,16,1,1,1,1,0,0          0
E7_B_stall,1637,1,0,0,0,0,0,0,0,1,0,0,0,1,0,1,0,0,16,1,1,1,1,0,0          0
E7_B_stall,1638,1,0,0,0,0,0,0,0,1,0,0,0,1,0,1,0,0,16,1,1,1,1,0,0          0
E7_B_stall,1639,1,0,0,0,0,0,0,0,1,0,0,0,1,0,1,0,0,16,1,1,1,1,0,0          0
E7_B_stall,1640,1,0,0,0,0,0,0,0,1,0,0,0,1,0,1,0,0,16,1,1,1,1,0,0          0
E7_B_stall,1641,1,0,0,0,0,0,0,0,1,0,0,0,1,0,1,0,0,16,1,1,1,1,0,0          0
E7_B_stall,1642,1,0,0,0,0,0,0,0,1,0,0,0,1,0,1,0,0,16,1,1,1,1,0,0          0
E7_B_stall,1643,1,0,0,0,0,0,0,0,1,0,0,0,1,0,1,0,0,16,1,1,1,1,0,0          0
E7_B_stall,1644,1,0,0,0,0,0,0,0,1,0,0,0,1,0,1,0,0,16,1,1,1,1,0,0          0
E7_B_stall,1645,1,0,0,0,0,0,0,0,1,0,0,0,1,0,1,0,0,16,1,1,1,1,0,0          0
E7_B_stall,1646,1,0,0,0,0,0,0,0,1,0,0,0,1,0,1,0,0,16,1,1,1,1,0,0          0
E7_B_stall,1647,1,0,0,0,0,0,0,0,1,0,0,0,1,0,1,0,0,16,1,1,1,1,0,0          0
E7_B_stall,1648,1,0,0,0,0,0,0,0,1,0,0,0,1,0,1,0,0,16,1,1,1,1,0,0          0
E7_B_stall,1649,1,0,0,0,0,0,0,0,1,0,0,0,1,0,1,0,0,16,1,1,1,1,0,0          0
E7_B_stall,1650,1,0,0,0,0,0,0,0,1,0,0,0,1,0,1,0,0,16,1,1,1,1,0,0          0
E7_B_stall,1651,1,0,0,0,0,0,0,0,1,0,0,0,1,0,1,0,0,16,1,1,1,1,0,0          0
E7_B_stall,1652,1,0,0,0,0,0,0,0,1,0,0,0,1,0,1,0,0,16,1,1,1,1,0,0          0
E7_B_stall,1653,1,0,0,0,0,0,0,0,1,0,0,0,1,0,1,0,0,16,1,1,1,1,0,0          0
E7_B_stall,1654,1,0,0,0,0,0,0,0,1,0,0,0,1,0,1,0,0,16,1,1,1,1,0,0          0
E7_B_stall,1655,1,0,0,0,0,0,0,0,1,0,0,0,1,0,1,0,0,16,1,1,1,1,0,0          0
E7_B_stall,1656,1,0,0,0,0,0,0,0,1,0,0,0,1,0,1,0,0,16,1,1,1,1,0,0          0
E7_B_stall,1657,1,0,0,0,0,0,0,0,1,0,0,0,1,0,1,0,0,16,1,1,1,1,0,0          0
E7_B_stall,1658,1,0,0,0,0,0,0,0,1,0,0,0,1,0,1,0,0,16,1,1,1,1,0,0          0
E7_B_stall,1659,1,0,0,0,0,0,0,0,1,0,0,0,1,0,1,0,0,16,1,1,1,1,0,0          0
E7_B_stall,1660,1,0,0,0,0,0,0,0,1,0,0,0,1,0,1,0,0,16,1,1,1,1,0,0          0
E7_B_stall,1661,1,0,0,0,0,0,0,0,1,0,0,0,1,0,1,0,0,16,1,1,1,1,0,0          0
E7_B_stall,1662,1,0,0,0,0,0,0,0,1,0,0,0,1,0,1,0,0,16,1,1,1,1,0,0          0
E7_B_stall,1663,1,0,0,0,0,0,0,0,1,0,0,0,1,0,1,0,0,16,1,1,1,1,0,0          0
E7_B_stall,1664,1,0,0,0,0,0,0,0,1,0,0,0,1,0,1,0,0,16,1,1,1,1,0,0          0
E7_B_stall,1665,1,0,0,0,0,0,0,0,1,0,0,0,1,0,1,0,0,16,1,1,1,1,0,0          0
E7_B_stall,1666,1,0,0,0,0,0,0,0,1,0,0,0,1,0,1,0,0,16,1,1,1,1,0,0          0
E7_B_stall,1667,1,0,0,0,0,0,0,0,1,0,0,0,1,0,1,0,0,16,1,1,1,1,0,0          0
E7_B_stall,1668,1,0,0,0,0,0,0,0,1,0,0,0,1,0,1,0,0,16,1,1,1,1,0,0          0
E7_B_stall,1669,1,0,0,0,0,0,0,0,1,0,0,0,1,0,1,0,0,16,1,1,1,1,0,0          0
E7_B_stall,1670,1,0,0,0,0,0,0,0,1,0,0,0,1,0,1,0,0,16,1,1,1,1,0,0          0
E7_B_stall,1671,1,0,0,0,0,0,0,0,1,0,0,0,1,0,1,0,0,16,1,1,1,1,0,0          0
E7_B_stall,1672,1,0,0,0,0,0,0,0,1,0,0,0,1,0,1,0,0,16,1,1,1,1,0,0          0
E7_B_stall,1673,1,0,0,0,0,0,0,0,1,0,0,0,1,0,1,0,0,16,1,1,1,1,0,0          0
E7_B_stall,1674,1,0,0,0,0,0,0,0,1,0,0,0,1,0,1,0,0,16,1,1,1,1,0,0          0
E7_B_stall,1675,1,0,0,0,0,0,0,0,1,0,0,0,1,0,1,0,0,16,1,1,1,1,0,0          0
E7_B_stall,1676,1,0,0,0,0,0,0,0,1,0,0,0,1,0,1,0,0,16,1,1,1,1,0,0          0
E7_B_stall,1677,1,0,0,0,0,0,0,0,1,0,0,0,1,0,1,0,0,16,1,1,1,1,0,0          0
E7_B_stall,1678,1,0,0,0,0,0,0,0,1,0,0,0,1,0,1,0,0,16,1,1,1,1,0,0          0
E7_B_stall,1679,1,0,0,0,0,0,0,0,1,0,0,0,1,0,1,0,0,16,1,1,1,1,0,0          0
E7_B_stall,1680,1,0,0,0,0,0,0,0,1,0,0,0,1,0,1,0,0,16,1,1,1,1,0,0          0
E7_B_stall,1681,1,0,0,0,0,0,0,0,1,0,0,0,1,0,1,0,0,16,1,1,1,1,0,0          0
E7_B_stall,1682,1,0,0,0,0,0,0,0,1,0,0,0,1,0,1,0,0,16,1,1,1,1,0,0          0
E7_B_stall,1683,1,0,0,0,0,0,0,0,1,0,0,0,1,0,1,0,0,16,1,1,1,1,0,0          0
E7_B_stall,1684,1,0,0,0,0,0,0,0,1,0,0,0,1,0,1,0,0,16,1,1,1,1,0,0          0
E7_B_stall,1685,1,0,0,0,0,0,0,0,1,0,0,0,1,0,1,0,0,16,1,1,1,1,0,0          0
E7_B_stall,1686,1,0,0,0,0,0,0,0,1,0,0,0,1,0,1,0,0,16,1,1,1,1,0,0          0
E7_B_stall,1687,1,0,0,0,0,0,0,0,1,0,0,0,1,0,1,0,0,16,1,1,1,1,0,0          0
E7_B_stall,1688,1,0,0,0,0,0,0,0,1,0,0,0,1,0,1,0,0,16,1,1,1,1,0,0          0
E7_B_stall,1689,1,0,0,0,0,0,0,0,1,0,0,0,1,0,1,0,0,16,1,1,1,1,0,0          0
E7_B_stall,1690,1,0,0,0,0,0,0,0,1,0,0,0,1,0,1,0,0,16,1,1,1,1,0,0          0
E7_B_stall,1691,1,0,0,0,0,0,0,0,1,0,0,0,1,0,1,0,0,16,1,1,1,1,0,0          0
E7_B_stall,1692,1,0,0,0,0,0,0,0,1,0,0,0,1,0,1,0,0,16,1,1,1,1,0,0          0
E7_B_stall,1693,1,0,0,0,0,0,0,0,1,0,0,0,1,0,1,0,0,16,1,1,1,1,0,0          0
E7_B_stall,1694,1,0,0,0,0,0,0,0,1,0,0,0,1,0,1,0,0,16,1,1,1,1,0,0          0
E7_B_stall,1695,1,0,0,0,0,0,0,0,1,0,0,0,1,0,1,0,0,16,1,1,1,1,0,0          0
E7_B_stall,1696,1,0,0,0,0,0,0,0,1,0,0,0,1,0,1,0,0,16,1,1,1,1,0,0          0
E7_B_stall,1697,1,0,0,0,0,0,0,0,1,0,0,0,1,0,1,0,0,16,1,1,1,1,0,0          0
E7_B_stall,1698,1,0,0,0,0,0,0,0,1,0,0,0,1,0,1,0,0,16,1,1,1,1,0,0          0
E7_B_stall,1699,1,0,0,0,0,0,0,0,1,0,0,0,1,0,1,0,0,16,1,1,1,1,0,0          0
E7_B_stall,1700,1,0,0,0,0,0,0,0,1,0,0,0,1,0,1,0,0,16,1,1,1,1,0,0          0
E7_B_stall,1701,1,0,0,0,0,0,0,0,1,0,0,0,1,0,1,0,0,16,1,1,1,1,0,0          0
E7_B_stall,1702,1,0,0,0,0,0,0,0,1,0,0,0,1,0,1,0,0,16,1,1,1,1,0,0          0
E7_B_stall,1703,1,0,0,0,0,0,0,0,1,0,0,0,1,0,1,0,0,16,1,1,1,1,0,0          0
E7_B_stall,1704,1,0,0,0,0,0,0,0,1,0,0,0,1,0,1,0,0,16,1,1,1,1,0,0          0
E7_B_stall,1705,1,0,0,0,0,0,0,0,1,0,0,0,1,0,1,0,0,16,1,1,1,1,0,0          0
E7_B_stall,1706,1,0,0,0,0,0,0,0,1,0,0,0,1,0,1,0,0,16,1,1,1,1,0,0          0
E7_B_stall,1707,1,0,0,0,0,0,0,0,1,0,0,0,1,0,1,0,0,16,1,1,1,1,0,0          0
E7_B_stall,1708,1,0,0,0,0,0,0,0,1,0,0,0,1,0,1,0,0,16,1,1,1,1,0,0          0
E7_B_stall,1709,1,0,0,0,0,0,0,0,1,0,0,0,1,0,1,0,0,16,1,1,1,1,0,0          0
E7_B_stall,1710,1,0,0,0,0,0,0,0,1,0,0,0,1,0,1,0,0,16,1,1,1,1,0,0          0
E7_B_stall,1711,1,0,0,0,0,0,0,0,1,0,0,0,1,0,1,0,0,16,1,1,1,1,0,0          0
E7_B_stall,1712,1,0,0,0,0,0,0,0,1,0,0,0,1,0,1,0,0,16,1,1,1,1,0,0          0
E7_B_stall,1713,1,0,0,0,0,0,0,0,1,0,0,0,1,0,1,0,0,16,1,1,1,1,0,0          0
E7_B_stall,1714,1,0,0,0,0,0,0,0,1,0,0,0,1,0,1,0,0,16,1,1,1,1,0,0          0
E7_B_stall,1715,1,0,0,0,0,0,0,0,1,0,0,0,1,0,1,0,0,16,1,1,1,1,0,0          0
E7_B_stall,1716,1,0,0,0,0,0,0,0,1,0,0,0,1,0,1,0,0,16,1,1,1,1,0,0          0
E7_B_stall,1717,1,0,0,0,0,0,0,0,1,0,0,0,1,0,1,0,0,16,1,1,1,1,0,0          0
E7_B_stall,1718,1,0,0,0,0,0,0,0,1,0,0,0,1,0,1,0,0,16,1,1,1,1,0,0          0
E7_B_stall,1719,1,0,0,0,0,0,0,0,1,0,0,0,1,0,1,0,0,16,1,1,1,1,0,0          0
E7_B_stall,1720,1,0,0,0,0,0,0,0,1,0,0,0,1,0,1,0,0,16,1,1,1,1,0,0          0
E7_B_stall,1721,1,0,0,0,0,0,0,0,1,0,0,0,1,0,1,0,0,16,1,1,1,1,0,0          0
E7_B_stall,1722,1,0,0,0,0,0,0,0,1,0,0,0,1,0,1,0,0,16,1,1,1,1,0,0          0
E7_B_stall,1723,1,0,0,0,0,0,0,0,1,0,0,0,1,0,1,0,0,16,1,1,1,1,0,0          0
E7_B_stall,1724,1,0,0,0,0,0,0,0,1,0,0,0,1,0,1,0,0,16,1,1,1,1,0,0          0
E7_B_stall,1725,1,0,0,0,0,0,0,0,1,0,0,0,1,0,1,0,0,16,1,1,1,1,0,0          0
E7_B_stall,1726,1,0,0,0,0,0,0,0,1,0,0,0,1,0,1,0,0,16,1,1,1,1,0,0          0
E7_B_stall,1727,1,0,0,0,0,0,0,0,1,0,0,0,1,0,1,0,0,16,1,1,1,1,0,0          0
E7_B_stall,1728,1,0,0,0,0,0,0,0,1,0,0,0,1,0,1,0,0,16,1,1,1,1,0,0          0
E7_B_stall,1729,1,0,0,0,0,0,0,0,1,0,0,0,1,0,1,0,0,16,1,1,1,1,0,0          0
E7_B_stall,1730,1,0,0,0,0,0,0,0,1,0,0,0,1,0,1,0,0,16,1,1,1,1,0,0          0
E7_B_stall,1731,1,0,0,0,0,0,0,0,1,0,0,0,1,0,1,0,0,16,1,1,1,1,0,0          0
E7_B_stall,1732,1,0,0,0,0,0,0,0,1,0,0,0,1,0,1,0,0,16,1,1,1,1,0,0          0
E7_B_stall,1733,1,0,0,0,0,0,0,0,1,0,0,0,1,0,1,0,0,16,1,1,1,1,0,0          0
E7_B_stall,1734,1,0,0,0,0,0,0,0,1,0,0,0,1,0,1,0,0,16,1,1,1,1,0,0          0
E7_B_stall,1735,1,0,0,0,0,0,0,0,1,0,0,0,1,0,1,0,0,16,1,1,1,1,0,0          0
E7_B_stall,1736,1,0,0,0,0,0,0,0,1,0,0,0,1,0,1,0,0,16,1,1,1,1,0,0          0
E7_B_stall,1737,1,0,0,0,0,0,0,0,1,0,0,0,1,0,1,0,0,16,1,1,1,1,0,0          0
E7_B_stall,1738,1,0,0,0,0,0,0,0,1,0,0,0,1,0,1,0,0,16,1,1,1,1,0,0          0
E7_B_stall,1739,1,0,0,0,0,0,0,0,1,0,0,0,1,0,1,0,0,16,1,1,1,1,0,0          0
E7_B_stall,1740,1,0,0,0,0,0,0,0,1,0,0,0,1,0,1,0,0,16,1,1,1,1,0,0          0
E7_B_stall,1741,1,0,0,0,0,0,0,0,1,0,0,0,1,0,1,0,0,16,1,1,1,1,0,0          0
E7_B_stall,1742,1,0,0,0,0,0,0,0,1,0,0,0,1,0,1,0,0,16,1,1,1,1,0,0          0
E7_B_stall,1743,1,0,0,0,0,0,0,0,1,0,0,0,1,0,1,0,0,16,1,1,1,1,0,0          0
E7_B_stall,1744,1,0,0,0,0,0,0,0,1,0,0,0,1,0,1,0,0,16,1,1,1,1,0,0          0
E7_B_stall,1745,1,0,0,0,0,0,0,0,1,0,0,0,1,0,1,0,0,16,1,1,1,1,0,0          0
E7_B_stall,1746,1,0,0,0,0,0,0,0,1,0,0,0,1,0,1,0,0,16,1,1,1,1,0,0          0
E7_B_stall,1747,1,0,0,0,0,0,0,0,1,0,0,0,1,0,1,0,0,16,1,1,1,1,0,0          0
E7_B_stall,1748,1,0,0,0,0,0,0,0,1,0,0,0,1,0,1,0,0,16,1,1,1,1,0,0          0
E7_B_stall,1749,1,0,0,0,0,0,0,0,1,0,0,0,1,0,1,0,0,16,1,1,1,1,0,0          0
E7_B_stall,1750,1,0,0,0,0,0,0,0,1,0,0,0,1,0,1,0,0,16,1,1,1,1,0,0          0
E7_B_stall,1751,1,0,0,0,0,0,0,0,1,0,0,0,1,0,1,0,0,16,1,1,1,1,0,0          0
E7_B_stall,1752,1,0,0,0,0,0,0,0,1,0,0,0,1,0,1,0,0,16,1,1,1,1,0,0          0
E7_B_stall,1753,1,0,0,0,0,0,0,0,1,0,0,0,1,0,1,0,0,16,1,1,1,1,0,0          0
E7_B_stall,1754,1,0,0,0,0,0,0,0,1,0,0,0,1,0,1,0,0,16,1,1,1,1,0,0          0
E7_B_stall,1755,1,0,0,0,0,0,0,0,1,0,0,0,1,0,1,0,0,16,1,1,1,1,0,0          0
E7_B_stall,1756,1,0,0,0,0,0,0,0,1,0,0,0,1,0,1,0,0,16,1,1,1,1,0,0          0
E7_B_stall,1757,1,0,0,0,0,0,0,0,1,0,0,0,1,0,1,0,0,16,1,1,1,1,0,0          0
E7_B_stall,1758,1,0,0,0,0,0,0,0,1,0,0,0,1,0,1,0,0,16,1,1,1,1,0,0          0
E7_B_stall,1759,1,0,0,0,0,0,0,0,1,0,0,0,1,0,1,0,0,16,1,1,1,1,0,0          0
E7_B_stall,1760,1,0,0,0,0,0,0,0,1,0,0,0,1,0,1,0,0,16,1,1,1,1,0,0          0
E7_B_stall,1761,1,0,0,0,0,0,0,0,1,0,0,0,1,0,1,0,0,16,1,1,1,1,0,0          0
E7_B_stall,1762,1,0,0,0,0,0,0,0,1,0,0,0,1,0,1,0,0,16,1,1,1,1,0,0          0
E7_B_stall,1763,1,0,0,0,0,0,0,0,1,0,0,0,1,0,1,0,0,16,1,1,1,1,0,0          0
E7_B_stall,1764,1,0,0,0,0,0,0,0,1,0,0,0,1,0,1,0,0,16,1,1,1,1,0,0          0
E7_B_stall,1765,1,0,0,0,0,0,0,0,1,0,0,0,1,0,1,0,0,16,1,1,1,1,0,0          0
E7_B_stall,1766,1,0,0,0,0,0,0,0,1,0,0,0,1,0,1,0,0,16,1,1,1,1,0,0          0
E7_B_stall,1767,1,0,0,0,0,0,0,0,1,0,0,0,1,0,1,0,0,16,1,1,1,1,0,0          0
E7_B_stall,1768,1,0,0,0,0,0,0,0,1,0,0,0,1,0,1,0,0,16,1,1,1,1,0,0          0
E7_B_stall,1769,1,0,0,0,0,0,0,0,1,0,0,0,1,0,1,0,0,16,1,1,1,1,0,0          0
E7_B_stall,1770,1,0,0,0,0,0,0,0,1,0,0,0,1,0,1,0,0,16,1,1,1,1,0,0          0
E7_B_stall,1771,1,0,0,0,0,0,0,0,1,0,0,0,1,0,1,0,0,16,1,1,1,1,0,0          0
E7_B_stall,1772,1,0,0,0,0,0,0,0,1,0,0,0,1,0,1,0,0,16,1,1,1,1,0,0          0
E7_B_stall,1773,1,0,0,0,0,0,0,0,1,0,0,0,1,0,1,0,0,16,1,1,1,1,0,0          0
E7_B_stall,1774,1,0,0,0,0,0,0,0,1,0,0,0,1,0,1,0,0,16,1,1,1,1,0,0          0
E7_B_stall,1775,1,0,0,0,0,0,0,0,1,0,0,0,1,0,1,0,0,16,1,1,1,1,0,0          0
E7_B_stall,1776,1,0,0,0,0,0,0,0,1,0,0,0,1,0,1,0,0,16,1,1,1,1,0,0          0
E7_B_stall,1777,1,0,0,0,0,0,0,0,1,0,0,0,1,0,1,0,0,16,1,1,1,1,0,0          0
E7_B_stall,1778,1,0,0,0,0,0,0,0,1,0,0,0,1,0,1,0,0,16,1,1,1,1,0,0          0
E7_B_stall,1779,1,0,0,0,0,0,0,0,1,0,0,0,1,0,1,0,0,16,1,1,1,1,0,0          0
E7_B_stall,1780,1,0,0,0,0,0,0,0,1,0,0,0,1,0,1,0,0,16,1,1,1,1,0,0          0
E7_B_stall,1781,1,0,0,0,0,0,0,0,1,0,0,0,1,0,1,0,0,16,1,1,1,1,0,0          0
E7_B_stall,1782,1,0,0,0,0,0,0,0,1,0,0,0,1,0,1,0,0,16,1,1,1,1,0,0          0
E7_B_stall,1783,1,0,0,0,0,0,0,0,1,0,0,0,1,0,1,0,0,16,1,1,1,1,0,0          0
E7_B_stall,1784,1,0,0,0,0,0,0,0,1,0,0,0,1,0,1,0,0,16,1,1,1,1,0,0          0
E7_B_stall,1785,1,0,0,0,0,0,0,0,1,0,0,0,1,0,1,0,0,16,1,1,1,1,0,0          0
E7_B_stall,1786,1,0,0,0,0,0,0,0,1,0,0,0,1,0,1,0,0,16,1,1,1,1,0,0          0
E7_B_stall,1787,1,0,0,0,0,0,0,0,1,0,0,0,1,0,1,0,0,16,1,1,1,1,0,0          0
E7_B_stall,1788,1,0,0,0,0,0,0,0,1,0,0,0,1,0,1,0,0,16,1,1,1,1,0,0          0
E7_B_stall,1789,1,0,0,0,0,0,0,0,1,0,0,0,1,0,1,0,0,16,1,1,1,1,0,0          0
E7_B_stall,1790,1,0,0,0,0,0,0,0,1,0,0,0,1,0,1,0,0,16,1,1,1,1,0,0          0
E7_B_stall,1791,1,0,0,0,0,0,0,0,1,0,0,0,1,0,1,0,0,16,1,1,1,1,0,0          0
E7_B_stall,1792,1,0,0,0,0,0,0,0,1,0,0,0,1,0,1,0,0,16,1,1,1,1,0,0          0
E7_B_stall,1793,1,0,0,0,0,0,0,0,1,0,0,0,1,0,1,0,0,16,1,1,1,1,0,0          0
E7_B_stall,1794,1,0,0,0,0,0,0,0,1,0,0,0,1,0,1,0,0,16,1,1,1,1,0,0          0
E7_B_stall,1795,1,0,0,0,0,0,0,0,1,0,0,0,1,0,1,0,0,16,1,1,1,1,0,0          0
E7_B_stall,1796,1,0,0,0,0,0,0,0,1,0,0,0,1,0,1,0,0,16,1,1,1,1,0,0          0
E7_B_stall,1797,1,0,0,0,0,0,0,0,1,0,0,0,1,0,1,0,0,16,1,1,1,1,0,0          0
E7_B_stall,1798,1,0,0,0,0,0,0,0,1,0,0,0,1,0,1,0,0,16,1,1,1,1,0,0          0
E7_B_stall,1799,1,0,0,0,0,0,0,0,1,0,0,0,1,0,1,0,0,16,1,1,1,1,0,0          0
E7_B_stall,1800,1,0,0,0,0,0,0,0,1,0,0,0,1,0,1,0,0,16,1,1,1,1,0,0          0
E7_B_stall,1801,1,0,0,0,0,0,0,0,1,0,0,0,1,0,1,0,0,16,1,1,1,1,0,0          0
E7_B_stall,1802,1,0,0,0,0,0,0,0,1,0,0,0,1,0,1,0,0,16,1,1,1,1,0,0          0
E7_B_stall,1803,1,0,0,0,0,0,0,0,1,0,0,0,1,0,1,0,0,16,1,1,1,1,0,0          0
E7_B_stall,1804,1,0,0,0,0,0,0,0,1,0,0,0,1,0,1,0,0,16,1,1,1,1,0,0          0
E7_B_stall,1805,1,0,0,0,0,0,0,0,1,0,0,0,1,0,1,0,0,16,1,1,1,1,0,0          0
E7_B_stall,1806,1,0,0,0,0,0,0,0,1,0,0,0,1,0,1,0,0,16,1,1,1,1,0,0          0
E7_B_stall,1807,1,0,0,0,0,0,0,0,1,0,0,0,1,0,1,0,0,16,1,1,1,1,0,0          0
E7_B_stall,1808,1,0,0,0,0,0,0,0,1,0,0,0,1,0,1,0,0,16,1,1,1,1,0,0          0
E7_B_stall,1809,1,0,0,0,0,0,0,0,1,0,0,0,1,0,1,0,0,16,1,1,1,1,0,0          0
E7_B_stall,1810,1,0,0,0,0,0,0,0,1,0,0,0,1,0,1,0,0,16,1,1,1,1,0,0          0
E7_B_stall,1811,1,0,0,0,0,0,0,0,1,0,0,0,1,0,1,0,0,16,1,1,1,1,0,0          0
E7_B_stall,1812,1,0,0,0,0,0,0,0,1,0,0,0,1,0,1,0,0,16,1,1,1,1,0,0          0
E7_B_stall,1813,1,0,0,0,0,0,0,0,1,0,0,0,1,0,1,0,0,16,1,1,1,1,0,0          0
E7_B_stall,1814,1,0,0,0,0,0,0,0,1,0,0,0,1,0,1,0,0,16,1,1,1,1,0,0          0
E7_B_stall,1815,1,0,0,0,0,0,0,0,1,0,0,0,1,0,1,0,0,16,1,1,1,1,0,0          0
E7_B_stall,1816,1,0,0,0,0,0,0,0,1,0,0,0,1,0,1,0,0,16,1,1,1,1,0,0          0
E7_B_stall,1817,1,0,0,0,0,0,0,0,1,0,0,0,1,0,1,0,0,16,1,1,1,1,0,0          0
E7_B_stall,1818,1,0,0,0,0,0,0,0,1,0,0,0,1,0,1,0,0,16,1,1,1,1,0,0          0
E7_B_stall,1819,1,0,0,0,0,0,0,0,1,0,0,0,1,0,1,0,0,16,1,1,1,1,0,0          0
E7_B_stall,1820,1,0,0,0,0,0,0,0,1,0,0,0,1,0,1,0,0,16,1,1,1,1,0,0          0
E7_B_stall,1821,1,0,0,0,0,0,0,0,1,0,0,0,1,0,1,0,0,16,1,1,1,1,0,0          0
E7_B_stall,1822,1,0,0,0,0,0,0,0,1,0,0,0,1,0,1,0,0,16,1,1,1,1,0,0          0
E7_B_stall,1823,1,0,0,0,0,0,0,0,1,0,0,0,1,0,1,0,0,16,1,1,1,1,0,0          0
E7_B_stall,1824,1,0,0,0,0,0,0,0,1,0,0,0,1,0,1,0,0,16,1,1,1,1,0,0          0
E7_B_stall,1825,1,0,0,0,0,0,0,0,1,0,0,0,1,0,1,0,0,16,1,1,1,1,0,0          0
E7_B_stall,1826,1,0,0,0,0,0,0,0,1,0,0,0,1,0,1,0,0,16,1,1,1,1,0,0          0
E7_B_stall,1827,1,0,0,0,0,0,0,0,1,0,0,0,1,0,1,0,0,16,1,1,1,1,0,0          0
E7_B_stall,1828,1,0,0,0,0,0,0,0,1,0,0,0,1,0,1,0,0,16,1,1,1,1,0,0          0
E7_B_stall,1829,1,0,0,0,0,0,0,0,1,0,0,0,1,0,1,0,0,16,1,1,1,1,0,0          0
E7_B_stall,1830,1,0,0,0,0,0,0,0,1,0,0,0,1,0,1,0,0,16,1,1,1,1,0,0          0
E7_B_stall,1831,1,0,0,0,0,0,0,0,1,0,0,0,1,0,1,0,0,16,1,1,1,1,0,0          0
E7_B_stall,1832,1,0,0,0,0,0,0,0,1,0,0,0,1,0,1,0,0,16,1,1,1,1,0,0          0
E7_B_stall,1833,1,0,0,0,0,0,0,0,1,0,0,0,1,0,1,0,0,16,1,1,1,1,0,0          0
E7_B_stall,1834,1,0,0,0,0,0,0,0,1,0,0,0,1,0,1,0,0,16,1,1,1,1,0,0          0
E7_B_stall,1835,1,0,0,0,0,0,0,0,1,0,0,0,1,0,1,0,0,16,1,1,1,1,0,0          0
E7_B_stall,1836,1,0,0,0,0,0,0,0,1,0,0,0,1,0,1,0,0,16,1,1,1,1,0,0          0
E7_B_stall,1837,1,0,0,0,0,0,0,0,1,0,0,0,1,0,1,0,0,16,1,1,1,1,0,0          0
E7_B_stall,1838,1,0,0,0,0,0,0,0,1,0,0,0,1,0,1,0,0,16,1,1,1,1,0,0          0
E7_B_stall,1839,1,0,0,0,0,0,0,0,1,0,0,0,1,0,1,0,0,16,1,1,1,1,0,0          0
E7_B_stall,1840,1,0,0,0,0,0,0,0,1,0,0,0,1,0,1,0,0,16,1,1,1,1,0,0          0
E7_B_stall,1841,1,0,0,0,0,0,0,0,1,0,0,0,1,0,1,0,0,16,1,1,1,1,0,0          0
E7_B_stall,1842,1,0,0,0,0,0,0,0,1,0,0,0,1,0,1,0,0,16,1,1,1,1,0,0          0
E7_B_stall,1843,1,0,0,0,0,0,0,0,1,0,0,0,1,0,1,0,0,16,1,1,1,1,0,0          0
E7_B_stall,1844,1,0,0,0,0,0,0,0,1,0,0,0,1,0,1,0,0,16,1,1,1,1,0,0          0
E7_B_stall,1845,1,0,0,0,0,0,0,0,1,0,0,0,1,0,1,0,0,16,1,1,1,1,0,0          0
E7_B_stall,1846,1,0,0,0,0,0,0,0,1,0,0,0,1,0,1,0,0,16,1,1,1,1,0,0          0
E7_B_stall,1847,1,0,0,0,0,0,0,0,1,0,0,0,1,0,1,0,0,16,1,1,1,1,0,0          0
E7_B_stall,1848,1,0,0,0,0,0,0,0,1,0,0,0,1,0,1,0,0,16,1,1,1,1,0,0          0
E7_B_stall,1849,1,0,0,0,0,0,0,0,1,0,0,0,1,0,1,0,0,16,1,1,1,1,0,0          0
E7_B_stall,1850,1,0,0,0,0,0,0,0,1,0,0,0,1,0,1,0,0,16,1,1,1,1,0,0          0
E7_B_stall,1851,1,0,0,0,0,0,0,0,1,0,0,0,1,0,1,0,0,16,1,1,1,1,0,0          0
E7_B_stall,1852,1,0,0,0,0,0,0,0,1,0,0,0,1,0,1,0,0,16,1,1,1,1,0,0          0
E7_B_stall,1853,1,0,0,0,0,0,0,0,1,0,0,0,1,0,1,0,0,16,1,1,1,1,0,0          0
E7_B_stall,1854,1,0,0,0,0,0,0,0,1,0,0,0,1,0,1,0,0,16,1,1,1,1,0,0          0
E7_B_stall,1855,1,0,0,0,0,0,0,0,1,0,0,0,1,0,1,0,0,16,1,1,1,1,0,0          0
E7_B_stall,1856,1,0,0,0,0,0,0,0,1,0,0,0,1,0,1,0,0,16,1,1,1,1,0,0          0
E7_B_stall,1857,1,0,0,0,0,0,0,0,1,0,0,0,1,0,1,0,0,16,1,1,1,1,0,0          0
E7_B_stall,1858,1,0,0,0,0,0,0,0,1,0,0,0,1,0,1,0,0,16,1,1,1,1,0,0          0
E7_B_stall,1859,1,0,0,0,0,0,0,0,1,0,0,0,1,0,1,0,0,16,1,1,1,1,0,0          0
E7_B_stall,1860,1,0,0,0,0,0,0,0,1,0,0,0,1,0,1,0,0,16,1,1,1,1,0,0          0
E7_B_stall,1861,1,0,0,0,0,0,0,0,1,0,0,0,1,0,1,0,0,16,1,1,1,1,0,0          0
E7_B_stall,1862,1,0,0,0,0,0,0,0,1,0,0,0,1,0,1,0,0,16,1,1,1,1,0,0          0
E7_B_stall,1863,1,0,0,0,0,0,0,0,1,0,0,0,1,0,1,0,0,16,1,1,1,1,0,0          0
E7_B_stall,1864,1,0,0,0,0,0,0,0,1,0,0,0,1,0,1,0,0,16,1,1,1,1,0,0          0
E7_B_stall,1865,1,0,0,0,0,0,0,0,1,0,0,0,1,0,1,0,0,16,1,1,1,1,0,0          0
E7_B_stall,1866,1,0,0,0,0,0,0,0,1,0,0,0,1,0,1,0,0,16,1,1,1,1,0,0          0
E7_B_stall,1867,1,0,0,0,0,0,0,0,1,0,0,0,1,0,1,0,0,16,1,1,1,1,0,0          0
E7_B_stall,1868,1,0,0,0,0,0,0,0,1,0,0,0,1,0,1,0,0,16,1,1,1,1,0,0          0
E7_B_stall,1869,1,0,0,0,0,0,0,0,1,0,0,0,1,0,1,0,0,16,1,1,1,1,0,0          0
E7_B_stall,1870,1,0,0,0,0,0,0,0,1,0,0,0,1,0,1,0,0,16,1,1,1,1,0,0          0
E7_B_stall,1871,1,0,0,0,0,0,0,0,1,0,0,0,1,0,1,0,0,16,1,1,1,1,0,0          0
E7_B_stall,1872,1,0,0,0,0,0,0,0,1,0,0,0,1,0,1,0,0,16,1,1,1,1,0,0          0
E7_B_stall,1873,1,0,0,0,0,0,0,0,1,0,0,0,1,0,1,0,0,16,1,1,1,1,0,0          0
E7_B_stall,1874,1,0,0,0,0,0,0,0,1,0,0,0,1,0,1,0,0,16,1,1,1,1,0,0          0
E7_B_stall,1875,1,0,0,0,0,0,0,0,1,0,0,0,1,0,1,0,0,16,1,1,1,1,0,0          0
E7_B_stall,1876,1,0,0,0,0,0,0,0,1,0,0,0,1,0,1,0,0,16,1,1,1,1,0,0          0
E7_B_stall,1877,1,0,0,0,0,0,0,0,1,0,0,0,1,0,1,0,0,16,1,1,1,1,0,0          0
E7_B_stall,1878,1,0,0,0,0,0,0,0,1,0,0,0,1,0,1,0,0,16,1,1,1,1,0,0          0
E7_B_stall,1879,1,0,0,0,0,0,0,0,1,0,0,0,1,0,1,0,0,16,1,1,1,1,0,0          0
E7_B_stall,1880,1,0,0,0,0,0,0,0,1,0,0,0,1,0,1,0,0,16,1,1,1,1,0,0          0
E7_B_stall,1881,1,0,0,0,0,0,0,0,1,0,0,0,1,0,1,0,0,16,1,1,1,1,0,0          0
E7_B_stall,1882,1,0,0,0,0,0,0,0,1,0,0,0,1,0,1,0,0,16,1,1,1,1,0,0          0
E7_B_stall,1883,1,0,0,0,0,0,0,0,1,0,0,0,1,0,1,0,0,16,1,1,1,1,0,0          0
E7_B_stall,1884,1,0,0,0,0,0,0,0,1,0,0,0,1,0,1,0,0,16,1,1,1,1,0,0          0
E7_B_stall,1885,1,0,0,0,0,0,0,0,1,0,0,0,1,0,1,0,0,16,1,1,1,1,0,0          0
E7_B_stall,1886,1,0,0,0,0,0,0,0,1,0,0,0,1,0,1,0,0,16,1,1,1,1,0,0          0
E7_B_stall,1887,1,0,0,0,0,0,0,0,1,0,0,0,1,0,1,0,0,16,1,1,1,1,0,0          0
E7_B_stall,1888,1,0,0,0,0,0,0,0,1,0,0,0,1,0,1,0,0,16,1,1,1,1,0,0          0
E7_B_stall,1889,1,0,0,0,0,0,0,0,1,0,0,0,1,0,1,0,0,16,1,1,1,1,0,0          0
E7_B_stall,1890,1,0,0,0,0,0,0,0,1,0,0,0,1,0,1,0,0,16,1,1,1,1,0,0          0
E7_B_stall,1891,1,0,0,0,0,0,0,0,1,0,0,0,1,0,1,0,0,16,1,1,1,1,0,0          0
E7_B_stall,1892,1,0,0,0,0,0,0,0,1,0,0,0,1,0,1,0,0,16,1,1,1,1,0,0          0
E7_B_stall,1893,1,0,0,0,0,0,0,0,1,0,0,0,1,0,1,0,0,16,1,1,1,1,0,0          0
E7_B_stall,1894,1,0,0,0,0,0,0,0,1,0,0,0,1,0,1,0,0,16,1,1,1,1,0,0          0
E7_B_stall,1895,1,0,0,0,0,0,0,0,1,0,0,0,1,0,1,0,0,16,1,1,1,1,0,0          0
E7_B_stall,1896,1,0,0,0,0,0,0,0,1,0,0,0,1,0,1,0,0,16,1,1,1,1,0,0          0
E7_B_stall,1897,1,0,0,0,0,0,0,0,1,0,0,0,1,0,1,0,0,16,1,1,1,1,0,0          0
E7_B_stall,1898,1,0,0,0,0,0,0,0,1,0,0,0,1,0,1,0,0,16,1,1,1,1,0,0          0
E7_B_stall,1899,1,0,0,0,0,0,0,0,1,0,0,0,1,0,1,0,0,16,1,1,1,1,0,0          0
E7_B_stall,1900,1,0,0,0,0,0,0,0,1,0,0,0,1,0,1,0,0,16,1,1,1,1,0,0          0
E7_B_stall,1901,1,0,0,0,0,0,0,0,1,0,0,0,1,0,1,0,0,16,1,1,1,1,0,0          0
E7_B_stall,1902,1,0,0,0,0,0,0,0,1,0,0,0,1,0,1,0,0,16,1,1,1,1,0,0          0
E7_B_stall,1903,1,0,0,0,0,0,0,0,1,0,0,0,1,0,1,0,0,16,1,1,1,1,0,0          0
E7_B_stall,1904,1,0,0,0,0,0,0,0,1,0,0,0,1,0,1,0,0,16,1,1,1,1,0,0          0
E7_B_stall,1905,1,0,0,0,0,0,0,0,1,0,0,0,1,0,1,0,0,16,1,1,1,1,0,0          0
E7_B_stall,1906,1,0,0,0,0,0,0,0,1,0,0,0,1,0,1,0,0,16,1,1,1,1,0,0          0
E7_B_stall,1907,1,0,0,0,0,0,0,0,1,0,0,0,1,0,1,0,0,16,1,1,1,1,0,0          0
E7_B_stall,1908,1,0,0,0,0,0,0,0,1,0,0,0,1,0,1,0,0,16,1,1,1,1,0,0          0
E7_B_stall,1909,1,0,0,0,0,0,0,0,1,0,0,0,1,0,1,0,0,16,1,1,1,1,0,0          0
E7_B_stall,1910,1,0,0,0,0,0,0,0,1,0,0,0,1,0,1,0,0,16,1,1,1,1,0,0          0
E7_B_stall,1911,1,0,0,0,0,0,0,0,1,0,0,0,1,0,1,0,0,16,1,1,1,1,0,0          0
E7_B_stall,1912,1,0,0,0,0,0,0,0,1,0,0,0,1,0,1,0,0,16,1,1,1,1,0,0          0
E7_B_stall,1913,1,0,0,0,0,0,0,0,1,0,0,0,1,0,1,0,0,16,1,1,1,1,0,0          0
E7_B_stall,1914,1,0,0,0,0,0,0,0,1,0,0,0,1,0,1,0,0,16,1,1,1,1,0,0          0
E7_B_stall,1915,1,0,0,0,0,0,0,0,1,0,0,0,1,0,1,0,0,16,1,1,1,1,0,0          0
E7_B_stall,1916,1,0,0,0,0,0,0,0,1,0,0,0,1,0,1,0,0,16,1,1,1,1,0,0          0
E7_B_stall,1917,1,0,0,0,0,0,0,0,1,0,0,0,1,0,1,0,0,16,1,1,1,1,0,0          0
E7_B_stall,1918,1,0,0,0,0,0,0,0,1,0,0,0,1,0,1,0,0,16,1,1,1,1,0,0          0
E7_B_stall,1919,1,0,0,0,0,0,0,0,1,0,0,0,1,0,1,0,0,16,1,1,1,1,0,0          0
E7_B_stall,1920,1,0,0,0,0,0,0,0,1,0,0,0,1,0,1,0,0,16,1,1,1,1,0,0          0
E7_B_stall,1921,1,0,0,0,0,0,0,0,1,0,0,0,1,0,1,0,0,16,1,1,1,1,0,0          0
E7_B_stall,1922,1,0,0,0,0,0,0,0,1,0,0,0,1,0,1,0,0,16,1,1,1,1,0,0          0
E7_B_stall,1923,1,0,0,0,0,0,0,0,1,0,0,0,1,0,1,0,0,16,1,1,1,1,0,0          0
E7_B_stall,1924,1,0,0,0,0,0,0,0,1,0,0,0,1,0,1,0,0,16,1,1,1,1,0,0          0
E7_B_stall,1925,1,0,0,0,0,0,0,0,1,0,0,0,1,0,1,0,0,16,1,1,1,1,0,0          0
E7_B_stall,1926,1,0,0,0,0,0,0,0,1,0,0,0,1,0,1,0,0,16,1,1,1,1,0,0          0
E7_B_stall,1927,1,0,0,0,0,0,0,0,1,0,0,0,1,0,1,0,0,16,1,1,1,1,0,0          0
E7_B_stall,1928,1,0,0,0,0,0,0,0,1,0,0,0,1,0,1,0,0,16,1,1,1,1,0,0          0
E7_B_stall,1929,1,0,0,0,0,0,0,0,1,0,0,0,1,0,1,0,0,16,1,1,1,1,0,0          0
E7_B_stall,1930,1,0,0,0,0,0,0,0,1,0,0,0,1,0,1,0,0,16,1,1,1,1,0,0          0
E7_B_stall,1931,1,0,0,0,0,0,0,0,1,0,0,0,1,0,1,0,0,16,1,1,1,1,0,0          0
E7_B_stall,1932,1,0,0,0,0,0,0,0,1,0,0,0,1,0,1,0,0,16,1,1,1,1,0,0          0
E7_B_stall,1933,1,0,0,0,0,0,0,0,1,0,0,0,1,0,1,0,0,16,1,1,1,1,0,0          0
E7_B_stall,1934,1,0,0,0,0,0,0,0,1,0,0,0,1,0,1,0,0,16,1,1,1,1,0,0          0
E7_B_stall,1935,1,0,0,0,0,0,0,0,1,0,0,0,1,0,1,0,0,16,1,1,1,1,0,0          0
E7_B_stall,1936,1,0,0,0,0,0,0,0,1,0,0,0,1,0,1,0,0,16,1,1,1,1,0,0          0
E7_B_stall,1937,1,0,0,0,0,0,0,0,1,0,0,0,1,0,1,0,0,16,1,1,1,1,0,0          0
E7_B_stall,1938,1,0,0,0,0,0,0,0,1,0,0,0,1,0,1,0,0,16,1,1,1,1,0,0          0
E7_B_stall,1939,1,0,0,0,0,0,0,0,1,0,0,0,1,0,1,0,0,16,1,1,1,1,0,0          0
E7_B_stall,1940,1,0,0,0,0,0,0,0,1,0,0,0,1,0,1,0,0,16,1,1,1,1,0,0          0
E7_B_stall,1941,1,0,0,0,0,0,0,0,1,0,0,0,1,0,1,0,0,16,1,1,1,1,0,0          0
E7_B_stall,1942,1,0,0,0,0,0,0,0,1,0,0,0,1,0,1,0,0,16,1,1,1,1,0,0          0
E7_B_stall,1943,1,0,0,0,0,0,0,0,1,0,0,0,1,0,1,0,0,16,1,1,1,1,0,0          0
E7_B_stall,1944,1,0,0,0,0,0,0,0,1,0,0,0,1,0,1,0,0,16,1,1,1,1,0,0          0
E7_B_stall,1945,1,0,0,0,0,0,0,0,1,0,0,0,1,0,1,0,0,16,1,1,1,1,0,0          0
E7_B_stall,1946,1,0,0,0,0,0,0,0,1,0,0,0,1,0,1,0,0,16,1,1,1,1,0,0          0
E7_B_stall,1947,1,0,0,0,0,0,0,0,1,0,0,0,1,0,1,0,0,16,1,1,1,1,0,0          0
E7_B_stall,1948,1,0,0,0,0,0,0,0,1,0,0,0,1,0,1,0,0,16,1,1,1,1,0,0          0
E7_B_stall,1949,1,0,0,0,0,0,0,0,1,0,0,0,1,0,1,0,0,16,1,1,1,1,0,0          0
E7_B_stall,1950,1,0,0,0,0,0,0,0,1,0,0,0,1,0,1,0,0,16,1,1,1,1,0,0          0
E7_B_stall,1951,1,0,0,0,0,0,0,0,1,0,0,0,1,0,1,0,0,16,1,1,1,1,0,0          0
E7_B_stall,1952,1,0,0,0,0,0,0,0,1,0,0,0,1,0,1,0,0,16,1,1,1,1,0,0          0
E7_B_stall,1953,1,0,0,0,0,0,0,0,1,0,0,0,1,0,1,0,0,16,1,1,1,1,0,0          0
E7_B_stall,1954,1,0,0,0,0,0,0,0,1,0,0,0,1,0,1,0,0,16,1,1,1,1,0,0          0
E7_B_stall,1955,1,0,0,0,0,0,0,0,1,0,0,0,1,0,1,0,0,16,1,1,1,1,0,0          0
E7_B_stall,1956,1,0,0,0,0,0,0,0,1,0,0,0,1,0,1,0,0,16,1,1,1,1,0,0          0
E7_B_stall,1957,1,0,0,0,0,0,0,0,1,0,0,0,1,0,1,0,0,16,1,1,1,1,0,0          0
E7_B_stall,1958,1,0,0,0,0,0,0,0,1,0,0,0,1,0,1,0,0,16,1,1,1,1,0,0          0
E7_B_stall,1959,1,0,0,0,0,0,0,0,1,0,0,0,1,0,1,0,0,16,1,1,1,1,0,0          0
E7_B_stall,1960,1,0,0,0,0,0,0,0,1,0,0,0,1,0,1,0,0,16,1,1,1,1,0,0          0
E7_B_stall,1961,1,0,0,0,0,0,0,0,1,0,0,0,1,0,1,0,0,16,1,1,1,1,0,0          0
E7_B_stall,1962,1,0,0,0,0,0,0,0,1,0,0,0,1,0,1,0,0,16,1,1,1,1,0,0          0
E7_B_stall,1963,1,0,0,0,0,0,0,0,1,0,0,0,1,0,1,0,0,16,1,1,1,1,0,0          0
E7_B_stall,1964,1,0,0,0,0,0,0,0,1,0,0,0,1,0,1,0,0,16,1,1,1,1,0,0          0
E7_B_stall,1965,1,0,0,0,0,0,0,0,1,0,0,0,1,0,1,0,0,16,1,1,1,1,0,0          0
E7_B_stall,1966,1,0,0,0,0,0,0,0,1,0,0,0,1,0,1,0,0,16,1,1,1,1,0,0          0
E7_B_stall,1967,1,0,0,0,0,0,0,0,1,0,0,0,1,0,1,0,0,16,1,1,1,1,0,0          0
E7_B_stall,1968,1,0,0,0,0,0,0,0,1,0,0,0,1,0,1,0,0,16,1,1,1,1,0,0          0
E7_B_stall,1969,1,0,0,0,0,0,0,0,1,0,0,0,1,0,1,0,0,16,1,1,1,1,0,0          0
E7_B_stall,1970,1,0,0,0,0,0,0,0,1,0,0,0,1,0,1,0,0,16,1,1,1,1,0,0          0
E7_B_stall,1971,1,0,0,0,0,0,0,0,1,0,0,0,1,0,1,0,0,16,1,1,1,1,0,0          0
E7_B_stall,1972,1,0,0,0,0,0,0,0,1,0,0,0,1,0,1,0,0,16,1,1,1,1,0,0          0
E7_B_stall,1973,1,0,0,0,0,0,0,0,1,0,0,0,1,0,1,0,0,16,1,1,1,1,0,0          0
E7_B_stall,1974,1,0,0,0,0,0,0,0,1,0,0,0,1,0,1,0,0,16,1,1,1,1,0,0          0
E7_B_stall,1975,1,0,0,0,0,0,0,0,1,0,0,0,1,0,1,0,0,16,1,1,1,1,0,0          0
E7_B_stall,1976,1,0,0,0,0,0,0,0,1,0,0,0,1,0,1,0,0,16,1,1,1,1,0,0          0
E7_B_stall,1977,1,0,0,0,0,0,0,0,1,0,0,0,1,0,1,0,0,16,1,1,1,1,0,0          0
E7_B_stall,1978,1,0,0,0,0,0,0,0,1,0,0,0,1,0,1,0,0,16,1,1,1,1,0,0          0
E7_B_stall,1979,1,0,0,0,0,0,0,0,1,0,0,0,1,0,1,0,0,16,1,1,1,1,0,0          0
E7_B_stall,1980,1,0,0,0,0,0,0,0,1,0,0,0,1,0,1,0,0,16,1,1,1,1,0,0          0
E7_B_stall,1981,1,0,0,0,0,0,0,0,1,0,0,0,1,0,1,0,0,16,1,1,1,1,0,0          0
E7_B_stall,1982,1,0,0,0,0,0,0,0,1,0,0,0,1,0,1,0,0,16,1,1,1,1,0,0          0
E7_B_stall,1983,1,0,0,0,0,0,0,0,1,0,0,0,1,0,1,0,0,16,1,1,1,1,0,0          0
E7_B_stall,1984,1,0,0,0,0,0,0,0,1,0,0,0,1,0,1,0,0,16,1,1,1,1,0,0          0
E7_B_stall,1985,1,0,0,0,0,0,0,0,1,0,0,0,1,0,1,0,0,16,1,1,1,1,0,0          0
E7_B_stall,1986,1,0,0,0,0,0,0,0,1,0,0,0,1,0,1,0,0,16,1,1,1,1,0,0          0
E7_B_stall,1987,1,0,0,0,0,0,0,0,1,0,0,0,1,0,1,0,0,16,1,1,1,1,0,0          0
E7_B_stall,1988,1,0,0,0,0,0,0,0,1,0,0,0,1,0,1,0,0,16,1,1,1,1,0,0          0
E7_B_stall,1989,1,0,0,0,0,0,0,0,1,0,0,0,1,0,1,0,0,16,1,1,1,1,0,0          0
E7_B_stall,1990,1,0,0,0,0,0,0,0,1,0,0,0,1,0,1,0,0,16,1,1,1,1,0,0          0
E7_B_stall,1991,1,0,0,0,0,0,0,0,1,0,0,0,1,0,1,0,0,16,1,1,1,1,0,0          0
E7_B_stall,1992,1,0,0,0,0,0,0,0,1,0,0,0,1,0,1,0,0,16,1,1,1,1,0,0          0
E7_B_stall,1993,1,0,0,0,0,0,0,0,1,0,0,0,1,0,1,0,0,16,1,1,1,1,0,0          0
E7_B_stall,1994,1,0,0,0,0,0,0,0,1,0,0,0,1,0,1,0,0,16,1,1,1,1,0,0          0
E7_B_stall,1995,1,0,0,0,0,0,0,0,1,0,0,0,1,0,1,0,0,16,1,1,1,1,0,0          0
E7_B_stall,1996,1,0,0,0,0,0,0,0,1,0,0,0,1,0,1,0,0,16,1,1,1,1,0,0          0
E7_B_stall,1997,1,0,0,0,0,0,0,0,1,0,0,0,1,0,1,0,0,16,1,1,1,1,0,0          0
E7_B_stall,1998,1,0,0,0,0,0,0,0,1,0,0,0,1,0,1,0,0,16,1,1,1,1,0,0          0
E7_B_stall,1999,1,0,0,0,0,0,0,0,1,0,0,0,1,0,1,0,0,16,1,1,1,1,0,0          0
E7_B_stall,2000,1,0,0,0,0,0,0,0,1,0,0,0,1,0,1,0,0,16,1,1,1,1,0,0          0
E7_B_stall,2001,1,0,0,0,0,0,0,0,1,0,0,0,1,0,1,0,0,16,1,1,1,1,0,0          0
E7_B_stall,2002,1,0,0,0,0,0,0,0,1,0,0,0,1,0,1,0,0,16,1,1,1,1,0,0          0
E7_B_stall,2003,1,0,0,0,0,0,0,0,1,0,0,0,1,0,1,0,0,16,1,1,1,1,0,0          0
E7_B_stall,2004,1,0,0,0,0,0,0,0,1,0,0,0,1,0,1,0,0,16,1,1,1,1,0,0          0
E7_B_stall,2005,1,0,0,0,0,0,0,0,1,0,0,0,1,0,1,0,0,16,1,1,1,1,0,0          0
E7_B_stall,2006,1,0,0,0,0,0,0,0,1,0,0,0,1,0,1,0,0,16,1,1,1,1,0,0          0
E7_B_stall,2007,1,0,0,0,0,0,0,0,1,0,0,0,1,0,1,0,0,16,1,1,1,1,0,0          0
E7_B_stall,2008,1,0,0,0,0,0,0,0,1,0,0,0,1,0,1,0,0,16,1,1,1,1,0,0          0
E7_B_stall,2009,1,0,0,0,0,0,0,0,1,0,0,0,1,0,1,0,0,16,1,1,1,1,0,0          0
E7_B_stall,2010,1,0,0,0,0,0,0,0,1,0,0,0,1,0,1,0,0,16,1,1,1,1,0,0          0
E7_B_stall,2011,1,0,0,0,0,0,0,0,1,0,0,0,1,0,1,0,0,16,1,1,1,1,0,0          0
E7_B_stall,2012,1,0,0,0,0,0,0,0,1,0,0,0,1,0,1,0,0,16,1,1,1,1,0,0          0
E7_B_stall,2013,1,0,0,0,0,0,0,0,1,0,0,0,1,0,1,0,0,16,1,1,1,1,0,0          0
E7_B_stall,2014,1,0,0,0,0,0,0,0,1,0,0,0,1,0,1,0,0,16,1,1,1,1,0,0          0
E7_B_stall,2015,1,0,0,0,0,0,0,0,1,0,0,0,1,0,1,0,0,16,1,1,1,1,0,0          0
E7_B_stall,2016,1,0,0,0,0,0,0,0,1,0,0,0,1,0,1,0,0,16,1,1,1,1,0,0          0
E7_B_stall,2017,1,0,0,0,0,0,0,0,1,0,0,0,1,0,1,0,0,16,1,1,1,1,0,0          0
E7_B_stall,2018,1,0,0,0,0,0,0,0,1,0,0,0,1,0,1,0,0,16,1,1,1,1,0,0          0
E7_B_stall,2019,1,0,0,0,0,0,0,0,1,0,0,0,1,0,1,0,0,16,1,1,1,1,0,0          0
E7_B_stall,2020,1,0,0,0,0,0,0,0,1,0,0,0,1,0,1,0,0,16,1,1,1,1,0,0          0
E7_B_stall,2021,1,0,0,0,0,0,0,0,1,0,0,0,1,0,1,0,0,16,1,1,1,1,0,0          0
E7_B_stall,2022,1,0,0,0,0,0,0,0,1,0,0,0,1,0,1,0,0,16,1,1,1,1,0,0          0
E7_B_stall,2023,1,0,0,0,0,0,0,0,1,0,0,0,1,0,1,0,0,16,1,1,1,1,0,0          0
E7_B_stall,2024,1,0,0,0,0,0,0,0,1,0,0,0,1,0,1,0,0,16,1,1,1,1,0,0          0
E7_B_stall,2025,1,0,0,0,0,0,0,0,1,0,0,0,1,0,1,0,0,16,1,1,1,1,0,0          0
E7_B_stall,2026,1,0,0,0,0,0,0,0,1,0,0,0,1,0,1,0,0,16,1,1,1,1,0,0          0
E7_B_stall,2027,1,0,0,0,0,0,0,0,1,0,0,0,1,0,1,0,0,16,1,1,1,1,0,0          0
E7_B_stall,2028,1,0,0,0,0,0,0,0,1,0,0,0,1,0,1,0,0,16,1,1,1,1,0,0          0
E7_B_stall,2029,1,0,0,0,0,0,0,0,1,0,0,0,1,0,1,0,0,16,1,1,1,1,0,0          0
E7_B_stall,2030,1,0,0,0,0,0,0,0,1,0,0,0,1,0,1,0,0,16,1,1,1,1,0,0          0
E7_B_stall,2031,1,0,0,0,0,0,0,0,1,0,0,0,1,0,1,0,0,16,1,1,1,1,0,0          0
E7_B_stall,2032,1,0,0,0,0,0,0,0,1,0,0,0,1,0,1,0,0,16,1,1,1,1,0,0          0
E7_B_stall,2033,1,0,0,0,0,0,0,0,1,0,0,0,1,0,1,0,0,16,1,1,1,1,0,0          0
E7_B_stall,2034,1,0,0,0,0,0,0,0,1,0,0,0,1,0,1,0,0,16,1,1,1,1,0,0          0
E7_B_stall,2035,1,0,0,0,0,0,0,0,1,0,0,0,1,0,1,0,0,16,1,1,1,1,0,0          0
E7_B_stall,2036,1,0,0,0,0,0,0,0,1,0,0,0,1,0,1,0,0,16,1,1,1,1,0,0          0
E7_B_stall,2037,1,0,0,0,0,0,0,0,1,0,0,0,1,0,1,0,0,16,1,1,1,1,0,0          0
E7_B_stall,2038,1,0,0,0,0,0,0,0,1,0,0,0,1,0,1,0,0,16,1,1,1,1,0,0          0
E7_B_stall,2039,1,0,0,0,0,0,0,0,1,0,0,0,1,0,1,0,0,16,1,1,1,1,0,0          0
E7_B_stall,2040,1,0,0,0,0,0,0,0,1,0,0,0,1,0,1,0,0,16,1,1,1,1,0,0          0
E7_B_stall,2041,1,0,0,0,0,0,0,0,1,0,0,0,1,0,1,0,0,16,1,1,1,1,0,0          0
E7_B_stall,2042,1,0,0,0,0,0,0,0,1,0,0,0,1,0,1,0,0,16,1,1,1,1,0,0          0
E7_B_stall,2043,1,0,0,0,0,0,0,0,1,0,0,0,1,0,1,0,0,16,1,1,1,1,0,0          0
E7_B_stall,2044,1,0,0,0,0,0,0,0,1,0,0,0,1,0,1,0,0,16,1,1,1,1,0,0          0
E7_B_stall,2045,1,0,0,0,0,0,0,0,1,0,0,0,1,0,1,0,0,16,1,1,1,1,0,0          0
E7_B_stall,2046,1,0,0,0,0,0,0,0,1,0,0,0,1,0,1,0,0,16,1,1,1,1,0,0          0
E7_B_stall,2047,1,0,0,0,0,0,0,0,1,0,0,0,1,0,1,0,0,16,1,1,1,1,0,0          0
E7_B_stall,2048,1,0,0,0,0,0,0,0,1,0,0,0,1,0,1,0,0,16,1,1,1,1,0,0          0
E7_B_stall,2049,1,0,0,0,0,0,0,0,1,0,0,0,1,0,1,0,0,16,1,1,1,1,0,0          0
E7_B_stall,2050,1,0,0,0,0,0,0,0,1,0,0,0,1,0,1,0,0,16,1,1,1,1,0,0          0
E7_B_stall,2051,1,0,0,0,0,0,0,0,1,0,0,0,1,0,1,0,0,16,1,1,1,1,0,0          0
E7_B_stall,2052,1,0,0,0,0,0,0,0,1,0,0,0,1,0,1,0,0,16,1,1,1,1,0,0          0
E7_B_stall,2053,1,0,0,0,0,0,0,0,1,0,0,0,1,0,1,0,0,16,1,1,1,1,0,0          0
E7_B_stall,2054,1,0,0,0,0,0,0,0,1,0,0,0,1,0,1,0,0,16,1,1,1,1,0,0          0
E7_B_stall,2055,1,0,0,0,0,0,0,0,1,0,0,0,1,0,1,0,0,16,1,1,1,1,0,0          0
E7_B_stall,2056,1,0,0,0,0,0,0,0,1,0,0,0,1,0,1,0,0,16,1,1,1,1,0,0          0
E7_B_stall,2057,1,0,0,0,0,0,0,0,1,0,0,0,1,0,1,0,0,16,1,1,1,1,0,0          0
E7_B_stall,2058,1,0,0,0,0,0,0,0,1,0,0,0,1,0,1,0,0,16,1,1,1,1,0,0          0
E7_B_stall,2059,1,0,0,0,0,0,0,0,1,0,0,0,1,0,1,0,0,16,1,1,1,1,0,0          0
E7_B_stall,2060,1,0,0,0,0,0,0,0,1,0,0,0,1,0,1,0,0,16,1,1,1,1,0,0          0
E7_B_stall,2061,1,0,0,0,0,0,0,0,1,0,0,0,1,0,1,0,0,16,1,1,1,1,0,0          0
E7_B_stall,2062,1,0,0,0,0,0,0,0,1,0,0,0,1,0,1,0,0,16,1,1,1,1,0,0          0
E7_B_stall,2063,1,0,0,0,0,0,0,0,1,0,0,0,1,0,1,0,0,16,1,1,1,1,0,0          0
E7_B_stall,2064,1,0,0,0,0,0,0,0,1,0,0,0,1,0,1,0,0,16,1,1,1,1,0,0          0
E7_B_stall,2065,1,0,0,0,0,0,0,0,1,0,0,0,1,0,1,0,0,16,1,1,1,1,0,0          0
E7_B_stall,2066,1,0,0,0,0,0,0,0,1,0,0,0,1,0,1,0,0,16,1,1,1,1,0,0          0
E7_B_stall,2067,1,0,0,0,0,0,0,0,1,0,0,0,1,0,1,0,0,16,1,1,1,1,0,0          0
E7_B_stall,2068,1,0,0,0,0,0,0,0,1,0,0,0,1,0,1,0,0,16,1,1,1,1,0,0          0
E7_B_stall,2069,1,0,0,0,0,0,0,0,1,0,0,0,1,0,1,0,0,16,1,1,1,1,0,0          0
E7_B_stall,2070,1,0,0,0,0,0,0,0,1,0,0,0,1,0,1,0,0,16,1,1,1,1,0,0          0
E7_B_stall,2071,1,0,0,0,0,0,0,0,1,0,0,0,1,0,1,0,0,16,1,1,1,1,0,0          0
E7_B_stall,2072,1,0,0,0,0,0,0,0,1,0,0,0,1,0,1,0,0,16,1,1,1,1,0,0          0
E7_B_stall,2073,1,0,0,0,0,0,0,0,1,0,0,0,1,0,1,0,0,16,1,1,1,1,0,0          0
E7_B_stall,2074,1,0,0,0,0,0,0,0,1,0,0,0,1,0,1,0,0,16,1,1,1,1,0,0          0
E7_B_stall,2075,1,0,0,0,0,0,0,0,1,0,0,0,1,0,1,0,0,16,1,1,1,1,0,0          0
E7_B_stall,2076,1,0,0,0,0,0,0,0,1,0,0,0,1,0,1,0,0,16,1,1,1,1,0,0          0
E7_B_stall,2077,1,0,0,0,0,0,0,0,1,0,0,0,1,0,1,0,0,16,1,1,1,1,0,0          0
E7_B_stall,2078,1,0,0,0,0,0,0,0,1,0,0,0,1,0,1,0,0,16,1,1,1,1,0,0          0
E7_B_stall,2079,1,0,0,0,0,0,0,0,1,0,0,0,1,0,1,0,0,16,1,1,1,1,0,0          0
E7_B_stall,2080,1,0,0,0,0,0,0,0,1,0,0,0,1,0,1,0,0,16,1,1,1,1,0,0          0
E7_B_stall,2081,1,0,0,0,0,0,0,0,1,0,0,0,1,0,1,0,0,16,1,1,1,1,0,0          0
E7_B_stall,2082,1,0,0,0,0,0,0,0,1,0,0,0,1,0,1,0,0,16,1,1,1,1,0,0          0
E7_B_stall,2083,1,0,0,0,0,0,0,0,1,0,0,0,1,0,1,0,0,16,1,1,1,1,0,0          0
E7_B_stall,2084,1,0,0,0,0,0,0,0,1,0,0,0,1,0,1,0,0,16,1,1,1,1,0,0          0
E7_B_stall,2085,1,0,0,0,0,0,0,0,1,0,0,0,1,0,1,0,0,16,1,1,1,1,0,0          0
E7_B_stall,2086,1,0,0,0,0,0,0,0,1,0,0,0,1,0,1,0,0,16,1,1,1,1,0,0          0
E7_B_stall,2087,1,0,0,0,0,0,0,0,1,0,0,0,1,0,1,0,0,16,1,1,1,1,0,0          0
E7_B_stall,2088,1,0,0,0,0,0,0,0,1,0,0,0,1,0,1,0,0,16,1,1,1,1,0,0          0
E7_B_stall,2089,1,0,0,0,0,0,0,0,1,0,0,0,1,0,1,0,0,16,1,1,1,1,0,0          0
E7_B_stall,2090,1,0,0,0,0,0,0,0,1,0,0,0,1,0,1,0,0,16,1,1,1,1,0,0          0
E7_B_stall,2091,1,0,0,0,0,0,0,0,1,0,0,0,1,0,1,0,0,16,1,1,1,1,0,0          0
E7_B_stall,2092,1,0,0,0,0,0,0,0,1,0,0,0,1,0,1,0,0,16,1,1,1,1,0,0          0
E7_B_stall,2093,1,0,0,0,0,0,0,0,1,0,0,0,1,0,1,0,0,16,1,1,1,1,0,0          0
E7_B_stall,2094,1,0,0,0,0,0,0,0,1,0,0,0,1,0,1,0,0,16,1,1,1,1,0,0          0
E7_B_stall,2095,1,0,0,0,0,0,0,0,1,0,0,0,1,0,1,0,0,16,1,1,1,1,0,0          0
E7_B_stall,2096,1,0,0,0,0,0,0,0,1,0,0,0,1,0,1,0,0,16,1,1,1,1,0,0          0
E7_B_stall,2097,1,0,0,0,0,0,0,0,1,0,0,0,1,0,1,0,0,16,1,1,1,1,0,0          0
E7_B_stall,2098,1,0,0,0,0,0,0,0,1,0,0,0,1,0,1,0,0,16,1,1,1,1,0,0          0
E7_B_stall,2099,1,0,0,0,0,0,0,0,1,0,0,0,1,0,1,0,0,16,1,1,1,1,0,0          0
E7_B_stall,2100,1,0,0,0,0,0,0,0,1,0,0,0,1,0,1,0,0,16,1,1,1,1,0,0          0
E7_B_stall,2101,1,0,0,0,0,0,0,0,1,0,0,0,1,0,1,0,0,16,1,1,1,1,0,0          0
E7_B_stall,2102,1,0,0,0,0,0,0,0,1,0,0,0,1,0,1,0,0,16,1,1,1,1,0,0          0
E7_B_stall,2103,1,0,0,0,0,0,0,0,1,0,0,0,1,0,1,0,0,16,1,1,1,1,0,0          0
E7_B_stall,2104,1,0,0,0,0,0,0,0,1,0,0,0,1,0,1,0,0,16,1,1,1,1,0,0          0
E7_B_stall,2105,1,0,0,0,0,0,0,0,1,0,0,0,1,0,1,0,0,16,1,1,1,1,0,0          0
E7_B_stall,2106,1,0,0,0,0,0,0,0,1,0,0,0,1,0,1,0,0,16,1,1,1,1,0,0          0
E7_B_stall,2107,1,0,0,0,0,0,0,0,1,0,0,0,1,0,1,0,0,16,1,1,1,1,0,0          0
E7_B_stall,2108,1,0,0,0,0,0,0,0,1,0,0,0,1,0,1,0,0,16,1,1,1,1,0,0          0
E7_B_stall,2109,1,0,0,0,0,0,0,0,1,0,0,0,1,0,1,0,0,16,1,1,1,1,0,0          0
E7_B_stall,2110,1,0,0,0,0,0,0,0,1,0,0,0,1,0,1,0,0,16,1,1,1,1,0,0          0
E7_B_stall,2111,1,0,0,0,0,0,0,0,1,0,0,0,1,0,1,0,0,16,1,1,1,1,0,0          0
E7_B_stall,2112,1,0,0,0,0,0,0,0,1,0,0,0,1,0,1,0,0,16,1,1,1,1,0,0          0
E7_B_stall,2113,1,0,0,0,0,0,0,0,1,0,0,0,1,0,1,0,0,16,1,1,1,1,0,0          0
E7_B_stall,2114,1,0,0,0,0,0,0,0,1,0,0,0,1,0,1,0,0,16,1,1,1,1,0,0          0
E7_B_stall,2115,1,0,0,0,0,0,0,0,1,0,0,0,1,0,1,0,0,16,1,1,1,1,0,0          0
E7_B_stall,2116,1,0,0,0,0,0,0,0,1,0,0,0,1,0,1,0,0,16,1,1,1,1,0,0          0
E7_B_stall,2117,1,0,0,0,0,0,0,0,1,0,0,0,1,0,1,0,0,16,1,1,1,1,0,0          0
E7_B_stall,2118,1,0,0,0,0,0,0,0,1,0,0,0,1,0,1,0,0,16,1,1,1,1,0,0          0
E7_B_stall,2119,1,0,0,0,0,0,0,0,1,0,0,0,1,0,1,0,0,16,1,1,1,1,0,0          0
E7_B_stall,2120,1,0,0,0,0,0,0,0,1,0,0,0,1,0,1,0,0,16,1,1,1,1,0,0          0
E7_B_stall,2121,1,0,0,0,0,0,0,0,1,0,0,0,1,0,1,0,0,16,1,1,1,1,0,0          0
E7_B_stall,2122,1,0,0,0,0,0,0,0,1,0,0,0,1,0,1,0,0,16,1,1,1,1,0,0          0
E7_B_stall,2123,1,0,0,0,0,0,0,0,1,0,0,0,1,0,1,0,0,16,1,1,1,1,0,0          0
E7_B_stall,2124,1,0,0,0,0,0,0,0,1,0,0,0,1,0,1,0,0,16,1,1,1,1,0,0          0
E7_B_stall,2125,1,0,0,0,0,0,0,0,1,0,0,0,1,0,1,0,0,16,1,1,1,1,0,0          0
E7_B_stall,2126,1,0,0,0,0,0,0,0,1,0,0,0,1,0,1,0,0,16,1,1,1,1,0,0          0
E7_B_stall,2127,1,0,0,0,0,0,0,0,1,0,0,0,1,0,1,0,0,16,1,1,1,1,0,0          0
E7_B_stall,2128,1,0,0,0,0,0,0,0,1,0,0,0,1,0,1,0,0,16,1,1,1,1,0,0          0
E7_B_stall,2129,1,0,0,0,0,0,0,0,1,0,0,0,1,0,1,0,0,16,1,1,1,1,0,0          0
E7_B_stall,2130,1,0,0,0,0,0,0,0,1,0,0,0,1,0,1,0,0,16,1,1,1,1,0,0          0
E7_B_stall,2131,1,0,0,0,0,0,0,0,1,0,0,0,1,0,1,0,0,16,1,1,1,1,0,0          0
E7_B_stall,2132,1,0,0,0,0,0,0,0,1,0,0,0,1,0,1,0,0,16,1,1,1,1,0,0          0
E7_B_stall,2133,1,0,0,0,0,0,0,0,1,0,0,0,1,0,1,0,0,16,1,1,1,1,0,0          0
E7_B_stall,2134,1,0,0,0,0,0,0,0,1,0,0,0,1,0,1,0,0,16,1,1,1,1,0,0          0
E7_B_stall,2135,1,0,0,0,0,0,0,0,1,0,0,0,1,0,1,0,0,16,1,1,1,1,0,0          0
E7_B_stall,2136,1,0,0,0,0,0,0,0,1,0,0,0,1,0,1,0,0,16,1,1,1,1,0,0          0
E7_B_stall,2137,1,0,0,0,0,0,0,0,1,0,0,0,1,0,1,0,0,16,1,1,1,1,0,0          0
E7_B_stall,2138,1,0,0,0,0,0,0,0,1,0,0,0,1,0,1,0,0,16,1,1,1,1,0,0          0
E7_B_stall,2139,1,0,0,0,0,0,0,0,1,0,0,0,1,0,1,0,0,16,1,1,1,1,0,0          0
E7_B_stall,2140,1,0,0,0,0,0,0,0,1,0,0,0,1,0,1,0,0,16,1,1,1,1,0,0          0
E7_B_stall,2141,1,0,0,0,0,0,0,0,1,0,0,0,1,0,1,0,0,16,1,1,1,1,0,0          0
E7_B_stall,2142,1,0,0,0,0,0,0,0,1,0,0,0,1,0,1,0,0,16,1,1,1,1,0,0          0
E7_B_stall,2143,1,0,0,0,0,0,0,0,1,0,0,0,1,0,1,0,0,16,1,1,1,1,0,0          0
E7_B_stall,2144,1,0,0,0,0,0,0,0,1,0,0,0,1,0,1,0,0,16,1,1,1,1,0,0          0
E7_B_stall,2145,1,0,0,0,0,0,0,0,1,0,0,0,1,0,1,0,0,16,1,1,1,1,0,0          0
E7_B_stall,2146,1,0,0,0,0,0,0,0,1,0,0,0,1,0,1,0,0,16,1,1,1,1,0,0          0
E7_B_stall,2147,1,0,0,0,0,0,0,0,1,0,0,0,1,0,1,0,0,16,1,1,1,1,0,0          0
E7_B_stall,2148,1,0,0,0,0,0,0,0,1,0,0,0,1,0,1,0,0,16,1,1,1,1,0,0          0
E7_B_stall,2149,1,0,0,0,0,0,0,0,1,0,0,0,1,0,1,0,0,16,1,1,1,1,0,0          0
E7_B_stall,2150,1,0,0,0,0,0,0,0,1,0,0,0,1,0,1,0,0,16,1,1,1,1,0,0          0
E7_B_stall,2151,1,0,0,0,0,0,0,0,1,0,0,0,1,0,1,0,0,16,1,1,1,1,0,0          0
E7_B_stall,2152,1,0,0,0,0,0,0,0,1,0,0,0,1,0,1,0,0,16,1,1,1,1,0,0          0
E7_B_stall,2153,1,0,0,0,0,0,0,0,1,0,0,0,1,0,1,0,0,16,1,1,1,1,0,0          0
E7_B_stall,2154,1,0,0,0,0,0,0,0,1,0,0,0,1,0,1,0,0,16,1,1,1,1,0,0          0
E7_B_stall,2155,1,0,0,0,0,0,0,0,1,0,0,0,1,0,1,0,0,16,1,1,1,1,0,0          0
E7_B_stall,2156,1,0,0,0,0,0,0,0,1,0,0,0,1,0,1,0,0,16,1,1,1,1,0,0          0
E7_B_stall,2157,1,0,0,0,0,0,0,0,1,0,0,0,1,0,1,0,0,16,1,1,1,1,0,0          0
E7_B_stall,2158,1,0,0,0,0,0,0,0,1,0,0,0,1,0,1,0,0,16,1,1,1,1,0,0          0
E7_B_stall,2159,1,0,0,0,0,0,0,0,1,0,0,0,1,0,1,0,0,16,1,1,1,1,0,0          0
E7_B_stall,2160,1,0,0,0,0,0,0,0,1,0,0,0,1,0,1,0,0,16,1,1,1,1,0,0          0
E7_B_stall,2161,1,0,0,0,0,0,0,0,1,0,0,0,1,0,1,0,0,16,1,1,1,1,0,0          0
E7_B_stall,2162,1,0,0,0,0,0,0,0,1,0,0,0,1,0,1,0,0,16,1,1,1,1,0,0          0
E7_B_stall,2163,1,0,0,0,0,0,0,0,1,0,0,0,1,0,1,0,0,16,1,1,1,1,0,0          0
E7_B_stall,2164,1,0,0,0,0,0,0,0,1,0,0,0,1,0,1,0,0,16,1,1,1,1,0,0          0
E7_B_stall,2165,1,0,0,0,0,0,0,0,1,0,0,0,1,0,1,0,0,16,1,1,1,1,0,0          0
E7_B_stall,2166,1,0,0,0,0,0,0,0,1,0,0,0,1,0,1,0,0,16,1,1,1,1,0,0          0
E7_B_stall,2167,1,0,0,0,0,0,0,0,1,0,0,0,1,0,1,0,0,16,1,1,1,1,0,0          0
E7_B_stall,2168,1,0,0,0,0,0,0,0,1,0,0,0,1,0,1,0,0,16,1,1,1,1,0,0          0
E7_B_stall,2169,1,0,0,0,0,0,0,0,1,0,0,0,1,0,1,0,0,16,1,1,1,1,0,0          0
E7_B_stall,2170,1,0,0,0,0,0,0,0,1,0,0,0,1,0,1,0,0,16,1,1,1,1,0,0          0
E7_B_stall,2171,1,0,0,0,0,0,0,0,1,0,0,0,1,0,1,0,0,16,1,1,1,1,0,0          0
E7_B_stall,2172,1,0,0,0,0,0,0,0,1,0,0,0,1,0,1,0,0,16,1,1,1,1,0,0          0
E7_B_stall,2173,1,0,0,0,0,0,0,0,1,0,0,0,1,0,1,0,0,16,1,1,1,1,0,0          0
E7_B_stall,2174,1,0,0,0,0,0,0,0,1,0,0,0,1,0,1,0,0,16,1,1,1,1,0,0          0
E7_B_stall,2175,1,0,0,0,0,0,0,0,1,0,0,0,1,0,1,0,0,16,1,1,1,1,0,0          0
E7_B_stall,2176,1,0,0,0,0,0,0,0,1,0,0,0,1,0,1,0,0,16,1,1,1,1,0,0          0
E7_B_stall,2177,1,0,0,0,0,0,0,0,1,0,0,0,1,0,1,0,0,16,1,1,1,1,0,0          0
E7_B_stall,2178,1,0,0,0,0,0,0,0,1,0,0,0,1,0,1,0,0,16,1,1,1,1,0,0          0
E7_B_stall,2179,1,0,0,0,0,0,0,0,1,0,0,0,1,0,1,0,0,16,1,1,1,1,0,0          0
E7_B_stall,2180,1,0,0,0,0,0,0,0,1,0,0,0,1,0,1,0,0,16,1,1,1,1,0,0          0
E7_B_stall,2181,1,0,0,0,0,0,0,0,1,0,0,0,1,0,1,0,0,16,1,1,1,1,0,0          0
E7_B_stall,2182,1,0,0,0,0,0,0,0,1,0,0,0,1,0,1,0,0,16,1,1,1,1,0,0          0
E7_B_stall,2183,1,0,0,0,0,0,0,0,1,0,0,0,1,0,1,0,0,16,1,1,1,1,0,0          0
E7_B_stall,2184,1,0,0,0,0,0,0,0,1,0,0,0,1,0,1,0,0,16,1,1,1,1,0,0          0
E7_B_stall,2185,1,0,0,0,0,0,0,0,1,0,0,0,1,0,1,0,0,16,1,1,1,1,0,0          0
E7_B_stall,2186,1,0,0,0,0,0,0,0,1,0,0,0,1,0,1,0,0,16,1,1,1,1,0,0          0
E7_B_stall,2187,1,0,0,0,0,0,0,0,1,0,0,0,1,0,1,0,0,16,1,1,1,1,0,0          0
E7_B_stall,2188,1,0,0,0,0,0,0,0,1,0,0,0,1,0,1,0,0,16,1,1,1,1,0,0          0
E7_B_stall,2189,1,0,0,0,0,0,0,0,1,0,0,0,1,0,1,0,0,16,1,1,1,1,0,0          0
E7_B_stall,2190,1,0,0,0,0,0,0,0,1,0,0,0,1,0,1,0,0,16,1,1,1,1,0,0          0
E7_B_stall,2191,1,0,0,0,0,0,0,0,1,0,0,0,1,0,1,0,0,16,1,1,1,1,0,0          0
E7_B_stall,2192,1,0,0,0,0,0,0,0,1,0,0,0,1,0,1,0,0,16,1,1,1,1,0,0          0
E7_B_stall,2193,1,0,0,0,0,0,0,0,1,0,0,0,1,0,1,0,0,16,1,1,1,1,0,0          0
E7_B_stall,2194,1,0,0,0,0,0,0,0,1,0,0,0,1,0,1,0,0,16,1,1,1,1,0,0          0
E7_B_stall,2195,1,0,0,0,0,0,0,0,1,0,0,0,1,0,1,0,0,16,1,1,1,1,0,0          0
E7_B_stall,2196,1,0,0,0,0,0,0,0,1,0,0,0,1,0,1,0,0,16,1,1,1,1,0,0          0
E7_B_stall,2197,1,0,0,0,0,0,0,0,1,0,0,0,1,0,1,0,0,16,1,1,1,1,0,0          0
E7_B_stall,2198,1,0,0,0,0,0,0,0,1,0,0,0,1,0,1,0,0,16,1,1,1,1,0,0          0
E7_B_stall,2199,1,0,0,0,0,0,0,0,1,0,0,0,1,0,1,0,0,16,1,1,1,1,0,0          0
E7_B_stall,2200,1,0,0,0,0,0,0,0,1,0,0,0,1,0,1,0,0,16,1,1,1,1,0,0          0
E7_B_stall,2201,1,0,0,0,0,0,0,0,1,0,0,0,1,0,1,0,0,16,1,1,1,1,0,0          0
E7_B_stall,2202,1,0,0,0,0,0,0,0,1,0,0,0,1,0,1,0,0,16,1,1,1,1,0,0          0
E7_B_stall,2203,1,0,0,0,0,0,0,0,1,0,0,0,1,0,1,0,0,16,1,1,1,1,0,0          0
E7_B_stall,2204,1,0,0,0,0,0,0,0,1,0,0,0,1,0,1,0,0,16,1,1,1,1,0,0          0
E7_B_stall,2205,1,0,0,0,0,0,0,0,1,0,0,0,1,0,1,0,0,16,1,1,1,1,0,0          0
E7_B_stall,2206,1,0,0,0,0,0,0,0,1,0,0,0,1,0,1,0,0,16,1,1,1,1,0,0          0
E7_B_stall,2207,1,0,0,0,0,0,0,0,1,0,0,0,1,0,1,0,0,16,1,1,1,1,0,0          0
E7_B_stall,2208,1,0,0,0,0,0,0,0,1,0,0,0,1,0,1,0,0,16,1,1,1,1,0,0          0
E7_B_stall,2209,1,0,0,0,0,0,0,0,1,0,0,0,1,0,1,0,0,16,1,1,1,1,0,0          0
E7_B_stall,2210,1,0,0,0,0,0,0,0,1,0,0,0,1,0,1,0,0,16,1,1,1,1,0,0          0
E7_B_stall,2211,1,0,0,0,0,0,0,0,1,0,0,0,1,0,1,0,0,16,1,1,1,1,0,0          0
E7_B_stall,2212,1,0,0,0,0,0,0,0,1,0,0,0,1,0,1,0,0,16,1,1,1,1,0,0          0
E7_B_stall,2213,1,0,0,0,0,0,0,0,1,0,0,0,1,0,1,0,0,16,1,1,1,1,0,0          0
E7_B_stall,2214,1,0,0,0,0,0,0,0,1,0,0,0,1,0,1,0,0,16,1,1,1,1,0,0          0
E7_B_stall,2215,1,0,0,0,0,0,0,0,1,0,0,0,1,0,1,0,0,16,1,1,1,1,0,0          0
E7_B_stall,2216,1,0,0,0,0,0,0,0,1,0,0,0,1,0,1,0,0,16,1,1,1,1,0,0          0
E7_B_stall,2217,1,0,0,0,0,0,0,0,1,0,0,0,1,0,1,0,0,16,1,1,1,1,0,0          0
E7_B_stall,2218,1,0,0,0,0,0,0,0,1,0,0,0,1,0,1,0,0,16,1,1,1,1,0,0          0
E7_B_stall,2219,1,0,0,0,0,0,0,0,1,0,0,0,1,0,1,0,0,16,1,1,1,1,0,0          0
E7_B_stall,2220,1,0,0,0,0,0,0,0,1,0,0,0,1,0,1,0,0,16,1,1,1,1,0,0          0
E7_B_stall,2221,1,0,0,0,0,0,0,0,1,0,0,0,1,0,1,0,0,16,1,1,1,1,0,0          0
E7_B_stall,2222,1,0,0,0,0,0,0,0,1,0,0,0,1,0,1,0,0,16,1,1,1,1,0,0          0
E7_B_stall,2223,1,0,0,0,0,0,0,0,1,0,0,0,1,0,1,0,0,16,1,1,1,1,0,0          0
E7_B_stall,2224,1,0,0,0,0,0,0,0,1,0,0,0,1,0,1,0,0,16,1,1,1,1,0,0          0
E7_B_stall,2225,1,0,0,0,0,0,0,0,1,0,0,0,1,0,1,0,0,16,1,1,1,1,0,0          0
E7_B_stall,2226,1,0,0,0,0,0,0,0,1,0,0,0,1,0,1,0,0,16,1,1,1,1,0,0          0
E7_B_stall,2227,1,0,0,0,0,0,0,0,1,0,0,0,1,0,1,0,0,16,1,1,1,1,0,0          0
E7_B_stall,2228,1,0,0,0,0,0,0,0,1,0,0,0,1,0,1,0,0,16,1,1,1,1,0,0          0
E7_B_stall,2229,1,0,0,0,0,0,0,0,1,0,0,0,1,0,1,0,0,16,1,1,1,1,0,0          0
E7_B_stall,2230,1,0,0,0,0,0,0,0,1,0,0,0,1,0,1,0,0,16,1,1,1,1,0,0          0
E7_B_stall,2231,1,0,0,0,0,0,0,0,1,0,0,0,1,0,1,0,0,16,1,1,1,1,0,0          0
E7_B_stall,2232,1,0,0,0,0,0,0,0,1,0,0,0,1,0,1,0,0,16,1,1,1,1,0,0          0
E7_B_stall,2233,1,0,0,0,0,0,0,0,1,0,0,0,1,0,1,0,0,16,1,1,1,1,0,0          0
E7_B_stall,2234,1,0,0,0,0,0,0,0,1,0,0,0,1,0,1,0,0,16,1,1,1,1,0,0          0
E7_B_stall,2235,1,0,0,0,0,0,0,0,1,0,0,0,1,0,1,0,0,16,1,1,1,1,0,0          0
E7_B_stall,2236,1,0,0,0,0,0,0,0,1,0,0,0,1,0,1,0,0,16,1,1,1,1,0,0          0
E7_B_stall,2237,1,0,0,0,0,0,0,0,1,0,0,0,1,0,1,0,0,16,1,1,1,1,0,0          0
E7_B_stall,2238,1,0,0,0,0,0,0,0,1,0,0,0,1,0,1,0,0,16,1,1,1,1,0,0          0
E7_B_stall,2239,1,0,0,0,0,0,0,0,1,0,0,0,1,0,1,0,0,16,1,1,1,1,0,0          0
E7_B_stall,2240,1,0,0,0,0,0,0,0,1,0,0,0,1,0,1,0,0,16,1,1,1,1,0,0          0
E7_B_stall,2241,1,0,0,0,0,0,0,0,1,0,0,0,1,0,1,0,0,16,1,1,1,1,0,0          0
E7_B_stall,2242,1,0,0,0,0,0,0,0,1,0,0,0,1,0,1,0,0,16,1,1,1,1,0,0          0
E7_B_stall,2243,1,0,0,0,0,0,0,0,1,0,0,0,1,0,1,0,0,16,1,1,1,1,0,0          0
E7_B_stall,2244,1,0,0,0,0,0,0,0,1,0,0,0,1,0,1,0,0,16,1,1,1,1,0,0          0
E7_B_stall,2245,1,0,0,0,0,0,0,0,1,0,0,0,1,0,1,0,0,16,1,1,1,1,0,0          0
E7_B_stall,2246,1,0,0,0,0,0,0,0,1,0,0,0,1,0,1,0,0,16,1,1,1,1,0,0          0
E7_B_stall,2247,1,0,0,0,0,0,0,0,1,0,0,0,1,0,1,0,0,16,1,1,1,1,0,0          0
E7_B_stall,2248,1,0,0,0,0,0,0,0,1,0,0,0,1,0,1,0,0,16,1,1,1,1,0,0          0
E7_B_stall,2249,1,0,0,0,0,0,0,0,1,0,0,0,1,0,1,0,0,16,1,1,1,1,0,0          0
E7_B_stall,2250,1,0,0,0,0,0,0,0,1,0,0,0,1,0,1,0,0,16,1,1,1,1,0,0          0
E7_B_stall,2251,1,0,0,0,0,0,0,0,1,0,0,0,1,0,1,0,0,16,1,1,1,1,0,0          0
E7_B_stall,2252,1,0,0,0,0,0,0,0,1,0,0,0,1,0,1,0,0,16,1,1,1,1,0,0          0
E7_B_stall,2253,1,0,0,0,0,0,0,0,1,0,0,0,1,0,1,0,0,16,1,1,1,1,0,0          0
E7_B_stall,2254,1,0,0,0,0,0,0,0,1,0,0,0,1,0,1,0,0,16,1,1,1,1,0,0          0
E7_B_stall,2255,1,0,0,0,0,0,0,0,1,0,0,0,1,0,1,0,0,16,1,1,1,1,0,0          0
E7_B_stall,2256,1,0,0,0,0,0,0,0,1,0,0,0,1,0,1,0,0,16,1,1,1,1,0,0          0
E7_B_stall,2257,1,0,0,0,0,0,0,0,1,0,0,0,1,0,1,0,0,16,1,1,1,1,0,0          0
E7_B_stall,2258,1,0,0,0,0,0,0,0,1,0,0,0,1,0,1,0,0,16,1,1,1,1,0,0          0
E7_B_stall,2259,1,0,0,0,0,0,0,0,1,0,0,0,1,0,1,0,0,16,1,1,1,1,0,0          0
E7_B_stall,2260,1,0,0,0,0,0,0,0,1,0,0,0,1,0,1,0,0,16,1,1,1,1,0,0          0
E7_B_stall,2261,1,0,0,0,0,0,0,0,1,0,0,0,1,0,1,0,0,16,1,1,1,1,0,0          0
E7_B_stall,2262,1,0,0,0,0,0,0,0,1,0,0,0,1,0,1,0,0,16,1,1,1,1,0,0          0
E7_B_stall,2263,1,0,0,0,0,0,0,0,1,0,0,0,1,0,1,0,0,16,1,1,1,1,0,0          0
E7_B_stall,2264,1,0,0,0,0,0,0,0,1,0,0,0,1,0,1,0,0,16,1,1,1,1,0,0          0
E7_B_stall,2265,1,0,0,0,0,0,0,0,1,0,0,0,1,0,1,0,0,16,1,1,1,1,0,0          0
E7_B_stall,2266,1,0,0,0,0,0,0,0,1,0,0,0,1,0,1,0,0,16,1,1,1,1,0,0          0
E7_B_stall,2267,1,0,0,0,0,0,0,0,1,0,0,0,1,0,1,0,0,16,1,1,1,1,0,0          0
E7_B_stall,2268,1,0,0,0,0,0,0,0,1,0,0,0,1,0,1,0,0,16,1,1,1,1,0,0          0
E7_B_stall,2269,1,0,0,0,0,0,0,0,1,0,0,0,1,0,1,0,0,16,1,1,1,1,0,0          0
E7_B_stall,2270,1,0,0,0,0,0,0,0,1,0,0,0,1,0,1,0,0,16,1,1,1,1,0,0          0
E7_B_stall,2271,1,0,0,0,0,0,0,0,1,0,0,0,1,0,1,0,0,16,1,1,1,1,0,0          0
E7_B_stall,2272,1,0,0,0,0,0,0,0,1,0,0,0,1,0,1,0,0,16,1,1,1,1,0,0          0
E7_B_stall,2273,1,0,0,0,0,0,0,0,1,0,0,0,1,0,1,0,0,16,1,1,1,1,0,0          0
E7_B_stall,2274,1,0,0,0,0,0,0,0,1,0,0,0,1,0,1,0,0,16,1,1,1,1,0,0          0
E7_B_stall,2275,1,0,0,0,0,0,0,0,1,0,0,0,1,0,1,0,0,16,1,1,1,1,0,0          0
E7_B_stall,2276,1,0,0,0,0,0,0,0,1,0,0,0,1,0,1,0,0,16,1,1,1,1,0,0          0
E7_B_stall,2277,1,0,0,0,0,0,0,0,1,0,0,0,1,0,1,0,0,16,1,1,1,1,0,0          0
E7_B_stall,2278,1,0,0,0,0,0,0,0,1,0,0,0,1,0,1,0,0,16,1,1,1,1,0,0          0
E7_B_stall,2279,1,0,0,0,0,0,0,0,1,0,0,0,1,0,1,0,0,16,1,1,1,1,0,0          0
E7_B_stall,2280,1,0,0,0,0,0,0,0,1,0,0,0,1,0,1,0,0,16,1,1,1,1,0,0          0
E7_B_stall,2281,1,0,0,0,0,0,0,0,1,0,0,0,1,0,1,0,0,16,1,1,1,1,0,0          0
E7_B_stall,2282,1,0,0,0,0,0,0,0,1,0,0,0,1,0,1,0,0,16,1,1,1,1,0,0          0
E7_B_stall,2283,1,0,0,0,0,0,0,0,1,0,0,0,1,0,1,0,0,16,1,1,1,1,0,0          0
E7_B_stall,2284,1,0,0,0,0,0,0,0,1,0,0,0,1,0,1,0,0,16,1,1,1,1,0,0          0
E7_B_stall,2285,1,0,0,0,0,0,0,0,1,0,0,0,1,0,1,0,0,16,1,1,1,1,0,0          0
E7_B_stall,2286,1,0,0,0,0,0,0,0,1,0,0,0,1,0,1,0,0,16,1,1,1,1,0,0          0
E7_B_stall,2287,1,0,0,0,0,0,0,0,1,0,0,0,1,0,1,0,0,16,1,1,1,1,0,0          0
E7_B_stall,2288,1,0,0,0,0,0,0,0,1,0,0,0,1,0,1,0,0,16,1,1,1,1,0,0          0
E7_B_stall,2289,1,0,0,0,0,0,0,0,1,0,0,0,1,0,1,0,0,16,1,1,1,1,0,0          0
E7_B_stall,2290,1,0,0,0,0,0,0,0,1,0,0,0,1,0,1,0,0,16,1,1,1,1,0,0          0
E7_B_stall,2291,1,0,0,0,0,0,0,0,1,0,0,0,1,0,1,0,0,16,1,1,1,1,0,0          0
E7_B_stall,2292,1,0,0,0,0,0,0,0,1,0,0,0,1,0,1,0,0,16,1,1,1,1,0,0          0
E7_B_stall,2293,1,0,0,0,0,0,0,0,1,0,0,0,1,0,1,0,0,16,1,1,1,1,0,0          0
E7_B_stall,2294,1,0,0,0,0,0,0,0,1,0,0,0,1,0,1,0,0,16,1,1,1,1,0,0          0
E7_B_stall,2295,1,0,0,0,0,0,0,0,1,0,0,0,1,0,1,0,0,16,1,1,1,1,0,0          0
E7_B_stall,2296,1,0,0,0,0,0,0,0,1,0,0,0,1,0,1,0,0,16,1,1,1,1,0,0          0
E7_B_stall,2297,1,0,0,0,0,0,0,0,1,0,0,0,1,0,1,0,0,16,1,1,1,1,0,0          0
E7_B_stall,2298,1,0,0,0,0,0,0,0,1,0,0,0,1,0,1,0,0,16,1,1,1,1,0,0          0
E7_B_stall,2299,1,0,0,0,0,0,0,0,1,0,0,0,1,0,1,0,0,16,1,1,1,1,0,0          0
E7_B_stall,2300,1,0,0,0,0,0,0,0,1,0,0,0,1,0,1,0,0,16,1,1,1,1,0,0          0
E7_B_stall,2301,1,0,0,0,0,0,0,0,1,0,0,0,1,0,1,0,0,16,1,1,1,1,0,0          0
E7_B_stall,2302,1,0,0,0,0,0,0,0,1,0,0,0,1,0,1,0,0,16,1,1,1,1,0,0          0
E7_B_stall,2303,1,0,0,0,0,0,0,0,1,0,0,0,1,0,1,0,0,16,1,1,1,1,0,0          0
E7_B_stall,2304,1,0,0,0,0,0,0,0,1,0,0,0,1,0,1,0,0,16,1,1,1,1,0,0          0
E7_B_stall,2305,1,0,0,0,0,0,0,0,1,0,0,0,1,0,1,0,0,16,1,1,1,1,0,0          0
E7_B_stall,2306,1,0,0,0,0,0,0,0,1,0,0,0,1,0,1,0,0,16,1,1,1,1,0,0          0
E7_B_stall,2307,1,0,0,0,0,0,0,0,1,0,0,0,1,0,1,0,0,16,1,1,1,1,0,0          0
E7_B_stall,2308,1,0,0,0,0,0,0,0,1,0,0,0,1,0,1,0,0,16,1,1,1,1,0,0          0
E7_B_stall,2309,1,0,0,0,0,0,0,0,1,0,0,0,1,0,1,0,0,16,1,1,1,1,0,0          0
E7_B_stall,2310,1,0,0,0,0,0,0,0,1,0,0,0,1,0,1,0,0,16,1,1,1,1,0,0          0
E7_B_stall,2311,1,0,0,0,0,0,0,0,1,0,0,0,1,0,1,0,0,16,1,1,1,1,0,0          0
E7_B_stall,2312,1,0,0,0,0,0,0,0,1,0,0,0,1,0,1,0,0,16,1,1,1,1,0,0          0
E7_B_stall,2313,1,0,0,0,0,0,0,0,1,0,0,0,1,0,1,0,0,16,1,1,1,1,0,0          0
E7_B_stall,2314,1,0,0,0,0,0,0,0,1,0,0,0,1,0,1,0,0,16,1,1,1,1,0,0          0
E7_B_stall,2315,1,0,0,0,0,0,0,0,1,0,0,0,1,0,1,0,0,16,1,1,1,1,0,0          0
E7_B_stall,2316,1,0,0,0,0,0,0,0,1,0,0,0,1,0,1,0,0,16,1,1,1,1,0,0          0
E7_B_stall,2317,1,0,0,0,0,0,0,0,1,0,0,0,1,0,1,0,0,16,1,1,1,1,0,0          0
E7_B_stall,2318,1,0,0,0,0,0,0,0,1,0,0,0,1,0,1,0,0,16,1,1,1,1,0,0          0
E7_B_stall,2319,1,0,0,0,0,0,0,0,1,0,0,0,1,0,1,0,0,16,1,1,1,1,0,0          0
E7_B_stall,2320,1,0,0,0,0,0,0,0,1,0,0,0,1,0,1,0,0,16,1,1,1,1,0,0          0
E7_B_stall,2321,1,0,0,0,0,0,0,0,1,0,0,0,1,0,1,0,0,16,1,1,1,1,0,0          0
E7_B_stall,2322,1,0,0,0,0,0,0,0,1,0,0,0,1,0,1,0,0,16,1,1,1,1,0,0          0
E7_B_stall,2323,1,0,0,0,0,0,0,0,1,0,0,0,1,0,1,0,0,16,1,1,1,1,0,0          0
E7_B_stall,2324,1,0,0,0,0,0,0,0,1,0,0,0,1,0,1,0,0,16,1,1,1,1,0,0          0
E7_B_stall,2325,1,0,0,0,0,0,0,0,1,0,0,0,1,0,1,0,0,16,1,1,1,1,0,0          0
E7_B_stall,2326,1,0,0,0,0,0,0,0,1,0,0,0,1,0,1,0,0,16,1,1,1,1,0,0          0
E7_B_stall,2327,1,0,0,0,0,0,0,0,1,0,0,0,1,0,1,0,0,16,1,1,1,1,0,0          0
E7_B_stall,2328,1,0,0,0,0,0,0,0,1,0,0,0,1,0,1,0,0,16,1,1,1,1,0,0          0
E7_B_stall,2329,1,0,0,0,0,0,0,0,1,0,0,0,1,0,1,0,0,16,1,1,1,1,0,0          0
E7_B_stall,2330,1,0,0,0,0,0,0,0,1,0,0,0,1,0,1,0,0,16,1,1,1,1,0,0          0
E7_B_stall,2331,1,0,0,0,0,0,0,0,1,0,0,0,1,0,1,0,0,16,1,1,1,1,0,0          0
E7_B_stall,2332,1,0,0,0,0,0,0,0,1,0,0,0,1,0,1,0,0,16,1,1,1,1,0,0          0
E7_B_stall,2333,1,0,0,0,0,0,0,0,1,0,0,0,1,0,1,0,0,16,1,1,1,1,0,0          0
E7_B_stall,2334,1,0,0,0,0,0,0,0,1,0,0,0,1,0,1,0,0,16,1,1,1,1,0,0          0
E7_B_stall,2335,1,0,0,0,0,0,0,0,1,0,0,0,1,0,1,0,0,16,1,1,1,1,0,0          0
E7_B_stall,2336,1,0,0,0,0,0,0,0,1,0,0,0,1,0,1,0,0,16,1,1,1,1,0,0          0
E7_B_stall,2337,1,0,0,0,0,0,0,0,1,0,0,0,1,0,1,0,0,16,1,1,1,1,0,0          0
E7_B_stall,2338,1,0,0,0,0,0,0,0,1,0,0,0,1,0,1,0,0,16,1,1,1,1,0,0          0
E7_B_stall,2339,1,0,0,0,0,0,0,0,1,0,0,0,1,0,1,0,0,16,1,1,1,1,0,0          0
E7_B_stall,2340,1,0,0,0,0,0,0,0,1,0,0,0,1,0,1,0,0,16,1,1,1,1,0,0          0
E7_B_stall,2341,1,0,0,0,0,0,0,0,1,0,0,0,1,0,1,0,0,16,1,1,1,1,0,0          0
E7_B_stall,2342,1,0,0,0,0,0,0,0,1,0,0,0,1,0,1,0,0,16,1,1,1,1,0,0          0
E7_B_stall,2343,1,0,0,0,0,0,0,0,1,0,0,0,1,0,1,0,0,16,1,1,1,1,0,0          0
E7_B_stall,2344,1,0,0,0,0,0,0,0,1,0,0,0,1,0,1,0,0,16,1,1,1,1,0,0          0
E7_B_stall,2345,1,0,0,0,0,0,0,0,1,0,0,0,1,0,1,0,0,16,1,1,1,1,0,0          0
E7_B_stall,2346,1,0,0,0,0,0,0,0,1,0,0,0,1,0,1,0,0,16,1,1,1,1,0,0          0
E7_B_stall,2347,1,0,0,0,0,0,0,0,1,0,0,0,1,0,1,0,0,16,1,1,1,1,0,0          0
E7_B_stall,2348,1,0,0,0,0,0,0,0,1,0,0,0,1,0,1,0,0,16,1,1,1,1,0,0          0
E7_B_stall,2349,1,0,0,0,0,0,0,0,1,0,0,0,1,0,1,0,0,16,1,1,1,1,0,0          0
E7_B_stall,2350,1,0,0,0,0,0,0,0,1,0,0,0,1,0,1,0,0,16,1,1,1,1,0,0          0
E7_B_stall,2351,1,0,0,0,0,0,0,0,1,0,0,0,1,0,1,0,0,16,1,1,1,1,0,0          0
E7_B_stall,2352,1,0,0,0,0,0,0,0,1,0,0,0,1,0,1,0,0,16,1,1,1,1,0,0          0
E7_B_stall,2353,1,0,0,0,0,0,0,0,1,0,0,0,1,0,1,0,0,16,1,1,1,1,0,0          0
E7_B_stall,2354,1,0,0,0,0,0,0,0,1,0,0,0,1,0,1,0,0,16,1,1,1,1,0,0          0
E7_B_stall,2355,1,0,0,0,0,0,0,0,1,0,0,0,1,0,1,0,0,16,1,1,1,1,0,0          0
E7_B_stall,2356,1,0,0,0,0,0,0,0,1,0,0,0,1,0,1,0,0,16,1,1,1,1,0,0          0
E7_B_stall,2357,1,0,0,0,0,0,0,0,1,0,0,0,1,0,1,0,0,16,1,1,1,1,0,0          0
E7_B_stall,2358,1,0,0,0,0,0,0,0,1,0,0,0,1,0,1,0,0,16,1,1,1,1,0,0          0
E7_B_stall,2359,1,0,0,0,0,0,0,0,1,0,0,0,1,0,1,0,0,16,1,1,1,1,0,0          0
E7_B_stall,2360,1,0,0,0,0,0,0,0,1,0,0,0,1,0,1,0,0,16,1,1,1,1,0,0          0
E7_B_stall,2361,1,0,0,0,0,0,0,0,1,0,0,0,1,0,1,0,0,16,1,1,1,1,0,0          0
E7_B_stall,2362,1,0,0,0,0,0,0,0,1,0,0,0,1,0,1,0,0,16,1,1,1,1,0,0          0
E7_B_stall,2363,1,0,0,0,0,0,0,0,1,0,0,0,1,0,1,0,0,16,1,1,1,1,0,0          0
E7_B_stall,2364,1,0,0,0,0,0,0,0,1,0,0,0,1,0,1,0,0,16,1,1,1,1,0,0          0
E7_B_stall,2365,1,0,0,0,0,0,0,0,1,0,0,0,1,0,1,0,0,16,1,1,1,1,0,0          0
E7_B_stall,2366,1,0,0,0,0,0,0,0,1,0,0,0,1,0,1,0,0,16,1,1,1,1,0,0          0
E7_B_stall,2367,1,0,0,0,0,0,0,0,1,0,0,0,1,0,1,0,0,16,1,1,1,1,0,0          0
E7_B_stall,2368,1,0,0,0,0,0,0,0,1,0,0,0,1,0,1,0,0,16,1,1,1,1,0,0          0
E7_B_stall,2369,1,0,0,0,0,0,0,0,1,0,0,0,1,0,1,0,0,16,1,1,1,1,0,0          0
E7_B_stall,2370,1,0,0,0,0,0,0,0,1,0,0,0,1,0,1,0,0,16,1,1,1,1,0,0          0
E7_B_stall,2371,1,0,0,0,0,0,0,0,1,0,0,0,1,0,1,0,0,16,1,1,1,1,0,0          0
E7_B_stall,2372,1,0,0,0,0,0,0,0,1,0,0,0,1,0,1,0,0,16,1,1,1,1,0,0          0
E7_B_stall,2373,1,0,0,0,0,0,0,0,1,0,0,0,1,0,1,0,0,16,1,1,1,1,0,0          0
E7_B_stall,2374,1,0,0,0,0,0,0,0,1,0,0,0,1,0,1,0,0,16,1,1,1,1,0,0          0
E7_B_stall,2375,1,0,0,0,0,0,0,0,1,0,0,0,1,0,1,0,0,16,1,1,1,1,0,0          0
E7_B_stall,2376,1,0,0,0,0,0,0,0,1,0,0,0,1,0,1,0,0,16,1,1,1,1,0,0          0
E7_B_stall,2377,1,0,0,0,0,0,0,0,1,0,0,0,1,0,1,0,0,16,1,1,1,1,0,0          0
E7_B_stall,2378,1,0,0,0,0,0,0,0,1,0,0,0,1,0,1,0,0,16,1,1,1,1,0,0          0
E7_B_stall,2379,1,0,0,0,0,0,0,0,1,0,0,0,1,0,1,0,0,16,1,1,1,1,0,0          0
E7_B_stall,2380,1,0,0,0,0,0,0,0,1,0,0,0,1,0,1,0,0,16,1,1,1,1,0,0          0
E7_B_stall,2381,1,0,0,0,0,0,0,0,1,0,0,0,1,0,1,0,0,16,1,1,1,1,0,0          0
E7_B_stall,2382,1,0,0,0,0,0,0,0,1,0,0,0,1,0,1,0,0,16,1,1,1,1,0,0          0
E7_B_stall,2383,1,0,0,0,0,0,0,0,1,0,0,0,1,0,1,0,0,16,1,1,1,1,0,0          0
E7_B_stall,2384,1,0,0,0,0,0,0,0,1,0,0,0,1,0,1,0,0,16,1,1,1,1,0,0          0
E7_B_stall,2385,1,0,0,0,0,0,0,0,1,0,0,0,1,0,1,0,0,16,1,1,1,1,0,0          0
E7_B_stall,2386,1,0,0,0,0,0,0,0,1,0,0,0,1,0,1,0,0,16,1,1,1,1,0,0          0
E7_B_stall,2387,1,0,0,0,0,0,0,0,1,0,0,0,1,0,1,0,0,16,1,1,1,1,0,0          0
E7_B_stall,2388,1,0,0,0,0,0,0,0,1,0,0,0,1,0,1,0,0,16,1,1,1,1,0,0          0
E7_B_stall,2389,1,0,0,0,0,0,0,0,1,0,0,0,1,0,1,0,0,16,1,1,1,1,0,0          0
E7_B_stall,2390,1,0,0,0,0,0,0,0,1,0,0,0,1,0,1,0,0,16,1,1,1,1,0,0          0
E7_B_stall,2391,1,0,0,0,0,0,0,0,1,0,0,0,1,0,1,0,0,16,1,1,1,1,0,0          0
E7_B_stall,2392,1,0,0,0,0,0,0,0,1,0,0,0,1,0,1,0,0,16,1,1,1,1,0,0          0
E7_B_stall,2393,1,0,0,0,0,0,0,0,1,0,0,0,1,0,1,0,0,16,1,1,1,1,0,0          0
E7_B_stall,2394,1,0,0,0,0,0,0,0,1,0,0,0,1,0,1,0,0,16,1,1,1,1,0,0          0
E7_B_stall,2395,1,0,0,0,0,0,0,0,1,0,0,0,1,0,1,0,0,16,1,1,1,1,0,0          0
E7_B_stall,2396,1,0,0,0,0,0,0,0,1,0,0,0,1,0,1,0,0,16,1,1,1,1,0,0          0
E7_B_stall,2397,1,0,0,0,0,0,0,0,1,0,0,0,1,0,1,0,0,16,1,1,1,1,0,0          0
E7_B_stall,2398,1,0,0,0,0,0,0,0,1,0,0,0,1,0,1,0,0,16,1,1,1,1,0,0          0
E7_B_stall,2399,1,0,0,0,0,0,0,0,1,0,0,0,1,0,1,0,0,16,1,1,1,1,0,0          0
E7_B_stall,2400,1,0,0,0,0,0,0,0,1,0,0,0,1,0,1,0,0,16,1,1,1,1,0,0          0
E7_B_stall,2401,1,0,0,0,0,0,0,0,1,0,0,0,1,0,1,0,0,16,1,1,1,1,0,0          0
E7_B_stall,2402,1,0,0,0,0,0,0,0,1,0,0,0,1,0,1,0,0,16,1,1,1,1,0,0          0
E7_B_stall,2403,1,0,0,0,0,0,0,0,1,0,0,0,1,0,1,0,0,16,1,1,1,1,0,0          0
E7_B_stall,2404,1,0,0,0,0,0,0,0,1,0,0,0,1,0,1,0,0,16,1,1,1,1,0,0          0
E7_B_stall,2405,1,0,0,0,0,0,0,0,1,0,0,0,1,0,1,0,0,16,1,1,1,1,0,0          0
E7_B_stall,2406,1,0,0,0,0,0,0,0,1,0,0,0,1,0,1,0,0,16,1,1,1,1,0,0          0
E7_B_stall,2407,1,0,0,0,0,0,0,0,1,0,0,0,1,0,1,0,0,16,1,1,1,1,0,0          0
E7_B_stall,2408,1,0,0,0,0,0,0,0,1,0,0,0,1,0,1,0,0,16,1,1,1,1,0,0          0
E7_B_stall,2409,1,0,0,0,0,0,0,0,1,0,0,0,1,0,1,0,0,16,1,1,1,1,0,0          0
E7_B_stall,2410,1,0,0,0,0,0,0,0,1,0,0,0,1,0,1,0,0,16,1,1,1,1,0,0          0
E7_B_stall,2411,1,0,0,0,0,0,0,0,1,0,0,0,1,0,1,0,0,16,1,1,1,1,0,0          0
E7_B_stall,2412,1,0,0,0,0,0,0,0,1,0,0,0,1,0,1,0,0,16,1,1,1,1,0,0          0
E7_B_stall,2413,1,0,0,0,0,0,0,0,1,0,0,0,1,0,1,0,0,16,1,1,1,1,0,0          0
E7_B_stall,2414,1,0,0,0,0,0,0,0,1,0,0,0,1,0,1,0,0,16,1,1,1,1,0,0          0
E7_B_stall,2415,1,0,0,0,0,0,0,0,1,0,0,0,1,0,1,0,0,16,1,1,1,1,0,0          0
E7_B_stall,2416,1,0,0,0,0,0,0,0,1,0,0,0,1,0,1,0,0,16,1,1,1,1,0,0          0
E7_B_stall,2417,1,0,0,0,0,0,0,0,1,0,0,0,1,0,1,0,0,16,1,1,1,1,0,0          0
E7_B_stall,2418,1,0,0,0,0,0,0,0,1,0,0,0,1,0,1,0,0,16,1,1,1,1,0,0          0
E7_B_stall,2419,1,0,0,0,0,0,0,0,1,0,0,0,1,0,1,0,0,16,1,1,1,1,0,0          0
E7_B_stall,2420,1,0,0,0,0,0,0,0,1,0,0,0,1,0,1,0,0,16,1,1,1,1,0,0          0
E7_B_stall,2421,1,0,0,0,0,0,0,0,1,0,0,0,1,0,1,0,0,16,1,1,1,1,0,0          0
E7_B_stall,2422,1,0,0,0,0,0,0,0,1,0,0,0,1,0,1,0,0,16,1,1,1,1,0,0          0
E7_B_stall,2423,1,0,0,0,0,0,0,0,1,0,0,0,1,0,1,0,0,16,1,1,1,1,0,0          0
E7_B_stall,2424,1,0,0,0,0,0,0,0,1,0,0,0,1,0,1,0,0,16,1,1,1,1,0,0          0
E7_B_stall,2425,1,0,0,0,0,0,0,0,1,0,0,0,1,0,1,0,0,16,1,1,1,1,0,0          0
E7_B_stall,2426,1,0,0,0,0,0,0,0,1,0,0,0,1,0,1,0,0,16,1,1,1,1,0,0          0
E7_B_stall,2427,1,0,0,0,0,0,0,0,1,0,0,0,1,0,1,0,0,16,1,1,1,1,0,0          0
E7_B_stall,2428,1,0,0,0,0,0,0,0,1,0,0,0,1,0,1,0,0,16,1,1,1,1,0,0          0
E7_B_stall,2429,1,0,0,0,0,0,0,0,1,0,0,0,1,0,1,0,0,16,1,1,1,1,0,0          0
E7_B_stall,2430,1,0,0,0,0,0,0,0,1,0,0,0,1,0,1,0,0,16,1,1,1,1,0,0          0
E7_B_stall,2431,1,0,0,0,0,0,0,0,1,0,0,0,1,0,1,0,0,16,1,1,1,1,0,0          0
E7_B_stall,2432,1,0,0,0,0,0,0,0,1,0,0,0,1,0,1,0,0,16,1,1,1,1,0,0          0
E7_B_stall,2433,1,0,0,0,0,0,0,0,1,0,0,0,1,0,1,0,0,16,1,1,1,1,0,0          0
E7_B_stall,2434,1,0,0,0,0,0,0,0,1,0,0,0,1,0,1,0,0,16,1,1,1,1,0,0          0
E7_B_stall,2435,1,0,0,0,0,0,0,0,1,0,0,0,1,0,1,0,0,16,1,1,1,1,0,0          0
E7_B_stall,2436,1,0,0,0,0,0,0,0,1,0,0,0,1,0,1,0,0,16,1,1,1,1,0,0          0
E7_B_stall,2437,1,0,0,0,0,0,0,0,1,0,0,0,1,0,1,0,0,16,1,1,1,1,0,0          0
E7_B_stall,2438,1,0,0,0,0,0,0,0,1,0,0,0,1,0,1,0,0,16,1,1,1,1,0,0          0
E7_B_stall,2439,1,0,0,0,0,0,0,0,1,0,0,0,1,0,1,0,0,16,1,1,1,1,0,0          0
E7_B_stall,2440,1,0,0,0,0,0,0,0,1,0,0,0,1,0,1,0,0,16,1,1,1,1,0,0          0
E7_B_stall,2441,1,0,0,0,0,0,0,0,1,0,0,0,1,0,1,0,0,16,1,1,1,1,0,0          0
E7_B_stall,2442,1,0,0,0,0,0,0,0,1,0,0,0,1,0,1,0,0,16,1,1,1,1,0,0          0
E7_B_stall,2443,1,0,0,0,0,0,0,0,1,0,0,0,1,0,1,0,0,16,1,1,1,1,0,0          0
E7_B_stall,2444,1,0,0,0,0,0,0,0,1,0,0,0,1,0,1,0,0,16,1,1,1,1,0,0          0
E7_B_stall,2445,1,0,0,0,0,0,0,0,1,0,0,0,1,0,1,0,0,16,1,1,1,1,0,0          0
E7_B_stall,2446,1,0,0,0,0,0,0,0,1,0,0,0,1,0,1,0,0,16,1,1,1,1,0,0          0
E7_B_stall,2447,1,0,0,0,0,0,0,0,1,0,0,0,1,0,1,0,0,16,1,1,1,1,0,0          0
E7_B_stall,2448,1,0,0,0,0,0,0,0,1,0,0,0,1,0,1,0,0,16,1,1,1,1,0,0          0
E7_B_stall,2449,1,0,0,0,0,0,0,0,1,0,0,0,1,0,1,0,0,16,1,1,1,1,0,0          0
E7_B_stall,2450,1,0,0,0,0,0,0,0,1,0,0,0,1,0,1,0,0,16,1,1,1,1,0,0          0
E7_B_stall,2451,1,0,0,0,0,0,0,0,1,0,0,0,1,0,1,0,0,16,1,1,1,1,0,0          0
E7_B_stall,2452,1,0,0,0,0,0,0,0,1,0,0,0,1,0,1,0,0,16,1,1,1,1,0,0          0
E7_B_stall,2453,1,0,0,0,0,0,0,0,1,0,0,0,1,0,1,0,0,16,1,1,1,1,0,0          0
E7_B_stall,2454,1,0,0,0,0,0,0,0,1,0,0,0,1,0,1,0,0,16,1,1,1,1,0,0          0
E7_B_stall,2455,1,0,0,0,0,0,0,0,1,0,0,0,1,0,1,0,0,16,1,1,1,1,0,0          0
E7_B_stall,2456,1,0,0,0,0,0,0,0,1,0,0,0,1,0,1,0,0,16,1,1,1,1,0,0          0
E7_B_stall,2457,1,0,0,0,0,0,0,0,1,0,0,0,1,0,1,0,0,16,1,1,1,1,0,0          0
E7_B_stall,2458,1,0,0,0,0,0,0,0,1,0,0,0,1,0,1,0,0,16,1,1,1,1,0,0          0
E7_B_stall,2459,1,0,0,0,0,0,0,0,1,0,0,0,1,0,1,0,0,16,1,1,1,1,0,0          0
E7_B_stall,2460,1,0,0,0,0,0,0,0,1,0,0,0,1,0,1,0,0,16,1,1,1,1,0,0          0
E7_B_stall,2461,1,0,0,0,0,0,0,0,1,0,0,0,1,0,1,0,0,16,1,1,1,1,0,0          0
E7_B_stall,2462,1,0,0,0,0,0,0,0,1,0,0,0,1,0,1,0,0,16,1,1,1,1,0,0          0
E7_B_stall,2463,1,0,0,0,0,0,0,0,1,0,0,0,1,0,1,0,0,16,1,1,1,1,0,0          0
E7_B_stall,2464,1,0,0,0,0,0,0,0,1,0,0,0,1,0,1,0,0,16,1,1,1,1,0,0          0
E7_B_stall,2465,1,0,0,0,0,0,0,0,1,0,0,0,1,0,1,0,0,16,1,1,1,1,0,0          0
E7_B_stall,2466,1,0,0,0,0,0,0,0,1,0,0,0,1,0,1,0,0,16,1,1,1,1,0,0          0
E7_B_stall,2467,1,0,0,0,0,0,0,0,1,0,0,0,1,0,1,0,0,16,1,1,1,1,0,0          0
E7_B_stall,2468,1,0,0,0,0,0,0,0,1,0,0,0,1,0,1,0,0,16,1,1,1,1,0,0          0
E7_B_stall,2469,1,0,0,0,0,0,0,0,1,0,0,0,1,0,1,0,0,16,1,1,1,1,0,0          0
E7_B_stall,2470,1,0,0,0,0,0,0,0,1,0,0,0,1,0,1,0,0,16,1,1,1,1,0,0          0
E7_B_stall,2471,1,0,0,0,0,0,0,0,1,0,0,0,1,0,1,0,0,16,1,1,1,1,0,0          0
E7_B_stall,2472,1,0,0,0,0,0,0,0,1,0,0,0,1,0,1,0,0,16,1,1,1,1,0,0          0
E7_B_stall,2473,1,0,0,0,0,0,0,0,1,0,0,0,1,0,1,0,0,16,1,1,1,1,0,0          0
E7_B_stall,2474,1,0,0,0,0,0,0,0,1,0,0,0,1,0,1,0,0,16,1,1,1,1,0,0          0
E7_B_stall,2475,1,0,0,0,0,0,0,0,1,0,0,0,1,0,1,0,0,16,1,1,1,1,0,0          0
E7_B_stall,2476,1,0,0,0,0,0,0,0,1,0,0,0,1,0,1,0,0,16,1,1,1,1,0,0          0
E7_B_stall,2477,1,0,0,0,0,0,0,0,1,0,0,0,1,0,1,0,0,16,1,1,1,1,0,0          0
E7_B_stall,2478,1,0,0,0,0,0,0,0,1,0,0,0,1,0,1,0,0,16,1,1,1,1,0,0          0
E7_B_stall,2479,1,0,0,0,0,0,0,0,1,0,0,0,1,0,1,0,0,16,1,1,1,1,0,0          0
E7_B_stall,2480,1,0,0,0,0,0,0,0,1,0,0,0,1,0,1,0,0,16,1,1,1,1,0,0          0
E7_B_stall,2481,1,0,0,0,0,0,0,0,1,0,0,0,1,0,1,0,0,16,1,1,1,1,0,0          0
E7_B_stall,2482,1,0,0,0,0,0,0,0,1,0,0,0,1,0,1,0,0,16,1,1,1,1,0,0          0
E7_B_stall,2483,1,0,0,0,0,0,0,0,1,0,0,0,1,0,1,0,0,16,1,1,1,1,0,0          0
E7_B_stall,2484,1,0,0,0,0,0,0,0,1,0,0,0,1,0,1,0,0,16,1,1,1,1,0,0          0
E7_B_stall,2485,1,0,0,0,0,0,0,0,1,0,0,0,1,0,1,0,0,16,1,1,1,1,0,0          0
E7_B_stall,2486,1,0,0,0,0,0,0,0,1,0,0,0,1,0,1,0,0,16,1,1,1,1,0,0          0
E7_B_stall,2487,1,0,0,0,0,0,0,0,1,0,0,0,1,0,1,0,0,16,1,1,1,1,0,0          0
E7_B_stall,2488,1,0,0,0,0,0,0,0,1,0,0,0,1,0,1,0,0,16,1,1,1,1,0,0          0
E7_B_stall,2489,1,0,0,0,0,0,0,0,1,0,0,0,1,0,1,0,0,16,1,1,1,1,0,0          0
E7_B_stall,2490,1,0,0,0,0,0,0,0,1,0,0,0,1,0,1,0,0,16,1,1,1,1,0,0          0
E7_B_stall,2491,1,0,0,0,0,0,0,0,1,0,0,0,1,0,1,0,0,16,1,1,1,1,0,0          0
E7_B_stall,2492,1,0,0,0,0,0,0,0,1,0,0,0,1,0,1,0,0,16,1,1,1,1,0,0          0
E7_B_stall,2493,1,0,0,0,0,0,0,0,1,0,0,0,1,0,1,0,0,16,1,1,1,1,0,0          0
E7_B_stall,2494,1,0,0,0,0,0,0,0,1,0,0,0,1,0,1,0,0,16,1,1,1,1,0,0          0
E7_B_stall,2495,1,0,0,0,0,0,0,0,1,0,0,0,1,0,1,0,0,16,1,1,1,1,0,0          0
E7_B_stall,2496,1,0,0,0,0,0,0,0,1,0,0,0,1,0,1,0,0,16,1,1,1,1,0,0          0
E7_B_stall,2497,1,0,0,0,0,0,0,0,1,0,0,0,1,0,1,0,0,16,1,1,1,1,0,0          0
E7_B_stall,2498,1,0,0,0,0,0,0,0,1,0,0,0,1,0,1,0,0,16,1,1,1,1,0,0          0
E7_B_stall,2499,1,0,0,0,0,0,0,0,1,0,0,0,1,0,1,0,0,16,1,1,1,1,0,0          0
E7_B_stall,2500,1,0,0,0,0,0,0,0,1,0,0,0,1,0,1,0,0,16,1,1,1,1,0,0          0
E7_B_stall,2501,1,0,0,0,0,0,0,0,1,0,0,0,1,0,1,0,0,16,1,1,1,1,0,0          0
E7_B_stall,2502,1,0,0,0,0,0,0,0,1,0,0,0,1,0,1,0,0,16,1,1,1,1,0,0          0
E7_B_stall,2503,1,0,0,0,0,0,0,0,1,0,0,0,1,0,1,0,0,16,1,1,1,1,0,0          0
E7_B_stall,2504,1,0,0,0,0,0,0,0,1,0,0,0,1,0,1,0,0,16,1,1,1,1,0,0          0
E7_B_stall,2505,1,0,0,0,0,0,0,0,1,0,0,0,1,0,1,0,0,16,1,1,1,1,0,0          0
E7_B_stall,2506,1,0,0,0,0,0,0,0,1,0,0,0,1,0,1,0,0,16,1,1,1,1,0,0          0
E7_B_stall,2507,1,0,0,0,0,0,0,0,1,0,0,0,1,0,1,0,0,16,1,1,1,1,0,0          0
E7_B_stall,2508,1,0,0,0,0,0,0,0,1,0,0,0,1,0,1,0,0,16,1,1,1,1,0,0          0
E7_B_stall,2509,1,0,0,0,0,0,0,0,1,0,0,0,1,0,1,0,0,16,1,1,1,1,0,0          0
E7_B_stall,2510,1,0,0,0,0,0,0,0,1,0,0,0,1,0,1,0,0,16,1,1,1,1,0,0          0
E7_B_stall,2511,1,0,0,0,0,0,0,0,1,0,0,0,1,0,1,0,0,16,1,1,1,1,0,0          0
E7_B_stall,2512,1,0,0,0,0,0,0,0,1,0,0,0,1,0,1,0,0,16,1,1,1,1,0,0          0
E7_B_stall,2513,1,0,0,0,0,0,0,0,1,0,0,0,1,0,1,0,0,16,1,1,1,1,0,0          0
E7_B_stall,2514,1,0,0,0,0,0,0,0,1,0,0,0,1,0,1,0,0,16,1,1,1,1,0,0          0
E7_B_stall,2515,1,0,0,0,0,0,0,0,1,0,0,0,1,0,1,0,0,16,1,1,1,1,0,0          0
E7_B_stall,2516,1,0,0,0,0,0,0,0,1,0,0,0,1,0,1,0,0,16,1,1,1,1,0,0          0
E7_B_stall,2517,1,0,0,0,0,0,0,0,1,0,0,0,1,0,1,0,0,16,1,1,1,1,0,0          0
E7_B_stall,2518,1,0,0,0,0,0,0,0,1,0,0,0,1,0,1,0,0,16,1,1,1,1,0,0          0
E7_B_stall,2519,1,0,0,0,0,0,0,0,1,0,0,0,1,0,1,0,0,16,1,1,1,1,0,0          0
E7_B_stall,2520,1,0,0,0,0,0,0,0,1,0,0,0,1,0,1,0,0,16,1,1,1,1,0,0          0
E7_B_stall,2521,1,0,0,0,0,0,0,0,1,0,0,0,1,0,1,0,0,16,1,1,1,1,0,0          0
E7_B_stall,2522,1,0,0,0,0,0,0,0,1,0,0,0,1,0,1,0,0,16,1,1,1,1,0,0          0
E7_B_stall,2523,1,0,0,0,0,0,0,0,1,0,0,0,1,0,1,0,0,16,1,1,1,1,0,0          0
E7_B_stall,2524,1,0,0,0,0,0,0,0,1,0,0,0,1,0,1,0,0,16,1,1,1,1,0,0          0
E7_B_stall,2525,1,0,0,0,0,0,0,0,1,0,0,0,1,0,1,0,0,16,1,1,1,1,0,0          0
E7_B_stall,2526,1,0,0,0,0,0,0,0,1,0,0,0,1,0,1,0,0,16,1,1,1,1,0,0          0
E7_B_stall,2527,1,0,0,0,0,0,0,0,1,0,0,0,1,0,1,0,0,16,1,1,1,1,0,0          0
E7_B_stall,2528,1,0,0,0,0,0,0,0,1,0,0,0,1,0,1,0,0,16,1,1,1,1,0,0          0
E7_B_stall,2529,1,0,0,0,0,0,0,0,1,0,0,0,1,0,1,0,0,16,1,1,1,1,0,0          0
E7_B_stall,2530,1,0,0,0,0,0,0,0,1,0,0,0,1,0,1,0,0,16,1,1,1,1,0,0          0
E7_B_stall,2531,1,0,0,0,0,0,0,0,1,0,0,0,1,0,1,0,0,16,1,1,1,1,0,0          0
E7_B_stall,2532,1,0,0,0,0,0,0,0,1,0,0,0,1,0,1,0,0,16,1,1,1,1,0,0          0
E7_B_stall,2533,1,0,0,0,0,0,0,0,1,0,0,0,1,0,1,0,0,16,1,1,1,1,0,0          0
E7_B_stall,2534,1,0,0,0,0,0,0,0,1,0,0,0,1,0,1,0,0,16,1,1,1,1,0,0          0
E7_B_stall,2535,1,0,0,0,0,0,0,0,1,0,0,0,1,0,1,0,0,16,1,1,1,1,0,0          0
E7_B_stall,2536,1,0,0,0,0,0,0,0,1,0,0,0,1,0,1,0,0,16,1,1,1,1,0,0          0
E7_B_stall,2537,1,0,0,0,0,0,0,0,1,0,0,0,1,0,1,0,0,16,1,1,1,1,0,0          0
E7_B_stall,2538,1,0,0,0,0,0,0,0,1,0,0,0,1,0,1,0,0,16,1,1,1,1,0,0          0
E7_B_stall,2539,1,0,0,0,0,0,0,0,1,0,0,0,1,0,1,0,0,16,1,1,1,1,0,0          0
E7_B_stall,2540,1,0,0,0,0,0,0,0,1,0,0,0,1,0,1,0,0,16,1,1,1,1,0,0          0
E7_B_stall,2541,1,0,0,0,0,0,0,0,1,0,0,0,1,0,1,0,0,16,1,1,1,1,0,0          0
E7_B_stall,2542,1,0,0,0,0,0,0,0,1,0,0,0,1,0,1,0,0,16,1,1,1,1,0,0          0
E7_B_stall,2543,1,0,0,0,0,0,0,0,1,0,0,0,1,0,1,0,0,16,1,1,1,1,0,0          0
E7_B_stall,2544,1,0,0,0,0,0,0,0,1,0,0,0,1,0,1,0,0,16,1,1,1,1,0,0          0
E7_B_stall,2545,1,0,0,0,0,0,0,0,1,0,0,0,1,0,1,0,0,16,1,1,1,1,0,0          0
E7_B_stall,2546,1,0,0,0,0,0,0,0,1,0,0,0,1,0,1,0,0,16,1,1,1,1,0,0          0
E7_B_stall,2547,1,0,0,0,0,0,0,0,1,0,0,0,1,0,1,0,0,16,1,1,1,1,0,0          0
E7_B_stall,2548,1,0,0,0,0,0,0,0,1,0,0,0,1,0,1,0,0,16,1,1,1,1,0,0          0
E7_B_stall,2549,1,0,0,0,0,0,0,0,1,0,0,0,1,0,1,0,0,16,1,1,1,1,0,0          0
E7_B_stall,2550,1,0,0,0,0,0,0,0,1,0,0,0,1,0,1,0,0,16,1,1,1,1,0,0          0
E7_B_stall,2551,1,0,0,0,0,0,0,0,1,0,0,0,1,0,1,0,0,16,1,1,1,1,0,0          0
E7_B_stall,2552,1,0,0,0,0,0,0,0,1,0,0,0,1,0,1,0,0,16,1,1,1,1,0,0          0
E7_B_stall,2553,1,0,0,0,0,0,0,0,1,0,0,0,1,0,1,0,0,16,1,1,1,1,0,0          0
E7_B_stall,2554,1,0,0,0,0,0,0,0,1,0,0,0,1,0,1,0,0,16,1,1,1,1,0,0          0
E7_B_stall,2555,1,0,0,0,0,0,0,0,1,0,0,0,1,0,1,0,0,16,1,1,1,1,0,0          0
E7_B_stall,2556,1,0,0,0,0,0,0,0,1,0,0,0,1,0,1,0,0,16,1,1,1,1,0,0          0
E7_B_stall,2557,1,0,0,0,0,0,0,0,1,0,0,0,1,0,1,0,0,16,1,1,1,1,0,0          0
E7_B_stall,2558,1,0,0,0,0,0,0,0,1,0,0,0,1,0,1,0,0,16,1,1,1,1,0,0          0
E7_B_stall,2559,1,0,0,0,0,0,0,0,1,0,0,0,1,0,1,0,0,16,1,1,1,1,0,0          0
E7_B_stall,2560,1,0,0,0,0,0,0,0,1,0,0,0,1,0,1,0,0,16,1,1,1,1,0,0          0
E7_B_stall,2561,1,0,0,0,0,0,0,0,1,0,0,0,1,0,1,0,0,16,1,1,1,1,0,0          0
E7_B_stall,2562,1,0,0,0,0,0,0,0,1,0,0,0,1,0,1,0,0,16,1,1,1,1,0,0          0
E7_B_stall,2563,1,0,0,0,0,0,0,0,1,0,0,0,1,0,1,0,0,16,1,1,1,1,0,0          0
E7_B_stall,2564,1,0,0,0,0,0,0,0,1,0,0,0,1,0,1,0,0,16,1,1,1,1,0,0          0
E7_B_stall,2565,1,0,0,0,0,0,0,0,1,0,0,0,1,0,1,0,0,16,1,1,1,1,0,0          0
E7_B_stall,2566,1,0,0,0,0,0,0,0,1,0,0,0,1,0,1,0,0,16,1,1,1,1,0,0          0
E7_B_stall,2567,1,0,0,0,0,0,0,0,1,0,0,0,1,0,1,0,0,16,1,1,1,1,0,0          0
E7_B_stall,2568,1,0,0,0,0,0,0,0,1,0,0,0,1,0,1,0,0,16,1,1,1,1,0,0          0
E7_B_stall,2569,1,0,0,0,0,0,0,0,1,0,0,0,1,0,1,0,0,16,1,1,1,1,0,0          0
E7_B_stall,2570,1,0,0,0,0,0,0,0,1,0,0,0,1,0,1,0,0,16,1,1,1,1,0,0          0
E7_B_stall,2571,1,0,0,0,0,0,0,0,1,0,0,0,1,0,1,0,0,16,1,1,1,1,0,0          0
E7_B_stall,2572,1,0,0,0,0,0,0,0,1,0,0,0,1,0,1,0,0,16,1,1,1,1,0,0          0
E7_B_stall,2573,1,0,0,0,0,0,0,0,1,0,0,0,1,0,1,0,0,16,1,1,1,1,0,0          0
E7_B_stall,2574,1,0,0,0,0,0,0,0,1,0,0,0,1,0,1,0,0,16,1,1,1,1,0,0          0
E7_B_stall,2575,1,0,0,0,0,0,0,0,1,0,0,0,1,0,1,0,0,16,1,1,1,1,0,0          0
E7_B_stall,2576,1,0,0,0,0,0,0,0,1,0,0,0,1,0,1,0,0,16,1,1,1,1,0,0          0
E7_B_stall,2577,1,0,0,0,0,0,0,0,1,0,0,0,1,0,1,0,0,16,1,1,1,1,0,0          0
E7_B_stall,2578,1,0,0,0,0,0,0,0,1,0,0,0,1,0,1,0,0,16,1,1,1,1,0,0          0
E7_B_stall,2579,1,0,0,0,0,0,0,0,1,0,0,0,1,0,1,0,0,16,1,1,1,1,0,0          0
E7_B_stall,2580,1,0,0,0,0,0,0,0,1,0,0,0,1,0,1,0,0,16,1,1,1,1,0,0          0
E7_B_stall,2581,1,0,0,0,0,0,0,0,1,0,0,0,1,0,1,0,0,16,1,1,1,1,0,0          0
E7_B_stall,2582,1,0,0,0,0,0,0,0,1,0,0,0,1,0,1,0,0,16,1,1,1,1,0,0          0
E7_B_stall,2583,1,0,0,0,0,0,0,0,1,0,0,0,1,0,1,0,0,16,1,1,1,1,0,0          0
E7_B_stall,2584,1,0,0,0,0,0,0,0,1,0,0,0,1,0,1,0,0,16,1,1,1,1,0,0          0
E7_B_stall,2585,1,0,0,0,0,0,0,0,1,0,0,0,1,0,1,0,0,16,1,1,1,1,0,0          0
E7_B_stall,2586,1,0,0,0,0,0,0,0,1,0,0,0,1,0,1,0,0,16,1,1,1,1,0,0          0
E7_B_stall,2587,1,0,0,0,0,0,0,0,1,0,0,0,1,0,1,0,0,16,1,1,1,1,0,0          0
E7_B_stall,2588,1,0,0,0,0,0,0,0,1,0,0,0,1,0,1,0,0,16,1,1,1,1,0,0          0
E7_B_stall,2589,1,0,0,0,0,0,0,0,1,0,0,0,1,0,1,0,0,16,1,1,1,1,0,0          0
E7_B_stall,2590,1,0,0,0,0,0,0,0,1,0,0,0,1,0,1,0,0,16,1,1,1,1,0,0          0
E7_B_stall,2591,1,0,0,0,0,0,0,0,1,0,0,0,1,0,1,0,0,16,1,1,1,1,0,0          0
E7_B_stall,2592,1,0,0,0,0,0,0,0,1,0,0,0,1,0,1,0,0,16,1,1,1,1,0,0          0
E7_B_stall,2593,1,0,0,0,0,0,0,0,1,0,0,0,1,0,1,0,0,16,1,1,1,1,0,0          0
E7_B_stall,2594,1,0,0,0,0,0,0,0,1,0,0,0,1,0,1,0,0,16,1,1,1,1,0,0          0
E7_B_stall,2595,1,0,0,0,0,0,0,0,1,0,0,0,1,0,1,0,0,16,1,1,1,1,0,0          0
E7_B_stall,2596,1,0,0,0,0,0,0,0,1,0,0,0,1,0,1,0,0,16,1,1,1,1,0,0          0
E7_B_stall,2597,1,0,0,0,0,0,0,0,1,0,0,0,1,0,1,0,0,16,1,1,1,1,0,0          0
E7_B_stall,2598,1,0,0,0,0,0,0,0,1,0,0,0,1,0,1,0,0,16,1,1,1,1,0,0          0
E7_B_stall,2599,1,0,0,0,0,0,0,0,1,0,0,0,1,0,1,0,0,16,1,1,1,1,0,0          0
E7_B_stall,2600,1,0,0,0,0,0,0,0,1,0,0,0,1,0,1,0,0,16,1,1,1,1,0,0          0
E7_B_stall,2601,1,0,0,0,0,0,0,0,1,0,0,0,1,0,1,0,0,16,1,1,1,1,0,0          0
E7_B_stall,2602,1,0,0,0,0,0,0,0,1,0,0,0,1,0,1,0,0,16,1,1,1,1,0,0          0
E7_B_stall,2603,1,0,0,0,0,0,0,0,1,0,0,0,1,0,1,0,0,16,1,1,1,1,0,0          0
E7_B_stall,2604,1,0,0,0,0,0,0,0,1,0,0,0,1,0,1,0,0,16,1,1,1,1,0,0          0
E7_B_stall,2605,1,0,0,0,0,0,0,0,1,0,0,0,1,0,1,0,0,16,1,1,1,1,0,0          0
E7_B_stall,2606,1,0,0,0,0,0,0,0,1,0,0,0,1,0,1,0,0,16,1,1,1,1,0,0          0
E7_B_stall,2607,1,0,0,0,0,0,0,0,1,0,0,0,1,0,1,0,0,16,1,1,1,1,0,0          0
E7_B_stall,2608,1,0,0,0,0,0,0,0,1,0,0,0,1,0,1,0,0,16,1,1,1,1,0,0          0
E7_B_stall,2609,1,0,0,0,0,0,0,0,1,0,0,0,1,0,1,0,0,16,1,1,1,1,0,0          0
E7_B_stall,2610,1,0,0,0,0,0,0,0,1,0,0,0,1,0,1,0,0,16,1,1,1,1,0,0          0
E7_B_stall,2611,1,0,0,0,0,0,0,0,1,0,0,0,1,0,1,0,0,16,1,1,1,1,0,0          0
E7_B_stall,2612,1,0,0,0,0,0,0,0,1,0,0,0,1,0,1,0,0,16,1,1,1,1,0,0          0
E7_B_stall,2613,1,0,0,0,0,0,0,0,1,0,0,0,1,0,1,0,0,16,1,1,1,1,0,0          0
E7_B_stall,2614,1,0,0,0,0,0,0,0,1,0,0,0,1,0,1,0,0,16,1,1,1,1,0,0          0
E7_B_stall,2615,1,0,0,0,0,0,0,0,1,0,0,0,1,0,1,0,0,16,1,1,1,1,0,0          0
E7_B_stall,2616,1,0,0,0,0,0,0,0,1,0,0,0,1,0,1,0,0,16,1,1,1,1,0,0          0
E7_B_stall,2617,1,0,0,0,0,0,0,0,1,0,0,0,1,0,1,0,0,16,1,1,1,1,0,0          0
E7_B_stall,2618,1,0,0,0,0,0,0,0,1,0,0,0,1,0,1,0,0,16,1,1,1,1,0,0          0
E7_B_stall,2619,1,0,0,0,0,0,0,0,1,0,0,0,1,0,1,0,0,16,1,1,1,1,0,0          0
E7_B_stall,2620,1,0,0,0,0,0,0,0,1,0,0,0,1,0,1,0,0,16,1,1,1,1,0,0          0
E7_B_stall,2621,1,0,0,0,0,0,0,0,1,0,0,0,1,0,1,0,0,16,1,1,1,1,0,0          0
E7_B_stall,2622,1,0,0,0,0,0,0,0,1,0,0,0,1,0,1,0,0,16,1,1,1,1,0,0          0
E7_B_stall,2623,1,0,0,0,0,0,0,0,1,0,0,0,1,0,1,0,0,16,1,1,1,1,0,0          0
E7_B_stall,2624,1,0,0,0,0,0,0,0,1,0,0,0,1,0,1,0,0,16,1,1,1,1,0,0          0
E7_B_stall,2625,1,0,0,0,0,0,0,0,1,0,0,0,1,0,1,0,0,16,1,1,1,1,0,0          0
E7_B_stall,2626,1,0,0,0,0,0,0,0,1,0,0,0,1,0,1,0,0,16,1,1,1,1,0,0          0
E7_B_stall,2627,1,0,0,0,0,0,0,0,1,0,0,0,1,0,1,0,0,16,1,1,1,1,0,0          0
E7_B_stall,2628,1,0,0,0,0,0,0,0,1,0,0,0,1,0,1,0,0,16,1,1,1,1,0,0          0
E7_B_stall,2629,1,0,0,0,0,0,0,0,1,0,0,0,1,0,1,0,0,16,1,1,1,1,0,0          0
E7_B_stall,2630,1,0,0,0,0,0,0,0,1,0,0,0,1,0,1,0,0,16,1,1,1,1,0,0          0
E7_B_stall,2631,1,0,0,0,0,0,0,0,1,0,0,0,1,0,1,0,0,16,1,1,1,1,0,0          0
E7_B_stall,2632,1,0,0,0,0,0,0,0,1,0,0,0,1,0,1,0,0,16,1,1,1,1,0,0          0
E7_B_stall,2633,1,0,0,0,0,0,0,0,1,0,0,0,1,0,1,0,0,16,1,1,1,1,0,0          0
E7_B_stall,2634,1,0,0,0,0,0,0,0,1,0,0,0,1,0,1,0,0,16,1,1,1,1,0,0          0
E7_B_stall,2635,1,0,0,0,0,0,0,0,1,0,0,0,1,0,1,0,0,16,1,1,1,1,0,0          0
E7_B_stall,2636,1,0,0,0,0,0,0,0,1,0,0,0,1,0,1,0,0,16,1,1,1,1,0,0          0
E7_B_stall,2637,1,0,0,0,0,0,0,0,1,0,0,0,1,0,1,0,0,16,1,1,1,1,0,0          0
E7_B_stall,2638,1,0,0,0,0,0,0,0,1,0,0,0,1,0,1,0,0,16,1,1,1,1,0,0          0
E7_B_stall,2639,1,0,0,0,0,0,0,0,1,0,0,0,1,0,1,0,0,16,1,1,1,1,0,0          0
E7_B_stall,2640,1,0,0,0,0,0,0,0,1,0,0,0,1,0,1,0,0,16,1,1,1,1,0,0          0
E7_B_stall,2641,1,0,0,0,0,0,0,0,1,0,0,0,1,0,1,0,0,16,1,1,1,1,0,0          0
E7_B_stall,2642,1,0,0,0,0,0,0,0,1,0,0,0,1,0,1,0,0,16,1,1,1,1,0,0          0
E7_B_stall,2643,1,0,0,0,0,0,0,0,1,0,0,0,1,0,1,0,0,16,1,1,1,1,0,0          0
E7_B_stall,2644,1,0,0,0,0,0,0,0,1,0,0,0,1,0,1,0,0,16,1,1,1,1,0,0          0
E7_B_stall,2645,1,0,0,0,0,0,0,0,1,0,0,0,1,0,1,0,0,16,1,1,1,1,0,0          0
E7_B_stall,2646,1,0,0,0,0,0,0,0,1,0,0,0,1,0,1,0,0,16,1,1,1,1,0,0          0
E7_B_stall,2647,1,0,0,0,0,0,0,0,1,0,0,0,1,0,1,0,0,16,1,1,1,1,0,0          0
E7_B_stall,2648,1,0,0,0,0,0,0,0,1,0,0,0,1,0,1,0,0,16,1,1,1,1,0,0          0
E7_B_stall,2649,1,0,0,0,0,0,0,0,1,0,0,0,1,0,1,0,0,16,1,1,1,1,0,0          0
E7_B_stall,2650,1,0,0,0,0,0,0,0,1,0,0,0,1,0,1,0,0,16,1,1,1,1,0,0          0
E7_B_stall,2651,1,0,0,0,0,0,0,0,1,0,0,0,1,0,1,0,0,16,1,1,1,1,0,0          0
E7_B_stall,2652,1,0,0,0,0,0,0,0,1,0,0,0,1,0,1,0,0,16,1,1,1,1,0,0          0
E7_B_stall,2653,1,0,0,0,0,0,0,0,1,0,0,0,1,0,1,0,0,16,1,1,1,1,0,0          0
E7_B_stall,2654,1,0,0,0,0,0,0,0,1,0,0,0,1,0,1,0,0,16,1,1,1,1,0,0          0
E7_B_stall,2655,1,0,0,0,0,0,0,0,1,0,0,0,1,0,1,0,0,16,1,1,1,1,0,0          0
E7_B_stall,2656,1,0,0,0,0,0,0,0,1,0,0,0,1,0,1,0,0,16,1,1,1,1,0,0          0
E7_B_stall,2657,1,0,0,0,0,0,0,0,1,0,0,0,1,0,1,0,0,16,1,1,1,1,0,0          0
E7_B_stall,2658,1,0,0,0,0,0,0,0,1,0,0,0,1,0,1,0,0,16,1,1,1,1,0,0          0
E7_B_stall,2659,1,0,0,0,0,0,0,0,1,0,0,0,1,0,1,0,0,16,1,1,1,1,0,0          0
E7_B_stall,2660,1,0,0,0,0,0,0,0,1,0,0,0,1,0,1,0,0,16,1,1,1,1,0,0          0
E7_B_stall,2661,1,0,0,0,0,0,0,0,1,0,0,0,1,0,1,0,0,16,1,1,1,1,0,0          0
E7_B_stall,2662,1,0,0,0,0,0,0,0,1,0,0,0,1,0,1,0,0,16,1,1,1,1,0,0          0
E7_B_stall,2663,1,0,0,0,0,0,0,0,1,0,0,0,1,0,1,0,0,16,1,1,1,1,0,0          0
E7_B_stall,2664,1,0,0,0,0,0,0,0,1,0,0,0,1,0,1,0,0,16,1,1,1,1,0,0          0
E7_B_stall,2665,1,0,0,0,0,0,0,0,1,0,0,0,1,0,1,0,0,16,1,1,1,1,0,0          0
E7_B_stall,2666,1,0,0,0,0,0,0,0,1,0,0,0,1,0,1,0,0,16,1,1,1,1,0,0          0
E7_B_stall,2667,1,0,0,0,0,0,0,0,1,0,0,0,1,0,1,0,0,16,1,1,1,1,0,0          0
E7_B_stall,2668,1,0,0,0,0,0,0,0,1,0,0,0,1,0,1,0,0,16,1,1,1,1,0,0          0
E7_B_stall,2669,1,0,0,0,0,0,0,0,1,0,0,0,1,0,1,0,0,16,1,1,1,1,0,0          0
E7_B_stall,2670,1,0,0,0,0,0,0,0,1,0,0,0,1,0,1,0,0,16,1,1,1,1,0,0          0
E7_B_stall,2671,1,0,0,0,0,0,0,0,1,0,0,0,1,0,1,0,0,16,1,1,1,1,0,0          0
E7_B_stall,2672,1,0,0,0,0,0,0,0,1,0,0,0,1,0,1,0,0,16,1,1,1,1,0,0          0
E7_B_stall,2673,1,0,0,0,0,0,0,0,1,0,0,0,1,0,1,0,0,16,1,1,1,1,0,0          0
E7_B_stall,2674,1,0,0,0,0,0,0,0,1,0,0,0,1,0,1,0,0,16,1,1,1,1,0,0          0
E7_B_stall,2675,1,0,0,0,0,0,0,0,1,0,0,0,1,0,1,0,0,16,1,1,1,1,0,0          0
E7_B_stall,2676,1,0,0,0,0,0,0,0,1,0,0,0,1,0,1,0,0,16,1,1,1,1,0,0          0
E7_B_stall,2677,1,0,0,0,0,0,0,0,1,0,0,0,1,0,1,0,0,16,1,1,1,1,0,0          0
E7_B_stall,2678,1,0,0,0,0,0,0,0,1,0,0,0,1,0,1,0,0,16,1,1,1,1,0,0          0
E7_B_stall,2679,1,0,0,0,0,0,0,0,1,0,0,0,1,0,1,0,0,16,1,1,1,1,0,0          0
E7_B_stall,2680,1,0,0,0,0,0,0,0,1,0,0,0,1,0,1,0,0,16,1,1,1,1,0,0          0
E7_B_stall,2681,1,0,0,0,0,0,0,0,1,0,0,0,1,0,1,0,0,16,1,1,1,1,0,0          0
E7_B_stall,2682,1,0,0,0,0,0,0,0,1,0,0,0,1,0,1,0,0,16,1,1,1,1,0,0          0
E7_B_stall,2683,1,0,0,0,0,0,0,0,1,0,0,0,1,0,1,0,0,16,1,1,1,1,0,0          0
E7_B_stall,2684,1,0,0,0,0,0,0,0,1,0,0,0,1,0,1,0,0,16,1,1,1,1,0,0          0
E7_B_stall,2685,1,0,0,0,0,0,0,0,1,0,0,0,1,0,1,0,0,16,1,1,1,1,0,0          0
E7_B_stall,2686,1,0,0,0,0,0,0,0,1,0,0,0,1,0,1,0,0,16,1,1,1,1,0,0          0
E7_B_stall,2687,1,0,0,0,0,0,0,0,1,0,0,0,1,0,1,0,0,16,1,1,1,1,0,0          0
E7_B_stall,2688,1,0,0,0,0,0,0,0,1,0,0,0,1,0,1,0,0,16,1,1,1,1,0,0          0
E7_B_stall,2689,1,0,0,0,0,0,0,0,1,0,0,0,1,0,1,0,0,16,1,1,1,1,0,0          0
E7_B_stall,2690,1,0,0,0,0,0,0,0,1,0,0,0,1,0,1,0,0,16,1,1,1,1,0,0          0
E7_B_stall,2691,1,0,0,0,0,0,0,0,1,0,0,0,1,0,1,0,0,16,1,1,1,1,0,0          0
E7_B_stall,2692,1,0,0,0,0,0,0,0,1,0,0,0,1,0,1,0,0,16,1,1,1,1,0,0          0
E7_B_stall,2693,1,0,0,0,0,0,0,0,1,0,0,0,1,0,1,0,0,16,1,1,1,1,0,0          0
E7_B_stall,2694,1,0,0,0,0,0,0,0,1,0,0,0,1,0,1,0,0,16,1,1,1,1,0,0          0
E7_B_stall,2695,1,0,0,0,0,0,0,0,1,0,0,0,1,0,1,0,0,16,1,1,1,1,0,0          0
E7_B_stall,2696,1,0,0,0,0,0,0,0,1,0,0,0,1,0,1,0,0,16,1,1,1,1,0,0          0
E7_B_stall,2697,1,0,0,0,0,0,0,0,1,0,0,0,1,0,1,0,0,16,1,1,1,1,0,0          0
E7_B_stall,2698,1,0,0,0,0,0,0,0,1,0,0,0,1,0,1,0,0,16,1,1,1,1,0,0          0
E7_B_stall,2699,1,0,0,0,0,0,0,0,1,0,0,0,1,0,1,0,0,16,1,1,1,1,0,0          0
E7_B_stall,2700,1,0,0,0,0,0,0,0,1,0,0,0,1,0,1,0,0,16,1,1,1,1,0,0          0
E7_B_stall,2701,1,0,0,0,0,0,0,0,1,0,0,0,1,0,1,0,0,16,1,1,1,1,0,0          0
E7_B_stall,2702,1,0,0,0,0,0,0,0,1,0,0,0,1,0,1,0,0,16,1,1,1,1,0,0          0
E7_B_stall,2703,1,0,0,0,0,0,0,0,1,0,0,0,1,0,1,0,0,16,1,1,1,1,0,0          0
E7_B_stall,2704,1,0,0,0,0,0,0,0,1,0,0,0,1,0,1,0,0,16,1,1,1,1,0,0          0
E7_B_stall,2705,1,0,0,0,0,0,0,0,1,0,0,0,1,0,1,0,0,16,1,1,1,1,0,0          0
E7_B_stall,2706,1,0,0,0,0,0,0,0,1,0,0,0,1,0,1,0,0,16,1,1,1,1,0,0          0
E7_B_stall,2707,1,0,0,0,0,0,0,0,1,0,0,0,1,0,1,0,0,16,1,1,1,1,0,0          0
E7_B_stall,2708,1,0,0,0,0,0,0,0,1,0,0,0,1,0,1,0,0,16,1,1,1,1,0,0          0
E7_B_stall,2709,1,0,0,0,0,0,0,0,1,0,0,0,1,0,1,0,0,16,1,1,1,1,0,0          0
E7_B_stall,2710,1,0,0,0,0,0,0,0,1,0,0,0,1,0,1,0,0,16,1,1,1,1,0,0          0
E7_B_stall,2711,1,0,0,0,0,0,0,0,1,0,0,0,1,0,1,0,0,16,1,1,1,1,0,0          0
E7_B_stall,2712,1,0,0,0,0,0,0,0,1,0,0,0,1,0,1,0,0,16,1,1,1,1,0,0          0
E7_B_stall,2713,1,0,0,0,0,0,0,0,1,0,0,0,1,0,1,0,0,16,1,1,1,1,0,0          0
E7_B_stall,2714,1,0,0,0,0,0,0,0,1,0,0,0,1,0,1,0,0,16,1,1,1,1,0,0          0
E7_B_stall,2715,1,0,0,0,0,0,0,0,1,0,0,0,1,0,1,0,0,16,1,1,1,1,0,0          0
E7_B_stall,2716,1,0,0,0,0,0,0,0,1,0,0,0,1,0,1,0,0,16,1,1,1,1,0,0          0
E7_B_stall,2717,1,0,0,0,0,0,0,0,1,0,0,0,1,0,1,0,0,16,1,1,1,1,0,0          0
E7_B_stall,2718,1,0,0,0,0,0,0,0,1,0,0,0,1,0,1,0,0,16,1,1,1,1,0,0          0
E7_B_stall,2719,1,0,0,0,0,0,0,0,1,0,0,0,1,0,1,0,0,16,1,1,1,1,0,0          0
E7_B_stall,2720,1,0,0,0,0,0,0,0,1,0,0,0,1,0,1,0,0,16,1,1,1,1,0,0          0
E7_B_stall,2721,1,0,0,0,0,0,0,0,1,0,0,0,1,0,1,0,0,16,1,1,1,1,0,0          0
E7_B_stall,2722,1,0,0,0,0,0,0,0,1,0,0,0,1,0,1,0,0,16,1,1,1,1,0,0          0
E7_B_stall,2723,1,0,0,0,0,0,0,0,1,0,0,0,1,0,1,0,0,16,1,1,1,1,0,0          0
E7_B_stall,2724,1,0,0,0,0,0,0,0,1,0,0,0,1,0,1,0,0,16,1,1,1,1,0,0          0
E7_B_stall,2725,1,0,0,0,0,0,0,0,1,0,0,0,1,0,1,0,0,16,1,1,1,1,0,0          0
E7_B_stall,2726,1,0,0,0,0,0,0,0,1,0,0,0,1,0,1,0,0,16,1,1,1,1,0,0          0
E7_B_stall,2727,1,0,0,0,0,0,0,0,1,0,0,0,1,0,1,0,0,16,1,1,1,1,0,0          0
E7_B_stall,2728,1,0,0,0,0,0,0,0,1,0,0,0,1,0,1,0,0,16,1,1,1,1,0,0          0
E7_B_stall,2729,1,0,0,0,0,0,0,0,1,0,0,0,1,0,1,0,0,16,1,1,1,1,0,0          0
E7_B_stall,2730,1,0,0,0,0,0,0,0,1,0,0,0,1,0,1,0,0,16,1,1,1,1,0,0          0
E7_B_stall,2731,1,0,0,0,0,0,0,0,1,0,0,0,1,0,1,0,0,16,1,1,1,1,0,0          0
E7_B_stall,2732,1,0,0,0,0,0,0,0,1,0,0,0,1,0,1,0,0,16,1,1,1,1,0,0          0
E7_B_stall,2733,1,0,0,0,0,0,0,0,1,0,0,0,1,0,1,0,0,16,1,1,1,1,0,0          0
E7_B_stall,2734,1,0,0,0,0,0,0,0,1,0,0,0,1,0,1,0,0,16,1,1,1,1,0,0          0
E7_B_stall,2735,1,0,0,0,0,0,0,0,1,0,0,0,1,0,1,0,0,16,1,1,1,1,0,0          0
E7_B_stall,2736,1,0,0,0,0,0,0,0,1,0,0,0,1,0,1,0,0,16,1,1,1,1,0,0          0
E7_B_stall,2737,1,0,0,0,0,0,0,0,1,0,0,0,1,0,1,0,0,16,1,1,1,1,0,0          0
E7_B_stall,2738,1,0,0,0,0,0,0,0,1,0,0,0,1,0,1,0,0,16,1,1,1,1,0,0          0
E7_B_stall,2739,1,0,0,0,0,0,0,0,1,0,0,0,1,0,1,0,0,16,1,1,1,1,0,0          0
E7_B_stall,2740,1,0,0,0,0,0,0,0,1,0,0,0,1,0,1,0,0,16,1,1,1,1,0,0          0
E7_B_stall,2741,1,0,0,0,0,0,0,0,1,0,0,0,1,0,1,0,0,16,1,1,1,1,0,0          0
E7_B_stall,2742,1,0,0,0,0,0,0,0,1,0,0,0,1,0,1,0,0,16,1,1,1,1,0,0          0
E7_B_stall,2743,1,0,0,0,0,0,0,0,1,0,0,0,1,0,1,0,0,16,1,1,1,1,0,0          0
E7_B_stall,2744,1,0,0,0,0,0,0,0,1,0,0,0,1,0,1,0,0,16,1,1,1,1,0,0          0
E7_B_stall,2745,1,0,0,0,0,0,0,0,1,0,0,0,1,0,1,0,0,16,1,1,1,1,0,0          0
E7_B_stall,2746,1,0,0,0,0,0,0,0,1,0,0,0,1,0,1,0,0,16,1,1,1,1,0,0          0
E7_B_stall,2747,1,0,0,0,0,0,0,0,1,0,0,0,1,0,1,0,0,16,1,1,1,1,0,0          0
E7_B_stall,2748,1,0,0,0,0,0,0,0,1,0,0,0,1,0,1,0,0,16,1,1,1,1,0,0          0
E7_B_stall,2749,1,0,0,0,0,0,0,0,1,0,0,0,1,0,1,0,0,16,1,1,1,1,0,0          0
E7_B_stall,2750,1,0,0,0,0,0,0,0,1,0,0,0,1,0,1,0,0,16,1,1,1,1,0,0          0
E7_B_stall,2751,1,0,0,0,0,0,0,0,1,0,0,0,1,0,1,0,0,16,1,1,1,1,0,0          0
E7_B_stall,2752,1,0,0,0,0,0,0,0,1,0,0,0,1,0,1,0,0,16,1,1,1,1,0,0          0
E7_B_stall,2753,1,0,0,0,0,0,0,0,1,0,0,0,1,0,1,0,0,16,1,1,1,1,0,0          0
E7_B_stall,2754,1,0,0,0,0,0,0,0,1,0,0,0,1,0,1,0,0,16,1,1,1,1,0,0          0
E7_B_stall,2755,1,0,0,0,0,0,0,0,1,0,0,0,1,0,1,0,0,16,1,1,1,1,0,0          0
E7_B_stall,2756,1,0,0,0,0,0,0,0,1,0,0,0,1,0,1,0,0,16,1,1,1,1,0,0          0
E7_B_stall,2757,1,0,0,0,0,0,0,0,1,0,0,0,1,0,1,0,0,16,1,1,1,1,0,0          0
E7_B_stall,2758,1,0,0,0,0,0,0,0,1,0,0,0,1,0,1,0,0,16,1,1,1,1,0,0          0
E7_B_stall,2759,1,0,0,0,0,0,0,0,1,0,0,0,1,0,1,0,0,16,1,1,1,1,0,0          0
E7_B_stall,2760,1,0,0,0,0,0,0,0,1,0,0,0,1,0,1,0,0,16,1,1,1,1,0,0          0
E7_B_stall,2761,1,0,0,0,0,0,0,0,1,0,0,0,1,0,1,0,0,16,1,1,1,1,0,0          0
E7_B_stall,2762,1,0,0,0,0,0,0,0,1,0,0,0,1,0,1,0,0,16,1,1,1,1,0,0          0
E7_B_stall,2763,1,0,0,0,0,0,0,0,1,0,0,0,1,0,1,0,0,16,1,1,1,1,0,0          0
E7_B_stall,2764,1,0,0,0,0,0,0,0,1,0,0,0,1,0,1,0,0,16,1,1,1,1,0,0          0
E7_B_stall,2765,1,0,0,0,0,0,0,0,1,0,0,0,1,0,1,0,0,16,1,1,1,1,0,0          0
E7_B_stall,2766,1,0,0,0,0,0,0,0,1,0,0,0,1,0,1,0,0,16,1,1,1,1,0,0          0
E7_B_stall,2767,1,0,0,0,0,0,0,0,1,0,0,0,1,0,1,0,0,16,1,1,1,1,0,0          0
E7_B_stall,2768,1,0,0,0,0,0,0,0,1,0,0,0,1,0,1,0,0,16,1,1,1,1,0,0          0
E7_B_stall,2769,1,0,0,0,0,0,0,0,1,0,0,0,1,0,1,0,0,16,1,1,1,1,0,0          0
E7_B_stall,2770,1,0,0,0,0,0,0,0,1,0,0,0,1,0,1,0,0,16,1,1,1,1,0,0          0
E7_B_stall,2771,1,0,0,0,0,0,0,0,1,0,0,0,1,0,1,0,0,16,1,1,1,1,0,0          0
E7_B_stall,2772,1,0,0,0,0,0,0,0,1,0,0,0,1,0,1,0,0,16,1,1,1,1,0,0          0
E7_B_stall,2773,1,0,0,0,0,0,0,0,1,0,0,0,1,0,1,0,0,16,1,1,1,1,0,0          0
E7_B_stall,2774,1,0,0,0,0,0,0,0,1,0,0,0,1,0,1,0,0,16,1,1,1,1,0,0          0
E7_B_stall,2775,1,0,0,0,0,0,0,0,1,0,0,0,1,0,1,0,0,16,1,1,1,1,0,0          0
E7_B_stall,2776,1,0,0,0,0,0,0,0,1,0,0,0,1,0,1,0,0,16,1,1,1,1,0,0          0
E7_B_stall,2777,1,0,0,0,0,0,0,0,1,0,0,0,1,0,1,0,0,16,1,1,1,1,0,0          0
E7_B_stall,2778,1,0,0,0,0,0,0,0,1,0,0,0,1,0,1,0,0,16,1,1,1,1,0,0          0
E7_B_stall,2779,1,0,0,0,0,0,0,0,1,0,0,0,1,0,1,0,0,16,1,1,1,1,0,0          0
E7_B_stall,2780,1,0,0,0,0,0,0,0,1,0,0,0,1,0,1,0,0,16,1,1,1,1,0,0          0
E7_B_stall,2781,1,0,0,0,0,0,0,0,1,0,0,0,1,0,1,0,0,16,1,1,1,1,0,0          0
E7_B_stall,2782,1,0,0,0,0,0,0,0,1,0,0,0,1,0,1,0,0,16,1,1,1,1,0,0          0
E7_B_stall,2783,1,0,0,0,0,0,0,0,1,0,0,0,1,0,1,0,0,16,1,1,1,1,0,0          0
E7_B_stall,2784,1,0,0,0,0,0,0,0,1,0,0,0,1,0,1,0,0,16,1,1,1,1,0,0          0
E7_B_stall,2785,1,0,0,0,0,0,0,0,1,0,0,0,1,0,1,0,0,16,1,1,1,1,0,0          0
E7_B_stall,2786,1,0,0,0,0,0,0,0,1,0,0,0,1,0,1,0,0,16,1,1,1,1,0,0          0
E7_B_stall,2787,1,0,0,0,0,0,0,0,1,0,0,0,1,0,1,0,0,16,1,1,1,1,0,0          0
E7_B_stall,2788,1,0,0,0,0,0,0,0,1,0,0,0,1,0,1,0,0,16,1,1,1,1,0,0          0
E7_B_stall,2789,1,0,0,0,0,0,0,0,1,0,0,0,1,0,1,0,0,16,1,1,1,1,0,0          0
E7_B_stall,2790,1,0,0,0,0,0,0,0,1,0,0,0,1,0,1,0,0,16,1,1,1,1,0,0          0
E7_B_stall,2791,1,0,0,0,0,0,0,0,1,0,0,0,1,0,1,0,0,16,1,1,1,1,0,0          0
E7_B_stall,2792,1,0,0,0,0,0,0,0,1,0,0,0,1,0,1,0,0,16,1,1,1,1,0,0          0
E7_B_stall,2793,1,0,0,0,0,0,0,0,1,0,0,0,1,0,1,0,0,16,1,1,1,1,0,0          0
E7_B_stall,2794,1,0,0,0,0,0,0,0,1,0,0,0,1,0,1,0,0,16,1,1,1,1,0,0          0
E7_B_stall,2795,1,0,0,0,0,0,0,0,1,0,0,0,1,0,1,0,0,16,1,1,1,1,0,0          0
E7_B_stall,2796,1,0,0,0,0,0,0,0,1,0,0,0,1,0,1,0,0,16,1,1,1,1,0,0          0
E7_B_stall,2797,1,0,0,0,0,0,0,0,1,0,0,0,1,0,1,0,0,16,1,1,1,1,0,0          0
E7_B_stall,2798,1,0,0,0,0,0,0,0,1,0,0,0,1,0,1,0,0,16,1,1,1,1,0,0          0
E7_B_stall,2799,1,0,0,0,0,0,0,0,1,0,0,0,1,0,1,0,0,16,1,1,1,1,0,0          0
E7_B_stall,2800,1,0,0,0,0,0,0,0,1,0,0,0,1,0,1,0,0,16,1,1,1,1,0,0          0
E7_B_stall,2801,1,0,0,0,0,0,0,0,1,0,0,0,1,0,1,0,0,16,1,1,1,1,0,0          0
E7_B_stall,2802,1,0,0,0,0,0,0,0,1,0,0,0,1,0,1,0,0,16,1,1,1,1,0,0          0
E7_B_stall,2803,1,0,0,0,0,0,0,0,1,0,0,0,1,0,1,0,0,16,1,1,1,1,0,0          0
E7_B_stall,2804,1,0,0,0,0,0,0,0,1,0,0,0,1,0,1,0,0,16,1,1,1,1,0,0          0
E7_B_stall,2805,1,0,0,0,0,0,0,0,1,0,0,0,1,0,1,0,0,16,1,1,1,1,0,0          0
E7_B_stall,2806,1,0,0,0,0,0,0,0,1,0,0,0,1,0,1,0,0,16,1,1,1,1,0,0          0
E7_B_stall,2807,1,0,0,0,0,0,0,0,1,0,0,0,1,0,1,0,0,16,1,1,1,1,0,0          0
E7_B_stall,2808,1,0,0,0,0,0,0,0,1,0,0,0,1,0,1,0,0,16,1,1,1,1,0,0          0
E7_B_stall,2809,1,0,0,0,0,0,0,0,1,0,0,0,1,0,1,0,0,16,1,1,1,1,0,0          0
E7_B_stall,2810,1,0,0,0,0,0,0,0,1,0,0,0,1,0,1,0,0,16,1,1,1,1,0,0          0
E7_B_stall,2811,1,0,0,0,0,0,0,0,1,0,0,0,1,0,1,0,0,16,1,1,1,1,0,0          0
E7_B_stall,2812,1,0,0,0,0,0,0,0,1,0,0,0,1,0,1,0,0,16,1,1,1,1,0,0          0
E7_B_stall,2813,1,0,0,0,0,0,0,0,1,0,0,0,1,0,1,0,0,16,1,1,1,1,0,0          0
E7_B_stall,2814,1,0,0,0,0,0,0,0,1,0,0,0,1,0,1,0,0,16,1,1,1,1,0,0          0
E7_B_stall,2815,1,0,0,0,0,0,0,0,1,0,0,0,1,0,1,0,0,16,1,1,1,1,0,0          0
E7_B_stall,2816,1,0,0,0,0,0,0,0,1,0,0,0,1,0,1,0,0,16,1,1,1,1,0,0          0
E7_B_stall,2817,1,0,0,0,0,0,0,0,1,0,0,0,1,0,1,0,0,16,1,1,1,1,0,0          0
E7_B_stall,2818,1,0,0,0,0,0,0,0,1,0,0,0,1,0,1,0,0,16,1,1,1,1,0,0          0
E7_B_stall,2819,1,0,0,0,0,0,0,0,1,0,0,0,1,0,1,0,0,16,1,1,1,1,0,0          0
E7_B_stall,2820,1,0,0,0,0,0,0,0,1,0,0,0,1,0,1,0,0,16,1,1,1,1,0,0          0
E7_B_stall,2821,1,0,0,0,0,0,0,0,1,0,0,0,1,0,1,0,0,16,1,1,1,1,0,0          0
E7_B_stall,2822,1,0,0,0,0,0,0,0,1,0,0,0,1,0,1,0,0,16,1,1,1,1,0,0          0
E7_B_stall,2823,1,0,0,0,0,0,0,0,1,0,0,0,1,0,1,0,0,16,1,1,1,1,0,0          0
E7_B_stall,2824,1,0,0,0,0,0,0,0,1,0,0,0,1,0,1,0,0,16,1,1,1,1,0,0          0
E7_B_stall,2825,1,0,0,0,0,0,0,0,1,0,0,0,1,0,1,0,0,16,1,1,1,1,0,0          0
E7_B_stall,2826,1,0,0,0,0,0,0,0,1,0,0,0,1,0,1,0,0,16,1,1,1,1,0,0          0
E7_B_stall,2827,1,0,0,0,0,0,0,0,1,0,0,0,1,0,1,0,0,16,1,1,1,1,0,0          0
E7_B_stall,2828,1,0,0,0,0,0,0,0,1,0,0,0,1,0,1,0,0,16,1,1,1,1,0,0          0
E7_B_stall,2829,1,0,0,0,0,0,0,0,1,0,0,0,1,0,1,0,0,16,1,1,1,1,0,0          0
E7_B_stall,2830,1,0,0,0,0,0,0,0,1,0,0,0,1,0,1,0,0,16,1,1,1,1,0,0          0
E7_B_stall,2831,1,0,0,0,0,0,0,0,1,0,0,0,1,0,1,0,0,16,1,1,1,1,0,0          0
E7_B_stall,2832,1,0,0,0,0,0,0,0,1,0,0,0,1,0,1,0,0,16,1,1,1,1,0,0          0
E7_B_stall,2833,1,0,0,0,0,0,0,0,1,0,0,0,1,0,1,0,0,16,1,1,1,1,0,0          0
E7_B_stall,2834,1,0,0,0,0,0,0,0,1,0,0,0,1,0,1,0,0,16,1,1,1,1,0,0          0
E7_B_stall,2835,1,0,0,0,0,0,0,0,1,0,0,0,1,0,1,0,0,16,1,1,1,1,0,0          0
E7_B_stall,2836,1,0,0,0,0,0,0,0,1,0,0,0,1,0,1,0,0,16,1,1,1,1,0,0          0
E7_B_stall,2837,1,0,0,0,0,0,0,0,1,0,0,0,1,0,1,0,0,16,1,1,1,1,0,0          0
E7_B_stall,2838,1,0,0,0,0,0,0,0,1,0,0,0,1,0,1,0,0,16,1,1,1,1,0,0          0
E7_B_stall,2839,1,0,0,0,0,0,0,0,1,0,0,0,1,0,1,0,0,16,1,1,1,1,0,0          0
E7_B_stall,2840,1,0,0,0,0,0,0,0,1,0,0,0,1,0,1,0,0,16,1,1,1,1,0,0          0
E7_B_stall,2841,1,0,0,0,0,0,0,0,1,0,0,0,1,0,1,0,0,16,1,1,1,1,0,0          0
E7_B_stall,2842,1,0,0,0,0,0,0,0,1,0,0,0,1,0,1,0,0,16,1,1,1,1,0,0          0
E7_B_stall,2843,1,0,0,0,0,0,0,0,1,0,0,0,1,0,1,0,0,16,1,1,1,1,0,0          0
E7_B_stall,2844,1,0,0,0,0,0,0,0,1,0,0,0,1,0,1,0,0,16,1,1,1,1,0,0          0
E7_B_stall,2845,1,0,0,0,0,0,0,0,1,0,0,0,1,0,1,0,0,16,1,1,1,1,0,0          0
E7_B_stall,2846,1,0,0,0,0,0,0,0,1,0,0,0,1,0,1,0,0,16,1,1,1,1,0,0          0
E7_B_stall,2847,1,0,0,0,0,0,0,0,1,0,0,0,1,0,1,0,0,16,1,1,1,1,0,0          0
E7_B_stall,2848,1,0,0,0,0,0,0,0,1,0,0,0,1,0,1,0,0,16,1,1,1,1,0,0          0
E7_B_stall,2849,1,0,0,0,0,0,0,0,1,0,0,0,1,0,1,0,0,16,1,1,1,1,0,0          0
E7_B_stall,2850,1,0,0,0,0,0,0,0,1,0,0,0,1,0,1,0,0,16,1,1,1,1,0,0          0
E7_B_stall,2851,1,0,0,0,0,0,0,0,1,0,0,0,1,0,1,0,0,16,1,1,1,1,0,0          0
E7_B_stall,2852,1,0,0,0,0,0,0,0,1,0,0,0,1,0,1,0,0,16,1,1,1,1,0,0          0
E7_B_stall,2853,1,0,0,0,0,0,0,0,1,0,0,0,1,0,1,0,0,16,1,1,1,1,0,0          0
E7_B_stall,2854,1,0,0,0,0,0,0,0,1,0,0,0,1,0,1,0,0,16,1,1,1,1,0,0          0
E7_B_stall,2855,1,0,0,0,0,0,0,0,1,0,0,0,1,0,1,0,0,16,1,1,1,1,0,0          0
E7_B_stall,2856,1,0,0,0,0,0,0,0,1,0,0,0,1,0,1,0,0,16,1,1,1,1,0,0          0
E7_B_stall,2857,1,0,0,0,0,0,0,0,1,0,0,0,1,0,1,0,0,16,1,1,1,1,0,0          0
E7_B_stall,2858,1,0,0,0,0,0,0,0,1,0,0,0,1,0,1,0,0,16,1,1,1,1,0,0          0
E7_B_stall,2859,1,0,0,0,0,0,0,0,1,0,0,0,1,0,1,0,0,16,1,1,1,1,0,0          0
E7_B_stall,2860,1,0,0,0,0,0,0,0,1,0,0,0,1,0,1,0,0,16,1,1,1,1,0,0          0
E7_B_stall,2861,1,0,0,0,0,0,0,0,1,0,0,0,1,0,1,0,0,16,1,1,1,1,0,0          0
E7_B_stall,2862,1,0,0,0,0,0,0,0,1,0,0,0,1,0,1,0,0,16,1,1,1,1,0,0          0
E7_B_stall,2863,1,0,0,0,0,0,0,0,1,0,0,0,1,0,1,0,0,16,1,1,1,1,0,0          0
E7_B_stall,2864,1,0,0,0,0,0,0,0,1,0,0,0,1,0,1,0,0,16,1,1,1,1,0,0          0
E7_B_stall,2865,1,0,0,0,0,0,0,0,1,0,0,0,1,0,1,0,0,16,1,1,1,1,0,0          0
E7_B_stall,2866,1,0,0,0,0,0,0,0,1,0,0,0,1,0,1,0,0,16,1,1,1,1,0,0          0
E7_B_stall,2867,1,0,0,0,0,0,0,0,1,0,0,0,1,0,1,0,0,16,1,1,1,1,0,0          0
E7_B_stall,2868,1,0,0,0,0,0,0,0,1,0,0,0,1,0,1,0,0,16,1,1,1,1,0,0          0
E7_B_stall,2869,1,0,0,0,0,0,0,0,1,0,0,0,1,0,1,0,0,16,1,1,1,1,0,0          0
E7_B_stall,2870,1,0,0,0,0,0,0,0,1,0,0,0,1,0,1,0,0,16,1,1,1,1,0,0          0
E7_B_stall,2871,1,0,0,0,0,0,0,0,1,0,0,0,1,0,1,0,0,16,1,1,1,1,0,0          0
E7_B_stall,2872,1,0,0,0,0,0,0,0,1,0,0,0,1,0,1,0,0,16,1,1,1,1,0,0          0
E7_B_stall,2873,1,0,0,0,0,0,0,0,1,0,0,0,1,0,1,0,0,16,1,1,1,1,0,0          0
E7_B_stall,2874,1,0,0,0,0,0,0,0,1,0,0,0,1,0,1,0,0,16,1,1,1,1,0,0          0
E7_B_stall,2875,1,0,0,0,0,0,0,0,1,0,0,0,1,0,1,0,0,16,1,1,1,1,0,0          0
E7_B_stall,2876,1,0,0,0,0,0,0,0,1,0,0,0,1,0,1,0,0,16,1,1,1,1,0,0          0
E7_B_stall,2877,1,0,0,0,0,0,0,0,1,0,0,0,1,0,1,0,0,16,1,1,1,1,0,0          0
E7_B_stall,2878,1,0,0,0,0,0,0,0,1,0,0,0,1,0,1,0,0,16,1,1,1,1,0,0          0
E7_B_stall,2879,1,0,0,0,0,0,0,0,1,0,0,0,1,0,1,0,0,16,1,1,1,1,0,0          0
E7_B_stall,2880,1,0,0,0,0,0,0,0,1,0,0,0,1,0,1,0,0,16,1,1,1,1,0,0          0
E7_B_stall,2881,1,0,0,0,0,0,0,0,1,0,0,0,1,0,1,0,0,16,1,1,1,1,0,0          0
E7_B_stall,2882,1,0,0,0,0,0,0,0,1,0,0,0,1,0,1,0,0,16,1,1,1,1,0,0          0
E7_B_stall,2883,1,0,0,0,0,0,0,0,1,0,0,0,1,0,1,0,0,16,1,1,1,1,0,0          0
E7_B_stall,2884,1,0,0,0,0,0,0,0,1,0,0,0,1,0,1,0,0,16,1,1,1,1,0,0          0
E7_B_stall,2885,1,0,0,0,0,0,0,0,1,0,0,0,1,0,1,0,0,16,1,1,1,1,0,0          0
E7_B_stall,2886,1,0,0,0,0,0,0,0,1,0,0,0,1,0,1,0,0,16,1,1,1,1,0,0          0
E7_B_stall,2887,1,0,0,0,0,0,0,0,1,0,0,0,1,0,1,0,0,16,1,1,1,1,0,0          0
E7_B_stall,2888,1,0,0,0,0,0,0,0,1,0,0,0,1,0,1,0,0,16,1,1,1,1,0,0          0
E7_B_stall,2889,1,0,0,0,0,0,0,0,1,0,0,0,1,0,1,0,0,16,1,1,1,1,0,0          0
E7_B_stall,2890,1,0,0,0,0,0,0,0,1,0,0,0,1,0,1,0,0,16,1,1,1,1,0,0          0
E7_B_stall,2891,1,0,0,0,0,0,0,0,1,0,0,0,1,0,1,0,0,16,1,1,1,1,0,0          0
E7_B_stall,2892,1,0,0,0,0,0,0,0,1,0,0,0,1,0,1,0,0,16,1,1,1,1,0,0          0
E7_B_stall,2893,1,0,0,0,0,0,0,0,1,0,0,0,1,0,1,0,0,16,1,1,1,1,0,0          0
E7_B_stall,2894,1,0,0,0,0,0,0,0,1,0,0,0,1,0,1,0,0,16,1,1,1,1,0,0          0
E7_B_stall,2895,1,0,0,0,0,0,0,0,1,0,0,0,1,0,1,0,0,16,1,1,1,1,0,0          0
E7_B_stall,2896,1,0,0,0,0,0,0,0,1,0,0,0,1,0,1,0,0,16,1,1,1,1,0,0          0
E7_B_stall,2897,1,0,0,0,0,0,0,0,1,0,0,0,1,0,1,0,0,16,1,1,1,1,0,0          0
E7_B_stall,2898,1,0,0,0,0,0,0,0,1,0,0,0,1,0,1,0,0,16,1,1,1,1,0,0          0
E7_B_stall,2899,1,0,0,0,0,0,0,0,1,0,0,0,1,0,1,0,0,16,1,1,1,1,0,0          0
E7_B_stall,2900,1,0,0,0,0,0,0,0,1,0,0,0,1,0,1,0,0,16,1,1,1,1,0,0          0
E7_B_stall,2901,1,0,0,0,0,0,0,0,1,0,0,0,1,0,1,0,0,16,1,1,1,1,0,0          0
E7_B_stall,2902,1,0,0,0,0,0,0,0,1,0,0,0,1,0,1,0,0,16,1,1,1,1,0,0          0
E7_B_stall,2903,1,0,0,0,0,0,0,0,1,0,0,0,1,0,1,0,0,16,1,1,1,1,0,0          0
E7_B_stall,2904,1,0,0,0,0,0,0,0,1,0,0,0,1,0,1,0,0,16,1,1,1,1,0,0          0
E7_B_stall,2905,1,0,0,0,0,0,0,0,1,0,0,0,1,0,1,0,0,16,1,1,1,1,0,0          0
E7_B_stall,2906,1,0,0,0,0,0,0,0,1,0,0,0,1,0,1,0,0,16,1,1,1,1,0,0          0
E7_B_stall,2907,1,0,0,0,0,0,0,0,1,0,0,0,1,0,1,0,0,16,1,1,1,1,0,0          0
E7_B_stall,2908,1,0,0,0,0,0,0,0,1,0,0,0,1,0,1,0,0,16,1,1,1,1,0,0          0
E7_B_stall,2909,1,0,0,0,0,0,0,0,1,0,0,0,1,0,1,0,0,16,1,1,1,1,0,0          0
E7_B_stall,2910,1,0,0,0,0,0,0,0,1,0,0,0,1,0,1,0,0,16,1,1,1,1,0,0          0
E7_B_stall,2911,1,0,0,0,0,0,0,0,1,0,0,0,1,0,1,0,0,16,1,1,1,1,0,0          0
E7_B_stall,2912,1,0,0,0,0,0,0,0,1,0,0,0,1,0,1,0,0,16,1,1,1,1,0,0          0
E7_B_stall,2913,1,0,0,0,0,0,0,0,1,0,0,0,1,0,1,0,0,16,1,1,1,1,0,0          0
E7_B_stall,2914,1,0,0,0,0,0,0,0,1,0,0,0,1,0,1,0,0,16,1,1,1,1,0,0          0
E7_B_stall,2915,1,0,0,0,0,0,0,0,1,0,0,0,1,0,1,0,0,16,1,1,1,1,0,0          0
E7_B_stall,2916,1,0,0,0,0,0,0,0,1,0,0,0,1,0,1,0,0,16,1,1,1,1,0,0          0
E7_B_stall,2917,1,0,0,0,0,0,0,0,1,0,0,0,1,0,1,0,0,16,1,1,1,1,0,0          0
E7_B_stall,2918,1,0,0,0,0,0,0,0,1,0,0,0,1,0,1,0,0,16,1,1,1,1,0,0          0
E7_B_stall,2919,1,0,0,0,0,0,0,0,1,0,0,0,1,0,1,0,0,16,1,1,1,1,0,0          0
E7_B_stall,2920,1,0,0,0,0,0,0,0,1,0,0,0,1,0,1,0,0,16,1,1,1,1,0,0          0
E7_B_stall,2921,1,0,0,0,0,0,0,0,1,0,0,0,1,0,1,0,0,16,1,1,1,1,0,0          0
E7_B_stall,2922,1,0,0,0,0,0,0,0,1,0,0,0,1,0,1,0,0,16,1,1,1,1,0,0          0
E7_B_stall,2923,1,0,0,0,0,0,0,0,1,0,0,0,1,0,1,0,0,16,1,1,1,1,0,0          0
E7_B_stall,2924,1,0,0,0,0,0,0,0,1,0,0,0,1,0,1,0,0,16,1,1,1,1,0,0          0
E7_B_stall,2925,1,0,0,0,0,0,0,0,1,0,0,0,1,0,1,0,0,16,1,1,1,1,0,0          0
E7_B_stall,2926,1,0,0,0,0,0,0,0,1,0,0,0,1,0,1,0,0,16,1,1,1,1,0,0          0
E7_B_stall,2927,1,0,0,0,0,0,0,0,1,0,0,0,1,0,1,0,0,16,1,1,1,1,0,0          0
E7_B_stall,2928,1,0,0,0,0,0,0,0,1,0,0,0,1,0,1,0,0,16,1,1,1,1,0,0          0
E7_B_stall,2929,1,0,0,0,0,0,0,0,1,0,0,0,1,0,1,0,0,16,1,1,1,1,0,0          0
E7_B_stall,2930,1,0,0,0,0,0,0,0,1,0,0,0,1,0,1,0,0,16,1,1,1,1,0,0          0
E7_B_stall,2931,1,0,0,0,0,0,0,0,1,0,0,0,1,0,1,0,0,16,1,1,1,1,0,0          0
E7_B_stall,2932,1,0,0,0,0,0,0,0,1,0,0,0,1,0,1,0,0,16,1,1,1,1,0,0          0
E7_B_stall,2933,1,0,0,0,0,0,0,0,1,0,0,0,1,0,1,0,0,16,1,1,1,1,0,0          0
E7_B_stall,2934,1,0,0,0,0,0,0,0,1,0,0,0,1,0,1,0,0,16,1,1,1,1,0,0          0
E7_B_stall,2935,1,0,0,0,0,0,0,0,1,0,0,0,1,0,1,0,0,16,1,1,1,1,0,0          0
E7_B_stall,2936,1,0,0,0,0,0,0,0,1,0,0,0,1,0,1,0,0,16,1,1,1,1,0,0          0
E7_B_stall,2937,1,0,0,0,0,0,0,0,1,0,0,0,1,0,1,0,0,16,1,1,1,1,0,0          0
E7_B_stall,2938,1,0,0,0,0,0,0,0,1,0,0,0,1,0,1,0,0,16,1,1,1,1,0,0          0
E7_B_stall,2939,1,0,0,0,0,0,0,0,1,0,0,0,1,0,1,0,0,16,1,1,1,1,0,0          0
E7_B_stall,2940,1,0,0,0,0,0,0,0,1,0,0,0,1,0,1,0,0,16,1,1,1,1,0,0          0
E7_B_stall,2941,1,0,0,0,0,0,0,0,1,0,0,0,1,0,1,0,0,16,1,1,1,1,0,0          0
E7_B_stall,2942,1,0,0,0,0,0,0,0,1,0,0,0,1,0,1,0,0,16,1,1,1,1,0,0          0
E7_B_stall,2943,1,0,0,0,0,0,0,0,1,0,0,0,1,0,1,0,0,16,1,1,1,1,0,0          0
E7_B_stall,2944,1,0,0,0,0,0,0,0,1,0,0,0,1,0,1,0,0,16,1,1,1,1,0,0          0
E7_B_stall,2945,1,0,0,0,0,0,0,0,1,0,0,0,1,0,1,0,0,16,1,1,1,1,0,0          0
E7_B_stall,2946,1,0,0,0,0,0,0,0,1,0,0,0,1,0,1,0,0,16,1,1,1,1,0,0          0
E7_B_stall,2947,1,0,0,0,0,0,0,0,1,0,0,0,1,0,1,0,0,16,1,1,1,1,0,0          0
E7_B_stall,2948,1,0,0,0,0,0,0,0,1,0,0,0,1,0,1,0,0,16,1,1,1,1,0,0          0
E7_B_stall,2949,1,0,0,0,0,0,0,0,1,0,0,0,1,0,1,0,0,16,1,1,1,1,0,0          0
E7_B_stall,2950,1,0,0,0,0,0,0,0,1,0,0,0,1,0,1,0,0,16,1,1,1,1,0,0          0
E7_B_stall,2951,1,0,0,0,0,0,0,0,1,0,0,0,1,0,1,0,0,16,1,1,1,1,0,0          0
E7_B_stall,2952,1,0,0,0,0,0,0,0,1,0,0,0,1,0,1,0,0,16,1,1,1,1,0,0          0
E7_B_stall,2953,1,0,0,0,0,0,0,0,1,0,0,0,1,0,1,0,0,16,1,1,1,1,0,0          0
E7_B_stall,2954,1,0,0,0,0,0,0,0,1,0,0,0,1,0,1,0,0,16,1,1,1,1,0,0          0
E7_B_stall,2955,1,0,0,0,0,0,0,0,1,0,0,0,1,0,1,0,0,16,1,1,1,1,0,0          0
E7_B_stall,2956,1,0,0,0,0,0,0,0,1,0,0,0,1,0,1,0,0,16,1,1,1,1,0,0          0
E7_B_stall,2957,1,0,0,0,0,0,0,0,1,0,0,0,1,0,1,0,0,16,1,1,1,1,0,0          0
E7_B_stall,2958,1,0,0,0,0,0,0,0,1,0,0,0,1,0,1,0,0,16,1,1,1,1,0,0          0
E7_B_stall,2959,1,0,0,0,0,0,0,0,1,0,0,0,1,0,1,0,0,16,1,1,1,1,0,0          0
E7_B_stall,2960,1,0,0,0,0,0,0,0,1,0,0,0,1,0,1,0,0,16,1,1,1,1,0,0          0
E7_B_stall,2961,1,0,0,0,0,0,0,0,1,0,0,0,1,0,1,0,0,16,1,1,1,1,0,0          0
E7_B_stall,2962,1,0,0,0,0,0,0,0,1,0,0,0,1,0,1,0,0,16,1,1,1,1,0,0          0
E7_B_stall,2963,1,0,0,0,0,0,0,0,1,0,0,0,1,0,1,0,0,16,1,1,1,1,0,0          0
E7_B_stall,2964,1,0,0,0,0,0,0,0,1,0,0,0,1,0,1,0,0,16,1,1,1,1,0,0          0
E7_B_stall,2965,1,0,0,0,0,0,0,0,1,0,0,0,1,0,1,0,0,16,1,1,1,1,0,0          0
E7_B_stall,2966,1,0,0,0,0,0,0,0,1,0,0,0,1,0,1,0,0,16,1,1,1,1,0,0          0
E7_B_stall,2967,1,0,0,0,0,0,0,0,1,0,0,0,1,0,1,0,0,16,1,1,1,1,0,0          0
E7_B_stall,2968,1,0,0,0,0,0,0,0,1,0,0,0,1,0,1,0,0,16,1,1,1,1,0,0          0
E7_B_stall,2969,1,0,0,0,0,0,0,0,1,0,0,0,1,0,1,0,0,16,1,1,1,1,0,0          0
E7_B_stall,2970,1,0,0,0,0,0,0,0,1,0,0,0,1,0,1,0,0,16,1,1,1,1,0,0          0
E7_B_stall,2971,1,0,0,0,0,0,0,0,1,0,0,0,1,0,1,0,0,16,1,1,1,1,0,0          0
E7_B_stall,2972,1,0,0,0,0,0,0,0,1,0,0,0,1,0,1,0,0,16,1,1,1,1,0,0          0
E7_B_stall,2973,1,0,0,0,0,0,0,0,1,0,0,0,1,0,1,0,0,16,1,1,1,1,0,0          0
E7_B_stall,2974,1,0,0,0,0,0,0,0,1,0,0,0,1,0,1,0,0,16,1,1,1,1,0,0          0
E7_B_stall,2975,1,0,0,0,0,0,0,0,1,0,0,0,1,0,1,0,0,16,1,1,1,1,0,0          0
E7_B_stall,2976,1,0,0,0,0,0,0,0,1,0,0,0,1,0,1,0,0,16,1,1,1,1,0,0          0
E7_B_stall,2977,1,0,0,0,0,0,0,0,1,0,0,0,1,0,1,0,0,16,1,1,1,1,0,0          0
E7_B_stall,2978,1,0,0,0,0,0,0,0,1,0,0,0,1,0,1,0,0,16,1,1,1,1,0,0          0
E7_B_stall,2979,1,0,0,0,0,0,0,0,1,0,0,0,1,0,1,0,0,16,1,1,1,1,0,0          0
E7_B_stall,2980,1,0,0,0,0,0,0,0,1,0,0,0,1,0,1,0,0,16,1,1,1,1,0,0          0
E7_B_stall,2981,1,0,0,0,0,0,0,0,1,0,0,0,1,0,1,0,0,16,1,1,1,1,0,0          0
E7_B_stall,2982,1,0,0,0,0,0,0,0,1,0,0,0,1,0,1,0,0,16,1,1,1,1,0,0          0
E7_B_stall,2983,1,0,0,0,0,0,0,0,1,0,0,0,1,0,1,0,0,16,1,1,1,1,0,0          0
E7_B_stall,2984,1,0,0,0,0,0,0,0,1,0,0,0,1,0,1,0,0,16,1,1,1,1,0,0          0
E7_B_stall,2985,1,0,0,0,0,0,0,0,1,0,0,0,1,0,1,0,0,16,1,1,1,1,0,0          0
E7_B_stall,2986,1,0,0,0,0,0,0,0,1,0,0,0,1,0,1,0,0,16,1,1,1,1,0,0          0
E7_B_stall,2987,1,0,0,0,0,0,0,0,1,0,0,0,1,0,1,0,0,16,1,1,1,1,0,0          0
E7_B_stall,2988,1,0,0,0,0,0,0,0,1,0,0,0,1,0,1,0,0,16,1,1,1,1,0,0          0
E7_B_stall,2989,1,0,0,0,0,0,0,0,1,0,0,0,1,0,1,0,0,16,1,1,1,1,0,0          0
E7_B_stall,2990,1,0,0,0,0,0,0,0,1,0,0,0,1,0,1,0,0,16,1,1,1,1,0,0          0
E7_B_stall,2991,1,0,0,0,0,0,0,0,1,0,0,0,1,0,1,0,0,16,1,1,1,1,0,0          0
E7_B_stall,2992,1,0,0,0,0,0,0,0,1,0,0,0,1,0,1,0,0,16,1,1,1,1,0,0          0
E7_B_stall,2993,1,0,0,0,0,0,0,0,1,0,0,0,1,0,1,0,0,16,1,1,1,1,0,0          0
E7_B_stall,2994,1,0,0,0,0,0,0,0,1,0,0,0,1,0,1,0,0,16,1,1,1,1,0,0          0
E7_B_stall,2995,1,0,0,0,0,0,0,0,1,0,0,0,1,0,1,0,0,16,1,1,1,1,0,0          0
E7_B_stall,2996,1,0,0,0,0,0,0,0,1,0,0,0,1,0,1,0,0,16,1,1,1,1,0,0          0
E7_B_stall,2997,1,0,0,0,0,0,0,0,1,0,0,0,1,0,1,0,0,16,1,1,1,1,0,0          0
E7_B_stall,2998,1,0,0,0,0,0,0,0,1,0,0,0,1,0,1,0,0,16,1,1,1,1,0,0          0
E7_B_stall,2999,1,0,0,0,0,0,0,0,1,0,0,0,1,0,1,0,0,16,1,1,1,1,0,0          0
E7_B_stall,3000,1,0,0,0,0,0,0,0,1,0,0,0,1,0,1,0,0,16,1,1,1,1,0,0          0
E7_B_stall,3001,1,0,0,0,0,0,0,0,1,0,0,0,1,0,1,0,0,16,1,1,1,1,0,0          0
E7_B_stall,3002,1,0,0,0,0,0,0,0,1,0,0,0,1,0,1,0,0,16,1,1,1,1,0,0          0
E7_B_stall,3003,1,0,0,0,0,0,0,0,1,0,0,0,1,0,1,0,0,16,1,1,1,1,0,0          0
E7_B_stall,3004,1,0,0,0,0,0,0,0,1,0,0,0,1,0,1,0,0,16,1,1,1,1,0,0          0
E7_B_stall,3005,1,0,0,0,0,0,0,0,1,0,0,0,1,0,1,0,0,16,1,1,1,1,0,0          0
E7_B_stall,3006,1,0,0,0,0,0,0,0,1,0,0,0,1,0,1,0,0,16,1,1,1,1,0,0          0
E7_B_stall,3007,1,0,0,0,0,0,0,0,1,0,0,0,1,0,1,0,0,16,1,1,1,1,0,0          0
E7_B_stall,3008,1,0,0,0,0,0,0,0,1,0,0,0,1,0,1,0,0,16,1,1,1,1,0,0          0
E7_B_stall,3009,1,0,0,0,0,0,0,0,1,0,0,0,1,0,1,0,0,16,1,1,1,1,0,0          0
E7_B_stall,3010,1,0,0,0,0,0,0,0,1,0,0,0,1,0,1,0,0,16,1,1,1,1,0,0          0
E7_B_stall,3011,1,0,0,0,0,0,0,0,1,0,0,0,1,0,1,0,0,16,1,1,1,1,0,0          0
E7_B_stall,3012,1,0,0,0,0,0,0,0,1,0,0,0,1,0,1,0,0,16,1,1,1,1,0,0          0
E7_B_stall,3013,1,0,0,0,0,0,0,0,1,0,0,0,1,0,1,0,0,16,1,1,1,1,0,0          0
E7_B_stall,3014,1,0,0,0,0,0,0,0,1,0,0,0,1,0,1,0,0,16,1,1,1,1,0,0          0
E7_B_stall,3015,1,0,0,0,0,0,0,0,1,0,0,0,1,0,1,0,0,16,1,1,1,1,0,0          0
E7_B_stall,3016,1,0,0,0,0,0,0,0,1,0,0,0,1,0,1,0,0,16,1,1,1,1,0,0          0
E7_B_stall,3017,1,0,0,0,0,0,0,0,1,0,0,0,1,0,1,0,0,16,1,1,1,1,0,0          0
E7_B_stall,3018,1,0,0,0,0,0,0,0,1,0,0,0,1,0,1,0,0,16,1,1,1,1,0,0          0
E7_B_stall,3019,1,0,0,0,0,0,0,0,1,0,0,0,1,0,1,0,0,16,1,1,1,1,0,0          0
E7_B_stall,3020,1,0,0,0,0,0,0,0,1,0,0,0,1,0,1,0,0,16,1,1,1,1,0,0          0
E7_B_stall,3021,1,0,0,0,0,0,0,0,1,0,0,0,1,0,1,0,0,16,1,1,1,1,0,0          0
E7_B_stall,3022,1,0,0,0,0,0,0,0,1,0,0,0,1,0,1,0,0,16,1,1,1,1,0,0          0
E7_B_stall,3023,1,0,0,0,0,0,0,0,1,0,0,0,1,0,1,0,0,16,1,1,1,1,0,0          0
E7_B_stall,3024,1,0,0,0,0,0,0,0,1,0,0,0,1,0,1,0,0,16,1,1,1,1,0,0          0
E7_B_stall,3025,1,0,0,0,0,0,0,0,1,0,0,0,1,0,1,0,0,16,1,1,1,1,0,0          0
E7_B_stall,3026,1,0,0,0,0,0,0,0,1,0,0,0,1,0,1,0,0,16,1,1,1,1,0,0          0
E7_B_stall,3027,1,0,0,0,0,0,0,0,1,0,0,0,1,0,1,0,0,16,1,1,1,1,0,0          0
E7_B_stall,3028,1,0,0,0,0,0,0,0,1,0,0,0,1,0,1,0,0,16,1,1,1,1,0,0          0
E7_B_stall,3029,1,0,0,0,0,0,0,0,1,0,0,0,1,0,1,0,0,16,1,1,1,1,0,0          0
E7_B_stall,3030,1,0,0,0,0,0,0,0,1,0,0,0,1,0,1,0,0,16,1,1,1,1,0,0          0
E7_B_stall,3031,1,0,0,0,0,0,0,0,1,0,0,0,1,0,1,0,0,16,1,1,1,1,0,0          0
E7_B_stall,3032,1,0,0,0,0,0,0,0,1,0,0,0,1,0,1,0,0,16,1,1,1,1,0,0          0
E7_B_stall,3033,1,0,0,0,0,0,0,0,1,0,0,0,1,0,1,0,0,16,1,1,1,1,0,0          0
E7_B_stall,3034,1,0,0,0,0,0,0,0,1,0,0,0,1,0,1,0,0,16,1,1,1,1,0,0          0
E7_B_stall,3035,1,0,0,0,0,0,0,0,1,0,0,0,1,0,1,0,0,16,1,1,1,1,0,0          0
E7_B_stall,3036,1,0,0,0,0,0,0,0,1,0,0,0,1,0,1,0,0,16,1,1,1,1,0,0          0
E7_B_stall,3037,1,0,0,0,0,0,0,0,1,0,0,0,1,0,1,0,0,16,1,1,1,1,0,0          0
E7_B_stall,3038,1,0,0,0,0,0,0,0,1,0,0,0,1,0,1,0,0,16,1,1,1,1,0,0          0
E7_B_stall,3039,1,0,0,0,0,0,0,0,1,0,0,0,1,0,1,0,0,16,1,1,1,1,0,0          0
E7_B_stall,3040,1,0,0,0,0,0,0,0,1,0,0,0,1,0,1,0,0,16,1,1,1,1,0,0          0
E7_B_stall,3041,1,0,0,0,0,0,0,0,1,0,0,0,1,0,1,0,0,16,1,1,1,1,0,0          0
E7_B_stall,3042,1,0,0,0,0,0,0,0,1,0,0,0,1,0,1,0,0,16,1,1,1,1,0,0          0
E7_B_stall,3043,1,0,0,0,0,0,0,0,1,0,0,0,1,0,1,0,0,16,1,1,1,1,0,0          0
E7_B_stall,3044,1,0,0,0,0,0,0,0,1,0,0,0,1,0,1,0,0,16,1,1,1,1,0,0          0
E7_B_stall,3045,1,0,0,0,0,0,0,0,1,0,0,0,1,0,1,0,0,16,1,1,1,1,0,0          0
E7_B_stall,3046,1,0,0,0,0,0,0,0,1,0,0,0,1,0,1,0,0,16,1,1,1,1,0,0          0
E7_B_stall,3047,1,0,0,0,0,0,0,0,1,0,0,0,1,0,1,0,0,16,1,1,1,1,0,0          0
E7_B_stall,3048,1,0,0,0,0,0,0,0,1,0,0,0,1,0,1,0,0,16,1,1,1,1,0,0          0
E7_B_stall,3049,1,0,0,0,0,0,0,0,1,0,0,0,1,0,1,0,0,16,1,1,1,1,0,0          0
E7_B_stall,3050,1,0,0,0,0,0,0,0,1,0,0,0,1,0,1,0,0,16,1,1,1,1,0,0          0
E7_B_stall,3051,1,0,0,0,0,0,0,0,1,0,0,0,1,0,1,0,0,16,1,1,1,1,0,0          0
E7_B_stall,3052,1,0,0,0,0,0,0,0,1,0,0,0,1,0,1,0,0,16,1,1,1,1,0,0          0
E7_B_stall,3053,1,0,0,0,0,0,0,0,1,0,0,0,1,0,1,0,0,16,1,1,1,1,0,0          0
E7_B_stall,3054,1,0,0,0,0,0,0,0,1,0,0,0,1,0,1,0,0,16,1,1,1,1,0,0          0
E7_B_stall,3055,1,0,0,0,0,0,0,0,1,0,0,0,1,0,1,0,0,16,1,1,1,1,0,0          0
E7_B_stall,3056,1,0,0,0,0,0,0,0,1,0,0,0,1,0,1,0,0,16,1,1,1,1,0,0          0
E7_B_stall,3057,1,0,0,0,0,0,0,0,1,0,0,0,1,0,1,0,0,16,1,1,1,1,0,0          0
E7_B_stall,3058,1,0,0,0,0,0,0,0,1,0,0,0,1,0,1,0,0,16,1,1,1,1,0,0          0
E7_B_stall,3059,1,0,0,0,0,0,0,0,1,0,0,0,1,0,1,0,0,16,1,1,1,1,0,0          0
E7_B_stall,3060,1,0,0,0,0,0,0,0,1,0,0,0,1,0,1,0,0,16,1,1,1,1,0,0          0
E7_B_stall,3061,1,0,0,0,0,0,0,0,1,0,0,0,1,0,1,0,0,16,1,1,1,1,0,0          0
E7_B_stall,3062,1,0,0,0,0,0,0,0,1,0,0,0,1,0,1,0,0,16,1,1,1,1,0,0          0
E7_B_stall,3063,1,0,0,0,0,0,0,0,1,0,0,0,1,0,1,0,0,16,1,1,1,1,0,0          0
E7_B_stall,3064,1,0,0,0,0,0,0,0,1,0,0,0,1,0,1,0,0,16,1,1,1,1,0,0          0
E7_B_stall,3065,1,0,0,0,0,0,0,0,1,0,0,0,1,0,1,0,0,16,1,1,1,1,0,0          0
E7_B_stall,3066,1,0,0,0,0,0,0,0,1,0,0,0,1,0,1,0,0,16,1,1,1,1,0,0          0
E7_B_stall,3067,1,0,0,0,0,0,0,0,1,0,0,0,1,0,1,0,0,16,1,1,1,1,0,0          0
E7_B_stall,3068,1,0,0,0,0,0,0,0,1,0,0,0,1,0,1,0,0,16,1,1,1,1,0,0          0
E7_B_stall,3069,1,0,0,0,0,0,0,0,1,0,0,0,1,0,1,0,0,16,1,1,1,1,0,0          0
E7_B_stall,3070,1,0,0,0,0,0,0,0,1,0,0,0,1,0,1,0,0,16,1,1,1,1,0,0          0
E7_B_stall,3071,1,0,0,0,0,0,0,0,1,0,0,0,1,0,1,0,0,16,1,1,1,1,0,0          0
E7_B_stall,3072,1,0,0,0,0,0,0,0,1,0,0,0,1,0,1,0,0,16,1,1,1,1,0,0          0
E7_B_stall,3073,1,0,0,0,0,0,0,0,1,0,0,0,1,0,1,0,0,16,1,1,1,1,0,0          0
E7_B_stall,3074,1,0,0,0,0,0,0,0,1,0,0,0,1,0,1,0,0,16,1,1,1,1,0,0          0
E7_B_stall,3075,1,0,0,0,0,0,0,0,1,0,0,0,1,0,1,0,0,16,1,1,1,1,0,0          0
E7_B_stall,3076,1,0,0,0,0,0,0,0,1,0,0,0,1,0,1,0,0,16,1,1,1,1,0,0          0
E7_B_stall,3077,1,0,0,0,0,0,0,0,1,0,0,0,1,0,1,0,0,16,1,1,1,1,0,0          0
E7_B_stall,3078,1,0,0,0,0,0,0,0,1,0,0,0,1,0,1,0,0,16,1,1,1,1,0,0          0
E7_B_stall,3079,1,0,0,0,0,0,0,0,1,0,0,0,1,0,1,0,0,16,1,1,1,1,0,0          0
E7_B_stall,3080,1,0,0,0,0,0,0,0,1,0,0,0,1,0,1,0,0,16,1,1,1,1,0,0          0
E7_B_stall,3081,1,0,0,0,0,0,0,0,1,0,0,0,1,0,1,0,0,16,1,1,1,1,0,0          0
E7_B_stall,3082,1,0,0,0,0,0,0,0,1,0,0,0,1,0,1,0,0,16,1,1,1,1,0,0          0
E7_B_stall,3083,1,0,0,0,0,0,0,0,1,0,0,0,1,0,1,0,0,16,1,1,1,1,0,0          0
E7_B_stall,3084,1,0,0,0,0,0,0,0,1,0,0,0,1,0,1,0,0,16,1,1,1,1,0,0          0
E7_B_stall,3085,1,0,0,0,0,0,0,0,1,0,0,0,1,0,1,0,0,16,1,1,1,1,0,0          0
E7_B_stall,3086,1,0,0,0,0,0,0,0,1,0,0,0,1,0,1,0,0,16,1,1,1,1,0,0          0
E7_B_stall,3087,1,0,0,0,0,0,0,0,1,0,0,0,1,0,1,0,0,16,1,1,1,1,0,0          0
E7_B_stall,3088,1,0,0,0,0,0,0,0,1,0,0,0,1,0,1,0,0,16,1,1,1,1,0,0          0
E7_B_stall,3089,1,0,0,0,0,0,0,0,1,0,0,0,1,0,1,0,0,16,1,1,1,1,0,0          0
E7_B_stall,3090,1,0,0,0,0,0,0,0,1,0,0,0,1,0,1,0,0,16,1,1,1,1,0,0          0
E7_B_stall,3091,1,0,0,0,0,0,0,0,1,0,0,0,1,0,1,0,0,16,1,1,1,1,0,0          0
E7_B_stall,3092,1,0,0,0,0,0,0,0,1,0,0,0,1,0,1,0,0,16,1,1,1,1,0,0          0
E7_B_stall,3093,1,0,0,0,0,0,0,0,1,0,0,0,1,0,1,0,0,16,1,1,1,1,0,0          0
E7_B_stall,3094,1,0,0,0,0,0,0,0,1,0,0,0,1,0,1,0,0,16,1,1,1,1,0,0          0
E7_B_stall,3095,1,0,0,0,0,0,0,0,1,0,0,0,1,0,1,0,0,16,1,1,1,1,0,0          0
E7_B_stall,3096,1,0,0,0,0,0,0,0,1,0,0,0,1,0,1,0,0,16,1,1,1,1,0,0          0
E7_B_stall,3097,1,0,0,0,0,0,0,0,1,0,0,0,1,0,1,0,0,16,1,1,1,1,0,0          0
E7_B_stall,3098,1,0,0,0,0,0,0,0,1,0,0,0,1,0,1,0,0,16,1,1,1,1,0,0          0
E7_B_stall,3099,1,0,0,0,0,0,0,0,1,0,0,0,1,0,1,0,0,16,1,1,1,1,0,0          0
E7_B_stall,3100,1,0,0,0,0,0,0,0,1,0,0,0,1,0,1,0,0,16,1,1,1,1,0,0          0
E7_B_stall,3101,1,0,0,0,0,0,0,0,1,0,0,0,1,0,1,0,0,16,1,1,1,1,0,0          0
E7_B_stall,3102,1,0,0,0,0,0,0,0,1,0,0,0,1,0,1,0,0,16,1,1,1,1,0,0          0
E7_B_stall,3103,1,0,0,0,0,0,0,0,1,0,0,0,1,0,1,0,0,16,1,1,1,1,0,0          0
E7_B_stall,3104,1,0,0,0,0,0,0,0,1,0,0,0,1,0,1,0,0,16,1,1,1,1,0,0          0
E7_B_stall,3105,1,0,0,0,0,0,0,0,1,0,0,0,1,0,1,0,0,16,1,1,1,1,0,0          0
E7_B_stall,3106,1,0,0,0,0,0,0,0,1,0,0,0,1,0,1,0,0,16,1,1,1,1,0,0          0
E7_B_stall,3107,1,0,0,0,0,0,0,0,1,0,0,0,1,0,1,0,0,16,1,1,1,1,0,0          0
E7_B_stall,3108,1,0,0,0,0,0,0,0,1,0,0,0,1,0,1,0,0,16,1,1,1,1,0,0          0
E7_B_stall,3109,1,0,0,0,0,0,0,0,1,0,0,0,1,0,1,0,0,16,1,1,1,1,0,0          0
E7_B_stall,3110,1,0,0,0,0,0,0,0,1,0,0,0,1,0,1,0,0,16,1,1,1,1,0,0          0
E7_B_stall,3111,1,0,0,0,0,0,0,0,1,0,0,0,1,0,1,0,0,16,1,1,1,1,0,0          0
E7_B_stall,3112,1,0,0,0,0,0,0,0,1,0,0,0,1,0,1,0,0,16,1,1,1,1,0,0          0
E7_B_stall,3113,1,0,0,0,0,0,0,0,1,0,0,0,1,0,1,0,0,16,1,1,1,1,0,0          0
E7_B_stall,3114,1,0,0,0,0,0,0,0,1,0,0,0,1,0,1,0,0,16,1,1,1,1,0,0          0
E7_B_stall,3115,1,0,0,0,0,0,0,0,1,0,0,0,1,0,1,0,0,16,1,1,1,1,0,0          0
E7_B_stall,3116,1,0,0,0,0,0,0,0,1,0,0,0,1,0,1,0,0,16,1,1,1,1,0,0          0
E7_B_stall,3117,1,0,0,0,0,0,0,0,1,0,0,0,1,0,1,0,0,16,1,1,1,1,0,0          0
E7_B_stall,3118,1,0,0,0,0,0,0,0,1,0,0,0,1,0,1,0,0,16,1,1,1,1,0,0          0
E7_B_stall,3119,1,0,0,0,0,0,0,0,1,0,0,0,1,0,1,0,0,16,1,1,1,1,0,0          0
E7_B_stall,3120,1,0,0,0,0,0,0,0,1,0,0,0,1,0,1,0,0,16,1,1,1,1,0,0          0
E7_B_stall,3121,1,0,0,0,0,0,0,0,1,0,0,0,1,0,1,0,0,16,1,1,1,1,0,0          0
E7_B_stall,3122,1,0,0,0,0,0,0,0,1,0,0,0,1,0,1,0,0,16,1,1,1,1,0,0          0
E7_B_stall,3123,1,0,0,0,0,0,0,0,1,0,0,0,1,0,1,0,0,16,1,1,1,1,0,0          0
E7_B_stall,3124,1,0,0,0,0,0,0,0,1,0,0,0,1,0,1,0,0,16,1,1,1,1,0,0          0
E7_B_stall,3125,1,0,0,0,0,0,0,0,1,0,0,0,1,0,1,0,0,16,1,1,1,1,0,0          0
E7_B_stall,3126,1,0,0,0,0,0,0,0,1,0,0,0,1,0,1,0,0,16,1,1,1,1,0,0          0
E7_B_stall,3127,1,0,0,0,0,0,0,0,1,0,0,0,1,0,1,0,0,16,1,1,1,1,0,0          0
E7_B_stall,3128,1,0,0,0,0,0,0,0,1,0,0,0,1,0,1,0,0,16,1,1,1,1,0,0          0
E7_B_stall,3129,1,0,0,0,0,0,0,0,1,0,0,0,1,0,1,0,0,16,1,1,1,1,0,0          0
E7_B_stall,3130,1,0,0,0,0,0,0,0,1,0,0,0,1,0,1,0,0,16,1,1,1,1,0,0          0
E7_B_stall,3131,1,0,0,0,0,0,0,0,1,0,0,0,1,0,1,0,0,16,1,1,1,1,0,0          0
E7_B_stall,3132,1,0,0,0,0,0,0,0,1,0,0,0,1,0,1,0,0,16,1,1,1,1,0,0          0
E7_B_stall,3133,1,0,0,0,0,0,0,0,1,0,0,0,1,0,1,0,0,16,1,1,1,1,0,0          0
E7_B_stall,3134,1,0,0,0,0,0,0,0,1,0,0,0,1,0,1,0,0,16,1,1,1,1,0,0          0
E7_B_stall,3135,1,0,0,0,0,0,0,0,1,0,0,0,1,0,1,0,0,16,1,1,1,1,0,0          0
E7_B_stall,3136,1,0,0,0,0,0,0,0,1,0,0,0,1,0,1,0,0,16,1,1,1,1,0,0          0
E7_B_stall,3137,1,0,0,0,0,0,0,0,1,0,0,0,1,0,1,0,0,16,1,1,1,1,0,0          0
E7_B_stall,3138,1,0,0,0,0,0,0,0,1,0,0,0,1,0,1,0,0,16,1,1,1,1,0,0          0
E7_B_stall,3139,1,0,0,0,0,0,0,0,1,0,0,0,1,0,1,0,0,16,1,1,1,1,0,0          0
E7_B_stall,3140,1,0,0,0,0,0,0,0,1,0,0,0,1,0,1,0,0,16,1,1,1,1,0,0          0
E7_B_stall,3141,1,0,0,0,0,0,0,0,1,0,0,0,1,0,1,0,0,16,1,1,1,1,0,0          0
E7_B_stall,3142,1,0,0,0,0,0,0,0,1,0,0,0,1,0,1,0,0,16,1,1,1,1,0,0          0
E7_B_stall,3143,1,0,0,0,0,0,0,0,1,0,0,0,1,0,1,0,0,16,1,1,1,1,0,0          0
E7_B_stall,3144,1,0,0,0,0,0,0,0,1,0,0,0,1,0,1,0,0,16,1,1,1,1,0,0          0
E7_B_stall,3145,1,0,0,0,0,0,0,0,1,0,0,0,1,0,1,0,0,16,1,1,1,1,0,0          0
E7_B_stall,3146,1,0,0,0,0,0,0,0,1,0,0,0,1,0,1,0,0,16,1,1,1,1,0,0          0
E7_B_stall,3147,1,0,0,0,0,0,0,0,1,0,0,0,1,0,1,0,0,16,1,1,1,1,0,0          0
E7_B_stall,3148,1,0,0,0,0,0,0,0,1,0,0,0,1,0,1,0,0,16,1,1,1,1,0,0          0
E7_B_stall,3149,1,0,0,0,0,0,0,0,1,0,0,0,1,0,1,0,0,16,1,1,1,1,0,0          0
E7_B_stall,3150,1,0,0,0,0,0,0,0,1,0,0,0,1,0,1,0,0,16,1,1,1,1,0,0          0
E7_B_stall,3151,1,0,0,0,0,0,0,0,1,0,0,0,1,0,1,0,0,16,1,1,1,1,0,0          0
E7_B_stall,3152,1,0,0,0,0,0,0,0,1,0,0,0,1,0,1,0,0,16,1,1,1,1,0,0          0
E7_B_stall,3153,1,0,0,0,0,0,0,0,1,0,0,0,1,0,1,0,0,16,1,1,1,1,0,0          0
E7_B_stall,3154,1,0,0,0,0,0,0,0,1,0,0,0,1,0,1,0,0,16,1,1,1,1,0,0          0
E7_B_stall,3155,1,0,0,0,0,0,0,0,1,0,0,0,1,0,1,0,0,16,1,1,1,1,0,0          0
E7_B_stall,3156,1,0,0,0,0,0,0,0,1,0,0,0,1,0,1,0,0,16,1,1,1,1,0,0          0
E7_B_stall,3157,1,0,0,0,0,0,0,0,1,0,0,0,1,0,1,0,0,16,1,1,1,1,0,0          0
E7_B_stall,3158,1,0,0,0,0,0,0,0,1,0,0,0,1,0,1,0,0,16,1,1,1,1,0,0          0
E7_B_stall,3159,1,0,0,0,0,0,0,0,1,0,0,0,1,0,1,0,0,16,1,1,1,1,0,0          0
E7_B_stall,3160,1,0,0,0,0,0,0,0,1,0,0,0,1,0,1,0,0,16,1,1,1,1,0,0          0
E7_B_stall,3161,1,0,0,0,0,0,0,0,1,0,0,0,1,0,1,0,0,16,1,1,1,1,0,0          0
E7_B_stall,3162,1,0,0,0,0,0,0,0,1,0,0,0,1,0,1,0,0,16,1,1,1,1,0,0          0
E7_B_stall,3163,1,0,0,0,0,0,0,0,1,0,0,0,1,0,1,0,0,16,1,1,1,1,0,0          0
E7_B_stall,3164,1,0,0,0,0,0,0,0,1,0,0,0,1,0,1,0,0,16,1,1,1,1,0,0          0
E7_B_stall,3165,1,0,0,0,0,0,0,0,1,0,0,0,1,0,1,0,0,16,1,1,1,1,0,0          0
E7_B_stall,3166,1,0,0,0,0,0,0,0,1,0,0,0,1,0,1,0,0,16,1,1,1,1,0,0          0
E7_B_stall,3167,1,0,0,0,0,0,0,0,1,0,0,0,1,0,1,0,0,16,1,1,1,1,0,0          0
E7_B_stall,3168,1,0,0,0,0,0,0,0,1,0,0,0,1,0,1,0,0,16,1,1,1,1,0,0          0
E7_B_stall,3169,1,0,0,0,0,0,0,0,1,0,0,0,1,0,1,0,0,16,1,1,1,1,0,0          0
E7_B_stall,3170,1,0,0,0,0,0,0,0,1,0,0,0,1,0,1,0,0,16,1,1,1,1,0,0          0
E7_B_stall,3171,1,0,0,0,0,0,0,0,1,0,0,0,1,0,1,0,0,16,1,1,1,1,0,0          0
E7_B_stall,3172,1,0,0,0,0,0,0,0,1,0,0,0,1,0,1,0,0,16,1,1,1,1,0,0          0
E7_B_stall,3173,1,0,0,0,0,0,0,0,1,0,0,0,1,0,1,0,0,16,1,1,1,1,0,0          0
E7_B_stall,3174,1,0,0,0,0,0,0,0,1,0,0,0,1,0,1,0,0,16,1,1,1,1,0,0          0
E7_B_stall,3175,1,0,0,0,0,0,0,0,1,0,0,0,1,0,1,0,0,16,1,1,1,1,0,0          0
E7_B_stall,3176,1,0,0,0,0,0,0,0,1,0,0,0,1,0,1,0,0,16,1,1,1,1,0,0          0
E7_B_stall,3177,1,0,0,0,0,0,0,0,1,0,0,0,1,0,1,0,0,16,1,1,1,1,0,0          0
E7_B_stall,3178,1,0,0,0,0,0,0,0,1,0,0,0,1,0,1,0,0,16,1,1,1,1,0,0          0
E7_B_stall,3179,1,0,0,0,0,0,0,0,1,0,0,0,1,0,1,0,0,16,1,1,1,1,0,0          0
E7_B_stall,3180,1,0,0,0,0,0,0,0,1,0,0,0,1,0,1,0,0,16,1,1,1,1,0,0          0
E7_B_stall,3181,1,0,0,0,0,0,0,0,1,0,0,0,1,0,1,0,0,16,1,1,1,1,0,0          0
E7_B_stall,3182,1,0,0,0,0,0,0,0,1,0,0,0,1,0,1,0,0,16,1,1,1,1,0,0          0
E7_B_stall,3183,1,0,0,0,0,0,0,0,1,0,0,0,1,0,1,0,0,16,1,1,1,1,0,0          0
E7_B_stall,3184,1,0,0,0,0,0,0,0,1,0,0,0,1,0,1,0,0,16,1,1,1,1,0,0          0
E7_B_stall,3185,1,0,0,0,0,0,0,0,1,0,0,0,1,0,1,0,0,16,1,1,1,1,0,0          0
E7_B_stall,3186,1,0,0,0,0,0,0,0,1,0,0,0,1,0,1,0,0,16,1,1,1,1,0,0          0
E7_B_stall,3187,1,0,0,0,0,0,0,0,1,0,0,0,1,0,1,0,0,16,1,1,1,1,0,0          0
E7_B_stall,3188,1,0,0,0,0,0,0,0,1,0,0,0,1,0,1,0,0,16,1,1,1,1,0,0          0
E7_B_stall,3189,1,0,0,0,0,0,0,0,1,0,0,0,1,0,1,0,0,16,1,1,1,1,0,0          0
E7_B_stall,3190,1,0,0,0,0,0,0,0,1,0,0,0,1,0,1,0,0,16,1,1,1,1,0,0          0
E7_B_stall,3191,1,0,0,0,0,0,0,0,1,0,0,0,1,0,1,0,0,16,1,1,1,1,0,0          0
E7_B_stall,3192,1,0,0,0,0,0,0,0,1,0,0,0,1,0,1,0,0,16,1,1,1,1,0,0          0
E7_B_stall,3193,1,0,0,0,0,0,0,0,1,0,0,0,1,0,1,0,0,16,1,1,1,1,0,0          0
E7_B_stall,3194,1,0,0,0,0,0,0,0,1,0,0,0,1,0,1,0,0,16,1,1,1,1,0,0          0
E7_B_stall,3195,1,0,0,0,0,0,0,0,1,0,0,0,1,0,1,0,0,16,1,1,1,1,0,0          0
E7_B_stall,3196,1,0,0,0,0,0,0,0,1,0,0,0,1,0,1,0,0,16,1,1,1,1,0,0          0
E7_B_stall,3197,1,0,0,0,0,0,0,0,1,0,0,0,1,0,1,0,0,16,1,1,1,1,0,0          0
E7_B_stall,3198,1,0,0,0,0,0,0,0,1,0,0,0,1,0,1,0,0,16,1,1,1,1,0,0          0
E7_B_stall,3199,1,0,0,0,0,0,0,0,1,0,0,0,1,0,1,0,0,16,1,1,1,1,0,0          0
E7_B_stall,3200,1,0,0,0,0,0,0,0,1,0,0,0,1,0,1,0,0,16,1,1,1,1,0,0          0
E7_B_stall,3201,1,0,0,0,0,0,0,0,1,0,0,0,1,0,1,0,0,16,1,1,1,1,0,0          0
E7_B_stall,3202,1,0,0,0,0,0,0,0,1,0,0,0,1,0,1,0,0,16,1,1,1,1,0,0          0
E7_B_stall,3203,1,0,0,0,0,0,0,0,1,0,0,0,1,0,1,0,0,16,1,1,1,1,0,0          0
E7_B_stall,3204,1,0,0,0,0,0,0,0,1,0,0,0,1,0,1,0,0,16,1,1,1,1,0,0          0
E7_B_stall,3205,1,0,0,0,0,0,0,0,1,0,0,0,1,0,1,0,0,16,1,1,1,1,0,0          0
E7_B_stall,3206,1,0,0,0,0,0,0,0,1,0,0,0,1,0,1,0,0,16,1,1,1,1,0,0          0
E7_B_stall,3207,1,0,0,0,0,0,0,0,1,0,0,0,1,0,1,0,0,16,1,1,1,1,0,0          0
E7_B_stall,3208,1,0,0,0,0,0,0,0,1,0,0,0,1,0,1,0,0,16,1,1,1,1,0,0          0
E7_B_stall,3209,1,0,0,0,0,0,0,0,1,0,0,0,1,0,1,0,0,16,1,1,1,1,0,0          0
E7_B_stall,3210,1,0,0,0,0,0,0,0,1,0,0,0,1,0,1,0,0,16,1,1,1,1,0,0          0
E7_B_stall,3211,1,0,0,0,0,0,0,0,1,0,0,0,1,0,1,0,0,16,1,1,1,1,0,0          0
E7_B_stall,3212,1,0,0,0,0,0,0,0,1,0,0,0,1,0,1,0,0,16,1,1,1,1,0,0          0
E7_B_stall,3213,1,0,0,0,0,0,0,0,1,0,0,0,1,0,1,0,0,16,1,1,1,1,0,0          0
E7_B_stall,3214,1,0,0,0,0,0,0,0,1,0,0,0,1,0,1,0,0,16,1,1,1,1,0,0          0
E7_B_stall,3215,1,0,0,0,0,0,0,0,1,0,0,0,1,0,1,0,0,16,1,1,1,1,0,0          0
E7_B_stall,3216,1,0,0,0,0,0,0,0,1,0,0,0,1,0,1,0,0,16,1,1,1,1,0,0          0
E7_B_stall,3217,1,0,0,0,0,0,0,0,1,0,0,0,1,0,1,0,0,16,1,1,1,1,0,0          0
E7_B_stall,3218,1,0,0,0,0,0,0,0,1,0,0,0,1,0,1,0,0,16,1,1,1,1,0,0          0
E7_B_stall,3219,1,0,0,0,0,0,0,0,1,0,0,0,1,0,1,0,0,16,1,1,1,1,0,0          0
E7_B_stall,3220,1,0,0,0,0,0,0,0,1,0,0,0,1,0,1,0,0,16,1,1,1,1,0,0          0
E7_B_stall,3221,1,0,0,0,0,0,0,0,1,0,0,0,1,0,1,0,0,16,1,1,1,1,0,0          0
E7_B_stall,3222,1,0,0,0,0,0,0,0,1,0,0,0,1,0,1,0,0,16,1,1,1,1,0,0          0
E7_B_stall,3223,1,0,0,0,0,0,0,0,1,0,0,0,1,0,1,0,0,16,1,1,1,1,0,0          0
E7_B_stall,3224,1,0,0,0,0,0,0,0,1,0,0,0,1,0,1,0,0,16,1,1,1,1,0,0          0
E7_B_stall,3225,1,0,0,0,0,0,0,0,1,0,0,0,1,0,1,0,0,16,1,1,1,1,0,0          0
E7_B_stall,3226,1,0,0,0,0,0,0,0,1,0,0,0,1,0,1,0,0,16,1,1,1,1,0,0          0
E7_B_stall,3227,1,0,0,0,0,0,0,0,1,0,0,0,1,0,1,0,0,16,1,1,1,1,0,0          0
E7_B_stall,3228,1,0,0,0,0,0,0,0,1,0,0,0,1,0,1,0,0,16,1,1,1,1,0,0          0
E7_B_stall,3229,1,0,0,0,0,0,0,0,1,0,0,0,1,0,1,0,0,16,1,1,1,1,0,0          0
E7_B_stall,3230,1,0,0,0,0,0,0,0,1,0,0,0,1,0,1,0,0,16,1,1,1,1,0,0          0
E7_B_stall,3231,1,0,0,0,0,0,0,0,1,0,0,0,1,0,1,0,0,16,1,1,1,1,0,0          0
E7_B_stall,3232,1,0,0,0,0,0,0,0,1,0,0,0,1,0,1,0,0,16,1,1,1,1,0,0          0
E7_B_stall,3233,1,0,0,0,0,0,0,0,1,0,0,0,1,0,1,0,0,16,1,1,1,1,0,0          0
E7_B_stall,3234,1,0,0,0,0,0,0,0,1,0,0,0,1,0,1,0,0,16,1,1,1,1,0,0          0
E7_B_stall,3235,1,0,0,0,0,0,0,0,1,0,0,0,1,0,1,0,0,16,1,1,1,1,0,0          0
E7_B_stall,3236,1,0,0,0,0,0,0,0,1,0,0,0,1,0,1,0,0,16,1,1,1,1,0,0          0
E7_B_stall,3237,1,0,0,0,0,0,0,0,1,0,0,0,1,0,1,0,0,16,1,1,1,1,0,0          0
E7_B_stall,3238,1,0,0,0,0,0,0,0,1,0,0,0,1,0,1,0,0,16,1,1,1,1,0,0          0
E7_B_stall,3239,1,0,0,0,0,0,0,0,1,0,0,0,1,0,1,0,0,16,1,1,1,1,0,0          0
E7_B_stall,3240,1,0,0,0,0,0,0,0,1,0,0,0,1,0,1,0,0,16,1,1,1,1,0,0          0
E7_B_stall,3241,1,0,0,0,0,0,0,0,1,0,0,0,1,0,1,0,0,16,1,1,1,1,0,0          0
E7_B_stall,3242,1,0,0,0,0,0,0,0,1,0,0,0,1,0,1,0,0,16,1,1,1,1,0,0          0
E7_B_stall,3243,1,0,0,0,0,0,0,0,1,0,0,0,1,0,1,0,0,16,1,1,1,1,0,0          0
E7_B_stall,3244,1,0,0,0,0,0,0,0,1,0,0,0,1,0,1,0,0,16,1,1,1,1,0,0          0
E7_B_stall,3245,1,0,0,0,0,0,0,0,1,0,0,0,1,0,1,0,0,16,1,1,1,1,0,0          0
E7_B_stall,3246,1,0,0,0,0,0,0,0,1,0,0,0,1,0,1,0,0,16,1,1,1,1,0,0          0
E7_B_stall,3247,1,0,0,0,0,0,0,0,1,0,0,0,1,0,1,0,0,16,1,1,1,1,0,0          0
E7_B_stall,3248,1,0,0,0,0,0,0,0,1,0,0,0,1,0,1,0,0,16,1,1,1,1,0,0          0
E7_B_stall,3249,1,0,0,0,0,0,0,0,1,0,0,0,1,0,1,0,0,16,1,1,1,1,0,0          0
E7_B_stall,3250,1,0,0,0,0,0,0,0,1,0,0,0,1,0,1,0,0,16,1,1,1,1,0,0          0
E7_B_stall,3251,1,0,0,0,0,0,0,0,1,0,0,0,1,0,1,0,0,16,1,1,1,1,0,0          0
E7_B_stall,3252,1,0,0,0,0,0,0,0,1,0,0,0,1,0,1,0,0,16,1,1,1,1,0,0          0
E7_B_stall,3253,1,0,0,0,0,0,0,0,1,0,0,0,1,0,1,0,0,16,1,1,1,1,0,0          0
E7_B_stall,3254,1,0,0,0,0,0,0,0,1,0,0,0,1,0,1,0,0,16,1,1,1,1,0,0          0
E7_B_stall,3255,1,0,0,0,0,0,0,0,1,0,0,0,1,0,1,0,0,16,1,1,1,1,0,0          0
E7_B_stall,3256,1,0,0,0,0,0,0,0,1,0,0,0,1,0,1,0,0,16,1,1,1,1,0,0          0
E7_B_stall,3257,1,0,0,0,0,0,0,0,1,0,0,0,1,0,1,0,0,16,1,1,1,1,0,0          0
E7_B_stall,3258,1,0,0,0,0,0,0,0,1,0,0,0,1,0,1,0,0,16,1,1,1,1,0,0          0
E7_B_stall,3259,1,0,0,0,0,0,0,0,1,0,0,0,1,0,1,0,0,16,1,1,1,1,0,0          0
E7_B_stall,3260,1,0,0,0,0,0,0,0,1,0,0,0,1,0,1,0,0,16,1,1,1,1,0,0          0
E7_B_stall,3261,1,0,0,0,0,0,0,0,1,0,0,0,1,0,1,0,0,16,1,1,1,1,0,0          0
E7_B_stall,3262,1,0,0,0,0,0,0,0,1,0,0,0,1,0,1,0,0,16,1,1,1,1,0,0          0
E7_B_stall,3263,1,0,0,0,0,0,0,0,1,0,0,0,1,0,1,0,0,16,1,1,1,1,0,0          0
E7_B_stall,3264,1,0,0,0,0,0,0,0,1,0,0,0,1,0,1,0,0,16,1,1,1,1,0,0          0
E7_B_stall,3265,1,0,0,0,0,0,0,0,1,0,0,0,1,0,1,0,0,16,1,1,1,1,0,0          0
E7_B_stall,3266,1,0,0,0,0,0,0,0,1,0,0,0,1,0,1,0,0,16,1,1,1,1,0,0          0
E7_B_stall,3267,1,0,0,0,0,0,0,0,1,0,0,0,1,0,1,0,0,16,1,1,1,1,0,0          0
E7_B_stall,3268,1,0,0,0,0,0,0,0,1,0,0,0,1,0,1,0,0,16,1,1,1,1,0,0          0
E7_B_stall,3269,1,0,0,0,0,0,0,0,1,0,0,0,1,0,1,0,0,16,1,1,1,1,0,0          0
E7_B_stall,3270,1,0,0,0,0,0,0,0,1,0,0,0,1,0,1,0,0,16,1,1,1,1,0,0          0
E7_B_stall,3271,1,0,0,0,0,0,0,0,1,0,0,0,1,0,1,0,0,16,1,1,1,1,0,0          0
E7_B_stall,3272,1,0,0,0,0,0,0,0,1,0,0,0,1,0,1,0,0,16,1,1,1,1,0,0          0
E7_B_stall,3273,1,0,0,0,0,0,0,0,1,0,0,0,1,0,1,0,0,16,1,1,1,1,0,0          0
E7_B_stall,3274,1,0,0,0,0,0,0,0,1,0,0,0,1,0,1,0,0,16,1,1,1,1,0,0          0
E7_B_stall,3275,1,0,0,0,0,0,0,0,1,0,0,0,1,0,1,0,0,16,1,1,1,1,0,0          0
E7_B_stall,3276,1,0,0,0,0,0,0,0,1,0,0,0,1,0,1,0,0,16,1,1,1,1,0,0          0
E7_B_stall,3277,1,0,0,0,0,0,0,0,1,0,0,0,1,0,1,0,0,16,1,1,1,1,0,0          0
E7_B_stall,3278,1,0,0,0,0,0,0,0,1,0,0,0,1,0,1,0,0,16,1,1,1,1,0,0          0
E7_B_stall,3279,1,0,0,0,0,0,0,0,1,0,0,0,1,0,1,0,0,16,1,1,1,1,0,0          0
E7_B_stall,3280,1,0,0,0,0,0,0,0,1,0,0,0,1,0,1,0,0,16,1,1,1,1,0,0          0
E7_B_stall,3281,1,0,0,0,0,0,0,0,1,0,0,0,1,0,1,0,0,16,1,1,1,1,0,0          0
E7_B_stall,3282,1,0,0,0,0,0,0,0,1,0,0,0,1,0,1,0,0,16,1,1,1,1,0,0          0
E7_B_stall,3283,1,0,0,0,0,0,0,0,1,0,0,0,1,0,1,0,0,16,1,1,1,1,0,0          0
E7_B_stall,3284,1,0,0,0,0,0,0,0,1,0,0,0,1,0,1,0,0,16,1,1,1,1,0,0          0
E7_B_stall,3285,1,0,0,0,0,0,0,0,1,0,0,0,1,0,1,0,0,16,1,1,1,1,0,0          0
E7_B_stall,3286,1,0,0,0,0,0,0,0,1,0,0,0,1,0,1,0,0,16,1,1,1,1,0,0          0
E7_B_stall,3287,1,0,0,0,0,0,0,0,1,0,0,0,1,0,1,0,0,16,1,1,1,1,0,0          0
E7_B_stall,3288,1,0,0,0,0,0,0,0,1,0,0,0,1,0,1,0,0,16,1,1,1,1,0,0          0
E7_B_stall,3289,1,0,0,0,0,0,0,0,1,0,0,0,1,0,1,0,0,16,1,1,1,1,0,0          0
E7_B_stall,3290,1,0,0,0,0,0,0,0,1,0,0,0,1,0,1,0,0,16,1,1,1,1,0,0          0
E7_B_stall,3291,1,0,0,0,0,0,0,0,1,0,0,0,1,0,1,0,0,16,1,1,1,1,0,0          0
E7_B_stall,3292,1,0,0,0,0,0,0,0,1,0,0,0,1,0,1,0,0,16,1,1,1,1,0,0          0
E7_B_stall,3293,1,0,0,0,0,0,0,0,1,0,0,0,1,0,1,0,0,16,1,1,1,1,0,0          0
E7_B_stall,3294,1,0,0,0,0,0,0,0,1,0,0,0,1,0,1,0,0,16,1,1,1,1,0,0          0
E7_B_stall,3295,1,0,0,0,0,0,0,0,1,0,0,0,1,0,1,0,0,16,1,1,1,1,0,0          0
E7_B_stall,3296,1,0,0,0,0,0,0,0,1,0,0,0,1,0,1,0,0,16,1,1,1,1,0,0          0
E7_B_stall,3297,1,0,0,0,0,0,0,0,1,0,0,0,1,0,1,0,0,16,1,1,1,1,0,0          0
E7_B_stall,3298,1,0,0,0,0,0,0,0,1,0,0,0,1,0,1,0,0,16,1,1,1,1,0,0          0
E7_B_stall,3299,1,0,0,0,0,0,0,0,1,0,0,0,1,0,1,0,0,16,1,1,1,1,0,0          0
E7_B_stall,3300,1,0,0,0,0,0,0,0,1,0,0,0,1,0,1,0,0,16,1,1,1,1,0,0          0
E7_B_stall,3301,1,0,0,0,0,0,0,0,1,0,0,0,1,0,1,0,0,16,1,1,1,1,0,0          0
E7_B_stall,3302,1,0,0,0,0,0,0,0,1,0,0,0,1,0,1,0,0,16,1,1,1,1,0,0          0
E7_B_stall,3303,1,0,0,0,0,0,0,0,1,0,0,0,1,0,1,0,0,16,1,1,1,1,0,0          0
E7_B_stall,3304,1,0,0,0,0,0,0,0,1,0,0,0,1,0,1,0,0,16,1,1,1,1,0,0          0
E7_B_stall,3305,1,0,0,0,0,0,0,0,1,0,0,0,1,0,1,0,0,16,1,1,1,1,0,0          0
E7_B_stall,3306,1,0,0,0,0,0,0,0,1,0,0,0,1,0,1,0,0,16,1,1,1,1,0,0          0
E7_B_stall,3307,1,0,0,0,0,0,0,0,1,0,0,0,1,0,1,0,0,16,1,1,1,1,0,0          0
E7_B_stall,3308,1,0,0,0,0,0,0,0,1,0,0,0,1,0,1,0,0,16,1,1,1,1,0,0          0
E7_B_stall,3309,1,0,0,0,0,0,0,0,1,0,0,0,1,0,1,0,0,16,1,1,1,1,0,0          0
E7_B_stall,3310,1,0,0,0,0,0,0,0,1,0,0,0,1,0,1,0,0,16,1,1,1,1,0,0          0
E7_B_stall,3311,1,0,0,0,0,0,0,0,1,0,0,0,1,0,1,0,0,16,1,1,1,1,0,0          0
E7_B_stall,3312,1,0,0,0,0,0,0,0,1,0,0,0,1,0,1,0,0,16,1,1,1,1,0,0          0
E7_B_stall,3313,1,0,0,0,0,0,0,0,1,0,0,0,1,0,1,0,0,16,1,1,1,1,0,0          0
E7_B_stall,3314,1,0,0,0,0,0,0,0,1,0,0,0,1,0,1,0,0,16,1,1,1,1,0,0          0
E7_B_stall,3315,1,0,0,0,0,0,0,0,1,0,0,0,1,0,1,0,0,16,1,1,1,1,0,0          0
E7_B_stall,3316,1,0,0,0,0,0,0,0,1,0,0,0,1,0,1,0,0,16,1,1,1,1,0,0          0
E7_B_stall,3317,1,0,0,0,0,0,0,0,1,0,0,0,1,0,1,0,0,16,1,1,1,1,0,0          0
E7_B_stall,3318,1,0,0,0,0,0,0,0,1,0,0,0,1,0,1,0,0,16,1,1,1,1,0,0          0
E7_B_stall,3319,1,0,0,0,0,0,0,0,1,0,0,0,1,0,1,0,0,16,1,1,1,1,0,0          0
E7_B_stall,3320,1,0,0,0,0,0,0,0,1,0,0,0,1,0,1,0,0,16,1,1,1,1,0,0          0
E7_B_stall,3321,1,0,0,0,0,0,0,0,1,0,0,0,1,0,1,0,0,16,1,1,1,1,0,0          0
E7_B_stall,3322,1,0,0,0,0,0,0,0,1,0,0,0,1,0,1,0,0,16,1,1,1,1,0,0          0
E7_B_stall,3323,1,0,0,0,0,0,0,0,1,0,0,0,1,0,1,0,0,16,1,1,1,1,0,0          0
E7_B_stall,3324,1,0,0,0,0,0,0,0,1,0,0,0,1,0,1,0,0,16,1,1,1,1,0,0          0
E7_B_stall,3325,1,0,0,0,0,0,0,0,1,0,0,0,1,0,1,0,0,16,1,1,1,1,0,0          0
E7_B_stall,3326,1,0,0,0,0,0,0,0,1,0,0,0,1,0,1,0,0,16,1,1,1,1,0,0          0
E7_B_stall,3327,1,0,0,0,0,0,0,0,1,0,0,0,1,0,1,0,0,16,1,1,1,1,0,0          0
E7_B_stall,3328,1,0,0,0,0,0,0,0,1,0,0,0,1,0,1,0,0,16,1,1,1,1,0,0          0
E7_B_stall,3329,1,0,0,0,0,0,0,0,1,0,0,0,1,0,1,0,0,16,1,1,1,1,0,0          0
E7_B_stall,3330,1,0,0,0,0,0,0,0,1,0,0,0,1,0,1,0,0,16,1,1,1,1,0,0          0
E7_B_stall,3331,1,0,0,0,0,0,0,0,1,0,0,0,1,0,1,0,0,16,1,1,1,1,0,0          0
E7_B_stall,3332,1,0,0,0,0,0,0,0,1,0,0,0,1,0,1,0,0,16,1,1,1,1,0,0          0
E7_B_stall,3333,1,0,0,0,0,0,0,0,1,0,0,0,1,0,1,0,0,16,1,1,1,1,0,0          0
E7_B_stall,3334,1,0,0,0,0,0,0,0,1,0,0,0,1,0,1,0,0,16,1,1,1,1,0,0          0
E7_B_stall,3335,1,0,0,0,0,0,0,0,1,0,0,0,1,0,1,0,0,16,1,1,1,1,0,0          0
E7_B_stall,3336,1,0,0,0,0,0,0,0,1,0,0,0,1,0,1,0,0,16,1,1,1,1,0,0          0
E7_B_stall,3337,1,0,0,0,0,0,0,0,1,0,0,0,1,0,1,0,0,16,1,1,1,1,0,0          0
E7_B_stall,3338,1,0,0,0,0,0,0,0,1,0,0,0,1,0,1,0,0,16,1,1,1,1,0,0          0
E7_B_stall,3339,1,0,0,0,0,0,0,0,1,0,0,0,1,0,1,0,0,16,1,1,1,1,0,0          0
E7_B_stall,3340,1,0,0,0,0,0,0,0,1,0,0,0,1,0,1,0,0,16,1,1,1,1,0,0          0
E7_B_stall,3341,1,0,0,0,0,0,0,0,1,0,0,0,1,0,1,0,0,16,1,1,1,1,0,0          0
E7_B_stall,3342,1,0,0,0,0,0,0,0,1,0,0,0,1,0,1,0,0,16,1,1,1,1,0,0          0
E7_B_stall,3343,1,0,0,0,0,0,0,0,1,0,0,0,1,0,1,0,0,16,1,1,1,1,0,0          0
E7_B_stall,3344,1,0,0,0,0,0,0,0,1,0,0,0,1,0,1,0,0,16,1,1,1,1,0,0          0
E7_B_stall,3345,1,0,0,0,0,0,0,0,1,0,0,0,1,0,1,0,0,16,1,1,1,1,0,0          0
E7_B_stall,3346,1,0,0,0,0,0,0,0,1,0,0,0,1,0,1,0,0,16,1,1,1,1,0,0          0
E7_B_stall,3347,1,0,0,0,0,0,0,0,1,0,0,0,1,0,1,0,0,16,1,1,1,1,0,0          0
E7_B_stall,3348,1,0,0,0,0,0,0,0,1,0,0,0,1,0,1,0,0,16,1,1,1,1,0,0          0
E7_B_stall,3349,1,0,0,0,0,0,0,0,1,0,0,0,1,0,1,0,0,16,1,1,1,1,0,0          0
E7_B_stall,3350,1,0,0,0,0,0,0,0,1,0,0,0,1,0,1,0,0,16,1,1,1,1,0,0          0
E7_B_stall,3351,1,0,0,0,0,0,0,0,1,0,0,0,1,0,1,0,0,16,1,1,1,1,0,0          0
E7_B_stall,3352,1,0,0,0,0,0,0,0,1,0,0,0,1,0,1,0,0,16,1,1,1,1,0,0          0
E7_B_stall,3353,1,0,0,0,0,0,0,0,1,0,0,0,1,0,1,0,0,16,1,1,1,1,0,0          0
E7_B_stall,3354,1,0,0,0,0,0,0,0,1,0,0,0,1,0,1,0,0,16,1,1,1,1,0,0          0
E7_B_stall,3355,1,0,0,0,0,0,0,0,1,0,0,0,1,0,1,0,0,16,1,1,1,1,0,0          0
E7_B_stall,3356,1,0,0,0,0,0,0,0,1,0,0,0,1,0,1,0,0,16,1,1,1,1,0,0          0
E7_B_stall,3357,1,0,0,0,0,0,0,0,1,0,0,0,1,0,1,0,0,16,1,1,1,1,0,0          0
E7_B_stall,3358,1,0,0,0,0,0,0,0,1,0,0,0,1,0,1,0,0,16,1,1,1,1,0,0          0
E7_B_stall,3359,1,0,0,0,0,0,0,0,1,0,0,0,1,0,1,0,0,16,1,1,1,1,0,0          0
E7_B_stall,3360,1,0,0,0,0,0,0,0,1,0,0,0,1,0,1,0,0,16,1,1,1,1,0,0          0
E7_B_stall,3361,1,0,0,0,0,0,0,0,1,0,0,0,1,0,1,0,0,16,1,1,1,1,0,0          0
E7_B_stall,3362,1,0,0,0,0,0,0,0,1,0,0,0,1,0,1,0,0,16,1,1,1,1,0,0          0
E7_B_stall,3363,1,0,0,0,0,0,0,0,1,0,0,0,1,0,1,0,0,16,1,1,1,1,0,0          0
E7_B_stall,3364,1,0,0,0,0,0,0,0,1,0,0,0,1,0,1,0,0,16,1,1,1,1,0,0          0
E7_B_stall,3365,1,0,0,0,0,0,0,0,1,0,0,0,1,0,1,0,0,16,1,1,1,1,0,0          0
E7_B_stall,3366,1,0,0,0,0,0,0,0,1,0,0,0,1,0,1,0,0,16,1,1,1,1,0,0          0
E7_B_stall,3367,1,0,0,0,0,0,0,0,1,0,0,0,1,0,1,0,0,16,1,1,1,1,0,0          0
E7_B_stall,3368,1,0,0,0,0,0,0,0,1,0,0,0,1,0,1,0,0,16,1,1,1,1,0,0          0
E7_B_stall,3369,1,0,0,0,0,0,0,0,1,0,0,0,1,0,1,0,0,16,1,1,1,1,0,0          0
E7_B_stall,3370,1,0,0,0,0,0,0,0,1,0,0,0,1,0,1,0,0,16,1,1,1,1,0,0          0
E7_B_stall,3371,1,0,0,0,0,0,0,0,1,0,0,0,1,0,1,0,0,16,1,1,1,1,0,0          0
E7_B_stall,3372,1,0,0,0,0,0,0,0,1,0,0,0,1,0,1,0,0,16,1,1,1,1,0,0          0
E7_B_stall,3373,1,0,0,0,0,0,0,0,1,0,0,0,1,0,1,0,0,16,1,1,1,1,0,0          0
E7_B_stall,3374,1,0,0,0,0,0,0,0,1,0,0,0,1,0,1,0,0,16,1,1,1,1,0,0          0
E7_B_stall,3375,1,0,0,0,0,0,0,0,1,0,0,0,1,0,1,0,0,16,1,1,1,1,0,0          0
E7_B_stall,3376,1,0,0,0,0,0,0,0,1,0,0,0,1,0,1,0,0,16,1,1,1,1,0,0          0
E7_B_stall,3377,1,0,0,0,0,0,0,0,1,0,0,0,1,0,1,0,0,16,1,1,1,1,0,0          0
E7_B_stall,3378,1,0,0,0,0,0,0,0,1,0,0,0,1,0,1,0,0,16,1,1,1,1,0,0          0
E7_B_stall,3379,1,0,0,0,0,0,0,0,1,0,0,0,1,0,1,0,0,16,1,1,1,1,0,0          0
E7_B_stall,3380,1,0,0,0,0,0,0,0,1,0,0,0,1,0,1,0,0,16,1,1,1,1,0,0          0
E7_B_stall,3381,1,0,0,0,0,0,0,0,1,0,0,0,1,0,1,0,0,16,1,1,1,1,0,0          0
E7_B_stall,3382,1,0,0,0,0,0,0,0,1,0,0,0,1,0,1,0,0,16,1,1,1,1,0,0          0
E7_B_stall,3383,1,0,0,0,0,0,0,0,1,0,0,0,1,0,1,0,0,16,1,1,1,1,0,0          0
E7_B_stall,3384,1,0,0,0,0,0,0,0,1,0,0,0,1,0,1,0,0,16,1,1,1,1,0,0          0
E7_B_stall,3385,1,0,0,0,0,0,0,0,1,0,0,0,1,0,1,0,0,16,1,1,1,1,0,0          0
E7_B_stall,3386,1,0,0,0,0,0,0,0,1,0,0,0,1,0,1,0,0,16,1,1,1,1,0,0          0
E7_B_stall,3387,1,0,0,0,0,0,0,0,1,0,0,0,1,0,1,0,0,16,1,1,1,1,0,0          0
E7_B_stall,3388,1,0,0,0,0,0,0,0,1,0,0,0,1,0,1,0,0,16,1,1,1,1,0,0          0
E7_B_stall,3389,1,0,0,0,0,0,0,0,1,0,0,0,1,0,1,0,0,16,1,1,1,1,0,0          0
E7_B_stall,3390,1,0,0,0,0,0,0,0,1,0,0,0,1,0,1,0,0,16,1,1,1,1,0,0          0
E7_B_stall,3391,1,0,0,0,0,0,0,0,1,0,0,0,1,0,1,0,0,16,1,1,1,1,0,0          0
E7_B_stall,3392,1,0,0,0,0,0,0,0,1,0,0,0,1,0,1,0,0,16,1,1,1,1,0,0          0
E7_B_stall,3393,1,0,0,0,0,0,0,0,1,0,0,0,1,0,1,0,0,16,1,1,1,1,0,0          0
E7_B_stall,3394,1,0,0,0,0,0,0,0,1,0,0,0,1,0,1,0,0,16,1,1,1,1,0,0          0
E7_B_stall,3395,1,0,0,0,0,0,0,0,1,0,0,0,1,0,1,0,0,16,1,1,1,1,0,0          0
E7_B_stall,3396,1,0,0,0,0,0,0,0,1,0,0,0,1,0,1,0,0,16,1,1,1,1,0,0          0
E7_B_stall,3397,1,0,0,0,0,0,0,0,1,0,0,0,1,0,1,0,0,16,1,1,1,1,0,0          0
E7_B_stall,3398,1,0,0,0,0,0,0,0,1,0,0,0,1,0,1,0,0,16,1,1,1,1,0,0          0
E7_B_stall,3399,1,0,0,0,0,0,0,0,1,0,0,0,1,0,1,0,0,16,1,1,1,1,0,0          0
E7_B_stall,3400,1,0,0,0,0,0,0,0,1,0,0,0,1,0,1,0,0,16,1,1,1,1,0,0          0
E7_B_stall,3401,1,0,0,0,0,0,0,0,1,0,0,0,1,0,1,0,0,16,1,1,1,1,0,0          0
E7_B_stall,3402,1,0,0,0,0,0,0,0,1,0,0,0,1,0,1,0,0,16,1,1,1,1,0,0          0
E7_B_stall,3403,1,0,0,0,0,0,0,0,1,0,0,0,1,0,1,0,0,16,1,1,1,1,0,0          0
E7_B_stall,3404,1,0,0,0,0,0,0,0,1,0,0,0,1,0,1,0,0,16,1,1,1,1,0,0          0
E7_B_stall,3405,1,0,0,0,0,0,0,0,1,0,0,0,1,0,1,0,0,16,1,1,1,1,0,0          0
E7_B_stall,3406,1,0,0,0,0,0,0,0,1,0,0,0,1,0,1,0,0,16,1,1,1,1,0,0          0
E7_B_stall,3407,1,0,0,0,0,0,0,0,1,0,0,0,1,0,1,0,0,16,1,1,1,1,0,0          0
E7_B_stall,3408,1,0,0,0,0,0,0,0,1,0,0,0,1,0,1,0,0,16,1,1,1,1,0,0          0
E7_B_stall,3409,1,0,0,0,0,0,0,0,1,0,0,0,1,0,1,0,0,16,1,1,1,1,0,0          0
E7_B_stall,3410,1,0,0,0,0,0,0,0,1,0,0,0,1,0,1,0,0,16,1,1,1,1,0,0          0
E7_B_stall,3411,1,0,0,0,0,0,0,0,1,0,0,0,1,0,1,0,0,16,1,1,1,1,0,0          0
E7_B_stall,3412,1,0,0,0,0,0,0,0,1,0,0,0,1,0,1,0,0,16,1,1,1,1,0,0          0
E7_B_stall,3413,1,0,0,0,0,0,0,0,1,0,0,0,1,0,1,0,0,16,1,1,1,1,0,0          0
E7_B_stall,3414,1,0,0,0,0,0,0,0,1,0,0,0,1,0,1,0,0,16,1,1,1,1,0,0          0
E7_B_stall,3415,1,0,0,0,0,0,0,0,1,0,0,0,1,0,1,0,0,16,1,1,1,1,0,0          0
E7_B_stall,3416,1,0,0,0,0,0,0,0,1,0,0,0,1,0,1,0,0,16,1,1,1,1,0,0          0
E7_B_stall,3417,1,0,0,0,0,0,0,0,1,0,0,0,1,0,1,0,0,16,1,1,1,1,0,0          0
E7_B_stall,3418,1,0,0,0,0,0,0,0,1,0,0,0,1,0,1,0,0,16,1,1,1,1,0,0          0
E7_B_stall,3419,1,0,0,0,0,0,0,0,1,0,0,0,1,0,1,0,0,16,1,1,1,1,0,0          0
E7_B_stall,3420,1,0,0,0,0,0,0,0,1,0,0,0,1,0,1,0,0,16,1,1,1,1,0,0          0
E7_B_stall,3421,1,0,0,0,0,0,0,0,1,0,0,0,1,0,1,0,0,16,1,1,1,1,0,0          0
E7_B_stall,3422,1,0,0,0,0,0,0,0,1,0,0,0,1,0,1,0,0,16,1,1,1,1,0,0          0
E7_B_stall,3423,1,0,0,0,0,0,0,0,1,0,0,0,1,0,1,0,0,16,1,1,1,1,0,0          0
E7_B_stall,3424,1,0,0,0,0,0,0,0,1,0,0,0,1,0,1,0,0,16,1,1,1,1,0,0          0
E7_B_stall,3425,1,0,0,0,0,0,0,0,1,0,0,0,1,0,1,0,0,16,1,1,1,1,0,0          0
E7_B_stall,3426,1,0,0,0,0,0,0,0,1,0,0,0,1,0,1,0,0,16,1,1,1,1,0,0          0
E7_B_stall,3427,1,0,0,0,0,0,0,0,1,0,0,0,1,0,1,0,0,16,1,1,1,1,0,0          0
E7_B_stall,3428,1,0,0,0,0,0,0,0,1,0,0,0,1,0,1,0,0,16,1,1,1,1,0,0          0
E7_B_stall,3429,1,0,0,0,0,0,0,0,1,0,0,0,1,0,1,0,0,16,1,1,1,1,0,0          0
E7_B_stall,3430,1,0,0,0,0,0,0,0,1,0,0,0,1,0,1,0,0,16,1,1,1,1,0,0          0
E7_B_stall,3431,1,0,0,0,0,0,0,0,1,0,0,0,1,0,1,0,0,16,1,1,1,1,0,0          0
E7_B_stall,3432,1,0,0,0,0,0,0,0,1,0,0,0,1,0,1,0,0,16,1,1,1,1,0,0          0
E7_B_stall,3433,1,0,0,0,0,0,0,0,1,0,0,0,1,0,1,0,0,16,1,1,1,1,0,0          0
E7_B_stall,3434,1,0,0,0,0,0,0,0,1,0,0,0,1,0,1,0,0,16,1,1,1,1,0,0          0
E7_B_stall,3435,1,0,0,0,0,0,0,0,1,0,0,0,1,0,1,0,0,16,1,1,1,1,0,0          0
E7_B_stall,3436,1,0,0,0,0,0,0,0,1,0,0,0,1,0,1,0,0,16,1,1,1,1,0,0          0
E7_B_stall,3437,1,0,0,0,0,0,0,0,1,0,0,0,1,0,1,0,0,16,1,1,1,1,0,0          0
E7_B_stall,3438,1,0,0,0,0,0,0,0,1,0,0,0,1,0,1,0,0,16,1,1,1,1,0,0          0
E7_B_stall,3439,1,0,0,0,0,0,0,0,1,0,0,0,1,0,1,0,0,16,1,1,1,1,0,0          0
E7_B_stall,3440,1,0,0,0,0,0,0,0,1,0,0,0,1,0,1,0,0,16,1,1,1,1,0,0          0
E7_B_stall,3441,1,0,0,0,0,0,0,0,1,0,0,0,1,0,1,0,0,16,1,1,1,1,0,0          0
E7_B_stall,3442,1,0,0,0,0,0,0,0,1,0,0,0,1,0,1,0,0,16,1,1,1,1,0,0          0
E7_B_stall,3443,1,0,0,0,0,0,0,0,1,0,0,0,1,0,1,0,0,16,1,1,1,1,0,0          0
E7_B_stall,3444,1,0,0,0,0,0,0,0,1,0,0,0,1,0,1,0,0,16,1,1,1,1,0,0          0
E7_B_stall,3445,1,0,0,0,0,0,0,0,1,0,0,0,1,0,1,0,0,16,1,1,1,1,0,0          0
E7_B_stall,3446,1,0,0,0,0,0,0,0,1,0,0,0,1,0,1,0,0,16,1,1,1,1,0,0          0
E7_B_stall,3447,1,0,0,0,0,0,0,0,1,0,0,0,1,0,1,0,0,16,1,1,1,1,0,0          0
E7_B_stall,3448,1,0,0,0,0,0,0,0,1,0,0,0,1,0,1,0,0,16,1,1,1,1,0,0          0
E7_B_stall,3449,1,0,0,0,0,0,0,0,1,0,0,0,1,0,1,0,0,16,1,1,1,1,0,0          0
E7_B_stall,3450,1,0,0,0,0,0,0,0,1,0,0,0,1,0,1,0,0,16,1,1,1,1,0,0          0
E7_B_stall,3451,1,0,0,0,0,0,0,0,1,0,0,0,1,0,1,0,0,16,1,1,1,1,0,0          0
E7_B_stall,3452,1,0,0,0,0,0,0,0,1,0,0,0,1,0,1,0,0,16,1,1,1,1,0,0          0
E7_B_stall,3453,1,0,0,0,0,0,0,0,1,0,0,0,1,0,1,0,0,16,1,1,1,1,0,0          0
E7_B_stall,3454,1,0,0,0,0,0,0,0,1,0,0,0,1,0,1,0,0,16,1,1,1,1,0,0          0
E7_B_stall,3455,1,0,0,0,0,0,0,0,1,0,0,0,1,0,1,0,0,16,1,1,1,1,0,0          0
E7_B_stall,3456,1,0,0,0,0,0,0,0,1,0,0,0,1,0,1,0,0,16,1,1,1,1,0,0          0
E7_B_stall,3457,1,0,0,0,0,0,0,0,1,0,0,0,1,0,1,0,0,16,1,1,1,1,0,0          0
E7_B_stall,3458,1,0,0,0,0,0,0,0,1,0,0,0,1,0,1,0,0,16,1,1,1,1,0,0          0
E7_B_stall,3459,1,0,0,0,0,0,0,0,1,0,0,0,1,0,1,0,0,16,1,1,1,1,0,0          0
E7_B_stall,3460,1,0,0,0,0,0,0,0,1,0,0,0,1,0,1,0,0,16,1,1,1,1,0,0          0
E7_B_stall,3461,1,0,0,0,0,0,0,0,1,0,0,0,1,0,1,0,0,16,1,1,1,1,0,0          0
E7_B_stall,3462,1,0,0,0,0,0,0,0,1,0,0,0,1,0,1,0,0,16,1,1,1,1,0,0          0
E7_B_stall,3463,1,0,0,0,0,0,0,0,1,0,0,0,1,0,1,0,0,16,1,1,1,1,0,0          0
E7_B_stall,3464,1,0,0,0,0,0,0,0,1,0,0,0,1,0,1,0,0,16,1,1,1,1,0,0          0
E7_B_stall,3465,1,0,0,0,0,0,0,0,1,0,0,0,1,0,1,0,0,16,1,1,1,1,0,0          0
E7_B_stall,3466,1,0,0,0,0,0,0,0,1,0,0,0,1,0,1,0,0,16,1,1,1,1,0,0          0
E7_B_stall,3467,1,0,0,0,0,0,0,0,1,0,0,0,1,0,1,0,0,16,1,1,1,1,0,0          0
E7_B_stall,3468,1,0,0,0,0,0,0,0,1,0,0,0,1,0,1,0,0,16,1,1,1,1,0,0          0
E7_B_stall,3469,1,0,0,0,0,0,0,0,1,0,0,0,1,0,1,0,0,16,1,1,1,1,0,0          0
E7_B_stall,3470,1,0,0,0,0,0,0,0,1,0,0,0,1,0,1,0,0,16,1,1,1,1,0,0          0
E7_B_stall,3471,1,0,0,0,0,0,0,0,1,0,0,0,1,0,1,0,0,16,1,1,1,1,0,0          0
E7_B_stall,3472,1,0,0,0,0,0,0,0,1,0,0,0,1,0,1,0,0,16,1,1,1,1,0,0          0
E7_B_stall,3473,1,0,0,0,0,0,0,0,1,0,0,0,1,0,1,0,0,16,1,1,1,1,0,0          0
E7_B_stall,3474,1,0,0,0,0,0,0,0,1,0,0,0,1,0,1,0,0,16,1,1,1,1,0,0          0
E7_B_stall,3475,1,0,0,0,0,0,0,0,1,0,0,0,1,0,1,0,0,16,1,1,1,1,0,0          0
E7_B_stall,3476,1,0,0,0,0,0,0,0,1,0,0,0,1,0,1,0,0,16,1,1,1,1,0,0          0
E7_B_stall,3477,1,0,0,0,0,0,0,0,1,0,0,0,1,0,1,0,0,16,1,1,1,1,0,0          0
E7_B_stall,3478,1,0,0,0,0,0,0,0,1,0,0,0,1,0,1,0,0,16,1,1,1,1,0,0          0
E7_B_stall,3479,1,0,0,0,0,0,0,0,1,0,0,0,1,0,1,0,0,16,1,1,1,1,0,0          0
E7_B_stall,3480,1,0,0,0,0,0,0,0,1,0,0,0,1,0,1,0,0,16,1,1,1,1,0,0          0
E7_B_stall,3481,1,0,0,0,0,0,0,0,1,0,0,0,1,0,1,0,0,16,1,1,1,1,0,0          0
E7_B_stall,3482,1,0,0,0,0,0,0,0,1,0,0,0,1,0,1,0,0,16,1,1,1,1,0,0          0
E7_B_stall,3483,1,0,0,0,0,0,0,0,1,0,0,0,1,0,1,0,0,16,1,1,1,1,0,0          0
E7_B_stall,3484,1,0,0,0,0,0,0,0,1,0,0,0,1,0,1,0,0,16,1,1,1,1,0,0          0
E7_B_stall,3485,1,0,0,0,0,0,0,0,1,0,0,0,1,0,1,0,0,16,1,1,1,1,0,0          0
E7_B_stall,3486,1,0,0,0,0,0,0,0,1,0,0,0,1,0,1,0,0,16,1,1,1,1,0,0          0
E7_B_stall,3487,1,0,0,0,0,0,0,0,1,0,0,0,1,0,1,0,0,16,1,1,1,1,0,0          0
E7_B_stall,3488,1,0,0,0,0,0,0,0,1,0,0,0,1,0,1,0,0,16,1,1,1,1,0,0          0
E7_B_stall,3489,1,0,0,0,0,0,0,0,1,0,0,0,1,0,1,0,0,16,1,1,1,1,0,0          0
E7_B_stall,3490,1,0,0,0,0,0,0,0,1,0,0,0,1,0,1,0,0,16,1,1,1,1,0,0          0
E7_B_stall,3491,1,0,0,0,0,0,0,0,1,0,0,0,1,0,1,0,0,16,1,1,1,1,0,0          0
E7_B_stall,3492,1,0,0,0,0,0,0,0,1,0,0,0,1,0,1,0,0,16,1,1,1,1,0,0          0
E7_B_stall,3493,1,0,0,0,0,0,0,0,1,0,0,0,1,0,1,0,0,16,1,1,1,1,0,0          0
E7_B_stall,3494,1,0,0,0,0,0,0,0,1,0,0,0,1,0,1,0,0,16,1,1,1,1,0,0          0
E7_B_stall,3495,1,0,0,0,0,0,0,0,1,0,0,0,1,0,1,0,0,16,1,1,1,1,0,0          0
E7_B_stall,3496,1,0,0,0,0,0,0,0,1,0,0,0,1,0,1,0,0,16,1,1,1,1,0,0          0
E7_B_stall,3497,1,0,0,0,0,0,0,0,1,0,0,0,1,0,1,0,0,16,1,1,1,1,0,0          0
E7_B_stall,3498,1,0,0,0,0,0,0,0,1,0,0,0,1,0,1,0,0,16,1,1,1,1,0,0          0
E7_B_stall,3499,1,0,0,0,0,0,0,0,1,0,0,0,1,0,1,0,0,16,1,1,1,1,0,0          0
E7_B_stall,3500,1,0,0,0,0,0,0,0,1,0,0,0,1,0,1,0,0,16,1,1,1,1,0,0          0
E7_B_stall,3501,1,0,0,0,0,0,0,0,1,0,0,0,1,0,1,0,0,16,1,1,1,1,0,0          0
E7_B_stall,3502,1,0,0,0,0,0,0,0,1,0,0,0,1,0,1,0,0,16,1,1,1,1,0,0          0
E7_B_stall,3503,1,0,0,0,0,0,0,0,1,0,0,0,1,0,1,0,0,16,1,1,1,1,0,0          0
E7_B_stall,3504,1,0,0,0,0,0,0,0,1,0,0,0,1,0,1,0,0,16,1,1,1,1,0,0          0
E7_B_stall,3505,1,0,0,0,0,0,0,0,1,0,0,0,1,0,1,0,0,16,1,1,1,1,0,0          0
E7_B_stall,3506,1,0,0,0,0,0,0,0,1,0,0,0,1,0,1,0,0,16,1,1,1,1,0,0          0
E7_B_stall,3507,1,0,0,0,0,0,0,0,1,0,0,0,1,0,1,0,0,16,1,1,1,1,0,0          0
E7_B_stall,3508,1,0,0,0,0,0,0,0,1,0,0,0,1,0,1,0,0,16,1,1,1,1,0,0          0
E7_B_stall,3509,1,0,0,0,0,0,0,0,1,0,0,0,1,0,1,0,0,16,1,1,1,1,0,0          0
E7_B_stall,3510,1,0,0,0,0,0,0,0,1,0,0,0,1,0,1,0,0,16,1,1,1,1,0,0          0
E7_B_stall,3511,1,0,0,0,0,0,0,0,1,0,0,0,1,0,1,0,0,16,1,1,1,1,0,0          0
E7_B_stall,3512,1,0,0,0,0,0,0,0,1,0,0,0,1,0,1,0,0,16,1,1,1,1,0,0          0
E7_B_stall,3513,1,0,0,0,0,0,0,0,1,0,0,0,1,0,1,0,0,16,1,1,1,1,0,0          0
E7_B_stall,3514,1,0,0,0,0,0,0,0,1,0,0,0,1,0,1,0,0,16,1,1,1,1,0,0          0
E7_B_stall,3515,1,0,0,0,0,0,0,0,1,0,0,0,1,0,1,0,0,16,1,1,1,1,0,0          0
E7_B_stall,3516,1,0,0,0,0,0,0,0,1,0,0,0,1,0,1,0,0,16,1,1,1,1,0,0          0
E7_B_stall,3517,1,0,0,0,0,0,0,0,1,0,0,0,1,0,1,0,0,16,1,1,1,1,0,0          0
E7_B_stall,3518,1,0,0,0,0,0,0,0,1,0,0,0,1,0,1,0,0,16,1,1,1,1,0,0          0
E7_B_stall,3519,1,0,0,0,0,0,0,0,1,0,0,0,1,0,1,0,0,16,1,1,1,1,0,0          0
E7_B_stall,3520,1,0,0,0,0,0,0,0,1,0,0,0,1,0,1,0,0,16,1,1,1,1,0,0          0
E7_B_stall,3521,1,0,0,0,0,0,0,0,1,0,0,0,1,0,1,0,0,16,1,1,1,1,0,0          0
E7_B_stall,3522,1,0,0,0,0,0,0,0,1,0,0,0,1,0,1,0,0,16,1,1,1,1,0,0          0
E7_B_stall,3523,1,0,0,0,0,0,0,0,1,0,0,0,1,0,1,0,0,16,1,1,1,1,0,0          0
E7_B_stall,3524,1,0,0,0,0,0,0,0,1,0,0,0,1,0,1,0,0,16,1,1,1,1,0,0          0
E7_B_stall,3525,1,0,0,0,0,0,0,0,1,0,0,0,1,0,1,0,0,16,1,1,1,1,0,0          0
E7_B_stall,3526,1,0,0,0,0,0,0,0,1,0,0,0,1,0,1,0,0,16,1,1,1,1,0,0          0
E7_B_stall,3527,1,0,0,0,0,0,0,0,1,0,0,0,1,0,1,0,0,16,1,1,1,1,0,0          0
E7_B_stall,3528,1,0,0,0,0,0,0,0,1,0,0,0,1,0,1,0,0,16,1,1,1,1,0,0          0
E7_B_stall,3529,1,0,0,0,0,0,0,0,1,0,0,0,1,0,1,0,0,16,1,1,1,1,0,0          0
E7_B_stall,3530,1,0,0,0,0,0,0,0,1,0,0,0,1,0,1,0,0,16,1,1,1,1,0,0          0
E7_B_stall,3531,1,0,0,0,0,0,0,0,1,0,0,0,1,0,1,0,0,16,1,1,1,1,0,0          0
E7_B_stall,3532,1,0,0,0,0,0,0,0,1,0,0,0,1,0,1,0,0,16,1,1,1,1,0,0          0
E7_B_stall,3533,1,0,0,0,0,0,0,0,1,0,0,0,1,0,1,0,0,16,1,1,1,1,0,0          0
E7_B_stall,3534,1,0,0,0,0,0,0,0,1,0,0,0,1,0,1,0,0,16,1,1,1,1,0,0          0
E7_B_stall,3535,1,0,0,0,0,0,0,0,1,0,0,0,1,0,1,0,0,16,1,1,1,1,0,0          0
E7_B_stall,3536,1,0,0,0,0,0,0,0,1,0,0,0,1,0,1,0,0,16,1,1,1,1,0,0          0
E7_B_stall,3537,1,0,0,0,0,0,0,0,1,0,0,0,1,0,1,0,0,16,1,1,1,1,0,0          0
E7_B_stall,3538,1,0,0,0,0,0,0,0,1,0,0,0,1,0,1,0,0,16,1,1,1,1,0,0          0
E7_B_stall,3539,1,0,0,0,0,0,0,0,1,0,0,0,1,0,1,0,0,16,1,1,1,1,0,0          0
E7_B_stall,3540,1,0,0,0,0,0,0,0,1,0,0,0,1,0,1,0,0,16,1,1,1,1,0,0          0
E7_B_stall,3541,1,0,0,0,0,0,0,0,1,0,0,0,1,0,1,0,0,16,1,1,1,1,0,0          0
E7_B_stall,3542,1,0,0,0,0,0,0,0,1,0,0,0,1,0,1,0,0,16,1,1,1,1,0,0          0
E7_B_stall,3543,1,0,0,0,0,0,0,0,1,0,0,0,1,0,1,0,0,16,1,1,1,1,0,0          0
E7_B_stall,3544,1,0,0,0,0,0,0,0,1,0,0,0,1,0,1,0,0,16,1,1,1,1,0,0          0
E7_B_stall,3545,1,0,0,0,0,0,0,0,1,0,0,0,1,0,1,0,0,16,1,1,1,1,0,0          0
E7_B_stall,3546,1,0,0,0,0,0,0,0,1,0,0,0,1,0,1,0,0,16,1,1,1,1,0,0          0
E7_B_stall,3547,1,0,0,0,0,0,0,0,1,0,0,0,1,0,1,0,0,16,1,1,1,1,0,0          0
E7_B_stall,3548,1,0,0,0,0,0,0,0,1,0,0,0,1,0,1,0,0,16,1,1,1,1,0,0          0
E7_B_stall,3549,1,0,0,0,0,0,0,0,1,0,0,0,1,0,1,0,0,16,1,1,1,1,0,0          0
E7_B_stall,3550,1,0,0,0,0,0,0,0,1,0,0,0,1,0,1,0,0,16,1,1,1,1,0,0          0
E7_B_stall,3551,1,0,0,0,0,0,0,0,1,0,0,0,1,0,1,0,0,16,1,1,1,1,0,0          0
E7_B_stall,3552,1,0,0,0,0,0,0,0,1,0,0,0,1,0,1,0,0,16,1,1,1,1,0,0          0
E7_B_stall,3553,1,0,0,0,0,0,0,0,1,0,0,0,1,0,1,0,0,16,1,1,1,1,0,0          0
E7_B_stall,3554,1,0,0,0,0,0,0,0,1,0,0,0,1,0,1,0,0,16,1,1,1,1,0,0          0
E7_B_stall,3555,1,0,0,0,0,0,0,0,1,0,0,0,1,0,1,0,0,16,1,1,1,1,0,0          0
E7_B_stall,3556,1,0,0,0,0,0,0,0,1,0,0,0,1,0,1,0,0,16,1,1,1,1,0,0          0
E7_B_stall,3557,1,0,0,0,0,0,0,0,1,0,0,0,1,0,1,0,0,16,1,1,1,1,0,0          0
E7_B_stall,3558,1,0,0,0,0,0,0,0,1,0,0,0,1,0,1,0,0,16,1,1,1,1,0,0          0
E7_B_stall,3559,1,0,0,0,0,0,0,0,1,0,0,0,1,0,1,0,0,16,1,1,1,1,0,0          0
E7_B_stall,3560,1,0,0,0,0,0,0,0,1,0,0,0,1,0,1,0,0,16,1,1,1,1,0,0          0
E7_B_stall,3561,1,0,0,0,0,0,0,0,1,0,0,0,1,0,1,0,0,16,1,1,1,1,0,0          0
E7_B_stall,3562,1,0,0,0,0,0,0,0,1,0,0,0,1,0,1,0,0,16,1,1,1,1,0,0          0
E7_B_stall,3563,1,0,0,0,0,0,0,0,1,0,0,0,1,0,1,0,0,16,1,1,1,1,0,0          0
E7_B_stall,3564,1,0,0,0,0,0,0,0,1,0,0,0,1,0,1,0,0,16,1,1,1,1,0,0          0
E7_B_stall,3565,1,0,0,0,0,0,0,0,1,0,0,0,1,0,1,0,0,16,1,1,1,1,0,0          0
E7_B_stall,3566,1,0,0,0,0,0,0,0,1,0,0,0,1,0,1,0,0,16,1,1,1,1,0,0          0
E7_B_stall,3567,1,0,0,0,0,0,0,0,1,0,0,0,1,0,1,0,0,16,1,1,1,1,0,0          0
E7_B_stall,3568,1,0,0,0,0,0,0,0,1,0,0,0,1,0,1,0,0,16,1,1,1,1,0,0          0
E7_B_stall,3569,1,0,0,0,0,0,0,0,1,0,0,0,1,0,1,0,0,16,1,1,1,1,0,0          0
E7_B_stall,3570,1,0,0,0,0,0,0,0,1,0,0,0,1,0,1,0,0,16,1,1,1,1,0,0          0
E7_B_stall,3571,1,0,0,0,0,0,0,0,1,0,0,0,1,0,1,0,0,16,1,1,1,1,0,0          0
E7_B_stall,3572,1,0,0,0,0,0,0,0,1,0,0,0,1,0,1,0,0,16,1,1,1,1,0,0          0
E7_B_stall,3573,1,0,0,0,0,0,0,0,1,0,0,0,1,0,1,0,0,16,1,1,1,1,0,0          0
E7_B_stall,3574,1,0,0,0,0,0,0,0,1,0,0,0,1,0,1,0,0,16,1,1,1,1,0,0          0
E7_B_stall,3575,1,0,0,0,0,0,0,0,1,0,0,0,1,0,1,0,0,16,1,1,1,1,0,0          0
E7_B_stall,3576,1,0,0,0,0,0,0,0,1,0,0,0,1,0,1,0,0,16,1,1,1,1,0,0          0
E7_B_stall,3577,1,0,0,0,0,0,0,0,1,0,0,0,1,0,1,0,0,16,1,1,1,1,0,0          0
E7_B_stall,3578,1,0,0,0,0,0,0,0,1,0,0,0,1,0,1,0,0,16,1,1,1,1,0,0          0
E7_B_stall,3579,1,0,0,0,0,0,0,0,1,0,0,0,1,0,1,0,0,16,1,1,1,1,0,0          0
E7_B_stall,3580,1,0,0,0,0,0,0,0,1,0,0,0,1,0,1,0,0,16,1,1,1,1,0,0          0
E7_B_stall,3581,1,0,0,0,0,0,0,0,1,0,0,0,1,0,1,0,0,16,1,1,1,1,0,0          0
E7_B_stall,3582,1,0,0,0,0,0,0,0,1,0,0,0,1,0,1,0,0,16,1,1,1,1,0,0          0
E7_B_stall,3583,1,0,0,0,0,0,0,0,1,0,0,0,1,0,1,0,0,16,1,1,1,1,0,0          0
E7_B_stall,3584,1,0,0,0,0,0,0,0,1,0,0,0,1,0,1,0,0,16,1,1,1,1,0,0          0
E7_B_stall,3585,1,0,0,0,0,0,0,0,1,0,0,0,1,0,1,0,0,16,1,1,1,1,0,0          0
E7_B_stall,3586,1,0,0,0,0,0,0,0,1,0,0,0,1,0,1,0,0,16,1,1,1,1,0,0          0
E7_B_stall,3587,1,0,0,0,0,0,0,0,1,0,0,0,1,0,1,0,0,16,1,1,1,1,0,0          0
E7_B_stall,3588,1,0,0,0,0,0,0,0,1,0,0,0,1,0,1,0,0,16,1,1,1,1,0,0          0
E7_B_stall,3589,1,0,0,0,0,0,0,0,1,0,0,0,1,0,1,0,0,16,1,1,1,1,0,0          0
E7_B_stall,3590,1,0,0,0,0,0,0,0,1,0,0,0,1,0,1,0,0,16,1,1,1,1,0,0          0
E7_B_stall,3591,1,0,0,0,0,0,0,0,1,0,0,0,1,0,1,0,0,16,1,1,1,1,0,0          0
E7_B_stall,3592,1,0,0,0,0,0,0,0,1,0,0,0,1,0,1,0,0,16,1,1,1,1,0,0          0
E7_B_stall,3593,1,0,0,0,0,0,0,0,1,0,0,0,1,0,1,0,0,16,1,1,1,1,0,0          0
E7_B_stall,3594,1,0,0,0,0,0,0,0,1,0,0,0,1,0,1,0,0,16,1,1,1,1,0,0          0
E7_B_stall,3595,1,0,0,0,0,0,0,0,1,0,0,0,1,0,1,0,0,16,1,1,1,1,0,0          0
E7_B_stall,3596,1,0,0,0,0,0,0,0,1,0,0,0,1,0,1,0,0,16,1,1,1,1,0,0          0
E7_B_stall,3597,1,0,0,0,0,0,0,0,1,0,0,0,1,0,1,0,0,16,1,1,1,1,0,0          0
E7_B_stall,3598,1,0,0,0,0,0,0,0,1,0,0,0,1,0,1,0,0,16,1,1,1,1,0,0          0
E7_B_stall,3599,1,0,0,0,0,0,0,0,1,0,0,0,1,0,1,0,0,16,1,1,1,1,0,0          0
E7_B_stall,3600,1,0,0,0,0,0,0,0,1,0,0,0,1,0,1,0,0,16,1,1,1,1,0,0          0
E7_B_stall,3601,1,0,0,0,0,0,0,0,1,0,0,0,1,0,1,0,0,16,1,1,1,1,0,0          0
E7_B_stall,3602,1,0,0,0,0,0,0,0,1,0,0,0,1,0,1,0,0,16,1,1,1,1,0,0          0
E7_B_stall,3603,1,0,0,0,0,0,0,0,1,0,0,0,1,0,1,0,0,16,1,1,1,1,0,0          0
E7_B_stall,3604,1,0,0,0,0,0,0,0,1,0,0,0,1,0,1,0,0,16,1,1,1,1,0,0          0
E7_B_stall,3605,1,0,0,0,0,0,0,0,1,0,0,0,1,0,1,0,0,16,1,1,1,1,0,0          0
E7_B_stall,3606,1,0,0,0,0,0,0,0,1,0,0,0,1,0,1,0,0,16,1,1,1,1,0,0          0
E7_B_stall,3607,1,0,0,0,0,0,0,0,1,0,0,0,1,0,1,0,0,16,1,1,1,1,0,0          0
E7_B_stall,3608,1,0,0,0,0,0,0,0,1,0,0,0,1,0,1,0,0,16,1,1,1,1,0,0          0
E7_B_stall,3609,1,0,0,0,0,0,0,0,1,0,0,0,1,0,1,0,0,16,1,1,1,1,0,0          0
E7_B_stall,3610,1,0,0,0,0,0,0,0,1,0,0,0,1,0,1,0,0,16,1,1,1,1,0,0          0
E7_B_stall,3611,1,0,0,0,0,0,0,0,1,0,0,0,1,0,1,0,0,16,1,1,1,1,0,0          0
E7_B_stall,3612,1,0,0,0,0,0,0,0,1,0,0,0,1,0,1,0,0,16,1,1,1,1,0,0          0
E7_B_stall,3613,1,0,0,0,0,0,0,0,1,0,0,0,1,0,1,0,0,16,1,1,1,1,0,0          0
E7_B_stall,3614,1,0,0,0,0,0,0,0,1,0,0,0,1,0,1,0,0,16,1,1,1,1,0,0          0
E7_B_stall,3615,1,0,0,0,0,0,0,0,1,0,0,0,1,0,1,0,0,16,1,1,1,1,0,0          0
E7_B_stall,3616,1,0,0,0,0,0,0,0,1,0,0,0,1,0,1,0,0,16,1,1,1,1,0,0          0
E7_B_stall,3617,1,0,0,0,0,0,0,0,1,0,0,0,1,0,1,0,0,16,1,1,1,1,0,0          0
E7_B_stall,3618,1,0,0,0,0,0,0,0,1,0,0,0,1,0,1,0,0,16,1,1,1,1,0,0          0
E7_B_stall,3619,1,0,0,0,0,0,0,0,1,0,0,0,1,0,1,0,0,16,1,1,1,1,0,0          0
E7_B_stall,3620,1,0,0,0,0,0,0,0,1,0,0,0,1,0,1,0,0,16,1,1,1,1,0,0          0
E7_B_stall,3621,1,0,0,0,0,0,0,0,1,0,0,0,1,0,1,0,0,16,1,1,1,1,0,0          0
E7_B_stall,3622,1,0,0,0,0,0,0,0,1,0,0,0,1,0,1,0,0,16,1,1,1,1,0,0          0
E7_B_stall,3623,1,0,0,0,0,0,0,0,1,0,0,0,1,0,1,0,0,16,1,1,1,1,0,0          0
E7_B_stall,3624,1,0,0,0,0,0,0,0,1,0,0,0,1,0,1,0,0,16,1,1,1,1,0,0          0
E7_B_stall,3625,1,0,0,0,0,0,0,0,1,0,0,0,1,0,1,0,0,16,1,1,1,1,0,0          0
E7_B_stall,3626,1,0,0,0,0,0,0,0,1,0,0,0,1,0,1,0,0,16,1,1,1,1,0,0          0
E7_B_stall,3627,1,0,0,0,0,0,0,0,1,0,0,0,1,0,1,0,0,16,1,1,1,1,0,0          0
E7_B_stall,3628,1,0,0,0,0,0,0,0,1,0,0,0,1,0,1,0,0,16,1,1,1,1,0,0          0
E7_B_stall,3629,1,0,0,0,0,0,0,0,1,0,0,0,1,0,1,0,0,16,1,1,1,1,0,0          0
E7_B_stall,3630,1,0,0,0,0,0,0,0,1,0,0,0,1,0,1,0,0,16,1,1,1,1,0,0          0
E7_B_stall,3631,1,0,0,0,0,0,0,0,1,0,0,0,1,0,1,0,0,16,1,1,1,1,0,0          0
E7_B_stall,3632,1,0,0,0,0,0,0,0,1,0,0,0,1,0,1,0,0,16,1,1,1,1,0,0          0
E7_B_stall,3633,1,0,0,0,0,0,0,0,1,0,0,0,1,0,1,0,0,16,1,1,1,1,0,0          0
E7_B_stall,3634,1,0,0,0,0,0,0,0,1,0,0,0,1,0,1,0,0,16,1,1,1,1,0,0          0
E7_B_stall,3635,1,0,0,0,0,0,0,0,1,0,0,0,1,0,1,0,0,16,1,1,1,1,0,0          0
E7_B_stall,3636,1,0,0,0,0,0,0,0,1,0,0,0,1,0,1,0,0,16,1,1,1,1,0,0          0
E7_B_stall,3637,1,0,0,0,0,0,0,0,1,0,0,0,1,0,1,0,0,16,1,1,1,1,0,0          0
E7_B_stall,3638,1,0,0,0,0,0,0,0,1,0,0,0,1,0,1,0,0,16,1,1,1,1,0,0          0
E7_B_stall,3639,1,0,0,0,0,0,0,0,1,0,0,0,1,0,1,0,0,16,1,1,1,1,0,0          0
E7_B_stall,3640,1,0,0,0,0,0,0,0,1,0,0,0,1,0,1,0,0,16,1,1,1,1,0,0          0
E7_B_stall,3641,1,0,0,0,0,0,0,0,1,0,0,0,1,0,1,0,0,16,1,1,1,1,0,0          0
E7_B_stall,3642,1,0,0,0,0,0,0,0,1,0,0,0,1,0,1,0,0,16,1,1,1,1,0,0          0
E7_B_stall,3643,1,0,0,0,0,0,0,0,1,0,0,0,1,0,1,0,0,16,1,1,1,1,0,0          0
E7_B_stall,3644,1,0,0,0,0,0,0,0,1,0,0,0,1,0,1,0,0,16,1,1,1,1,0,0          0
E7_B_stall,3645,1,0,0,0,0,0,0,0,1,0,0,0,1,0,1,0,0,16,1,1,1,1,0,0          0
E7_B_stall,3646,1,0,0,0,0,0,0,0,1,0,0,0,1,0,1,0,0,16,1,1,1,1,0,0          0
E7_B_stall,3647,1,0,0,0,0,0,0,0,1,0,0,0,1,0,1,0,0,16,1,1,1,1,0,0          0
E7_B_stall,3648,1,0,0,0,0,0,0,0,1,0,0,0,1,0,1,0,0,16,1,1,1,1,0,0          0
E7_B_stall,3649,1,0,0,0,0,0,0,0,1,0,0,0,1,0,1,0,0,16,1,1,1,1,0,0          0
E7_B_stall,3650,1,0,0,0,0,0,0,0,1,0,0,0,1,0,1,0,0,16,1,1,1,1,0,0          0
E7_B_stall,3651,1,0,0,0,0,0,0,0,1,0,0,0,1,0,1,0,0,16,1,1,1,1,0,0          0
E7_B_stall,3652,1,0,0,0,0,0,0,0,1,0,0,0,1,0,1,0,0,16,1,1,1,1,0,0          0
E7_B_stall,3653,1,0,0,0,0,0,0,0,1,0,0,0,1,0,1,0,0,16,1,1,1,1,0,0          0
E7_B_stall,3654,1,0,0,0,0,0,0,0,1,0,0,0,1,0,1,0,0,16,1,1,1,1,0,0          0
E7_B_stall,3655,1,0,0,0,0,0,0,0,1,0,0,0,1,0,1,0,0,16,1,1,1,1,0,0          0
E7_B_stall,3656,1,0,0,0,0,0,0,0,1,0,0,0,1,0,1,0,0,16,1,1,1,1,0,0          0
E7_B_stall,3657,1,0,0,0,0,0,0,0,1,0,0,0,1,0,1,0,0,16,1,1,1,1,0,0          0
E7_B_stall,3658,1,0,0,0,0,0,0,0,1,0,0,0,1,0,1,0,0,16,1,1,1,1,0,0          0
E7_B_stall,3659,1,0,0,0,0,0,0,0,1,0,0,0,1,0,1,0,0,16,1,1,1,1,0,0          0
E7_B_stall,3660,1,0,0,0,0,0,0,0,1,0,0,0,1,0,1,0,0,16,1,1,1,1,0,0          0
E7_B_stall,3661,1,0,0,0,0,0,0,0,1,0,0,0,1,0,1,0,0,16,1,1,1,1,0,0          0
E7_B_stall,3662,1,0,0,0,0,0,0,0,1,0,0,0,1,0,1,0,0,16,1,1,1,1,0,0          0
E7_B_stall,3663,1,0,0,0,0,0,0,0,1,0,0,0,1,0,1,0,0,16,1,1,1,1,0,0          0
E7_B_stall,3664,1,0,0,0,0,0,0,0,1,0,0,0,1,0,1,0,0,16,1,1,1,1,0,0          0
E7_B_stall,3665,1,0,0,0,0,0,0,0,1,0,0,0,1,0,1,0,0,16,1,1,1,1,0,0          0
E7_B_stall,3666,1,0,0,0,0,0,0,0,1,0,0,0,1,0,1,0,0,16,1,1,1,1,0,0          0
E7_B_stall,3667,1,0,0,0,0,0,0,0,1,0,0,0,1,0,1,0,0,16,1,1,1,1,0,0          0
E7_B_stall,3668,1,0,0,0,0,0,0,0,1,0,0,0,1,0,1,0,0,16,1,1,1,1,0,0          0
E7_B_stall,3669,1,0,0,0,0,0,0,0,1,0,0,0,1,0,1,0,0,16,1,1,1,1,0,0          0
E7_B_stall,3670,1,0,0,0,0,0,0,0,1,0,0,0,1,0,1,0,0,16,1,1,1,1,0,0          0
E7_B_stall,3671,1,0,0,0,0,0,0,0,1,0,0,0,1,0,1,0,0,16,1,1,1,1,0,0          0
E7_B_stall,3672,1,0,0,0,0,0,0,0,1,0,0,0,1,0,1,0,0,16,1,1,1,1,0,0          0
E7_B_stall,3673,1,0,0,0,0,0,0,0,1,0,0,0,1,0,1,0,0,16,1,1,1,1,0,0          0
E7_B_stall,3674,1,0,0,0,0,0,0,0,1,0,0,0,1,0,1,0,0,16,1,1,1,1,0,0          0
E7_B_stall,3675,1,0,0,0,0,0,0,0,1,0,0,0,1,0,1,0,0,16,1,1,1,1,0,0          0
E7_B_stall,3676,1,0,0,0,0,0,0,0,1,0,0,0,1,0,1,0,0,16,1,1,1,1,0,0          0
E7_B_stall,3677,1,0,0,0,0,0,0,0,1,0,0,0,1,0,1,0,0,16,1,1,1,1,0,0          0
E7_B_stall,3678,1,0,0,0,0,0,0,0,1,0,0,0,1,0,1,0,0,16,1,1,1,1,0,0          0
E7_B_stall,3679,1,0,0,0,0,0,0,0,1,0,0,0,1,0,1,0,0,16,1,1,1,1,0,0          0
E7_B_stall,3680,1,0,0,0,0,0,0,0,1,0,0,0,1,0,1,0,0,16,1,1,1,1,0,0          0
E7_B_stall,3681,1,0,0,0,0,0,0,0,1,0,0,0,1,0,1,0,0,16,1,1,1,1,0,0          0
E7_B_stall,3682,1,0,0,0,0,0,0,0,1,0,0,0,1,0,1,0,0,16,1,1,1,1,0,0          0
E7_B_stall,3683,1,0,0,0,0,0,0,0,1,0,0,0,1,0,1,0,0,16,1,1,1,1,0,0          0
E7_B_stall,3684,1,0,0,0,0,0,0,0,1,0,0,0,1,0,1,0,0,16,1,1,1,1,0,0          0
E7_B_stall,3685,1,0,0,0,0,0,0,0,1,0,0,0,1,0,1,0,0,16,1,1,1,1,0,0          0
E7_B_stall,3686,1,0,0,0,0,0,0,0,1,0,0,0,1,0,1,0,0,16,1,1,1,1,0,0          0
E7_B_stall,3687,1,0,0,0,0,0,0,0,1,0,0,0,1,0,1,0,0,16,1,1,1,1,0,0          0
E7_B_stall,3688,1,0,0,0,0,0,0,0,1,0,0,0,1,0,1,0,0,16,1,1,1,1,0,0          0
E7_B_stall,3689,1,0,0,0,0,0,0,0,1,0,0,0,1,0,1,0,0,16,1,1,1,1,0,0          0
E7_B_stall,3690,1,0,0,0,0,0,0,0,1,0,0,0,1,0,1,0,0,16,1,1,1,1,0,0          0
E7_B_stall,3691,1,0,0,0,0,0,0,0,1,0,0,0,1,0,1,0,0,16,1,1,1,1,0,0          0
E7_B_stall,3692,1,0,0,0,0,0,0,0,1,0,0,0,1,0,1,0,0,16,1,1,1,1,0,0          0
E7_B_stall,3693,1,0,0,0,0,0,0,0,1,0,0,0,1,0,1,0,0,16,1,1,1,1,0,0          0
E7_B_stall,3694,1,0,0,0,0,0,0,0,1,0,0,0,1,0,1,0,0,16,1,1,1,1,0,0          0
E7_B_stall,3695,1,0,0,0,0,0,0,0,1,0,0,0,1,0,1,0,0,16,1,1,1,1,0,0          0
E7_B_stall,3696,1,0,0,0,0,0,0,0,1,0,0,0,1,0,1,0,0,16,1,1,1,1,0,0          0
E7_B_stall,3697,1,0,0,0,0,0,0,0,1,0,0,0,1,0,1,0,0,16,1,1,1,1,0,0          0
E7_B_stall,3698,1,0,0,0,0,0,0,0,1,0,0,0,1,0,1,0,0,16,1,1,1,1,0,0          0
E7_B_stall,3699,1,0,0,0,0,0,0,0,1,0,0,0,1,0,1,0,0,16,1,1,1,1,0,0          0
E7_B_stall,3700,1,0,0,0,0,0,0,0,1,0,0,0,1,0,1,0,0,16,1,1,1,1,0,0          0
E7_B_stall,3701,1,0,0,0,0,0,0,0,1,0,0,0,1,0,1,0,0,16,1,1,1,1,0,0          0
E7_B_stall,3702,1,0,0,0,0,0,0,0,1,0,0,0,1,0,1,0,0,16,1,1,1,1,0,0          0
E7_B_stall,3703,1,0,0,0,0,0,0,0,1,0,0,0,1,0,1,0,0,16,1,1,1,1,0,0          0
E7_B_stall,3704,1,0,0,0,0,0,0,0,1,0,0,0,1,0,1,0,0,16,1,1,1,1,0,0          0
E7_B_stall,3705,1,0,0,0,0,0,0,0,1,0,0,0,1,0,1,0,0,16,1,1,1,1,0,0          0
E7_B_stall,3706,1,0,0,0,0,0,0,0,1,0,0,0,1,0,1,0,0,16,1,1,1,1,0,0          0
E7_B_stall,3707,1,0,0,0,0,0,0,0,1,0,0,0,1,0,1,0,0,16,1,1,1,1,0,0          0
E7_B_stall,3708,1,0,0,0,0,0,0,0,1,0,0,0,1,0,1,0,0,16,1,1,1,1,0,0          0
E7_B_stall,3709,1,0,0,0,0,0,0,0,1,0,0,0,1,0,1,0,0,16,1,1,1,1,0,0          0
E7_B_stall,3710,1,0,0,0,0,0,0,0,1,0,0,0,1,0,1,0,0,16,1,1,1,1,0,0          0
E7_B_stall,3711,1,0,0,0,0,0,0,0,1,0,0,0,1,0,1,0,0,16,1,1,1,1,0,0          0
E7_B_stall,3712,1,0,0,0,0,0,0,0,1,0,0,0,1,0,1,0,0,16,1,1,1,1,0,0          0
E7_B_stall,3713,1,0,0,0,0,0,0,0,1,0,0,0,1,0,1,0,0,16,1,1,1,1,0,0          0
E7_B_stall,3714,1,0,0,0,0,0,0,0,1,0,0,0,1,0,1,0,0,16,1,1,1,1,0,0          0
E7_B_stall,3715,1,0,0,0,0,0,0,0,1,0,0,0,1,0,1,0,0,16,1,1,1,1,0,0          0
E7_B_stall,3716,1,0,0,0,0,0,0,0,1,0,0,0,1,0,1,0,0,16,1,1,1,1,0,0          0
E7_B_stall,3717,1,0,0,0,0,0,0,0,1,0,0,0,1,0,1,0,0,16,1,1,1,1,0,0          0
E7_B_stall,3718,1,0,0,0,0,0,0,0,1,0,0,0,1,0,1,0,0,16,1,1,1,1,0,0          0
E7_B_stall,3719,1,0,0,0,0,0,0,0,1,0,0,0,1,0,1,0,0,16,1,1,1,1,0,0          0
E7_B_stall,3720,1,0,0,0,0,0,0,0,1,0,0,0,1,0,1,0,0,16,1,1,1,1,0,0          0
E7_B_stall,3721,1,0,0,0,0,0,0,0,1,0,0,0,1,0,1,0,0,16,1,1,1,1,0,0          0
E7_B_stall,3722,1,0,0,0,0,0,0,0,1,0,0,0,1,0,1,0,0,16,1,1,1,1,0,0          0
E7_B_stall,3723,1,0,0,0,0,0,0,0,1,0,0,0,1,0,1,0,0,16,1,1,1,1,0,0          0
E7_B_stall,3724,1,0,0,0,0,0,0,0,1,0,0,0,1,0,1,0,0,16,1,1,1,1,0,0          0
E7_B_stall,3725,1,0,0,0,0,0,0,0,1,0,0,0,1,0,1,0,0,16,1,1,1,1,0,0          0
E7_B_stall,3726,1,0,0,0,0,0,0,0,1,0,0,0,1,0,1,0,0,16,1,1,1,1,0,0          0
E7_B_stall,3727,1,0,0,0,0,0,0,0,1,0,0,0,1,0,1,0,0,16,1,1,1,1,0,0          0
E7_B_stall,3728,1,0,0,0,0,0,0,0,1,0,0,0,1,0,1,0,0,16,1,1,1,1,0,0          0
E7_B_stall,3729,1,0,0,0,0,0,0,0,1,0,0,0,1,0,1,0,0,16,1,1,1,1,0,0          0
E7_B_stall,3730,1,0,0,0,0,0,0,0,1,0,0,0,1,0,1,0,0,16,1,1,1,1,0,0          0
E7_B_stall,3731,1,0,0,0,0,0,0,0,1,0,0,0,1,0,1,0,0,16,1,1,1,1,0,0          0
E7_B_stall,3732,1,0,0,0,0,0,0,0,1,0,0,0,1,0,1,0,0,16,1,1,1,1,0,0          0
E7_B_stall,3733,1,0,0,0,0,0,0,0,1,0,0,0,1,0,1,0,0,16,1,1,1,1,0,0          0
E7_B_stall,3734,1,0,0,0,0,0,0,0,1,0,0,0,1,0,1,0,0,16,1,1,1,1,0,0          0
E7_B_stall,3735,1,0,0,0,0,0,0,0,1,0,0,0,1,0,1,0,0,16,1,1,1,1,0,0          0
E7_B_stall,3736,1,0,0,0,0,0,0,0,1,0,0,0,1,0,1,0,0,16,1,1,1,1,0,0          0
E7_B_stall,3737,1,0,0,0,0,0,0,0,1,0,0,0,1,0,1,0,0,16,1,1,1,1,0,0          0
E7_B_stall,3738,1,0,0,0,0,0,0,0,1,0,0,0,1,0,1,0,0,16,1,1,1,1,0,0          0
E7_B_stall,3739,1,0,0,0,0,0,0,0,1,0,0,0,1,0,1,0,0,16,1,1,1,1,0,0          0
E7_B_stall,3740,1,0,0,0,0,0,0,0,1,0,0,0,1,0,1,0,0,16,1,1,1,1,0,0          0
E7_B_stall,3741,1,0,0,0,0,0,0,0,1,0,0,0,1,0,1,0,0,16,1,1,1,1,0,0          0
E7_B_stall,3742,1,0,0,0,0,0,0,0,1,0,0,0,1,0,1,0,0,16,1,1,1,1,0,0          0
E7_B_stall,3743,1,0,0,0,0,0,0,0,1,0,0,0,1,0,1,0,0,16,1,1,1,1,0,0          0
E7_B_stall,3744,1,0,0,0,0,0,0,0,1,0,0,0,1,0,1,0,0,16,1,1,1,1,0,0          0
E7_B_stall,3745,1,0,0,0,0,0,0,0,1,0,0,0,1,0,1,0,0,16,1,1,1,1,0,0          0
E7_B_stall,3746,1,0,0,0,0,0,0,0,1,0,0,0,1,0,1,0,0,16,1,1,1,1,0,0          0
E7_B_stall,3747,1,0,0,0,0,0,0,0,1,0,0,0,1,0,1,0,0,16,1,1,1,1,0,0          0
E7_B_stall,3748,1,0,0,0,0,0,0,0,1,0,0,0,1,0,1,0,0,16,1,1,1,1,0,0          0
E7_B_stall,3749,1,0,0,0,0,0,0,0,1,0,0,0,1,0,1,0,0,16,1,1,1,1,0,0          0
E7_B_stall,3750,1,0,0,0,0,0,0,0,1,0,0,0,1,0,1,0,0,16,1,1,1,1,0,0          0
E7_B_stall,3751,1,0,0,0,0,0,0,0,1,0,0,0,1,0,1,0,0,16,1,1,1,1,0,0          0
E7_B_stall,3752,1,0,0,0,0,0,0,0,1,0,0,0,1,0,1,0,0,16,1,1,1,1,0,0          0
E7_B_stall,3753,1,0,0,0,0,0,0,0,1,0,0,0,1,0,1,0,0,16,1,1,1,1,0,0          0
E7_B_stall,3754,1,0,0,0,0,0,0,0,1,0,0,0,1,0,1,0,0,16,1,1,1,1,0,0          0
E7_B_stall,3755,1,0,0,0,0,0,0,0,1,0,0,0,1,0,1,0,0,16,1,1,1,1,0,0          0
E7_B_stall,3756,1,0,0,0,0,0,0,0,1,0,0,0,1,0,1,0,0,16,1,1,1,1,0,0          0
E7_B_stall,3757,1,0,0,0,0,0,0,0,1,0,0,0,1,0,1,0,0,16,1,1,1,1,0,0          0
E7_B_stall,3758,1,0,0,0,0,0,0,0,1,0,0,0,1,0,1,0,0,16,1,1,1,1,0,0          0
E7_B_stall,3759,1,0,0,0,0,0,0,0,1,0,0,0,1,0,1,0,0,16,1,1,1,1,0,0          0
E7_B_stall,3760,1,0,0,0,0,0,0,0,1,0,0,0,1,0,1,0,0,16,1,1,1,1,0,0          0
E7_B_stall,3761,1,0,0,0,0,0,0,0,1,0,0,0,1,0,1,0,0,16,1,1,1,1,0,0          0
E7_B_stall,3762,1,0,0,0,0,0,0,0,1,0,0,0,1,0,1,0,0,16,1,1,1,1,0,0          0
E7_B_stall,3763,1,0,0,0,0,0,0,0,1,0,0,0,1,0,1,0,0,16,1,1,1,1,0,0          0
E7_B_stall,3764,1,0,0,0,0,0,0,0,1,0,0,0,1,0,1,0,0,16,1,1,1,1,0,0          0
E7_B_stall,3765,1,0,0,0,0,0,0,0,1,0,0,0,1,0,1,0,0,16,1,1,1,1,0,0          0
E7_B_stall,3766,1,0,0,0,0,0,0,0,1,0,0,0,1,0,1,0,0,16,1,1,1,1,0,0          0
E7_B_stall,3767,1,0,0,0,0,0,0,0,1,0,0,0,1,0,1,0,0,16,1,1,1,1,0,0          0
E7_B_stall,3768,1,0,0,0,0,0,0,0,1,0,0,0,1,0,1,0,0,16,1,1,1,1,0,0          0
E7_B_stall,3769,1,0,0,0,0,0,0,0,1,0,0,0,1,0,1,0,0,16,1,1,1,1,0,0          0
E7_B_stall,3770,1,0,0,0,0,0,0,0,1,0,0,0,1,0,1,0,0,16,1,1,1,1,0,0          0
E7_B_stall,3771,1,0,0,0,0,0,0,0,1,0,0,0,1,0,1,0,0,16,1,1,1,1,0,0          0
E7_B_stall,3772,1,0,0,0,0,0,0,0,1,0,0,0,1,0,1,0,0,16,1,1,1,1,0,0          0
E7_B_stall,3773,1,0,0,0,0,0,0,0,1,0,0,0,1,0,1,0,0,16,1,1,1,1,0,0          0
E7_B_stall,3774,1,0,0,0,0,0,0,0,1,0,0,0,1,0,1,0,0,16,1,1,1,1,0,0          0
E7_B_stall,3775,1,0,0,0,0,0,0,0,1,0,0,0,1,0,1,0,0,16,1,1,1,1,0,0          0
E7_B_stall,3776,1,0,0,0,0,0,0,0,1,0,0,0,1,0,1,0,0,16,1,1,1,1,0,0          0
E7_B_stall,3777,1,0,0,0,0,0,0,0,1,0,0,0,1,0,1,0,0,16,1,1,1,1,0,0          0
E7_B_stall,3778,1,0,0,0,0,0,0,0,1,0,0,0,1,0,1,0,0,16,1,1,1,1,0,0          0
E7_B_stall,3779,1,0,0,0,0,0,0,0,1,0,0,0,1,0,1,0,0,16,1,1,1,1,0,0          0
E7_B_stall,3780,1,0,0,0,0,0,0,0,1,0,0,0,1,0,1,0,0,16,1,1,1,1,0,0          0
E7_B_stall,3781,1,0,0,0,0,0,0,0,1,0,0,0,1,0,1,0,0,16,1,1,1,1,0,0          0
E7_B_stall,3782,1,0,0,0,0,0,0,0,1,0,0,0,1,0,1,0,0,16,1,1,1,1,0,0          0
E7_B_stall,3783,1,0,0,0,0,0,0,0,1,0,0,0,1,0,1,0,0,16,1,1,1,1,0,0          0
E7_B_stall,3784,1,0,0,0,0,0,0,0,1,0,0,0,1,0,1,0,0,16,1,1,1,1,0,0          0
E7_B_stall,3785,1,0,0,0,0,0,0,0,1,0,0,0,1,0,1,0,0,16,1,1,1,1,0,0          0
E7_B_stall,3786,1,0,0,0,0,0,0,0,1,0,0,0,1,0,1,0,0,16,1,1,1,1,0,0          0
E7_B_stall,3787,1,0,0,0,0,0,0,0,1,0,0,0,1,0,1,0,0,16,1,1,1,1,0,0          0
E7_B_stall,3788,1,0,0,0,0,0,0,0,1,0,0,0,1,0,1,0,0,16,1,1,1,1,0,0          0
E7_B_stall,3789,1,0,0,0,0,0,0,0,1,0,0,0,1,0,1,0,0,16,1,1,1,1,0,0          0
E7_B_stall,3790,1,0,0,0,0,0,0,0,1,0,0,0,1,0,1,0,0,16,1,1,1,1,0,0          0
E7_B_stall,3791,1,0,0,0,0,0,0,0,1,0,0,0,1,0,1,0,0,16,1,1,1,1,0,0          0
E7_B_stall,3792,1,0,0,0,0,0,0,0,1,0,0,0,1,0,1,0,0,16,1,1,1,1,0,0          0
E7_B_stall,3793,1,0,0,0,0,0,0,0,1,0,0,0,1,0,1,0,0,16,1,1,1,1,0,0          0
E7_B_stall,3794,1,0,0,0,0,0,0,0,1,0,0,0,1,0,1,0,0,16,1,1,1,1,0,0          0
E7_B_stall,3795,1,0,0,0,0,0,0,0,1,0,0,0,1,0,1,0,0,16,1,1,1,1,0,0          0
E7_B_stall,3796,1,0,0,0,0,0,0,0,1,0,0,0,1,0,1,0,0,16,1,1,1,1,0,0          0
E7_B_stall,3797,1,0,0,0,0,0,0,0,1,0,0,0,1,0,1,0,0,16,1,1,1,1,0,0          0
E7_B_stall,3798,1,0,0,0,0,0,0,0,1,0,0,0,1,0,1,0,0,16,1,1,1,1,0,0          0
E7_B_stall,3799,1,0,0,0,0,0,0,0,1,0,0,0,1,0,1,0,0,16,1,1,1,1,0,0          0
E7_B_stall,3800,1,0,0,0,0,0,0,0,1,0,0,0,1,0,1,0,0,16,1,1,1,1,0,0          0
E7_B_stall,3801,1,0,0,0,0,0,0,0,1,0,0,0,1,0,1,0,0,16,1,1,1,1,0,0          0
E7_B_stall,3802,1,0,0,0,0,0,0,0,1,0,0,0,1,0,1,0,0,16,1,1,1,1,0,0          0
E7_B_stall,3803,1,0,0,0,0,0,0,0,1,0,0,0,1,0,1,0,0,16,1,1,1,1,0,0          0
E7_B_stall,3804,1,0,0,0,0,0,0,0,1,0,0,0,1,0,1,0,0,16,1,1,1,1,0,0          0
E7_B_stall,3805,1,0,0,0,0,0,0,0,1,0,0,0,1,0,1,0,0,16,1,1,1,1,0,0          0
E7_B_stall,3806,1,0,0,0,0,0,0,0,1,0,0,0,1,0,1,0,0,16,1,1,1,1,0,0          0
E7_B_stall,3807,1,0,0,0,0,0,0,0,1,0,0,0,1,0,1,0,0,16,1,1,1,1,0,0          0
E7_B_stall,3808,1,0,0,0,0,0,0,0,1,0,0,0,1,0,1,0,0,16,1,1,1,1,0,0          0
E7_B_stall,3809,1,0,0,0,0,0,0,0,1,0,0,0,1,0,1,0,0,16,1,1,1,1,0,0          0
E7_B_stall,3810,1,0,0,0,0,0,0,0,1,0,0,0,1,0,1,0,0,16,1,1,1,1,0,0          0
E7_B_stall,3811,1,0,0,0,0,0,0,0,1,0,0,0,1,0,1,0,0,16,1,1,1,1,0,0          0
E7_B_stall,3812,1,0,0,0,0,0,0,0,1,0,0,0,1,0,1,0,0,16,1,1,1,1,0,0          0
E7_B_stall,3813,1,0,0,0,0,0,0,0,1,0,0,0,1,0,1,0,0,16,1,1,1,1,0,0          0
E7_B_stall,3814,1,0,0,0,0,0,0,0,1,0,0,0,1,0,1,0,0,16,1,1,1,1,0,0          0
E7_B_stall,3815,1,0,0,0,0,0,0,0,1,0,0,0,1,0,1,0,0,16,1,1,1,1,0,0          0
E7_B_stall,3816,1,0,0,0,0,0,0,0,1,0,0,0,1,0,1,0,0,16,1,1,1,1,0,0          0
E7_B_stall,3817,1,0,0,0,0,0,0,0,1,0,0,0,1,0,1,0,0,16,1,1,1,1,0,0          0
E7_B_stall,3818,1,0,0,0,0,0,0,0,1,0,0,0,1,0,1,0,0,16,1,1,1,1,0,0          0
E7_B_stall,3819,1,0,0,0,0,0,0,0,1,0,0,0,1,0,1,0,0,16,1,1,1,1,0,0          0
E7_B_stall,3820,1,0,0,0,0,0,0,0,1,0,0,0,1,0,1,0,0,16,1,1,1,1,0,0          0
E7_B_stall,3821,1,0,0,0,0,0,0,0,1,0,0,0,1,0,1,0,0,16,1,1,1,1,0,0          0
E7_B_stall,3822,1,0,0,0,0,0,0,0,1,0,0,0,1,0,1,0,0,16,1,1,1,1,0,0          0
E7_B_stall,3823,1,0,0,0,0,0,0,0,1,0,0,0,1,0,1,0,0,16,1,1,1,1,0,0          0
E7_B_stall,3824,1,0,0,0,0,0,0,0,1,0,0,0,1,0,1,0,0,16,1,1,1,1,0,0          0
E7_B_stall,3825,1,0,0,0,0,0,0,0,1,0,0,0,1,0,1,0,0,16,1,1,1,1,0,0          0
E7_B_stall,3826,1,0,0,0,0,0,0,0,1,0,0,0,1,0,1,0,0,16,1,1,1,1,0,0          0
E7_B_stall,3827,1,0,0,0,0,0,0,0,1,0,0,0,1,0,1,0,0,16,1,1,1,1,0,0          0
E7_B_stall,3828,1,0,0,0,0,0,0,0,1,0,0,0,1,0,1,0,0,16,1,1,1,1,0,0          0
E7_B_stall,3829,1,0,0,0,0,0,0,0,1,0,0,0,1,0,1,0,0,16,1,1,1,1,0,0          0
E7_B_stall,3830,1,0,0,0,0,0,0,0,1,0,0,0,1,0,1,0,0,16,1,1,1,1,0,0          0
E7_B_stall,3831,1,0,0,0,0,0,0,0,1,0,0,0,1,0,1,0,0,16,1,1,1,1,0,0          0
E7_B_stall,3832,1,0,0,0,0,0,0,0,1,0,0,0,1,0,1,0,0,16,1,1,1,1,0,0          0
E7_B_stall,3833,1,0,0,0,0,0,0,0,1,0,0,0,1,0,1,0,0,16,1,1,1,1,0,0          0
E7_B_stall,3834,1,0,0,0,0,0,0,0,1,0,0,0,1,0,1,0,0,16,1,1,1,1,0,0          0
E7_B_stall,3835,1,0,0,0,0,0,0,0,1,0,0,0,1,0,1,0,0,16,1,1,1,1,0,0          0
E7_B_stall,3836,1,0,0,0,0,0,0,0,1,0,0,0,1,0,1,0,0,16,1,1,1,1,0,0          0
E7_B_stall,3837,1,0,0,0,0,0,0,0,1,0,0,0,1,0,1,0,0,16,1,1,1,1,0,0          0
E7_B_stall,3838,1,0,0,0,0,0,0,0,1,0,0,0,1,0,1,0,0,16,1,1,1,1,0,0          0
E7_B_stall,3839,1,0,0,0,0,0,0,0,1,0,0,0,1,0,1,0,0,16,1,1,1,1,0,0          0
E7_B_stall,3840,1,0,0,0,0,0,0,0,1,0,0,0,1,0,1,0,0,16,1,1,1,1,0,0          0
E7_B_stall,3841,1,0,0,0,0,0,0,0,1,0,0,0,1,0,1,0,0,16,1,1,1,1,0,0          0
E7_B_stall,3842,1,0,0,0,0,0,0,0,1,0,0,0,1,0,1,0,0,16,1,1,1,1,0,0          0
E7_B_stall,3843,1,0,0,0,0,0,0,0,1,0,0,0,1,0,1,0,0,16,1,1,1,1,0,0          0
E7_B_stall,3844,1,0,0,0,0,0,0,0,1,0,0,0,1,0,1,0,0,16,1,1,1,1,0,0          0
E7_B_stall,3845,1,0,0,0,0,0,0,0,1,0,0,0,1,0,1,0,0,16,1,1,1,1,0,0          0
E7_B_stall,3846,1,0,0,0,0,0,0,0,1,0,0,0,1,0,1,0,0,16,1,1,1,1,0,0          0
E7_B_stall,3847,1,0,0,0,0,0,0,0,1,0,0,0,1,0,1,0,0,16,1,1,1,1,0,0          0
E7_B_stall,3848,1,0,0,0,0,0,0,0,1,0,0,0,1,0,1,0,0,16,1,1,1,1,0,0          0
E7_B_stall,3849,1,0,0,0,0,0,0,0,1,0,0,0,1,0,1,0,0,16,1,1,1,1,0,0          0
E7_B_stall,3850,1,0,0,0,0,0,0,0,1,0,0,0,1,0,1,0,0,16,1,1,1,1,0,0          0
E7_B_stall,3851,1,0,0,0,0,0,0,0,1,0,0,0,1,0,1,0,0,16,1,1,1,1,0,0          0
E7_B_stall,3852,1,0,0,0,0,0,0,0,1,0,0,0,1,0,1,0,0,16,1,1,1,1,0,0          0
E7_B_stall,3853,1,0,0,0,0,0,0,0,1,0,0,0,1,0,1,0,0,16,1,1,1,1,0,0          0
E7_B_stall,3854,1,0,0,0,0,0,0,0,1,0,0,0,1,0,1,0,0,16,1,1,1,1,0,0          0
E7_B_stall,3855,1,0,0,0,0,0,0,0,1,0,0,0,1,0,1,0,0,16,1,1,1,1,0,0          0
E7_B_stall,3856,1,0,0,0,0,0,0,0,1,0,0,0,1,0,1,0,0,16,1,1,1,1,0,0          0
E7_B_stall,3857,1,0,0,0,0,0,0,0,1,0,0,0,1,0,1,0,0,16,1,1,1,1,0,0          0
E7_B_stall,3858,1,0,0,0,0,0,0,0,1,0,0,0,1,0,1,0,0,16,1,1,1,1,0,0          0
E7_B_stall,3859,1,0,0,0,0,0,0,0,1,0,0,0,1,0,1,0,0,16,1,1,1,1,0,0          0
E7_B_stall,3860,1,0,0,0,0,0,0,0,1,0,0,0,1,0,1,0,0,16,1,1,1,1,0,0          0
E7_B_stall,3861,1,0,0,0,0,0,0,0,1,0,0,0,1,0,1,0,0,16,1,1,1,1,0,0          0
E7_B_stall,3862,1,0,0,0,0,0,0,0,1,0,0,0,1,0,1,0,0,16,1,1,1,1,0,0          0
E7_B_stall,3863,1,0,0,0,0,0,0,0,1,0,0,0,1,0,1,0,0,16,1,1,1,1,0,0          0
E7_B_stall,3864,1,0,0,0,0,0,0,0,1,0,0,0,1,0,1,0,0,16,1,1,1,1,0,0          0
E7_B_stall,3865,1,0,0,0,0,0,0,0,1,0,0,0,1,0,1,0,0,16,1,1,1,1,0,0          0
E7_B_stall,3866,1,0,0,0,0,0,0,0,1,0,0,0,1,0,1,0,0,16,1,1,1,1,0,0          0
E7_B_stall,3867,1,0,0,0,0,0,0,0,1,0,0,0,1,0,1,0,0,16,1,1,1,1,0,0          0
E7_B_stall,3868,1,0,0,0,0,0,0,0,1,0,0,0,1,0,1,0,0,16,1,1,1,1,0,0          0
E7_B_stall,3869,1,0,0,0,0,0,0,0,1,0,0,0,1,0,1,0,0,16,1,1,1,1,0,0          0
E7_B_stall,3870,1,0,0,0,0,0,0,0,1,0,0,0,1,0,1,0,0,16,1,1,1,1,0,0          0
E7_B_stall,3871,1,0,0,0,0,0,0,0,1,0,0,0,1,0,1,0,0,16,1,1,1,1,0,0          0
E7_B_stall,3872,1,0,0,0,0,0,0,0,1,0,0,0,1,0,1,0,0,16,1,1,1,1,0,0          0
E7_B_stall,3873,1,0,0,0,0,0,0,0,1,0,0,0,1,0,1,0,0,16,1,1,1,1,0,0          0
E7_B_stall,3874,1,0,0,0,0,0,0,0,1,0,0,0,1,0,1,0,0,16,1,1,1,1,0,0          0
E7_B_stall,3875,1,0,0,0,0,0,0,0,1,0,0,0,1,0,1,0,0,16,1,1,1,1,0,0          0
E7_B_stall,3876,1,0,0,0,0,0,0,0,1,0,0,0,1,0,1,0,0,16,1,1,1,1,0,0          0
E7_B_stall,3877,1,0,0,0,0,0,0,0,1,0,0,0,1,0,1,0,0,16,1,1,1,1,0,0          0
E7_B_stall,3878,1,0,0,0,0,0,0,0,1,0,0,0,1,0,1,0,0,16,1,1,1,1,0,0          0
E7_B_stall,3879,1,0,0,0,0,0,0,0,1,0,0,0,1,0,1,0,0,16,1,1,1,1,0,0          0
E7_B_stall,3880,1,0,0,0,0,0,0,0,1,0,0,0,1,0,1,0,0,16,1,1,1,1,0,0          0
E7_B_stall,3881,1,0,0,0,0,0,0,0,1,0,0,0,1,0,1,0,0,16,1,1,1,1,0,0          0
E7_B_stall,3882,1,0,0,0,0,0,0,0,1,0,0,0,1,0,1,0,0,16,1,1,1,1,0,0          0
E7_B_stall,3883,1,0,0,0,0,0,0,0,1,0,0,0,1,0,1,0,0,16,1,1,1,1,0,0          0
E7_B_stall,3884,1,0,0,0,0,0,0,0,1,0,0,0,1,0,1,0,0,16,1,1,1,1,0,0          0
E7_B_stall,3885,1,0,0,0,0,0,0,0,1,0,0,0,1,0,1,0,0,16,1,1,1,1,0,0          0
E7_B_stall,3886,1,0,0,0,0,0,0,0,1,0,0,0,1,0,1,0,0,16,1,1,1,1,0,0          0
E7_B_stall,3887,1,0,0,0,0,0,0,0,1,0,0,0,1,0,1,0,0,16,1,1,1,1,0,0          0
E7_B_stall,3888,1,0,0,0,0,0,0,0,1,0,0,0,1,0,1,0,0,16,1,1,1,1,0,0          0
E7_B_stall,3889,1,0,0,0,0,0,0,0,1,0,0,0,1,0,1,0,0,16,1,1,1,1,0,0          0
E7_B_stall,3890,1,0,0,0,0,0,0,0,1,0,0,0,1,0,1,0,0,16,1,1,1,1,0,0          0
E7_B_stall,3891,1,0,0,0,0,0,0,0,1,0,0,0,1,0,1,0,0,16,1,1,1,1,0,0          0
E7_B_stall,3892,1,0,0,0,0,0,0,0,1,0,0,0,1,0,1,0,0,16,1,1,1,1,0,0          0
E7_B_stall,3893,1,0,0,0,0,0,0,0,1,0,0,0,1,0,1,0,0,16,1,1,1,1,0,0          0
E7_B_stall,3894,1,0,0,0,0,0,0,0,1,0,0,0,1,0,1,0,0,16,1,1,1,1,0,0          0
E7_B_stall,3895,1,0,0,0,0,0,0,0,1,0,0,0,1,0,1,0,0,16,1,1,1,1,0,0          0
E7_B_stall,3896,1,0,0,0,0,0,0,0,1,0,0,0,1,0,1,0,0,16,1,1,1,1,0,0          0
E7_B_stall,3897,1,0,0,0,0,0,0,0,1,0,0,0,1,0,1,0,0,16,1,1,1,1,0,0          0
E7_B_stall,3898,1,0,0,0,0,0,0,0,1,0,0,0,1,0,1,0,0,16,1,1,1,1,0,0          0
E7_B_stall,3899,1,0,0,0,0,0,0,0,1,0,0,0,1,0,1,0,0,16,1,1,1,1,0,0          0
E7_B_stall,3900,1,0,0,0,0,0,0,0,1,0,0,0,1,0,1,0,0,16,1,1,1,1,0,0          0
E7_B_stall,3901,1,0,0,0,0,0,0,0,1,0,0,0,1,0,1,0,0,16,1,1,1,1,0,0          0
E7_B_stall,3902,1,0,0,0,0,0,0,0,1,0,0,0,1,0,1,0,0,16,1,1,1,1,0,0          0
E7_B_stall,3903,1,0,0,0,0,0,0,0,1,0,0,0,1,0,1,0,0,16,1,1,1,1,0,0          0
E7_B_stall,3904,1,0,0,0,0,0,0,0,1,0,0,0,1,0,1,0,0,16,1,1,1,1,0,0          0
E7_B_stall,3905,1,0,0,0,0,0,0,0,1,0,0,0,1,0,1,0,0,16,1,1,1,1,0,0          0
E7_B_stall,3906,1,0,0,0,0,0,0,0,1,0,0,0,1,0,1,0,0,16,1,1,1,1,0,0          0
E7_B_stall,3907,1,0,0,0,0,0,0,0,1,0,0,0,1,0,1,0,0,16,1,1,1,1,0,0          0
E7_B_stall,3908,1,0,0,0,0,0,0,0,1,0,0,0,1,0,1,0,0,16,1,1,1,1,0,0          0
E7_B_stall,3909,1,0,0,0,0,0,0,0,1,0,0,0,1,0,1,0,0,16,1,1,1,1,0,0          0
E7_B_stall,3910,1,0,0,0,0,0,0,0,1,0,0,0,1,0,1,0,0,16,1,1,1,1,0,0          0
E7_B_stall,3911,1,0,0,0,0,0,0,0,1,0,0,0,1,0,1,0,0,16,1,1,1,1,0,0          0
E7_B_stall,3912,1,0,0,0,0,0,0,0,1,0,0,0,1,0,1,0,0,16,1,1,1,1,0,0          0
E7_B_stall,3913,1,0,0,0,0,0,0,0,1,0,0,0,1,0,1,0,0,16,1,1,1,1,0,0          0
E7_B_stall,3914,1,0,0,0,0,0,0,0,1,0,0,0,1,0,1,0,0,16,1,1,1,1,0,0          0
E7_B_stall,3915,1,0,0,0,0,0,0,0,1,0,0,0,1,0,1,0,0,16,1,1,1,1,0,0          0
E7_B_stall,3916,1,0,0,0,0,0,0,0,1,0,0,0,1,0,1,0,0,16,1,1,1,1,0,0          0
E7_B_stall,3917,1,0,0,0,0,0,0,0,1,0,0,0,1,0,1,0,0,16,1,1,1,1,0,0          0
E7_B_stall,3918,1,0,0,0,0,0,0,0,1,0,0,0,1,0,1,0,0,16,1,1,1,1,0,0          0
E7_B_stall,3919,1,0,0,0,0,0,0,0,1,0,0,0,1,0,1,0,0,16,1,1,1,1,0,0          0
E7_B_stall,3920,1,0,0,0,0,0,0,0,1,0,0,0,1,0,1,0,0,16,1,1,1,1,0,0          0
E7_B_stall,3921,1,0,0,0,0,0,0,0,1,0,0,0,1,0,1,0,0,16,1,1,1,1,0,0          0
E7_B_stall,3922,1,0,0,0,0,0,0,0,1,0,0,0,1,0,1,0,0,16,1,1,1,1,0,0          0
E7_B_stall,3923,1,0,0,0,0,0,0,0,1,0,0,0,1,0,1,0,0,16,1,1,1,1,0,0          0
E7_B_stall,3924,1,0,0,0,0,0,0,0,1,0,0,0,1,0,1,0,0,16,1,1,1,1,0,0          0
E7_B_stall,3925,1,0,0,0,0,0,0,0,1,0,0,0,1,0,1,0,0,16,1,1,1,1,0,0          0
E7_B_stall,3926,1,0,0,0,0,0,0,0,1,0,0,0,1,0,1,0,0,16,1,1,1,1,0,0          0
E7_B_stall,3927,1,0,0,0,0,0,0,0,1,0,0,0,1,0,1,0,0,16,1,1,1,1,0,0          0
E7_B_stall,3928,1,0,0,0,0,0,0,0,1,0,0,0,1,0,1,0,0,16,1,1,1,1,0,0          0
E7_B_stall,3929,1,0,0,0,0,0,0,0,1,0,0,0,1,0,1,0,0,16,1,1,1,1,0,0          0
E7_B_stall,3930,1,0,0,0,0,0,0,0,1,0,0,0,1,0,1,0,0,16,1,1,1,1,0,0          0
E7_B_stall,3931,1,0,0,0,0,0,0,0,1,0,0,0,1,0,1,0,0,16,1,1,1,1,0,0          0
E7_B_stall,3932,1,0,0,0,0,0,0,0,1,0,0,0,1,0,1,0,0,16,1,1,1,1,0,0          0
E7_B_stall,3933,1,0,0,0,0,0,0,0,1,0,0,0,1,0,1,0,0,16,1,1,1,1,0,0          0
E7_B_stall,3934,1,0,0,0,0,0,0,0,1,0,0,0,1,0,1,0,0,16,1,1,1,1,0,0          0
E7_B_stall,3935,1,0,0,0,0,0,0,0,1,0,0,0,1,0,1,0,0,16,1,1,1,1,0,0          0
E7_B_stall,3936,1,0,0,0,0,0,0,0,1,0,0,0,1,0,1,0,0,16,1,1,1,1,0,0          0
E7_B_stall,3937,1,0,0,0,0,0,0,0,1,0,0,0,1,0,1,0,0,16,1,1,1,1,0,0          0
E7_B_stall,3938,1,0,0,0,0,0,0,0,1,0,0,0,1,0,1,0,0,16,1,1,1,1,0,0          0
E7_B_stall,3939,1,0,0,0,0,0,0,0,1,0,0,0,1,0,1,0,0,16,1,1,1,1,0,0          0
E7_B_stall,3940,1,0,0,0,0,0,0,0,1,0,0,0,1,0,1,0,0,16,1,1,1,1,0,0          0
E7_B_stall,3941,1,0,0,0,0,0,0,0,1,0,0,0,1,0,1,0,0,16,1,1,1,1,0,0          0
E7_B_stall,3942,1,0,0,0,0,0,0,0,1,0,0,0,1,0,1,0,0,16,1,1,1,1,0,0          0
E7_B_stall,3943,1,0,0,0,0,0,0,0,1,0,0,0,1,0,1,0,0,16,1,1,1,1,0,0          0
E7_B_stall,3944,1,0,0,0,0,0,0,0,1,0,0,0,1,0,1,0,0,16,1,1,1,1,0,0          0
E7_B_stall,3945,1,0,0,0,0,0,0,0,1,0,0,0,1,0,1,0,0,16,1,1,1,1,0,0          0
E7_B_stall,3946,1,0,0,0,0,0,0,0,1,0,0,0,1,0,1,0,0,16,1,1,1,1,0,0          0
E7_B_stall,3947,1,0,0,0,0,0,0,0,1,0,0,0,1,0,1,0,0,16,1,1,1,1,0,0          0
E7_B_stall,3948,1,0,0,0,0,0,0,0,1,0,0,0,1,0,1,0,0,16,1,1,1,1,0,0          0
E7_B_stall,3949,1,0,0,0,0,0,0,0,1,0,0,0,1,0,1,0,0,16,1,1,1,1,0,0          0
E7_B_stall,3950,1,0,0,0,0,0,0,0,1,0,0,0,1,0,1,0,0,16,1,1,1,1,0,0          0
E7_B_stall,3951,1,0,0,0,0,0,0,0,1,0,0,0,1,0,1,0,0,16,1,1,1,1,0,0          0
E7_B_stall,3952,1,0,0,0,0,0,0,0,1,0,0,0,1,0,1,0,0,16,1,1,1,1,0,0          0
E7_B_stall,3953,1,0,0,0,0,0,0,0,1,0,0,0,1,0,1,0,0,16,1,1,1,1,0,0          0
E7_B_stall,3954,1,0,0,0,0,0,0,0,1,0,0,0,1,0,1,0,0,16,1,1,1,1,0,0          0
E7_B_stall,3955,1,0,0,0,0,0,0,0,1,0,0,0,1,0,1,0,0,16,1,1,1,1,0,0          0
E7_B_stall,3956,1,0,0,0,0,0,0,0,1,0,0,0,1,0,1,0,0,16,1,1,1,1,0,0          0
E7_B_stall,3957,1,0,0,0,0,0,0,0,1,0,0,0,1,0,1,0,0,16,1,1,1,1,0,0          0
E7_B_stall,3958,1,0,0,0,0,0,0,0,1,0,0,0,1,0,1,0,0,16,1,1,1,1,0,0          0
E7_B_stall,3959,1,0,0,0,0,0,0,0,1,0,0,0,1,0,1,0,0,16,1,1,1,1,0,0          0
E7_B_stall,3960,1,0,0,0,0,0,0,0,1,0,0,0,1,0,1,0,0,16,1,1,1,1,0,0          0
E7_B_stall,3961,1,0,0,0,0,0,0,0,1,0,0,0,1,0,1,0,0,16,1,1,1,1,0,0          0
E7_B_stall,3962,1,0,0,0,0,0,0,0,1,0,0,0,1,0,1,0,0,16,1,1,1,1,0,0          0
E7_B_stall,3963,1,0,0,0,0,0,0,0,1,0,0,0,1,0,1,0,0,16,1,1,1,1,0,0          0
E7_B_stall,3964,1,0,0,0,0,0,0,0,1,0,0,0,1,0,1,0,0,16,1,1,1,1,0,0          0
E7_B_stall,3965,1,0,0,0,0,0,0,0,1,0,0,0,1,0,1,0,0,16,1,1,1,1,0,0          0
E7_B_stall,3966,1,0,0,0,0,0,0,0,1,0,0,0,1,0,1,0,0,16,1,1,1,1,0,0          0
E7_B_stall,3967,1,0,0,0,0,0,0,0,1,0,0,0,1,0,1,0,0,16,1,1,1,1,0,0          0
E7_B_stall,3968,1,0,0,0,0,0,0,0,1,0,0,0,1,0,1,0,0,16,1,1,1,1,0,0          0
E7_B_stall,3969,1,0,0,0,0,0,0,0,1,0,0,0,1,0,1,0,0,16,1,1,1,1,0,0          0
E7_B_stall,3970,1,0,0,0,0,0,0,0,1,0,0,0,1,0,1,0,0,16,1,1,1,1,0,0          0
E7_B_stall,3971,1,0,0,0,0,0,0,0,1,0,0,0,1,0,1,0,0,16,1,1,1,1,0,0          0
E7_B_stall,3972,1,0,0,0,0,0,0,0,1,0,0,0,1,0,1,0,0,16,1,1,1,1,0,0          0
E7_B_stall,3973,1,0,0,0,0,0,0,0,1,0,0,0,1,0,1,0,0,16,1,1,1,1,0,0          0
E7_B_stall,3974,1,0,0,0,0,0,0,0,1,0,0,0,1,0,1,0,0,16,1,1,1,1,0,0          0
E7_B_stall,3975,1,0,0,0,0,0,0,0,1,0,0,0,1,0,1,0,0,16,1,1,1,1,0,0          0
E7_B_stall,3976,1,0,0,0,0,0,0,0,1,0,0,0,1,0,1,0,0,16,1,1,1,1,0,0          0
E7_B_stall,3977,1,0,0,0,0,0,0,0,1,0,0,0,1,0,1,0,0,16,1,1,1,1,0,0          0
E7_B_stall,3978,1,0,0,0,0,0,0,0,1,0,0,0,1,0,1,0,0,16,1,1,1,1,0,0          0
E7_B_stall,3979,1,0,0,0,0,0,0,0,1,0,0,0,1,0,1,0,0,16,1,1,1,1,0,0          0
E7_B_stall,3980,1,0,0,0,0,0,0,0,1,0,0,0,1,0,1,0,0,16,1,1,1,1,0,0          0
E7_B_stall,3981,1,0,0,0,0,0,0,0,1,0,0,0,1,0,1,0,0,16,1,1,1,1,0,0          0
E7_B_stall,3982,1,0,0,0,0,0,0,0,1,0,0,0,1,0,1,0,0,16,1,1,1,1,0,0          0
E7_B_stall,3983,1,0,0,0,0,0,0,0,1,0,0,0,1,0,1,0,0,16,1,1,1,1,0,0          0
E7_B_stall,3984,1,0,0,0,0,0,0,0,1,0,0,0,1,0,1,0,0,16,1,1,1,1,0,0          0
E7_B_stall,3985,1,0,0,0,0,0,0,0,1,0,0,0,1,0,1,0,0,16,1,1,1,1,0,0          0
E7_B_stall,3986,1,0,0,0,0,0,0,0,1,0,0,0,1,0,1,0,0,16,1,1,1,1,0,0          0
E7_B_stall,3987,1,0,0,0,0,0,0,0,1,0,0,0,1,0,1,0,0,16,1,1,1,1,0,0          0
E7_B_stall,3988,1,0,0,0,0,0,0,0,1,0,0,0,1,0,1,0,0,16,1,1,1,1,0,0          0
E7_B_stall,3989,1,0,0,0,0,0,0,0,1,0,0,0,1,0,1,0,0,16,1,1,1,1,0,0          0
E7_B_stall,3990,1,0,0,0,0,0,0,0,1,0,0,0,1,0,1,0,0,16,1,1,1,1,0,0          0
E7_B_stall,3991,1,0,0,0,0,0,0,0,1,0,0,0,1,0,1,0,0,16,1,1,1,1,0,0          0
E7_B_stall,3992,1,0,0,0,0,0,0,0,1,0,0,0,1,0,1,0,0,16,1,1,1,1,0,0          0
E7_B_stall,3993,1,0,0,0,0,0,0,0,1,0,0,0,1,0,1,0,0,16,1,1,1,1,0,0          0
E7_B_stall,3994,1,0,0,0,0,0,0,0,1,0,0,0,1,0,1,0,0,16,1,1,1,1,0,0          0
E7_B_stall,3995,1,0,0,0,0,0,0,0,1,0,0,0,1,0,1,0,0,16,1,1,1,1,0,0          0
E7_B_stall,3996,1,0,0,0,0,0,0,0,1,0,0,0,1,0,1,0,0,16,1,1,1,1,0,0          0
E7_B_stall,3997,1,0,0,0,0,0,0,0,1,0,0,0,1,0,1,0,0,16,1,1,1,1,0,0          0
E7_B_stall,3998,1,0,0,0,0,0,0,0,1,0,0,0,1,0,1,0,0,16,1,1,1,1,0,0          0
E7_B_stall,3999,1,0,0,0,0,0,0,0,1,0,0,0,1,0,1,0,0,16,1,1,1,1,0,0          0
E7_B_stall,4000,1,0,0,0,0,0,0,0,1,0,0,0,1,0,1,0,0,16,1,1,1,1,0,0          0
E7_B_stall,4001,1,0,0,0,0,0,0,0,1,0,0,0,1,0,1,0,0,16,1,1,1,1,0,0          0
E7_B_stall,4002,1,0,0,0,0,0,0,0,1,0,0,0,1,0,1,0,0,16,1,1,1,1,0,0          0
E7_B_stall,4003,1,0,0,0,0,0,0,0,1,0,0,0,1,0,1,0,0,16,1,1,1,1,0,0          0
E7_B_stall,4004,1,0,0,0,0,0,0,0,1,0,0,0,1,0,1,0,0,16,1,1,1,1,0,0          0
E7_B_stall,4005,1,0,0,0,0,0,0,0,1,0,0,0,1,0,1,0,0,16,1,1,1,1,0,0          0
E7_B_stall,4006,1,0,0,0,0,0,0,0,1,0,0,0,1,0,1,0,0,16,1,1,1,1,0,0          0
E7_B_stall,4007,1,0,0,0,0,0,0,0,1,0,0,0,1,0,1,0,0,16,1,1,1,1,0,0          0
E7_B_stall,4008,1,0,0,0,0,0,0,0,1,0,0,0,1,0,1,0,0,16,1,1,1,1,0,0          0
E7_B_stall,4009,1,0,0,0,0,0,0,0,1,0,0,0,1,0,1,0,0,16,1,1,1,1,0,0          0
E7_B_stall,4010,1,0,0,0,0,0,0,0,1,0,0,0,1,0,1,0,0,16,1,1,1,1,0,0          0
E7_B_stall,4011,1,0,0,0,0,0,0,0,1,0,0,0,1,0,1,0,0,16,1,1,1,1,0,0          0
E7_B_stall,4012,1,0,0,0,0,0,0,0,1,0,0,0,1,0,1,0,0,16,1,1,1,1,0,0          0
E7_B_stall,4013,1,0,0,0,0,0,0,0,1,0,0,0,1,0,1,0,0,16,1,1,1,1,0,0          0
E7_B_stall,4014,1,0,0,0,0,0,0,0,1,0,0,0,1,0,1,0,0,16,1,1,1,1,0,0          0
E7_B_stall,4015,1,0,0,0,0,0,0,0,1,0,0,0,1,0,1,0,0,16,1,1,1,1,0,0          0
E7_B_stall,4016,1,0,0,0,0,0,0,0,1,0,0,0,1,0,1,0,0,16,1,1,1,1,0,0          0
E7_B_stall,4017,1,0,0,0,0,0,0,0,1,0,0,0,1,0,1,0,0,16,1,1,1,1,0,0          0
E7_B_stall,4018,1,0,0,0,0,0,0,0,1,0,0,0,1,0,1,0,0,16,1,1,1,1,0,0          0
E7_B_stall,4019,1,0,0,0,0,0,0,0,1,0,0,0,1,0,1,0,0,16,1,1,1,1,0,0          0
E7_B_stall,4020,1,0,0,0,0,0,0,0,1,0,0,0,1,0,1,0,0,16,1,1,1,1,0,0          0
E7_B_stall,4021,1,0,0,0,0,0,0,0,1,0,0,0,1,0,1,0,0,16,1,1,1,1,0,0          0
E7_B_stall,4022,1,0,0,0,0,0,0,0,1,0,0,0,1,0,1,0,0,16,1,1,1,1,0,0          0
E7_B_stall,4023,1,0,0,0,0,0,0,0,1,0,0,0,1,0,1,0,0,16,1,1,1,1,0,0          0
E7_B_stall,4024,1,0,0,0,0,0,0,0,1,0,0,0,1,0,1,0,0,16,1,1,1,1,0,0          0
E7_B_stall,4025,1,0,0,0,0,0,0,0,1,0,0,0,1,0,1,0,0,16,1,1,1,1,0,0          0
E7_B_stall,4026,1,0,0,0,0,0,0,0,1,0,0,0,1,0,1,0,0,16,1,1,1,1,0,0          0
E7_B_stall,4027,1,0,0,0,0,0,0,0,1,0,0,0,1,0,1,0,0,16,1,1,1,1,0,0          0
E7_B_stall,4028,1,0,0,0,0,0,0,0,1,0,0,0,1,0,1,0,0,16,1,1,1,1,0,0          0
E7_B_stall,4029,1,0,0,0,0,0,0,0,1,0,0,0,1,0,1,0,0,16,1,1,1,1,0,0          0
E7_B_stall,4030,1,0,0,0,0,0,0,0,1,0,0,0,1,0,1,0,0,16,1,1,1,1,0,0          0
E7_B_stall,4031,1,0,0,0,0,0,0,0,1,0,0,0,1,0,1,0,0,16,1,1,1,1,0,0          0
E7_B_stall,4032,1,0,0,0,0,0,0,0,1,0,0,0,1,0,1,0,0,16,1,1,1,1,0,0          0
E7_B_stall,4033,1,0,0,0,0,0,0,0,1,0,0,0,1,0,1,0,0,16,1,1,1,1,0,0          0
E7_B_stall,4034,1,0,0,0,0,0,0,0,1,0,0,0,1,0,1,0,0,16,1,1,1,1,0,0          0
E7_B_stall,4035,1,0,0,0,0,0,0,0,1,0,0,0,1,0,1,0,0,16,1,1,1,1,0,0          0
E7_B_stall,4036,1,0,0,0,0,0,0,0,1,0,0,0,1,0,1,0,0,16,1,1,1,1,0,0          0
E7_B_stall,4037,1,0,0,0,0,0,0,0,1,0,0,0,1,0,1,0,0,16,1,1,1,1,0,0          0
E7_B_stall,4038,1,0,0,0,0,0,0,0,1,0,0,0,1,0,1,0,0,16,1,1,1,1,0,0          0
E7_B_stall,4039,1,0,0,0,0,0,0,0,1,0,0,0,1,0,1,0,0,16,1,1,1,1,0,0          0
E7_B_stall,4040,1,0,0,0,0,0,0,0,1,0,0,0,1,0,1,0,0,16,1,1,1,1,0,0          0
E7_B_stall,4041,1,0,0,0,0,0,0,0,1,0,0,0,1,0,1,0,0,16,1,1,1,1,0,0          0
E7_B_stall,4042,1,0,0,0,0,0,0,0,1,0,0,0,1,0,1,0,0,16,1,1,1,1,0,0          0
E7_B_stall,4043,1,0,0,0,0,0,0,0,1,0,0,0,1,0,1,0,0,16,1,1,1,1,0,0          0
E7_B_stall,4044,1,0,0,0,0,0,0,0,1,0,0,0,1,0,1,0,0,16,1,1,1,1,0,0          0
E7_B_stall,4045,1,0,0,0,0,0,0,0,1,0,0,0,1,0,1,0,0,16,1,1,1,1,0,0          0
E7_B_stall,4046,1,0,0,0,0,0,0,0,1,0,0,0,1,0,1,0,0,16,1,1,1,1,0,0          0
E7_B_stall,4047,1,0,0,0,0,0,0,0,1,0,0,0,1,0,1,0,0,16,1,1,1,1,0,0          0
E7_B_stall,4048,1,0,0,0,0,0,0,0,1,0,0,0,1,0,1,0,0,16,1,1,1,1,0,0          0
E7_B_stall,4049,1,0,0,0,0,0,0,0,1,0,0,0,1,0,1,0,0,16,1,1,1,1,0,0          0
E7_B_stall,4050,1,0,0,0,0,0,0,0,1,0,0,0,1,0,1,0,0,16,1,1,1,1,0,0          0
E7_B_stall,4051,1,0,0,0,0,0,0,0,1,0,0,0,1,0,1,0,0,16,1,1,1,1,0,0          0
E7_B_stall,4052,1,0,0,0,0,0,0,0,1,0,0,0,1,0,1,0,0,16,1,1,1,1,0,0          0
E7_B_stall,4053,1,0,0,0,0,0,0,0,1,0,0,0,1,0,1,0,0,16,1,1,1,1,0,0          0
E7_B_stall,4054,1,0,0,0,0,0,0,0,1,0,0,0,1,0,1,0,0,16,1,1,1,1,0,0          0
E7_B_stall,4055,1,0,0,0,0,0,0,0,1,0,0,0,1,0,1,0,0,16,1,1,1,1,0,0          0
E7_B_stall,4056,1,0,0,0,0,0,0,0,1,0,0,0,1,0,1,0,0,16,1,1,1,1,0,0          0
E7_B_stall,4057,1,0,0,0,0,0,0,0,1,0,0,0,1,0,1,0,0,16,1,1,1,1,0,0          0
E7_B_stall,4058,1,0,0,0,0,0,0,0,1,0,0,0,1,0,1,0,0,16,1,1,1,1,0,0          0
E7_B_stall,4059,1,0,0,0,0,0,0,0,1,0,0,0,1,0,1,0,0,16,1,1,1,1,0,0          0
E7_B_stall,4060,1,0,0,0,0,0,0,0,1,0,0,0,1,0,1,0,0,16,1,1,1,1,0,0          0
E7_B_stall,4061,1,0,0,0,0,0,0,0,1,0,0,0,1,0,1,0,0,16,1,1,1,1,0,0          0
E7_B_stall,4062,1,0,0,0,0,0,0,0,1,0,0,0,1,0,1,0,0,16,1,1,1,1,0,0          0
E7_B_stall,4063,1,0,0,0,0,0,0,0,1,0,0,0,1,0,1,0,0,16,1,1,1,1,0,0          0
E7_B_stall,4064,1,0,0,0,0,0,0,0,1,0,0,0,1,0,1,0,0,16,1,1,1,1,0,0          0
E7_B_stall,4065,1,0,0,0,0,0,0,0,1,0,0,0,1,0,1,0,0,16,1,1,1,1,0,0          0
E7_B_stall,4066,1,0,0,0,0,0,0,0,1,0,0,0,1,0,1,0,0,16,1,1,1,1,0,0          0
E7_B_stall,4067,1,0,0,0,0,0,0,0,1,0,0,0,1,0,1,0,0,16,1,1,1,1,0,0          0
E7_B_stall,4068,1,0,0,0,0,0,0,0,1,0,0,0,1,0,1,0,0,16,1,1,1,1,0,0          0
E7_B_stall,4069,1,0,0,0,0,0,0,0,1,0,0,0,1,0,1,0,0,16,1,1,1,1,0,0          0
E7_B_stall,4070,1,0,0,0,0,0,0,0,1,0,0,0,1,0,1,0,0,16,1,1,1,1,0,0          0
E7_B_stall,4071,1,0,0,0,0,0,0,0,1,0,0,0,1,0,1,0,0,16,1,1,1,1,0,0          0
E7_B_stall,4072,1,0,0,0,0,0,0,0,1,0,0,0,1,0,1,0,0,16,1,1,1,1,0,0          0
E7_B_stall,4073,1,0,0,0,0,0,0,0,1,0,0,0,1,0,1,0,0,16,1,1,1,1,0,0          0
E7_B_stall,4074,1,0,0,0,0,0,0,0,1,0,0,0,1,0,1,0,0,16,1,1,1,1,0,0          0
E7_B_stall,4075,1,0,0,0,0,0,0,0,1,0,0,0,1,0,1,0,0,16,1,1,1,1,0,0          0
E7_B_stall,4076,1,0,0,0,0,0,0,0,1,0,0,0,1,0,1,0,0,16,1,1,1,1,0,0          0
E7_B_stall,4077,1,0,0,0,0,0,0,0,1,0,0,0,1,0,1,0,0,16,1,1,1,1,0,0          0
E7_B_stall,4078,1,0,0,0,0,0,0,0,1,0,0,0,1,0,1,0,0,16,1,1,1,1,0,0          0
E7_B_stall,4079,1,0,0,0,0,0,0,0,1,0,0,0,1,0,1,0,0,16,1,1,1,1,0,0          0
E7_B_stall,4080,1,0,0,0,0,0,0,0,1,0,0,0,1,0,1,0,0,16,1,1,1,1,0,0          0
E7_B_stall,4081,1,0,0,0,0,0,0,0,1,0,0,0,1,0,1,0,0,16,1,1,1,1,0,0          0
E7_B_stall,4082,1,0,0,0,0,0,0,0,1,0,0,0,1,0,1,0,0,16,1,1,1,1,0,0          0
E7_B_stall,4083,1,0,0,0,0,0,0,0,1,0,0,0,1,0,1,0,0,16,1,1,1,1,0,0          0
E7_B_stall,4084,1,0,0,0,0,0,0,0,1,0,0,0,1,0,1,0,0,16,1,1,1,1,0,0          0
E7_B_stall,4085,1,0,0,0,0,0,0,0,1,0,0,0,1,0,1,0,0,16,1,1,1,1,0,0          0
E7_B_stall,4086,1,0,0,0,0,0,0,0,1,0,0,0,1,0,1,0,0,16,1,1,1,1,0,0          0
E7_B_stall,4087,1,0,0,0,0,0,0,0,1,0,0,0,1,0,1,0,0,16,1,1,1,1,0,0          0
E7_B_stall,4088,1,0,0,0,0,0,0,0,1,0,0,0,1,0,1,0,0,16,1,1,1,1,0,0          0
E7_B_stall,4089,1,0,0,0,0,0,0,0,1,0,0,0,1,0,1,0,0,16,1,1,1,1,0,0          0
E7_B_stall,4090,1,0,0,0,0,0,0,0,1,0,0,0,1,0,1,0,0,16,1,1,1,1,0,0          0
E7_B_stall,4091,1,0,0,0,0,0,0,0,1,0,0,0,1,0,1,0,0,16,1,1,1,1,0,0          0
E7_B_stall,4092,1,0,0,0,0,0,0,0,1,0,0,0,1,0,1,0,0,16,1,1,1,1,0,0          0
E7_B_stall,4093,1,0,0,0,0,0,0,0,1,0,0,0,1,0,1,0,0,16,1,1,1,1,0,0          0
E7_B_stall,4094,1,0,0,0,0,0,0,0,1,0,0,0,1,0,1,0,0,16,1,1,1,1,0,0          0
E7_B_stall,4095,1,0,0,0,0,0,0,0,1,0,0,0,1,0,1,0,0,16,1,1,1,1,0,0          0
E7_B_stall,4096,1,0,0,0,0,0,0,0,1,0,0,0,1,0,1,0,0,16,1,1,1,1,0,0          0
E7_B_stall,4097,1,0,0,0,0,0,0,0,1,0,0,0,1,0,1,0,0,16,1,1,1,1,0,0          0
E7_B_stall,4098,1,0,0,0,0,0,0,0,1,0,0,0,1,0,1,0,0,16,1,1,1,1,0,0          0
E7_B_stall,4099,1,0,0,0,0,0,0,0,1,0,0,0,1,0,1,0,0,16,1,1,1,1,0,0          0
E7_B_stall,4100,1,0,0,0,0,0,0,0,1,0,0,0,1,0,1,0,0,16,1,1,1,1,0,0          0
E7_B_stall,4101,1,0,0,0,0,0,0,0,1,0,0,0,1,0,1,0,0,16,1,1,1,1,0,0          0
E7_B_stall,4102,1,0,0,0,0,0,0,0,1,0,0,0,1,0,1,0,0,16,1,1,1,1,0,0          0
E7_B_stall,4103,1,0,0,0,0,0,0,0,1,0,0,0,1,0,1,0,0,16,1,1,1,1,0,0          0
E7_B_stall,4104,1,0,0,0,0,0,0,0,1,0,0,0,1,0,1,0,0,16,1,1,1,1,0,0          0
E7_B_stall,4105,1,0,0,0,0,0,0,0,1,0,0,0,1,0,1,0,0,16,1,1,1,1,0,0          0
E7_B_stall,4106,1,0,0,0,0,0,0,0,1,0,0,0,1,0,1,0,0,16,1,1,1,1,0,0          0
E7_B_stall,4107,1,0,0,0,0,0,0,0,1,0,0,0,1,0,1,0,0,16,1,1,1,1,0,0          0
E7_B_stall,4108,1,0,0,0,0,0,0,0,1,0,0,0,1,0,1,0,0,16,1,1,1,1,0,0          0
E7_B_stall,4109,1,0,0,0,0,0,0,0,1,0,0,0,1,0,1,0,0,16,1,1,1,1,0,0          0
E7_B_stall,4110,1,0,0,0,0,0,0,0,1,0,0,0,1,0,1,0,0,16,1,1,1,1,0,0          0
E7_B_stall,4111,1,0,0,0,0,0,0,0,1,0,0,0,1,0,1,0,0,16,1,1,1,1,0,0          0
E7_B_stall,4112,1,0,0,0,0,0,0,0,1,0,0,0,1,0,1,0,0,16,1,1,1,1,0,0          0
E7_B_stall,4113,1,0,0,0,0,0,0,0,1,0,0,0,1,0,1,0,0,16,1,1,1,1,0,0          0
E7_B_stall,4114,1,0,0,0,0,0,0,0,1,0,0,0,1,0,1,0,0,16,1,1,1,1,0,0          0
E7_B_stall,4115,1,0,0,0,0,0,0,0,1,0,0,0,1,0,1,0,0,16,1,1,1,1,0,0          0
E7_B_stall,4116,1,0,0,0,0,0,0,0,1,0,0,0,1,0,1,0,0,16,1,1,1,1,0,0          0
E7_B_stall,4117,1,0,0,0,0,0,0,0,1,0,0,0,1,0,1,0,0,16,1,1,1,1,0,0          0
E7_B_stall,4118,1,0,0,0,0,0,0,0,1,0,0,0,1,0,1,0,0,16,1,1,1,1,0,0          0
E7_B_stall,4119,1,0,0,0,0,0,0,0,1,0,0,0,1,0,1,0,0,16,1,1,1,1,0,0          0
E7_B_stall,4120,1,0,0,0,0,0,0,0,1,0,0,0,1,0,1,0,0,16,1,1,1,1,0,0          0
E7_B_stall,4121,1,0,0,0,0,0,0,0,1,0,0,0,1,0,1,0,0,16,1,1,1,1,0,0          0
E7_B_stall,4122,1,0,0,0,0,0,0,0,1,0,0,0,1,0,1,0,0,16,1,1,1,1,0,0          0
E7_B_stall,4123,1,0,0,0,0,0,0,0,1,0,0,0,1,0,1,0,0,16,1,1,1,1,0,0          0
E7_B_stall,4124,1,0,0,0,0,0,0,0,1,0,0,0,1,0,1,0,0,16,1,1,1,1,0,0          0
E7_B_stall,4125,1,0,0,0,0,0,0,0,1,0,0,0,1,0,1,0,0,16,1,1,1,1,0,0          0
E7_B_stall,4126,1,0,0,0,0,0,0,0,1,0,0,0,1,0,1,0,0,16,1,1,1,1,0,0          0
E7_B_stall,4127,1,0,0,0,0,0,0,0,1,0,0,0,1,0,1,0,0,16,1,1,1,1,0,0          0
E7_B_stall,4128,1,0,0,0,0,0,0,0,1,0,0,0,1,0,1,0,0,16,1,1,1,1,0,0          0
E7_B_stall,4129,1,0,0,0,0,0,0,0,1,0,0,0,1,0,1,0,0,16,1,1,1,1,0,0          0
E7_B_stall,4130,1,0,0,0,0,0,0,0,1,0,0,0,1,0,1,0,0,16,1,1,1,1,0,0          0
E7_B_stall,4131,1,0,0,0,0,0,0,0,1,0,0,0,1,0,1,0,0,16,1,1,1,1,0,0          0
E7_B_stall,4132,1,0,0,0,0,0,0,0,1,0,0,0,1,0,1,0,0,16,1,1,1,1,0,0          0
E7_B_stall,4133,1,0,0,0,0,0,0,0,1,0,0,0,1,0,1,0,0,16,1,1,1,1,0,0          0
E7_B_stall,4134,1,0,0,0,0,0,0,0,1,0,0,0,1,0,1,0,0,16,1,1,1,1,0,0          0
E7_B_stall,4135,1,0,0,0,0,0,0,0,1,0,0,0,1,0,1,0,0,16,1,1,1,1,0,0          0
E7_B_stall,4136,1,0,0,0,0,0,0,0,1,0,0,0,1,0,1,0,0,16,1,1,1,1,0,0          0
E7_B_stall,4137,1,0,0,0,0,0,0,0,1,0,0,0,1,0,1,0,0,16,1,1,1,1,0,0          0
E7_B_stall,4138,1,0,0,0,0,0,0,0,1,0,0,0,1,0,1,0,0,16,1,1,1,1,0,0          0
E7_B_stall,4139,1,0,0,0,0,0,0,0,1,0,0,0,1,0,1,0,0,16,1,1,1,1,0,0          0
E7_B_stall,4140,1,0,0,0,0,0,0,0,1,0,0,0,1,0,1,0,0,16,1,1,1,1,0,0          0
E7_B_stall,4141,1,0,0,0,0,0,0,0,1,0,0,0,1,0,1,0,0,16,1,1,1,1,0,0          0
E7_B_stall,4142,1,0,0,0,0,0,0,0,1,0,0,0,1,0,1,0,0,16,1,1,1,1,0,0          0
E7_B_stall,4143,1,0,0,0,0,0,0,0,1,0,0,0,1,0,1,0,0,16,1,1,1,1,0,0          0
E7_B_stall,4144,1,0,0,0,0,0,0,0,1,0,0,0,1,0,1,0,0,16,1,1,1,1,0,0          0
E7_B_stall,4145,1,0,0,0,0,0,0,0,1,0,0,0,1,0,1,0,0,16,1,1,1,1,0,0          0
E7_B_stall,4146,1,0,0,0,0,0,0,0,1,0,0,0,1,0,1,0,0,16,1,1,1,1,0,0          0
E7_B_stall,4147,1,0,0,0,0,0,0,0,1,0,0,0,1,0,1,0,0,16,1,1,1,1,0,0          0
E7_B_stall,4148,1,0,0,0,0,0,0,0,1,0,0,0,1,0,1,0,0,16,1,1,1,1,0,0          0
E7_B_stall,4149,1,0,0,0,0,0,0,0,1,0,0,0,1,0,1,0,0,16,1,1,1,1,0,0          0
E7_B_stall,4150,1,0,0,0,0,0,0,0,1,0,0,0,1,0,1,0,0,16,1,1,1,1,0,0          0
E7_B_stall,4151,1,0,0,0,0,0,0,0,1,0,0,0,1,0,1,0,0,16,1,1,1,1,0,0          0
E7_B_stall,4152,1,0,0,0,0,0,0,0,1,0,0,0,1,0,1,0,0,16,1,1,1,1,0,0          0
E7_B_stall,4153,1,0,0,0,0,0,0,0,1,0,0,0,1,0,1,0,0,16,1,1,1,1,0,0          0
E7_B_stall,4154,1,0,0,0,0,0,0,0,1,0,0,0,1,0,1,0,0,16,1,1,1,1,0,0          0
E7_B_stall,4155,1,0,0,0,0,0,0,0,1,0,0,0,1,0,1,0,0,16,1,1,1,1,0,0          0
E7_B_stall,4156,1,0,0,0,0,0,0,0,1,0,0,0,1,0,1,0,0,16,1,1,1,1,0,0          0
E7_B_stall,4157,1,0,0,0,0,0,0,0,1,0,0,0,1,0,1,0,0,16,1,1,1,1,0,0          0
E7_B_stall,4158,1,0,0,0,0,0,0,0,1,0,0,0,1,0,1,0,0,16,1,1,1,1,0,0          0
E7_B_stall,4159,1,0,0,0,0,0,0,0,1,0,0,0,1,0,1,0,0,16,1,1,1,1,0,0          0
E7_B_stall,4160,1,0,0,0,0,0,0,0,1,0,0,0,1,0,1,0,0,16,1,1,1,1,0,0          0
E7_B_stall,4161,1,0,0,0,0,0,0,0,1,0,0,0,1,0,1,0,0,16,1,1,1,1,0,0          0
E7_B_stall,4162,1,0,0,0,0,0,0,0,1,0,0,0,1,0,1,0,0,16,1,1,1,1,0,0          0
E7_B_stall,4163,1,0,0,0,0,0,0,0,1,0,0,0,1,0,1,0,0,16,1,1,1,1,0,0          0
E7_B_stall,4164,1,0,0,0,0,0,0,0,1,0,0,0,1,0,1,0,0,16,1,1,1,1,0,0          0
E7_B_stall,4165,1,0,0,0,0,0,0,0,1,0,0,0,1,0,1,0,0,16,1,1,1,1,0,0          0
E7_B_stall,4166,1,0,0,0,0,0,0,0,1,0,0,0,1,0,1,0,0,16,1,1,1,1,0,0          0
E7_B_stall,4167,1,0,0,0,0,0,0,0,1,0,0,0,1,0,1,0,0,16,1,1,1,1,0,0          0
E7_B_stall,4168,1,0,0,0,0,0,0,0,1,0,0,0,1,0,1,0,0,16,1,1,1,1,0,0          0
E7_B_stall,4169,1,0,0,0,0,0,0,0,1,0,0,0,1,0,1,0,0,16,1,1,1,1,0,0          0
E7_B_stall,4170,1,0,0,0,0,0,0,0,1,0,0,0,1,0,1,0,0,16,1,1,1,1,0,0          0
E7_B_stall,4171,1,0,0,0,0,0,0,0,1,0,0,0,1,0,1,0,0,16,1,1,1,1,0,0          0
E7_B_stall,4172,1,0,0,0,0,0,0,0,1,0,0,0,1,0,1,0,0,16,1,1,1,1,0,0          0
E7_B_stall,4173,1,0,0,0,0,0,0,0,1,0,0,0,1,0,1,0,0,16,1,1,1,1,0,0          0
E7_B_stall,4174,1,0,0,0,0,0,0,0,1,0,0,0,1,0,1,0,0,16,1,1,1,1,0,0          0
E7_B_stall,4175,1,0,0,0,0,0,0,0,1,0,0,0,1,0,1,0,0,16,1,1,1,1,0,0          0
E7_B_stall,4176,1,0,0,0,0,0,0,0,1,0,0,0,1,0,1,0,0,16,1,1,1,1,0,0          0
E7_B_stall,4177,1,0,0,0,0,0,0,0,1,0,0,0,1,0,1,0,0,16,1,1,1,1,0,0          0
E7_B_stall,4178,1,0,0,0,0,0,0,0,1,0,0,0,1,0,1,0,0,16,1,1,1,1,0,0          0
E7_B_stall,4179,1,0,0,0,0,0,0,0,1,0,0,0,1,0,1,0,0,16,1,1,1,1,0,0          0
E7_B_stall,4180,1,0,0,0,0,0,0,0,1,0,0,0,1,0,1,0,0,16,1,1,1,1,0,0          0
E7_B_stall,4181,1,0,0,0,0,0,0,0,1,0,0,0,1,0,1,0,0,16,1,1,1,1,0,0          0
E7_B_stall,4182,1,0,0,0,0,0,0,0,1,0,0,0,1,0,1,0,0,16,1,1,1,1,0,0          0
E7_B_stall,4183,1,0,0,0,0,0,0,0,1,0,0,0,1,0,1,0,0,16,1,1,1,1,0,0          0
E7_B_stall,4184,1,0,0,0,0,0,0,0,1,0,0,0,1,0,1,0,0,16,1,1,1,1,0,0          0
E7_B_stall,4185,1,0,0,0,0,0,0,0,1,0,0,0,1,0,1,0,0,16,1,1,1,1,0,0          0
E7_B_stall,4186,1,0,0,0,0,0,0,0,1,0,0,0,1,0,1,0,0,16,1,1,1,1,0,0          0
E7_B_stall,4187,1,0,0,0,0,0,0,0,1,0,0,0,1,0,1,0,0,16,1,1,1,1,0,0          0
E7_B_stall,4188,1,0,0,0,0,0,0,0,1,0,0,0,1,0,1,0,0,16,1,1,1,1,0,0          0
E7_B_stall,4189,1,0,0,0,0,0,0,0,1,0,0,0,1,0,1,0,0,16,1,1,1,1,0,0          0
E7_B_stall,4190,1,0,0,0,0,0,0,0,1,0,0,0,1,0,1,0,0,16,1,1,1,1,0,0          0
E7_B_stall,4191,1,0,0,0,0,0,0,0,1,0,0,0,1,0,1,0,0,16,1,1,1,1,0,0          0
E7_B_stall,4192,1,0,0,0,0,0,0,0,1,0,0,0,1,0,1,0,0,16,1,1,1,1,0,0          0
E7_B_stall,4193,1,0,0,0,0,0,0,0,1,0,0,0,1,0,1,0,0,16,1,1,1,1,0,0          0
E7_B_stall,4194,1,0,0,0,0,0,0,0,1,0,0,0,1,0,1,0,0,16,1,1,1,1,0,0          0
E7_B_stall,4195,1,0,0,0,0,0,0,0,1,0,0,0,1,0,1,0,0,16,1,1,1,1,0,0          0
E7_B_stall,4196,1,0,0,0,0,0,0,0,1,0,0,0,1,0,1,0,0,16,1,1,1,1,0,0          0
E7_B_stall,4197,1,0,0,0,0,0,0,0,1,0,0,0,1,0,1,0,0,16,1,1,1,1,0,0          0
E7_B_stall,4198,1,0,0,0,0,0,0,0,1,0,0,0,1,0,1,0,0,16,1,1,1,1,0,0          0
E7_B_stall,4199,1,0,0,0,0,0,0,0,1,0,0,0,1,0,1,0,0,16,1,1,1,1,0,0          0
E7_B_stall,4200,1,0,0,0,0,0,0,0,1,0,0,0,1,0,1,0,0,16,1,1,1,1,0,0          0
E7_B_stall,4201,1,0,0,0,0,0,0,0,1,0,0,0,1,0,1,0,0,16,1,1,1,1,0,0          0
E7_B_stall,4202,1,0,0,0,0,0,0,0,1,0,0,0,1,0,1,0,0,16,1,1,1,1,0,0          0
E7_B_stall,4203,1,0,0,0,0,0,0,0,1,0,0,0,1,0,1,0,0,16,1,1,1,1,0,0          0
E7_B_stall,4204,1,0,0,0,0,0,0,0,1,0,0,0,1,0,1,0,0,16,1,1,1,1,0,0          0
E7_B_stall,4205,1,0,0,0,0,0,0,0,1,0,0,0,1,0,1,0,0,16,1,1,1,1,0,0          0
E7_B_stall,4206,1,0,0,0,0,0,0,0,1,0,0,0,1,0,1,0,0,16,1,1,1,1,0,0          0
E7_B_stall,4207,1,0,0,0,0,0,0,0,1,0,0,0,1,0,1,0,0,16,1,1,1,1,0,0          0
E7_B_stall,4208,1,0,0,0,0,0,0,0,1,0,0,0,1,0,1,0,0,16,1,1,1,1,0,0          0
E7_B_stall,4209,1,0,0,0,0,0,0,0,1,0,0,0,1,0,1,0,0,16,1,1,1,1,0,0          0
E7_B_stall,4210,1,0,0,0,0,0,0,0,1,0,0,0,1,0,1,0,0,16,1,1,1,1,0,0          0
E7_B_stall,4211,1,0,0,0,0,0,0,0,1,0,0,0,1,0,1,0,0,16,1,1,1,1,0,0          0
E7_B_stall,4212,1,0,0,0,0,0,0,0,1,0,0,0,1,0,1,0,0,16,1,1,1,1,0,0          0
E7_B_stall,4213,1,0,0,0,0,0,0,0,1,0,0,0,1,0,1,0,0,16,1,1,1,1,0,0          0
E7_B_stall,4214,1,0,0,0,0,0,0,0,1,0,0,0,1,0,1,0,0,16,1,1,1,1,0,0          0
E7_B_stall,4215,1,0,0,0,0,0,0,0,1,0,0,0,1,0,1,0,0,16,1,1,1,1,0,0          0
E7_B_stall,4216,1,0,0,0,0,0,0,0,1,0,0,0,1,0,1,0,0,16,1,1,1,1,0,0          0
E7_B_stall,4217,1,0,0,0,0,0,0,0,1,0,0,0,1,0,1,0,0,16,1,1,1,1,0,0          0
E7_B_stall,4218,1,0,0,0,0,0,0,0,1,0,0,0,1,0,1,0,0,16,1,1,1,1,0,0          0
E7_B_stall,4219,1,0,0,0,0,0,0,0,1,0,0,0,1,0,1,0,0,16,1,1,1,1,0,0          0
E7_B_stall,4220,1,0,0,0,0,0,0,0,1,0,0,0,1,0,1,0,0,16,1,1,1,1,0,0          0
E7_B_stall,4221,1,0,0,0,0,0,0,0,1,0,0,0,1,0,1,0,0,16,1,1,1,1,0,0          0
E7_B_stall,4222,1,0,0,0,0,0,0,0,1,0,0,0,1,0,1,0,0,16,1,1,1,1,0,0          0
E7_B_stall,4223,1,0,0,0,0,0,0,0,1,0,0,0,1,0,1,0,0,16,1,1,1,1,0,0          0
E7_B_stall,4224,1,0,0,0,0,0,0,0,1,0,0,0,1,0,1,0,0,16,1,1,1,1,0,0          0
E7_B_stall,4225,1,0,0,0,0,0,0,0,1,0,0,0,1,0,1,0,0,16,1,1,1,1,0,0          0
E7_B_stall,4226,1,0,0,0,0,0,0,0,1,0,0,0,1,0,1,0,0,16,1,1,1,1,0,0          0
E7_B_stall,4227,1,0,0,0,0,0,0,0,1,0,0,0,1,0,1,0,0,16,1,1,1,1,0,0          0
E7_B_stall,4228,1,0,0,0,0,0,0,0,1,0,0,0,1,0,1,0,0,16,1,1,1,1,0,0          0
E7_B_stall,4229,1,0,0,0,0,0,0,0,1,0,0,0,1,0,1,0,0,16,1,1,1,1,0,0          0
E7_B_stall,4230,1,0,0,0,0,0,0,0,1,0,0,0,1,0,1,0,0,16,1,1,1,1,0,0          0
E7_B_stall,4231,1,0,0,0,0,0,0,0,1,0,0,0,1,0,1,0,0,16,1,1,1,1,0,0          0
E7_B_stall,4232,1,0,0,0,0,0,0,0,1,0,0,0,1,0,1,0,0,16,1,1,1,1,0,0          0
E7_B_stall,4233,1,0,0,0,0,0,0,0,1,0,0,0,1,0,1,0,0,16,1,1,1,1,0,0          0
E7_B_stall,4234,1,0,0,0,0,0,0,0,1,0,0,0,1,0,1,0,0,16,1,1,1,1,0,0          0
E7_B_stall,4235,1,0,0,0,0,0,0,0,1,0,0,0,1,0,1,0,0,16,1,1,1,1,0,0          0
E7_B_stall,4236,1,0,0,0,0,0,0,0,1,0,0,0,1,0,1,0,0,16,1,1,1,1,0,0          0
E7_B_stall,4237,1,0,0,0,0,0,0,0,1,0,0,0,1,0,1,0,0,16,1,1,1,1,0,0          0
E7_B_stall,4238,1,0,0,0,0,0,0,0,1,0,0,0,1,0,1,0,0,16,1,1,1,1,0,0          0
E7_B_stall,4239,1,0,0,0,0,0,0,0,1,0,0,0,1,0,1,0,0,16,1,1,1,1,0,0          0
E7_B_stall,4240,1,0,0,0,0,0,0,0,1,0,0,0,1,0,1,0,0,16,1,1,1,1,0,0          0
E7_B_stall,4241,1,0,0,0,0,0,0,0,1,0,0,0,1,0,1,0,0,16,1,1,1,1,0,0          0
E7_B_stall,4242,1,0,0,0,0,0,0,0,1,0,0,0,1,0,1,0,0,16,1,1,1,1,0,0          0
E7_B_stall,4243,1,0,0,0,0,0,0,0,1,0,0,0,1,0,1,0,0,16,1,1,1,1,0,0          0
E7_B_stall,4244,1,0,0,0,0,0,0,0,1,0,0,0,1,0,1,0,0,16,1,1,1,1,0,0          0
E7_B_stall,4245,1,0,0,0,0,0,0,0,1,0,0,0,1,0,1,0,0,16,1,1,1,1,0,0          0
E7_B_stall,4246,1,0,0,0,0,0,0,0,1,0,0,0,1,0,1,0,0,16,1,1,1,1,0,0          0
E7_B_stall,4247,1,0,0,0,0,0,0,0,1,0,0,0,1,0,1,0,0,16,1,1,1,1,0,0          0
E7_B_stall,4248,1,0,0,0,0,0,0,0,1,0,0,0,1,0,1,0,0,16,1,1,1,1,0,0          0
E7_B_stall,4249,1,0,0,0,0,0,0,0,1,0,0,0,1,0,1,0,0,16,1,1,1,1,0,0          0
E7_B_stall,4250,1,0,0,0,0,0,0,0,1,0,0,0,1,0,1,0,0,16,1,1,1,1,0,0          0
E7_B_stall,4251,1,0,0,0,0,0,0,0,1,0,0,0,1,0,1,0,0,16,1,1,1,1,0,0          0
E7_B_stall,4252,1,0,0,0,0,0,0,0,1,0,0,0,1,0,1,0,0,16,1,1,1,1,0,0          0
E7_B_stall,4253,1,0,0,0,0,0,0,0,1,0,0,0,1,0,1,0,0,16,1,1,1,1,0,0          0
E7_B_stall,4254,1,0,0,0,0,0,0,0,1,0,0,0,1,0,1,0,0,16,1,1,1,1,0,0          0
E7_B_stall,4255,1,0,0,0,0,0,0,0,1,0,0,0,1,0,1,0,0,16,1,1,1,1,0,0          0
E7_B_stall,4256,1,0,0,0,0,0,0,0,1,0,0,0,1,0,1,0,0,16,1,1,1,1,0,0          0
E7_B_stall,4257,1,0,0,0,0,0,0,0,1,0,0,0,1,0,1,0,0,16,1,1,1,1,0,0          0
E7_B_stall,4258,1,0,0,0,0,0,0,0,1,0,0,0,1,0,1,0,0,16,1,1,1,1,0,0          0
E7_B_stall,4259,1,0,0,0,0,0,0,0,1,0,0,0,1,0,1,0,0,16,1,1,1,1,0,0          0
E7_B_stall,4260,1,0,0,0,0,0,0,0,1,0,0,0,1,0,1,0,0,16,1,1,1,1,0,0          0
E7_B_stall,4261,1,0,0,0,0,0,0,0,1,0,0,0,1,0,1,0,0,16,1,1,1,1,0,0          0
E7_B_stall,4262,1,0,0,0,0,0,0,0,1,0,0,0,1,0,1,0,0,16,1,1,1,1,0,0          0
E7_B_stall,4263,1,0,0,0,0,0,0,0,1,0,0,0,1,0,1,0,0,16,1,1,1,1,0,0          0
E7_B_stall,4264,1,0,0,0,0,0,0,0,1,0,0,0,1,0,1,0,0,16,1,1,1,1,0,0          0
E7_B_stall,4265,1,0,0,0,0,0,0,0,1,0,0,0,1,0,1,0,0,16,1,1,1,1,0,0          0
E7_B_stall,4266,1,0,0,0,0,0,0,0,1,0,0,0,1,0,1,0,0,16,1,1,1,1,0,0          0
E7_B_stall,4267,1,0,0,0,0,0,0,0,1,0,0,0,1,0,1,0,0,16,1,1,1,1,0,0          0
E7_B_stall,4268,1,0,0,0,0,0,0,0,1,0,0,0,1,0,1,0,0,16,1,1,1,1,0,0          0
E7_B_stall,4269,1,0,0,0,0,0,0,0,1,0,0,0,1,0,1,0,0,16,1,1,1,1,0,0          0
E7_B_stall,4270,1,0,0,0,0,0,0,0,1,0,0,0,1,0,1,0,0,16,1,1,1,1,0,0          0
E7_B_stall,4271,1,0,0,0,0,0,0,0,1,0,0,0,1,0,1,0,0,16,1,1,1,1,0,0          0
E7_B_stall,4272,1,0,0,0,0,0,0,0,1,0,0,0,1,0,1,0,0,16,1,1,1,1,0,0          0
E7_B_stall,4273,1,0,0,0,0,0,0,0,1,0,0,0,1,0,1,0,0,16,1,1,1,1,0,0          0
E7_B_stall,4274,1,0,0,0,0,0,0,0,1,0,0,0,1,0,1,0,0,16,1,1,1,1,0,0          0
E7_B_stall,4275,1,0,0,0,0,0,0,0,1,0,0,0,1,0,1,0,0,16,1,1,1,1,0,0          0
E7_B_stall,4276,1,0,0,0,0,0,0,0,1,0,0,0,1,0,1,0,0,16,1,1,1,1,0,0          0
E7_B_stall,4277,1,0,0,0,0,0,0,0,1,0,0,0,1,0,1,0,0,16,1,1,1,1,0,0          0
E7_B_stall,4278,1,0,0,0,0,0,0,0,1,0,0,0,1,0,1,0,0,16,1,1,1,1,0,0          0
E7_B_stall,4279,1,0,0,0,0,0,0,0,1,0,0,0,1,0,1,0,0,16,1,1,1,1,0,0          0
E7_B_stall,4280,1,0,0,0,0,0,0,0,1,0,0,0,1,0,1,0,0,16,1,1,1,1,0,0          0
E7_B_stall,4281,1,0,0,0,0,0,0,0,1,0,0,0,1,0,1,0,0,16,1,1,1,1,0,0          0
E7_B_stall,4282,1,0,0,0,0,0,0,0,1,0,0,0,1,0,1,0,0,16,1,1,1,1,0,0          0
E7_B_stall,4283,1,0,0,0,0,0,0,0,1,0,0,0,1,0,1,0,0,16,1,1,1,1,0,0          0
E7_B_stall,4284,1,0,0,0,0,0,0,0,1,0,0,0,1,0,1,0,0,16,1,1,1,1,0,0          0
E7_B_stall,4285,1,0,0,0,0,0,0,0,1,0,0,0,1,0,1,0,0,16,1,1,1,1,0,0          0
E7_B_stall,4286,1,0,0,0,0,0,0,0,1,0,0,0,1,0,1,0,0,16,1,1,1,1,0,0          0
E7_B_stall,4287,1,0,0,0,0,0,0,0,1,0,0,0,1,0,1,0,0,16,1,1,1,1,0,0          0
E7_B_stall,4288,1,0,0,0,0,0,0,0,1,0,0,0,1,0,1,0,0,16,1,1,1,1,0,0          0
E7_B_stall,4289,1,0,0,0,0,0,0,0,1,0,0,0,1,0,1,0,0,16,1,1,1,1,0,0          0
E7_B_stall,4290,1,0,0,0,0,0,0,0,1,0,0,0,1,0,1,0,0,16,1,1,1,1,0,0          0
E7_B_stall,4291,1,0,0,0,0,0,0,0,1,0,0,0,1,0,1,0,0,16,1,1,1,1,0,0          0
E7_B_stall,4292,1,0,0,0,0,0,0,0,1,0,0,0,1,0,1,0,0,16,1,1,1,1,0,0          0
E7_B_stall,4293,1,0,0,0,0,0,0,0,1,0,0,0,1,0,1,0,0,16,1,1,1,1,0,0          0
E7_B_stall,4294,1,0,0,0,0,0,0,0,1,0,0,0,1,0,1,0,0,16,1,1,1,1,0,0          0
E7_B_stall,4295,1,0,0,0,0,0,0,0,1,0,0,0,1,0,1,0,0,16,1,1,1,1,0,0          0
E7_B_stall,4296,1,0,0,0,0,0,0,0,1,0,0,0,1,0,1,0,0,16,1,1,1,1,0,0          0
E7_B_stall,4297,1,0,0,0,0,0,0,0,1,0,0,0,1,0,1,0,0,16,1,1,1,1,0,0          0
E7_B_stall,4298,1,0,0,0,0,0,0,0,1,0,0,0,1,0,1,0,0,16,1,1,1,1,0,0          0
E7_B_stall,4299,1,0,0,0,0,0,0,0,1,0,0,0,1,0,1,0,0,16,1,1,1,1,0,0          0
E7_B_stall,4300,1,0,0,0,0,0,0,0,1,0,0,0,1,0,1,0,0,16,1,1,1,1,0,0          0
E7_B_stall,4301,1,0,0,0,0,0,0,0,1,0,0,0,1,0,1,0,0,16,1,1,1,1,0,0          0
E7_B_stall,4302,1,0,0,0,0,0,0,0,1,0,0,0,1,0,1,0,0,16,1,1,1,1,0,0          0
E7_B_stall,4303,1,0,0,0,0,0,0,0,1,0,0,0,1,0,1,0,0,16,1,1,1,1,0,0          0
E7_B_stall,4304,1,0,0,0,0,0,0,0,1,0,0,0,1,0,1,0,0,16,1,1,1,1,0,0          0
E7_B_stall,4305,1,0,0,0,0,0,0,0,1,0,0,0,1,0,1,0,0,16,1,1,1,1,0,0          0
E7_B_stall,4306,1,0,0,0,0,0,0,0,1,0,0,0,1,0,1,0,0,16,1,1,1,1,0,0          0
E7_B_stall,4307,1,0,0,0,0,0,0,0,1,0,0,0,1,0,1,0,0,16,1,1,1,1,0,0          0
E7_B_stall,4308,1,0,0,0,0,0,0,0,1,0,0,0,1,0,1,0,0,16,1,1,1,1,0,0          0
E7_B_stall,4309,1,0,0,0,0,0,0,0,1,0,0,0,1,0,1,0,0,16,1,1,1,1,0,0          0
E7_B_stall,4310,1,0,0,0,0,0,0,0,1,0,0,0,1,0,1,0,0,16,1,1,1,1,0,0          0
E7_B_stall,4311,1,0,0,0,0,0,0,0,1,0,0,0,1,0,1,0,0,16,1,1,1,1,0,0          0
E7_B_stall,4312,1,0,0,0,0,0,0,0,1,0,0,0,1,0,1,0,0,16,1,1,1,1,0,0          0
E7_B_stall,4313,1,0,0,0,0,0,0,0,1,0,0,0,1,0,1,0,0,16,1,1,1,1,0,0          0
E7_B_stall,4314,1,0,0,0,0,0,0,0,1,0,0,0,1,0,1,0,0,16,1,1,1,1,0,0          0
E7_B_stall,4315,1,0,0,0,0,0,0,0,1,0,0,0,1,0,1,0,0,16,1,1,1,1,0,0          0
E7_B_stall,4316,1,0,0,0,0,0,0,0,1,0,0,0,1,0,1,0,0,16,1,1,1,1,0,0          0
E7_B_stall,4317,1,0,0,0,0,0,0,0,1,0,0,0,1,0,1,0,0,16,1,1,1,1,0,0          0
E7_B_stall,4318,1,0,0,0,0,0,0,0,1,0,0,0,1,0,1,0,0,16,1,1,1,1,0,0          0
E7_B_stall,4319,1,0,0,0,0,0,0,0,1,0,0,0,1,0,1,0,0,16,1,1,1,1,0,0          0
E7_B_stall,4320,1,0,0,0,0,0,0,0,1,0,0,0,1,0,1,0,0,16,1,1,1,1,0,0          0
E7_B_stall,4321,1,0,0,0,0,0,0,0,1,0,0,0,1,0,1,0,0,16,1,1,1,1,0,0          0
E7_B_stall,4322,1,0,0,0,0,0,0,0,1,0,0,0,1,0,1,0,0,16,1,1,1,1,0,0          0
E7_B_stall,4323,1,0,0,0,0,0,0,0,1,0,0,0,1,0,1,0,0,16,1,1,1,1,0,0          0
E7_B_stall,4324,1,0,0,0,0,0,0,0,1,0,0,0,1,0,1,0,0,16,1,1,1,1,0,0          0
E7_B_stall,4325,1,0,0,0,0,0,0,0,1,0,0,0,1,0,1,0,0,16,1,1,1,1,0,0          0
E7_B_stall,4326,1,0,0,0,0,0,0,0,1,0,0,0,1,0,1,0,0,16,1,1,1,1,0,0          0
E7_B_stall,4327,1,0,0,0,0,0,0,0,1,0,0,0,1,0,1,0,0,16,1,1,1,1,0,0          0
E7_B_stall,4328,1,0,0,0,0,0,0,0,1,0,0,0,1,0,1,0,0,16,1,1,1,1,0,0          0
E7_B_stall,4329,1,0,0,0,0,0,0,0,1,0,0,0,1,0,1,0,0,16,1,1,1,1,0,0          0
E7_B_stall,4330,1,0,0,0,0,0,0,0,1,0,0,0,1,0,1,0,0,16,1,1,1,1,0,0          0
E7_B_stall,4331,1,0,0,0,0,0,0,0,1,0,0,0,1,0,1,0,0,16,1,1,1,1,0,0          0
E7_B_stall,4332,1,0,0,0,0,0,0,0,1,0,0,0,1,0,1,0,0,16,1,1,1,1,0,0          0
E7_B_stall,4333,1,0,0,0,0,0,0,0,1,0,0,0,1,0,1,0,0,16,1,1,1,1,0,0          0
E7_B_stall,4334,1,0,0,0,0,0,0,0,1,0,0,0,1,0,1,0,0,16,1,1,1,1,0,0          0
E7_B_stall,4335,1,0,0,0,0,0,0,0,1,0,0,0,1,0,1,0,0,16,1,1,1,1,0,0          0
E7_B_stall,4336,1,0,0,0,0,0,0,0,1,0,0,0,1,0,1,0,0,16,1,1,1,1,0,0          0
E7_B_stall,4337,1,0,0,0,0,0,0,0,1,0,0,0,1,0,1,0,0,16,1,1,1,1,0,0          0
E7_B_stall,4338,1,0,0,0,0,0,0,0,1,0,0,0,1,0,1,0,0,16,1,1,1,1,0,0          0
E7_B_stall,4339,1,0,0,0,0,0,0,0,1,0,0,0,1,0,1,0,0,16,1,1,1,1,0,0          0
E7_B_stall,4340,1,0,0,0,0,0,0,0,1,0,0,0,1,0,1,0,0,16,1,1,1,1,0,0          0
E7_B_stall,4341,1,0,0,0,0,0,0,0,1,0,0,0,1,0,1,0,0,16,1,1,1,1,0,0          0
E7_B_stall,4342,1,0,0,0,0,0,0,0,1,0,0,0,1,0,1,0,0,16,1,1,1,1,0,0          0
E7_B_stall,4343,1,0,0,0,0,0,0,0,1,0,0,0,1,0,1,0,0,16,1,1,1,1,0,0          0
E7_B_stall,4344,1,0,0,0,0,0,0,0,1,0,0,0,1,0,1,0,0,16,1,1,1,1,0,0          0
E7_B_stall,4345,1,0,0,0,0,0,0,0,1,0,0,0,1,0,1,0,0,16,1,1,1,1,0,0          0
E7_B_stall,4346,1,0,0,0,0,0,0,0,1,0,0,0,1,0,1,0,0,16,1,1,1,1,0,0          0
E7_B_stall,4347,1,0,0,0,0,0,0,0,1,0,0,0,1,0,1,0,0,16,1,1,1,1,0,0          0
E7_B_stall,4348,1,0,0,0,0,0,0,0,1,0,0,0,1,0,1,0,0,16,1,1,1,1,0,0          0
E7_B_stall,4349,1,0,0,0,0,0,0,0,1,0,0,0,1,0,1,0,0,16,1,1,1,1,0,0          0
E7_B_stall,4350,1,0,0,0,0,0,0,0,1,0,0,0,1,0,1,0,0,16,1,1,1,1,0,0          0
E7_B_stall,4351,1,0,0,0,0,0,0,0,1,0,0,0,1,0,1,0,0,16,1,1,1,1,0,0          0
E7_B_stall,4352,1,0,0,0,0,0,0,0,1,0,0,0,1,0,1,0,0,16,1,1,1,1,0,0          0
E7_B_stall,4353,1,0,0,0,0,0,0,0,1,0,0,0,1,0,1,0,0,16,1,1,1,1,0,0          0
E7_B_stall,4354,1,0,0,0,0,0,0,0,1,0,0,0,1,0,1,0,0,16,1,1,1,1,0,0          0
E7_B_stall,4355,1,0,0,0,0,0,0,0,1,0,0,0,1,0,1,0,0,16,1,1,1,1,0,0          0
E7_B_stall,4356,1,0,0,0,0,0,0,0,1,0,0,0,1,0,1,0,0,16,1,1,1,1,0,0          0
E7_B_stall,4357,1,0,0,0,0,0,0,0,1,0,0,0,1,0,1,0,0,16,1,1,1,1,0,0          0
E7_B_stall,4358,1,0,0,0,0,0,0,0,1,0,0,0,1,0,1,0,0,16,1,1,1,1,0,0          0
E7_B_stall,4359,1,0,0,0,0,0,0,0,1,0,0,0,1,0,1,0,0,16,1,1,1,1,0,0          0
E7_B_stall,4360,1,0,0,0,0,0,0,0,1,0,0,0,1,0,1,0,0,16,1,1,1,1,0,0          0
E7_B_stall,4361,1,0,0,0,0,0,0,0,1,0,0,0,1,0,1,0,0,16,1,1,1,1,0,0          0
E7_B_stall,4362,1,0,0,0,0,0,0,0,1,0,0,0,1,0,1,0,0,16,1,1,1,1,0,0          0
E7_B_stall,4363,1,0,0,0,0,0,0,0,1,0,0,0,1,0,1,0,0,16,1,1,1,1,0,0          0
E7_B_stall,4364,1,0,0,0,0,0,0,0,1,0,0,0,1,0,1,0,0,16,1,1,1,1,0,0          0
E7_B_stall,4365,1,0,0,0,0,0,0,0,1,0,0,0,1,0,1,0,0,16,1,1,1,1,0,0          0
E7_B_stall,4366,1,0,0,0,0,0,0,0,1,0,0,0,1,0,1,0,0,16,1,1,1,1,0,0          0
E7_B_stall,4367,1,0,0,0,0,0,0,0,1,0,0,0,1,0,1,0,0,16,1,1,1,1,0,0          0
E7_B_stall,4368,1,0,0,0,0,0,0,0,1,0,0,0,1,0,1,0,0,16,1,1,1,1,0,0          0
E7_B_stall,4369,1,0,0,0,0,0,0,0,1,0,0,0,1,0,1,0,0,16,1,1,1,1,0,0          0
E7_B_stall,4370,1,0,0,0,0,0,0,0,1,0,0,0,1,0,1,0,0,16,1,1,1,1,0,0          0
E7_B_stall,4371,1,0,0,0,0,0,0,0,1,0,0,0,1,0,1,0,0,16,1,1,1,1,0,0          0
E7_B_stall,4372,1,0,0,0,0,0,0,0,1,0,0,0,1,0,1,0,0,16,1,1,1,1,0,0          0
E7_B_stall,4373,1,0,0,0,0,0,0,0,1,0,0,0,1,0,1,0,0,16,1,1,1,1,0,0          0
E7_B_stall,4374,1,0,0,0,0,0,0,0,1,0,0,0,1,0,1,0,0,16,1,1,1,1,0,0          0
E7_B_stall,4375,1,0,0,0,0,0,0,0,1,0,0,0,1,0,1,0,0,16,1,1,1,1,0,0          0
E7_B_stall,4376,1,0,0,0,0,0,0,0,1,0,0,0,1,0,1,0,0,16,1,1,1,1,0,0          0
E7_B_stall,4377,1,0,0,0,0,0,0,0,1,0,0,0,1,0,1,0,0,16,1,1,1,1,0,0          0
E7_B_stall,4378,1,0,0,0,0,0,0,0,1,0,0,0,1,0,1,0,0,16,1,1,1,1,0,0          0
E7_B_stall,4379,1,0,0,0,0,0,0,0,1,0,0,0,1,0,1,0,0,16,1,1,1,1,0,0          0
E7_B_stall,4380,1,0,0,0,0,0,0,0,1,0,0,0,1,0,1,0,0,16,1,1,1,1,0,0          0
E7_B_stall,4381,1,0,0,0,0,0,0,0,1,0,0,0,1,0,1,0,0,16,1,1,1,1,0,0          0
E7_B_stall,4382,1,0,0,0,0,0,0,0,1,0,0,0,1,0,1,0,0,16,1,1,1,1,0,0          0
E7_B_stall,4383,1,0,0,0,0,0,0,0,1,0,0,0,1,0,1,0,0,16,1,1,1,1,0,0          0
E7_B_stall,4384,1,0,0,0,0,0,0,0,1,0,0,0,1,0,1,0,0,16,1,1,1,1,0,0          0
E7_B_stall,4385,1,0,0,0,0,0,0,0,1,0,0,0,1,0,1,0,0,16,1,1,1,1,0,0          0
E7_B_stall,4386,1,0,0,0,0,0,0,0,1,0,0,0,1,0,1,0,0,16,1,1,1,1,0,0          0
E7_B_stall,4387,1,0,0,0,0,0,0,0,1,0,0,0,1,0,1,0,0,16,1,1,1,1,0,0          0
E7_B_stall,4388,1,0,0,0,0,0,0,0,1,0,0,0,1,0,1,0,0,16,1,1,1,1,0,0          0
E7_B_stall,4389,1,0,0,0,0,0,0,0,1,0,0,0,1,0,1,0,0,16,1,1,1,1,0,0          0
E7_B_stall,4390,1,0,0,0,0,0,0,0,1,0,0,0,1,0,1,0,0,16,1,1,1,1,0,0          0
E7_B_stall,4391,1,0,0,0,0,0,0,0,1,0,0,0,1,0,1,0,0,16,1,1,1,1,0,0          0
E7_B_stall,4392,1,0,0,0,0,0,0,0,1,0,0,0,1,0,1,0,0,16,1,1,1,1,0,0          0
E7_B_stall,4393,1,0,0,0,0,0,0,0,1,0,0,0,1,0,1,0,0,16,1,1,1,1,0,0          0
E7_B_stall,4394,1,0,0,0,0,0,0,0,1,0,0,0,1,0,1,0,0,16,1,1,1,1,0,0          0
E7_B_stall,4395,1,0,0,0,0,0,0,0,1,0,0,0,1,0,1,0,0,16,1,1,1,1,0,0          0
E7_B_stall,4396,1,0,0,0,0,0,0,0,1,0,0,0,1,0,1,0,0,16,1,1,1,1,0,0          0
E7_B_stall,4397,1,0,0,0,0,0,0,0,1,0,0,0,1,0,1,0,0,16,1,1,1,1,0,0          0
E7_B_stall,4398,1,0,0,0,0,0,0,0,1,0,0,0,1,0,1,0,0,16,1,1,1,1,0,0          0
E7_B_stall,4399,1,0,0,0,0,0,0,0,1,0,0,0,1,0,1,0,0,16,1,1,1,1,0,0          0
E7_B_stall,4400,1,0,0,0,0,0,0,0,1,0,0,0,1,0,1,0,0,16,1,1,1,1,0,0          0
E7_B_stall,4401,1,0,0,0,0,0,0,0,1,0,0,0,1,0,1,0,0,16,1,1,1,1,0,0          0
E7_B_stall,4402,1,0,0,0,0,0,0,0,1,0,0,0,1,0,1,0,0,16,1,1,1,1,0,0          0
E7_B_stall,4403,1,0,0,0,0,0,0,0,1,0,0,0,1,0,1,0,0,16,1,1,1,1,0,0          0
E7_B_stall,4404,1,0,0,0,0,0,0,0,1,0,0,0,1,0,1,0,0,16,1,1,1,1,0,0          0
E7_B_stall,4405,1,0,0,0,0,0,0,0,1,0,0,0,1,0,1,0,0,16,1,1,1,1,0,0          0
E7_B_stall,4406,1,0,0,0,0,0,0,0,1,0,0,0,1,0,1,0,0,16,1,1,1,1,0,0          0
E7_B_stall,4407,1,0,0,0,0,0,0,0,1,0,0,0,1,0,1,0,0,16,1,1,1,1,0,0          0
E7_B_stall,4408,1,0,0,0,0,0,0,0,1,0,0,0,1,0,1,0,0,16,1,1,1,1,0,0          0
E7_B_stall,4409,1,0,0,0,0,0,0,0,1,0,0,0,1,0,1,0,0,16,1,1,1,1,0,0          0
E7_B_stall,4410,1,0,0,0,0,0,0,0,1,0,0,0,1,0,1,0,0,16,1,1,1,1,0,0          0
E7_B_stall,4411,1,0,0,0,0,0,0,0,1,0,0,0,1,0,1,0,0,16,1,1,1,1,0,0          0
E7_B_stall,4412,1,0,0,0,0,0,0,0,1,0,0,0,1,0,1,0,0,16,1,1,1,1,0,0          0
E7_B_stall,4413,1,0,0,0,0,0,0,0,1,0,0,0,1,0,1,0,0,16,1,1,1,1,0,0          0
E7_B_stall,4414,1,0,0,0,0,0,0,0,1,0,0,0,1,0,1,0,0,16,1,1,1,1,0,0          0
E7_B_stall,4415,1,0,0,0,0,0,0,0,1,0,0,0,1,0,1,0,0,16,1,1,1,1,0,0          0
E7_B_stall,4416,1,0,0,0,0,0,0,0,1,0,0,0,1,0,1,0,0,16,1,1,1,1,0,0          0
E7_B_stall,4417,1,0,0,0,0,0,0,0,1,0,0,0,1,0,1,0,0,16,1,1,1,1,0,0          0
E7_B_stall,4418,1,0,0,0,0,0,0,0,1,0,0,0,1,0,1,0,0,16,1,1,1,1,0,0          0
E7_B_stall,4419,1,0,0,0,0,0,0,0,1,0,0,0,1,0,1,0,0,16,1,1,1,1,0,0          0
E7_B_stall,4420,1,0,0,0,0,0,0,0,1,0,0,0,1,0,1,0,0,16,1,1,1,1,0,0          0
E7_B_stall,4421,1,0,0,0,0,0,0,0,1,0,0,0,1,0,1,0,0,16,1,1,1,1,0,0          0
E7_B_stall,4422,1,0,0,0,0,0,0,0,1,0,0,0,1,0,1,0,0,16,1,1,1,1,0,0          0
E7_B_stall,4423,1,0,0,0,0,0,0,0,1,0,0,0,1,0,1,0,0,16,1,1,1,1,0,0          0
E7_B_stall,4424,1,0,0,0,0,0,0,0,1,0,0,0,1,0,1,0,0,16,1,1,1,1,0,0          0
E7_B_stall,4425,1,0,0,0,0,0,0,0,1,0,0,0,1,0,1,0,0,16,1,1,1,1,0,0          0
E7_B_stall,4426,1,0,0,0,0,0,0,0,1,0,0,0,1,0,1,0,0,16,1,1,1,1,0,0          0
E7_B_stall,4427,1,0,0,0,0,0,0,0,1,0,0,0,1,0,1,0,0,16,1,1,1,1,0,0          0
E7_B_stall,4428,1,0,0,0,0,0,0,0,1,0,0,0,1,0,1,0,0,16,1,1,1,1,0,0          0
E7_B_stall,4429,1,0,0,0,0,0,0,0,1,0,0,0,1,0,1,0,0,16,1,1,1,1,0,0          0
E7_B_stall,4430,1,0,0,0,0,0,0,0,1,0,0,0,1,0,1,0,0,16,1,1,1,1,0,0          0
E7_B_stall,4431,1,0,0,0,0,0,0,0,1,0,0,0,1,0,1,0,0,16,1,1,1,1,0,0          0
E7_B_stall,4432,1,0,0,0,0,0,0,0,1,0,0,0,1,0,1,0,0,16,1,1,1,1,0,0          0
E7_B_stall,4433,1,0,0,0,0,0,0,0,1,0,0,0,1,0,1,0,0,16,1,1,1,1,0,0          0
E7_B_stall,4434,1,0,0,0,0,0,0,0,1,0,0,0,1,0,1,0,0,16,1,1,1,1,0,0          0
E7_B_stall,4435,1,0,0,0,0,0,0,0,1,0,0,0,1,0,1,0,0,16,1,1,1,1,0,0          0
E7_B_stall,4436,1,0,0,0,0,0,0,0,1,0,0,0,1,0,1,0,0,16,1,1,1,1,0,0          0
E7_B_stall,4437,1,0,0,0,0,0,0,0,1,0,0,0,1,0,1,0,0,16,1,1,1,1,0,0          0
E7_B_stall,4438,1,0,0,0,0,0,0,0,1,0,0,0,1,0,1,0,0,16,1,1,1,1,0,0          0
E7_B_stall,4439,1,0,0,0,0,0,0,0,1,0,0,0,1,0,1,0,0,16,1,1,1,1,0,0          0
E7_B_stall,4440,1,0,0,0,0,0,0,0,1,0,0,0,1,0,1,0,0,16,1,1,1,1,0,0          0
E7_B_stall,4441,1,0,0,0,0,0,0,0,1,0,0,0,1,0,1,0,0,16,1,1,1,1,0,0          0
E7_B_stall,4442,1,0,0,0,0,0,0,0,1,0,0,0,1,0,1,0,0,16,1,1,1,1,0,0          0
E7_B_stall,4443,1,0,0,0,0,0,0,0,1,0,0,0,1,0,1,0,0,16,1,1,1,1,0,0          0
E7_B_stall,4444,1,0,0,0,0,0,0,0,1,0,0,0,1,0,1,0,0,16,1,1,1,1,0,0          0
E7_B_stall,4445,1,0,0,0,0,0,0,0,1,0,0,0,1,0,1,0,0,16,1,1,1,1,0,0          0
E7_B_stall,4446,1,0,0,0,0,0,0,0,1,0,0,0,1,0,1,0,0,16,1,1,1,1,0,0          0
E7_B_stall,4447,1,0,0,0,0,0,0,0,1,0,0,0,1,0,1,0,0,16,1,1,1,1,0,0          0
E7_B_stall,4448,1,0,0,0,0,0,0,0,1,0,0,0,1,0,1,0,0,16,1,1,1,1,0,0          0
E7_B_stall,4449,1,0,0,0,0,0,0,0,1,0,0,0,1,0,1,0,0,16,1,1,1,1,0,0          0
E7_B_stall,4450,1,0,0,0,0,0,0,0,1,0,0,0,1,0,1,0,0,16,1,1,1,1,0,0          0
E7_B_stall,4451,1,0,0,0,0,0,0,0,1,0,0,0,1,0,1,0,0,16,1,1,1,1,0,0          0
E7_B_stall,4452,1,0,0,0,0,0,0,0,1,0,0,0,1,0,1,0,0,16,1,1,1,1,0,0          0
E7_B_stall,4453,1,0,0,0,0,0,0,0,1,0,0,0,1,0,1,0,0,16,1,1,1,1,0,0          0
E7_B_stall,4454,1,0,0,0,0,0,0,0,1,0,0,0,1,0,1,0,0,16,1,1,1,1,0,0          0
E7_B_stall,4455,1,0,0,0,0,0,0,0,1,0,0,0,1,0,1,0,0,16,1,1,1,1,0,0          0
E7_B_stall,4456,1,0,0,0,0,0,0,0,1,0,0,0,1,0,1,0,0,16,1,1,1,1,0,0          0
E7_B_stall,4457,1,0,0,0,0,0,0,0,1,0,0,0,1,0,1,0,0,16,1,1,1,1,0,0          0
E7_B_stall,4458,1,0,0,0,0,0,0,0,1,0,0,0,1,0,1,0,0,16,1,1,1,1,0,0          0
E7_B_stall,4459,1,0,0,0,0,0,0,0,1,0,0,0,1,0,1,0,0,16,1,1,1,1,0,0          0
E7_B_stall,4460,1,0,0,0,0,0,0,0,1,0,0,0,1,0,1,0,0,16,1,1,1,1,0,0          0
E7_B_stall,4461,1,0,0,0,0,0,0,0,1,0,0,0,1,0,1,0,0,16,1,1,1,1,0,0          0
E7_B_stall,4462,1,0,0,0,0,0,0,0,1,0,0,0,1,0,1,0,0,16,1,1,1,1,0,0          0
E7_B_stall,4463,1,0,0,0,0,0,0,0,1,0,0,0,1,0,1,0,0,16,1,1,1,1,0,0          0
E7_B_stall,4464,1,0,0,0,0,0,0,0,1,0,0,0,1,0,1,0,0,16,1,1,1,1,0,0          0
E7_B_stall,4465,1,0,0,0,0,0,0,0,1,0,0,0,1,0,1,0,0,16,1,1,1,1,0,0          0
E7_B_stall,4466,1,0,0,0,0,0,0,0,1,0,0,0,1,0,1,0,0,16,1,1,1,1,0,0          0
E7_B_stall,4467,1,0,0,0,0,0,0,0,1,0,0,0,1,0,1,0,0,16,1,1,1,1,0,0          0
E7_B_stall,4468,1,0,0,0,0,0,0,0,1,0,0,0,1,0,1,0,0,16,1,1,1,1,0,0          0
E7_B_stall,4469,1,0,0,0,0,0,0,0,1,0,0,0,1,0,1,0,0,16,1,1,1,1,0,0          0
E7_B_stall,4470,1,0,0,0,0,0,0,0,1,0,0,0,1,0,1,0,0,16,1,1,1,1,0,0          0
E7_B_stall,4471,1,0,0,0,0,0,0,0,1,0,0,0,1,0,1,0,0,16,1,1,1,1,0,0          0
E7_B_stall,4472,1,0,0,0,0,0,0,0,1,0,0,0,1,0,1,0,0,16,1,1,1,1,0,0          0
E7_B_stall,4473,1,0,0,0,0,0,0,0,1,0,0,0,1,0,1,0,0,16,1,1,1,1,0,0          0
E7_B_stall,4474,1,0,0,0,0,0,0,0,1,0,0,0,1,0,1,0,0,16,1,1,1,1,0,0          0
E7_B_stall,4475,1,0,0,0,0,0,0,0,1,0,0,0,1,0,1,0,0,16,1,1,1,1,0,0          0
E7_B_stall,4476,1,0,0,0,0,0,0,0,1,0,0,0,1,0,1,0,0,16,1,1,1,1,0,0          0
E7_B_stall,4477,1,0,0,0,0,0,0,0,1,0,0,0,1,0,1,0,0,16,1,1,1,1,0,0          0
E7_B_stall,4478,1,0,0,0,0,0,0,0,1,0,0,0,1,0,1,0,0,16,1,1,1,1,0,0          0
E7_B_stall,4479,1,0,0,0,0,0,0,0,1,0,0,0,1,0,1,0,0,16,1,1,1,1,0,0          0
E7_B_stall,4480,1,0,0,0,0,0,0,0,1,0,0,0,1,0,1,0,0,16,1,1,1,1,0,0          0
E7_B_stall,4481,1,0,0,0,0,0,0,0,1,0,0,0,1,0,1,0,0,16,1,1,1,1,0,0          0
E7_B_stall,4482,1,0,0,0,0,0,0,0,1,0,0,0,1,0,1,0,0,16,1,1,1,1,0,0          0
E7_B_stall,4483,1,0,0,0,0,0,0,0,1,0,0,0,1,0,1,0,0,16,1,1,1,1,0,0          0
E7_B_stall,4484,1,0,0,0,0,0,0,0,1,0,0,0,1,0,1,0,0,16,1,1,1,1,0,0          0
E7_B_stall,4485,1,0,0,0,0,0,0,0,1,0,0,0,1,0,1,0,0,16,1,1,1,1,0,0          0
E7_B_stall,4486,1,0,0,0,0,0,0,0,1,0,0,0,1,0,1,0,0,16,1,1,1,1,0,0          0
E7_B_stall,4487,1,0,0,0,0,0,0,0,1,0,0,0,1,0,1,0,0,16,1,1,1,1,0,0          0
E7_B_stall,4488,1,0,0,0,0,0,0,0,1,0,0,0,1,0,1,0,0,16,1,1,1,1,0,0          0
E7_B_stall,4489,1,0,0,0,0,0,0,0,1,0,0,0,1,0,1,0,0,16,1,1,1,1,0,0          0
E7_B_stall,4490,1,0,0,0,0,0,0,0,1,0,0,0,1,0,1,0,0,16,1,1,1,1,0,0          0
E7_B_stall,4491,1,0,0,0,0,0,0,0,1,0,0,0,1,0,1,0,0,16,1,1,1,1,0,0          0
E7_B_stall,4492,1,0,0,0,0,0,0,0,1,0,0,0,1,0,1,0,0,16,1,1,1,1,0,0          0
E7_B_stall,4493,1,0,0,0,0,0,0,0,1,0,0,0,1,0,1,0,0,16,1,1,1,1,0,0          0
E7_B_stall,4494,1,0,0,0,0,0,0,0,1,0,0,0,1,0,1,0,0,16,1,1,1,1,0,0          0
E7_B_stall,4495,1,0,0,0,0,0,0,0,1,0,0,0,1,0,1,0,0,16,1,1,1,1,0,0          0
E7_B_stall,4496,1,0,0,0,0,0,0,0,1,0,0,0,1,0,1,0,0,16,1,1,1,1,0,0          0
E7_B_stall,4497,1,0,0,0,0,0,0,0,1,0,0,0,1,0,1,0,0,16,1,1,1,1,0,0          0
E7_B_stall,4498,1,0,0,0,0,0,0,0,1,0,0,0,1,0,1,0,0,16,1,1,1,1,0,0          0
E7_B_stall,4499,1,0,0,0,0,0,0,0,1,0,0,0,1,0,1,0,0,16,1,1,1,1,0,0          0
E7_B_stall,4500,1,0,0,0,0,0,0,0,1,0,0,0,1,0,1,0,0,16,1,1,1,1,0,0          0
E7_B_stall,4501,1,0,0,0,0,0,0,0,1,0,0,0,1,0,1,0,0,16,1,1,1,1,0,0          0
E7_B_stall,4502,1,0,0,0,0,0,0,0,1,0,0,0,1,0,1,0,0,16,1,1,1,1,0,0          0
E7_B_stall,4503,1,0,0,0,0,0,0,0,1,0,0,0,1,0,1,0,0,16,1,1,1,1,0,0          0
E7_B_stall,4504,1,0,0,0,0,0,0,0,1,0,0,0,1,0,1,0,0,16,1,1,1,1,0,0          0
E7_B_stall,4505,1,0,0,0,0,0,0,0,1,0,0,0,1,0,1,0,0,16,1,1,1,1,0,0          0
E7_B_stall,4506,1,0,0,0,0,0,0,0,1,0,0,0,1,0,1,0,0,16,1,1,1,1,0,0          0
E7_B_stall,4507,1,0,0,0,0,0,0,0,1,0,0,0,1,0,1,0,0,16,1,1,1,1,0,0          0
E7_B_stall,4508,1,0,0,0,0,0,0,0,1,0,0,0,1,0,1,0,0,16,1,1,1,1,0,0          0
E7_B_stall,4509,1,0,0,0,0,0,0,0,1,0,0,0,1,0,1,0,0,16,1,1,1,1,0,0          0
E7_B_stall,4510,1,0,0,0,0,0,0,0,1,0,0,0,1,0,1,0,0,16,1,1,1,1,0,0          0
E7_B_stall,4511,1,0,0,0,0,0,0,0,1,0,0,0,1,0,1,0,0,16,1,1,1,1,0,0          0
E7_B_stall,4512,1,0,0,0,0,0,0,0,1,0,0,0,1,0,1,0,0,16,1,1,1,1,0,0          0
E7_B_stall,4513,1,0,0,0,0,0,0,0,1,0,0,0,1,0,1,0,0,16,1,1,1,1,0,0          0
E7_B_stall,4514,1,0,0,0,0,0,0,0,1,0,0,0,1,0,1,0,0,16,1,1,1,1,0,0          0
E7_B_stall,4515,1,0,0,0,0,0,0,0,1,0,0,0,1,0,1,0,0,16,1,1,1,1,0,0          0
E7_B_stall,4516,1,0,0,0,0,0,0,0,1,0,0,0,1,0,1,0,0,16,1,1,1,1,0,0          0
E7_B_stall,4517,1,0,0,0,0,0,0,0,1,0,0,0,1,0,1,0,0,16,1,1,1,1,0,0          0
E7_B_stall,4518,1,0,0,0,0,0,0,0,1,0,0,0,1,0,1,0,0,16,1,1,1,1,0,0          0
E7_B_stall,4519,1,0,0,0,0,0,0,0,1,0,0,0,1,0,1,0,0,16,1,1,1,1,0,0          0
E7_B_stall,4520,1,0,0,0,0,0,0,0,1,0,0,0,1,0,1,0,0,16,1,1,1,1,0,0          0
E7_B_stall,4521,1,0,0,0,0,0,0,0,1,0,0,0,1,0,1,0,0,16,1,1,1,1,0,0          0
E7_B_stall,4522,1,0,0,0,0,0,0,0,1,0,0,0,1,0,1,0,0,16,1,1,1,1,0,0          0
E7_B_stall,4523,1,0,0,0,0,0,0,0,1,0,0,0,1,0,1,0,0,16,1,1,1,1,0,0          0
E7_B_stall,4524,1,0,0,0,0,0,0,0,1,0,0,0,1,0,1,0,0,16,1,1,1,1,0,0          0
E7_B_stall,4525,1,0,0,0,0,0,0,0,1,0,0,0,1,0,1,0,0,16,1,1,1,1,0,0          0
E7_B_stall,4526,1,0,0,0,0,0,0,0,1,0,0,0,1,0,1,0,0,16,1,1,1,1,0,0          0
E7_B_stall,4527,1,0,0,0,0,0,0,0,1,0,0,0,1,0,1,0,0,16,1,1,1,1,0,0          0
E7_B_stall,4528,1,0,0,0,0,0,0,0,1,0,0,0,1,0,1,0,0,16,1,1,1,1,0,0          0
E7_B_stall,4529,1,0,0,0,0,0,0,0,1,0,0,0,1,0,1,0,0,16,1,1,1,1,0,0          0
E7_B_stall,4530,1,0,0,0,0,0,0,0,1,0,0,0,1,0,1,0,0,16,1,1,1,1,0,0          0
E7_B_stall,4531,1,0,0,0,0,0,0,0,1,0,0,0,1,0,1,0,0,16,1,1,1,1,0,0          0
E7_B_stall,4532,1,0,0,0,0,0,0,0,1,0,0,0,1,0,1,0,0,16,1,1,1,1,0,0          0
E7_B_stall,4533,1,0,0,0,0,0,0,0,1,0,0,0,1,0,1,0,0,16,1,1,1,1,0,0          0
E7_B_stall,4534,1,0,0,0,0,0,0,0,1,0,0,0,1,0,1,0,0,16,1,1,1,1,0,0          0
E7_B_stall,4535,1,0,0,0,0,0,0,0,1,0,0,0,1,0,1,0,0,16,1,1,1,1,0,0          0
E7_B_stall,4536,1,0,0,0,0,0,0,0,1,0,0,0,1,0,1,0,0,16,1,1,1,1,0,0          0
E7_B_stall,4537,1,0,0,0,0,0,0,0,1,0,0,0,1,0,1,0,0,16,1,1,1,1,0,0          0
E7_B_stall,4538,1,0,0,0,0,0,0,0,1,0,0,0,1,0,1,0,0,16,1,1,1,1,0,0          0
E7_B_stall,4539,1,0,0,0,0,0,0,0,1,0,0,0,1,0,1,0,0,16,1,1,1,1,0,0          0
E7_B_stall,4540,1,0,0,0,0,0,0,0,1,0,0,0,1,0,1,0,0,16,1,1,1,1,0,0          0
E7_B_stall,4541,1,0,0,0,0,0,0,0,1,0,0,0,1,0,1,0,0,16,1,1,1,1,0,0          0
E7_B_stall,4542,1,0,0,0,0,0,0,0,1,0,0,0,1,0,1,0,0,16,1,1,1,1,0,0          0
E7_B_stall,4543,1,0,0,0,0,0,0,0,1,0,0,0,1,0,1,0,0,16,1,1,1,1,0,0          0
E7_B_stall,4544,1,0,0,0,0,0,0,0,1,0,0,0,1,0,1,0,0,16,1,1,1,1,0,0          0
E7_B_stall,4545,1,0,0,0,0,0,0,0,1,0,0,0,1,0,1,0,0,16,1,1,1,1,0,0          0
E7_B_stall,4546,1,0,0,0,0,0,0,0,1,0,0,0,1,0,1,0,0,16,1,1,1,1,0,0          0
E7_B_stall,4547,1,0,0,0,0,0,0,0,1,0,0,0,1,0,1,0,0,16,1,1,1,1,0,0          0
E7_B_stall,4548,1,0,0,0,0,0,0,0,1,0,0,0,1,0,1,0,0,16,1,1,1,1,0,0          0
E7_B_stall,4549,1,0,0,0,0,0,0,0,1,0,0,0,1,0,1,0,0,16,1,1,1,1,0,0          0
E7_B_stall,4550,1,0,0,0,0,0,0,0,1,0,0,0,1,0,1,0,0,16,1,1,1,1,0,0          0
E7_B_stall,4551,1,0,0,0,0,0,0,0,1,0,0,0,1,0,1,0,0,16,1,1,1,1,0,0          0
E7_B_stall,4552,1,0,0,0,0,0,0,0,1,0,0,0,1,0,1,0,0,16,1,1,1,1,0,0          0
E7_B_stall,4553,1,0,0,0,0,0,0,0,1,0,0,0,1,0,1,0,0,16,1,1,1,1,0,0          0
E7_B_stall,4554,1,0,0,0,0,0,0,0,1,0,0,0,1,0,1,0,0,16,1,1,1,1,0,0          0
E7_B_stall,4555,1,0,0,0,0,0,0,0,1,0,0,0,1,0,1,0,0,16,1,1,1,1,0,0          0
E7_B_stall,4556,1,0,0,0,0,0,0,0,1,0,0,0,1,0,1,0,0,16,1,1,1,1,0,0          0
E7_B_stall,4557,1,0,0,0,0,0,0,0,1,0,0,0,1,0,1,0,0,16,1,1,1,1,0,0          0
E7_B_stall,4558,1,0,0,0,0,0,0,0,1,0,0,0,1,0,1,0,0,16,1,1,1,1,0,0          0
E7_B_stall,4559,1,0,0,0,0,0,0,0,1,0,0,0,1,0,1,0,0,16,1,1,1,1,0,0          0
E7_B_stall,4560,1,0,0,0,0,0,0,0,1,0,0,0,1,0,1,0,0,16,1,1,1,1,0,0          0
E7_B_stall,4561,1,0,0,0,0,0,0,0,1,0,0,0,1,0,1,0,0,16,1,1,1,1,0,0          0
E7_B_stall,4562,1,0,0,0,0,0,0,0,1,0,0,0,1,0,1,0,0,16,1,1,1,1,0,0          0
E7_B_stall,4563,1,0,0,0,0,0,0,0,1,0,0,0,1,0,1,0,0,16,1,1,1,1,0,0          0
E7_B_stall,4564,1,0,0,0,0,0,0,0,1,0,0,0,1,0,1,0,0,16,1,1,1,1,0,0          0
E7_B_stall,4565,1,0,0,0,0,0,0,0,1,0,0,0,1,0,1,0,0,16,1,1,1,1,0,0          0
E7_B_stall,4566,1,0,0,0,0,0,0,0,1,0,0,0,1,0,1,0,0,16,1,1,1,1,0,0          0
E7_B_stall,4567,1,0,0,0,0,0,0,0,1,0,0,0,1,0,1,0,0,16,1,1,1,1,0,0          0
E7_B_stall,4568,1,0,0,0,0,0,0,0,1,0,0,0,1,0,1,0,0,16,1,1,1,1,0,0          0
E7_B_stall,4569,1,0,0,0,0,0,0,0,1,0,0,0,1,0,1,0,0,16,1,1,1,1,0,0          0
E7_B_stall,4570,1,0,0,0,0,0,0,0,1,0,0,0,1,0,1,0,0,16,1,1,1,1,0,0          0
E7_B_stall,4571,1,0,0,0,0,0,0,0,1,0,0,0,1,0,1,0,0,16,1,1,1,1,0,0          0
E7_B_stall,4572,1,0,0,0,0,0,0,0,1,0,0,0,1,0,1,0,0,16,1,1,1,1,0,0          0
E7_B_stall,4573,1,0,0,0,0,0,0,0,1,0,0,0,1,0,1,0,0,16,1,1,1,1,0,0          0
E7_B_stall,4574,1,0,0,0,0,0,0,0,1,0,0,0,1,0,1,0,0,16,1,1,1,1,0,0          0
E7_B_stall,4575,1,0,0,0,0,0,0,0,1,0,0,0,1,0,1,0,0,16,1,1,1,1,0,0          0
E7_B_stall,4576,1,0,0,0,0,0,0,0,1,0,0,0,1,0,1,0,0,16,1,1,1,1,0,0          0
E7_B_stall,4577,1,0,0,0,0,0,0,0,1,0,0,0,1,0,1,0,0,16,1,1,1,1,0,0          0
E7_B_stall,4578,1,0,0,0,0,0,0,0,1,0,0,0,1,0,1,0,0,16,1,1,1,1,0,0          0
E7_B_stall,4579,1,0,0,0,0,0,0,0,1,0,0,0,1,0,1,0,0,16,1,1,1,1,0,0          0
E7_B_stall,4580,1,0,0,0,0,0,0,0,1,0,0,0,1,0,1,0,0,16,1,1,1,1,0,0          0
E7_B_stall,4581,1,0,0,0,0,0,0,0,1,0,0,0,1,0,1,0,0,16,1,1,1,1,0,0          0
E7_B_stall,4582,1,0,0,0,0,0,0,0,1,0,0,0,1,0,1,0,0,16,1,1,1,1,0,0          0
E7_B_stall,4583,1,0,0,0,0,0,0,0,1,0,0,0,1,0,1,0,0,16,1,1,1,1,0,0          0
E7_B_stall,4584,1,0,0,0,0,0,0,0,1,0,0,0,1,0,1,0,0,16,1,1,1,1,0,0          0
E7_B_stall,4585,1,0,0,0,0,0,0,0,1,0,0,0,1,0,1,0,0,16,1,1,1,1,0,0          0
E7_B_stall,4586,1,0,0,0,0,0,0,0,1,0,0,0,1,0,1,0,0,16,1,1,1,1,0,0          0
E7_B_stall,4587,1,0,0,0,0,0,0,0,1,0,0,0,1,0,1,0,0,16,1,1,1,1,0,0          0
E7_B_stall,4588,1,0,0,0,0,0,0,0,1,0,0,0,1,0,1,0,0,16,1,1,1,1,0,0          0
E7_B_stall,4589,1,0,0,0,0,0,0,0,1,0,0,0,1,0,1,0,0,16,1,1,1,1,0,0          0
E7_B_stall,4590,1,0,0,0,0,0,0,0,1,0,0,0,1,0,1,0,0,16,1,1,1,1,0,0          0
E7_B_stall,4591,1,0,0,0,0,0,0,0,1,0,0,0,1,0,1,0,0,16,1,1,1,1,0,0          0
E7_B_stall,4592,1,0,0,0,0,0,0,0,1,0,0,0,1,0,1,0,0,16,1,1,1,1,0,0          0
E7_B_stall,4593,1,0,0,0,0,0,0,0,1,0,0,0,1,0,1,0,0,16,1,1,1,1,0,0          0
E7_B_stall,4594,1,0,0,0,0,0,0,0,1,0,0,0,1,0,1,0,0,16,1,1,1,1,0,0          0
E7_B_stall,4595,1,0,0,0,0,0,0,0,1,0,0,0,1,0,1,0,0,16,1,1,1,1,0,0          0
E7_B_stall,4596,1,0,0,0,0,0,0,0,1,0,0,0,1,0,1,0,0,16,1,1,1,1,0,0          0
E7_B_stall,4597,1,0,0,0,0,0,0,0,1,0,0,0,1,0,1,0,0,16,1,1,1,1,0,0          0
E7_B_stall,4598,1,0,0,0,0,0,0,0,1,0,0,0,1,0,1,0,0,16,1,1,1,1,0,0          0
E7_B_stall,4599,1,0,0,0,0,0,0,0,1,0,0,0,1,0,1,0,0,16,1,1,1,1,0,0          0
E7_B_stall,4600,1,0,0,0,0,0,0,0,1,0,0,0,1,0,1,0,0,16,1,1,1,1,0,0          0
E7_B_stall,4601,1,0,0,0,0,0,0,0,1,0,0,0,1,0,1,0,0,16,1,1,1,1,0,0          0
E7_B_stall,4602,1,0,0,0,0,0,0,0,1,0,0,0,1,0,1,0,0,16,1,1,1,1,0,0          0
E7_B_stall,4603,1,0,0,0,0,0,0,0,1,0,0,0,1,0,1,0,0,16,1,1,1,1,0,0          0
E7_B_stall,4604,1,0,0,0,0,0,0,0,1,0,0,0,1,0,1,0,0,16,1,1,1,1,0,0          0
E7_B_stall,4605,1,0,0,0,0,0,0,0,1,0,0,0,1,0,1,0,0,16,1,1,1,1,0,0          0
E7_B_stall,4606,1,0,0,0,0,0,0,0,1,0,0,0,1,0,1,0,0,16,1,1,1,1,0,0          0
E7_B_stall,4607,1,0,0,0,0,0,0,0,1,0,0,0,1,0,1,0,0,16,1,1,1,1,0,0          0
E7_B_stall,4608,1,0,0,0,0,0,0,0,1,0,0,0,1,0,1,0,0,16,1,1,1,1,0,0          0
E7_B_stall,4609,1,0,0,0,0,0,0,0,1,0,0,0,1,0,1,0,0,16,1,1,1,1,0,0          0
E7_B_stall,4610,1,0,0,0,0,0,0,0,1,0,0,0,1,0,1,0,0,16,1,1,1,1,0,0          0
E7_B_stall,4611,1,0,0,0,0,0,0,0,1,0,0,0,1,0,1,0,0,16,1,1,1,1,0,0          0
E7_B_stall,4612,1,0,0,0,0,0,0,0,1,0,0,0,1,0,1,0,0,16,1,1,1,1,0,0          0
E7_B_stall,4613,1,0,0,0,0,0,0,0,1,0,0,0,1,0,1,0,0,16,1,1,1,1,0,0          0
E7_B_stall,4614,1,0,0,0,0,0,0,0,1,0,0,0,1,0,1,0,0,16,1,1,1,1,0,0          0
E7_B_stall,4615,1,0,0,0,0,0,0,0,1,0,0,0,1,0,1,0,0,16,1,1,1,1,0,0          0
E7_B_stall,4616,1,0,0,0,0,0,0,0,1,0,0,0,1,0,1,0,0,16,1,1,1,1,0,0          0
E7_B_stall,4617,1,0,0,0,0,0,0,0,1,0,0,0,1,0,1,0,0,16,1,1,1,1,0,0          0
E7_B_stall,4618,1,0,0,0,0,0,0,0,1,0,0,0,1,0,1,0,0,16,1,1,1,1,0,0          0
E7_B_stall,4619,1,0,0,0,0,0,0,0,1,0,0,0,1,0,1,0,0,16,1,1,1,1,0,0          0
E7_B_stall,4620,1,0,0,0,0,0,0,0,1,0,0,0,1,0,1,0,0,16,1,1,1,1,0,0          0
E7_B_stall,4621,1,0,0,0,0,0,0,0,1,0,0,0,1,0,1,0,0,16,1,1,1,1,0,0          0
E7_B_stall,4622,1,0,0,0,0,0,0,0,1,0,0,0,1,0,1,0,0,16,1,1,1,1,0,0          0
E7_B_stall,4623,1,0,0,0,0,0,0,0,1,0,0,0,1,0,1,0,0,16,1,1,1,1,0,0          0
E7_B_stall,4624,1,0,0,0,0,0,0,0,1,0,0,0,1,0,1,0,0,16,1,1,1,1,0,0          0
E7_B_stall,4625,1,0,0,0,0,0,0,0,1,0,0,0,1,0,1,0,0,16,1,1,1,1,0,0          0
E7_B_stall,4626,1,0,0,0,0,0,0,0,1,0,0,0,1,0,1,0,0,16,1,1,1,1,0,0          0
E7_B_stall,4627,1,0,0,0,0,0,0,0,1,0,0,0,1,0,1,0,0,16,1,1,1,1,0,0          0
E7_B_stall,4628,1,0,0,0,0,0,0,0,1,0,0,0,1,0,1,0,0,16,1,1,1,1,0,0          0
E7_B_stall,4629,1,0,0,0,0,0,0,0,1,0,0,0,1,0,1,0,0,16,1,1,1,1,0,0          0
E7_B_stall,4630,1,0,0,0,0,0,0,0,1,0,0,0,1,0,1,0,0,16,1,1,1,1,0,0          0
E7_B_stall,4631,1,0,0,0,0,0,0,0,1,0,0,0,1,0,1,0,0,16,1,1,1,1,0,0          0
E7_B_stall,4632,1,0,0,0,0,0,0,0,1,0,0,0,1,0,1,0,0,16,1,1,1,1,0,0          0
E7_B_stall,4633,1,0,0,0,0,0,0,0,1,0,0,0,1,0,1,0,0,16,1,1,1,1,0,0          0
E7_B_stall,4634,1,0,0,0,0,0,0,0,1,0,0,0,1,0,1,0,0,16,1,1,1,1,0,0          0
E7_B_stall,4635,1,0,0,0,0,0,0,0,1,0,0,0,1,0,1,0,0,16,1,1,1,1,0,0          0
E7_B_stall,4636,1,0,0,0,0,0,0,0,1,0,0,0,1,0,1,0,0,16,1,1,1,1,0,0          0
E7_B_stall,4637,1,0,0,0,0,0,0,0,1,0,0,0,1,0,1,0,0,16,1,1,1,1,0,0          0
E7_B_stall,4638,1,0,0,0,0,0,0,0,1,0,0,0,1,0,1,0,0,16,1,1,1,1,0,0          0
E7_B_stall,4639,1,0,0,0,0,0,0,0,1,0,0,0,1,0,1,0,0,16,1,1,1,1,0,0          0
E7_B_stall,4640,1,0,0,0,0,0,0,0,1,0,0,0,1,0,1,0,0,16,1,1,1,1,0,0          0
E7_B_stall,4641,1,0,0,0,0,0,0,0,1,0,0,0,1,0,1,0,0,16,1,1,1,1,0,0          0
E7_B_stall,4642,1,0,0,0,0,0,0,0,1,0,0,0,1,0,1,0,0,16,1,1,1,1,0,0          0
E7_B_stall,4643,1,0,0,0,0,0,0,0,1,0,0,0,1,0,1,0,0,16,1,1,1,1,0,0          0
E7_B_stall,4644,1,0,0,0,0,0,0,0,1,0,0,0,1,0,1,0,0,16,1,1,1,1,0,0          0
E7_B_stall,4645,1,0,0,0,0,0,0,0,1,0,0,0,1,0,1,0,0,16,1,1,1,1,0,0          0
E7_B_stall,4646,1,0,0,0,0,0,0,0,1,0,0,0,1,0,1,0,0,16,1,1,1,1,0,0          0
E7_B_stall,4647,1,0,0,0,0,0,0,0,1,0,0,0,1,0,1,0,0,16,1,1,1,1,0,0          0
E7_B_stall,4648,1,0,0,0,0,0,0,0,1,0,0,0,1,0,1,0,0,16,1,1,1,1,0,0          0
E7_B_stall,4649,1,0,0,0,0,0,0,0,1,0,0,0,1,0,1,0,0,16,1,1,1,1,0,0          0
E7_B_stall,4650,1,0,0,0,0,0,0,0,1,0,0,0,1,0,1,0,0,16,1,1,1,1,0,0          0
E7_B_stall,4651,1,0,0,0,0,0,0,0,1,0,0,0,1,0,1,0,0,16,1,1,1,1,0,0          0
E7_B_stall,4652,1,0,0,0,0,0,0,0,1,0,0,0,1,0,1,0,0,16,1,1,1,1,0,0          0
E7_B_stall,4653,1,0,0,0,0,0,0,0,1,0,0,0,1,0,1,0,0,16,1,1,1,1,0,0          0
E7_B_stall,4654,1,0,0,0,0,0,0,0,1,0,0,0,1,0,1,0,0,16,1,1,1,1,0,0          0
E7_B_stall,4655,1,0,0,0,0,0,0,0,1,0,0,0,1,0,1,0,0,16,1,1,1,1,0,0          0
E7_B_stall,4656,1,0,0,0,0,0,0,0,1,0,0,0,1,0,1,0,0,16,1,1,1,1,0,0          0
E7_B_stall,4657,1,0,0,0,0,0,0,0,1,0,0,0,1,0,1,0,0,16,1,1,1,1,0,0          0
E7_B_stall,4658,1,0,0,0,0,0,0,0,1,0,0,0,1,0,1,0,0,16,1,1,1,1,0,0          0
E7_B_stall,4659,1,0,0,0,0,0,0,0,1,0,0,0,1,0,1,0,0,16,1,1,1,1,0,0          0
E7_B_stall,4660,1,0,0,0,0,0,0,0,1,0,0,0,1,0,1,0,0,16,1,1,1,1,0,0          0
E7_B_stall,4661,1,0,0,0,0,0,0,0,1,0,0,0,1,0,1,0,0,16,1,1,1,1,0,0          0
E7_B_stall,4662,1,0,0,0,0,0,0,0,1,0,0,0,1,0,1,0,0,16,1,1,1,1,0,0          0
E7_B_stall,4663,1,0,0,0,0,0,0,0,1,0,0,0,1,0,1,0,0,16,1,1,1,1,0,0          0
E7_B_stall,4664,1,0,0,0,0,0,0,0,1,0,0,0,1,0,1,0,0,16,1,1,1,1,0,0          0
E7_B_stall,4665,1,0,0,0,0,0,0,0,1,0,0,0,1,0,1,0,0,16,1,1,1,1,0,0          0
E7_B_stall,4666,1,0,0,0,0,0,0,0,1,0,0,0,1,0,1,0,0,16,1,1,1,1,0,0          0
E7_B_stall,4667,1,0,0,0,0,0,0,0,1,0,0,0,1,0,1,0,0,16,1,1,1,1,0,0          0
E7_B_stall,4668,1,0,0,0,0,0,0,0,1,0,0,0,1,0,1,0,0,16,1,1,1,1,0,0          0
E7_B_stall,4669,1,0,0,0,0,0,0,0,1,0,0,0,1,0,1,0,0,16,1,1,1,1,0,0          0
E7_B_stall,4670,1,0,0,0,0,0,0,0,1,0,0,0,1,0,1,0,0,16,1,1,1,1,0,0          0
E7_B_stall,4671,1,0,0,0,0,0,0,0,1,0,0,0,1,0,1,0,0,16,1,1,1,1,0,0          0
E7_B_stall,4672,1,0,0,0,0,0,0,0,1,0,0,0,1,0,1,0,0,16,1,1,1,1,0,0          0
E7_B_stall,4673,1,0,0,0,0,0,0,0,1,0,0,0,1,0,1,0,0,16,1,1,1,1,0,0          0
E7_B_stall,4674,1,0,0,0,0,0,0,0,1,0,0,0,1,0,1,0,0,16,1,1,1,1,0,0          0
E7_B_stall,4675,1,0,0,0,0,0,0,0,1,0,0,0,1,0,1,0,0,16,1,1,1,1,0,0          0
E7_B_stall,4676,1,0,0,0,0,0,0,0,1,0,0,0,1,0,1,0,0,16,1,1,1,1,0,0          0
E7_B_stall,4677,1,0,0,0,0,0,0,0,1,0,0,0,1,0,1,0,0,16,1,1,1,1,0,0          0
E7_B_stall,4678,1,0,0,0,0,0,0,0,1,0,0,0,1,0,1,0,0,16,1,1,1,1,0,0          0
E7_B_stall,4679,1,0,0,0,0,0,0,0,1,0,0,0,1,0,1,0,0,16,1,1,1,1,0,0          0
E7_B_stall,4680,1,0,0,0,0,0,0,0,1,0,0,0,1,0,1,0,0,16,1,1,1,1,0,0          0
E7_B_stall,4681,1,0,0,0,0,0,0,0,1,0,0,0,1,0,1,0,0,16,1,1,1,1,0,0          0
E7_B_stall,4682,1,0,0,0,0,0,0,0,1,0,0,0,1,0,1,0,0,16,1,1,1,1,0,0          0
E7_B_stall,4683,1,0,0,0,0,0,0,0,1,0,0,0,1,0,1,0,0,16,1,1,1,1,0,0          0
E7_B_stall,4684,1,0,0,0,0,0,0,0,1,0,0,0,1,0,1,0,0,16,1,1,1,1,0,0          0
E7_B_stall,4685,1,0,0,0,0,0,0,0,1,0,0,0,1,0,1,0,0,16,1,1,1,1,0,0          0
E7_B_stall,4686,1,0,0,0,0,0,0,0,1,0,0,0,1,0,1,0,0,16,1,1,1,1,0,0          0
E7_B_stall,4687,1,0,0,0,0,0,0,0,1,0,0,0,1,0,1,0,0,16,1,1,1,1,0,0          0
E7_B_stall,4688,1,0,0,0,0,0,0,0,1,0,0,0,1,0,1,0,0,16,1,1,1,1,0,0          0
E7_B_stall,4689,1,0,0,0,0,0,0,0,1,0,0,0,1,0,1,0,0,16,1,1,1,1,0,0          0
E7_B_stall,4690,1,0,0,0,0,0,0,0,1,0,0,0,1,0,1,0,0,16,1,1,1,1,0,0          0
E7_B_stall,4691,1,0,0,0,0,0,0,0,1,0,0,0,1,0,1,0,0,16,1,1,1,1,0,0          0
E7_B_stall,4692,1,0,0,0,0,0,0,0,1,0,0,0,1,0,1,0,0,16,1,1,1,1,0,0          0
E7_B_stall,4693,1,0,0,0,0,0,0,0,1,0,0,0,1,0,1,0,0,16,1,1,1,1,0,0          0
E7_B_stall,4694,1,0,0,0,0,0,0,0,1,0,0,0,1,0,1,0,0,16,1,1,1,1,0,0          0
E7_B_stall,4695,1,0,0,0,0,0,0,0,1,0,0,0,1,0,1,0,0,16,1,1,1,1,0,0          0
E7_B_stall,4696,1,0,0,0,0,0,0,0,1,0,0,0,1,0,1,0,0,16,1,1,1,1,0,0          0
E7_B_stall,4697,1,0,0,0,0,0,0,0,1,0,0,0,1,0,1,0,0,16,1,1,1,1,0,0          0
E7_B_stall,4698,1,0,0,0,0,0,0,0,1,0,0,0,1,0,1,0,0,16,1,1,1,1,0,0          0
E7_B_stall,4699,1,0,0,0,0,0,0,0,1,0,0,0,1,0,1,0,0,16,1,1,1,1,0,0          0
E7_B_stall,4700,1,0,0,0,0,0,0,0,1,0,0,0,1,0,1,0,0,16,1,1,1,1,0,0          0
E7_B_stall,4701,1,0,0,0,0,0,0,0,1,0,0,0,1,0,1,0,0,16,1,1,1,1,0,0          0
E7_B_stall,4702,1,0,0,0,0,0,0,0,1,0,0,0,1,0,1,0,0,16,1,1,1,1,0,0          0
E7_B_stall,4703,1,0,0,0,0,0,0,0,1,0,0,0,1,0,1,0,0,16,1,1,1,1,0,0          0
E7_B_stall,4704,1,0,0,0,0,0,0,0,1,0,0,0,1,0,1,0,0,16,1,1,1,1,0,0          0
E7_B_stall,4705,1,0,0,0,0,0,0,0,1,0,0,0,1,0,1,0,0,16,1,1,1,1,0,0          0
E7_B_stall,4706,1,0,0,0,0,0,0,0,1,0,0,0,1,0,1,0,0,16,1,1,1,1,0,0          0
E7_B_stall,4707,1,0,0,0,0,0,0,0,1,0,0,0,1,0,1,0,0,16,1,1,1,1,0,0          0
E7_B_stall,4708,1,0,0,0,0,0,0,0,1,0,0,0,1,0,1,0,0,16,1,1,1,1,0,0          0
E7_B_stall,4709,1,0,0,0,0,0,0,0,1,0,0,0,1,0,1,0,0,16,1,1,1,1,0,0          0
E7_B_stall,4710,1,0,0,0,0,0,0,0,1,0,0,0,1,0,1,0,0,16,1,1,1,1,0,0          0
E7_B_stall,4711,1,0,0,0,0,0,0,0,1,0,0,0,1,0,1,0,0,16,1,1,1,1,0,0          0
E7_B_stall,4712,1,0,0,0,0,0,0,0,1,0,0,0,1,0,1,0,0,16,1,1,1,1,0,0          0
E7_B_stall,4713,1,0,0,0,0,0,0,0,1,0,0,0,1,0,1,0,0,16,1,1,1,1,0,0          0
E7_B_stall,4714,1,0,0,0,0,0,0,0,1,0,0,0,1,0,1,0,0,16,1,1,1,1,0,0          0
E7_B_stall,4715,1,0,0,0,0,0,0,0,1,0,0,0,1,0,1,0,0,16,1,1,1,1,0,0          0
E7_B_stall,4716,1,0,0,0,0,0,0,0,1,0,0,0,1,0,1,0,0,16,1,1,1,1,0,0          0
E7_B_stall,4717,1,0,0,0,0,0,0,0,1,0,0,0,1,0,1,0,0,16,1,1,1,1,0,0          0
E7_B_stall,4718,1,0,0,0,0,0,0,0,1,0,0,0,1,0,1,0,0,16,1,1,1,1,0,0          0
E7_B_stall,4719,1,0,0,0,0,0,0,0,1,0,0,0,1,0,1,0,0,16,1,1,1,1,0,0          0
E7_B_stall,4720,1,0,0,0,0,0,0,0,1,0,0,0,1,0,1,0,0,16,1,1,1,1,0,0          0
E7_B_stall,4721,1,0,0,0,0,0,0,0,1,0,0,0,1,0,1,0,0,16,1,1,1,1,0,0          0
E7_B_stall,4722,1,0,0,0,0,0,0,0,1,0,0,0,1,0,1,0,0,16,1,1,1,1,0,0          0
E7_B_stall,4723,1,0,0,0,0,0,0,0,1,0,0,0,1,0,1,0,0,16,1,1,1,1,0,0          0
E7_B_stall,4724,1,0,0,0,0,0,0,0,1,0,0,0,1,0,1,0,0,16,1,1,1,1,0,0          0
E7_B_stall,4725,1,0,0,0,0,0,0,0,1,0,0,0,1,0,1,0,0,16,1,1,1,1,0,0          0
E7_B_stall,4726,1,0,0,0,0,0,0,0,1,0,0,0,1,0,1,0,0,16,1,1,1,1,0,0          0
E7_B_stall,4727,1,0,0,0,0,0,0,0,1,0,0,0,1,0,1,0,0,16,1,1,1,1,0,0          0
E7_B_stall,4728,1,0,0,0,0,0,0,0,1,0,0,0,1,0,1,0,0,16,1,1,1,1,0,0          0
E7_B_stall,4729,1,0,0,0,0,0,0,0,1,0,0,0,1,0,1,0,0,16,1,1,1,1,0,0          0
E7_B_stall,4730,1,0,0,0,0,0,0,0,1,0,0,0,1,0,1,0,0,16,1,1,1,1,0,0          0
E7_B_stall,4731,1,0,0,0,0,0,0,0,1,0,0,0,1,0,1,0,0,16,1,1,1,1,0,0          0
E7_B_stall,4732,1,0,0,0,0,0,0,0,1,0,0,0,1,0,1,0,0,16,1,1,1,1,0,0          0
E7_B_stall,4733,1,0,0,0,0,0,0,0,1,0,0,0,1,0,1,0,0,16,1,1,1,1,0,0          0
E7_B_stall,4734,1,0,0,0,0,0,0,0,1,0,0,0,1,0,1,0,0,16,1,1,1,1,0,0          0
E7_B_stall,4735,1,0,0,0,0,0,0,0,1,0,0,0,1,0,1,0,0,16,1,1,1,1,0,0          0
E7_B_stall,4736,1,0,0,0,0,0,0,0,1,0,0,0,1,0,1,0,0,16,1,1,1,1,0,0          0
E7_B_stall,4737,1,0,0,0,0,0,0,0,1,0,0,0,1,0,1,0,0,16,1,1,1,1,0,0          0
E7_B_stall,4738,1,0,0,0,0,0,0,0,1,0,0,0,1,0,1,0,0,16,1,1,1,1,0,0          0
E7_B_stall,4739,1,0,0,0,0,0,0,0,1,0,0,0,1,0,1,0,0,16,1,1,1,1,0,0          0
E7_B_stall,4740,1,0,0,0,0,0,0,0,1,0,0,0,1,0,1,0,0,16,1,1,1,1,0,0          0
E7_B_stall,4741,1,0,0,0,0,0,0,0,1,0,0,0,1,0,1,0,0,16,1,1,1,1,0,0          0
E7_B_stall,4742,1,0,0,0,0,0,0,0,1,0,0,0,1,0,1,0,0,16,1,1,1,1,0,0          0
E7_B_stall,4743,1,0,0,0,0,0,0,0,1,0,0,0,1,0,1,0,0,16,1,1,1,1,0,0          0
E7_B_stall,4744,1,0,0,0,0,0,0,0,1,0,0,0,1,0,1,0,0,16,1,1,1,1,0,0          0
E7_B_stall,4745,1,0,0,0,0,0,0,0,1,0,0,0,1,0,1,0,0,16,1,1,1,1,0,0          0
E7_B_stall,4746,1,0,0,0,0,0,0,0,1,0,0,0,1,0,1,0,0,16,1,1,1,1,0,0          0
E7_B_stall,4747,1,0,0,0,0,0,0,0,1,0,0,0,1,0,1,0,0,16,1,1,1,1,0,0          0
E7_B_stall,4748,1,0,0,0,0,0,0,0,1,0,0,0,1,0,1,0,0,16,1,1,1,1,0,0          0
E7_B_stall,4749,1,0,0,0,0,0,0,0,1,0,0,0,1,0,1,0,0,16,1,1,1,1,0,0          0
E7_B_stall,4750,1,0,0,0,0,0,0,0,1,0,0,0,1,0,1,0,0,16,1,1,1,1,0,0          0
E7_B_stall,4751,1,0,0,0,0,0,0,0,1,0,0,0,1,0,1,0,0,16,1,1,1,1,0,0          0
E7_B_stall,4752,1,0,0,0,0,0,0,0,1,0,0,0,1,0,1,0,0,16,1,1,1,1,0,0          0
E7_B_stall,4753,1,0,0,0,0,0,0,0,1,0,0,0,1,0,1,0,0,16,1,1,1,1,0,0          0
E7_B_stall,4754,1,0,0,0,0,0,0,0,1,0,0,0,1,0,1,0,0,16,1,1,1,1,0,0          0
E7_B_stall,4755,1,0,0,0,0,0,0,0,1,0,0,0,1,0,1,0,0,16,1,1,1,1,0,0          0
E7_B_stall,4756,1,0,0,0,0,0,0,0,1,0,0,0,1,0,1,0,0,16,1,1,1,1,0,0          0
E7_B_stall,4757,1,0,0,0,0,0,0,0,1,0,0,0,1,0,1,0,0,16,1,1,1,1,0,0          0
E7_B_stall,4758,1,0,0,0,0,0,0,0,1,0,0,0,1,0,1,0,0,16,1,1,1,1,0,0          0
E7_B_stall,4759,1,0,0,0,0,0,0,0,1,0,0,0,1,0,1,0,0,16,1,1,1,1,0,0          0
E7_B_stall,4760,1,0,0,0,0,0,0,0,1,0,0,0,1,0,1,0,0,16,1,1,1,1,0,0          0
E7_B_stall,4761,1,0,0,0,0,0,0,0,1,0,0,0,1,0,1,0,0,16,1,1,1,1,0,0          0
E7_B_stall,4762,1,0,0,0,0,0,0,0,1,0,0,0,1,0,1,0,0,16,1,1,1,1,0,0          0
E7_B_stall,4763,1,0,0,0,0,0,0,0,1,0,0,0,1,0,1,0,0,16,1,1,1,1,0,0          0
E7_B_stall,4764,1,0,0,0,0,0,0,0,1,0,0,0,1,0,1,0,0,16,1,1,1,1,0,0          0
E7_B_stall,4765,1,0,0,0,0,0,0,0,1,0,0,0,1,0,1,0,0,16,1,1,1,1,0,0          0
E7_B_stall,4766,1,0,0,0,0,0,0,0,1,0,0,0,1,0,1,0,0,16,1,1,1,1,0,0          0
E7_B_stall,4767,1,0,0,0,0,0,0,0,1,0,0,0,1,0,1,0,0,16,1,1,1,1,0,0          0
E7_B_stall,4768,1,0,0,0,0,0,0,0,1,0,0,0,1,0,1,0,0,16,1,1,1,1,0,0          0
E7_B_stall,4769,1,0,0,0,0,0,0,0,1,0,0,0,1,0,1,0,0,16,1,1,1,1,0,0          0
E7_B_stall,4770,1,0,0,0,0,0,0,0,1,0,0,0,1,0,1,0,0,16,1,1,1,1,0,0          0
E7_B_stall,4771,1,0,0,0,0,0,0,0,1,0,0,0,1,0,1,0,0,16,1,1,1,1,0,0          0
E7_B_stall,4772,1,0,0,0,0,0,0,0,1,0,0,0,1,0,1,0,0,16,1,1,1,1,0,0          0
E7_B_stall,4773,1,0,0,0,0,0,0,0,1,0,0,0,1,0,1,0,0,16,1,1,1,1,0,0          0
E7_B_stall,4774,1,0,0,0,0,0,0,0,1,0,0,0,1,0,1,0,0,16,1,1,1,1,0,0          0
E7_B_stall,4775,1,0,0,0,0,0,0,0,1,0,0,0,1,0,1,0,0,16,1,1,1,1,0,0          0
E7_B_stall,4776,1,0,0,0,0,0,0,0,1,0,0,0,1,0,1,0,0,16,1,1,1,1,0,0          0
E7_B_stall,4777,1,0,0,0,0,0,0,0,1,0,0,0,1,0,1,0,0,16,1,1,1,1,0,0          0
E7_B_stall,4778,1,0,0,0,0,0,0,0,1,0,0,0,1,0,1,0,0,16,1,1,1,1,0,0          0
E7_B_stall,4779,1,0,0,0,0,0,0,0,1,0,0,0,1,0,1,0,0,16,1,1,1,1,0,0          0
E7_B_stall,4780,1,0,0,0,0,0,0,0,1,0,0,0,1,0,1,0,0,16,1,1,1,1,0,0          0
E7_B_stall,4781,1,0,0,0,0,0,0,0,1,0,0,0,1,0,1,0,0,16,1,1,1,1,0,0          0
E7_B_stall,4782,1,0,0,0,0,0,0,0,1,0,0,0,1,0,1,0,0,16,1,1,1,1,0,0          0
E7_B_stall,4783,1,0,0,0,0,0,0,0,1,0,0,0,1,0,1,0,0,16,1,1,1,1,0,0          0
E7_B_stall,4784,1,0,0,0,0,0,0,0,1,0,0,0,1,0,1,0,0,16,1,1,1,1,0,0          0
E7_B_stall,4785,1,0,0,0,0,0,0,0,1,0,0,0,1,0,1,0,0,16,1,1,1,1,0,0          0
E7_B_stall,4786,1,0,0,0,0,0,0,0,1,0,0,0,1,0,1,0,0,16,1,1,1,1,0,0          0
E7_B_stall,4787,1,0,0,0,0,0,0,0,1,0,0,0,1,0,1,0,0,16,1,1,1,1,0,0          0
E7_B_stall,4788,1,0,0,0,0,0,0,0,1,0,0,0,1,0,1,0,0,16,1,1,1,1,0,0          0
E7_B_stall,4789,1,0,0,0,0,0,0,0,1,0,0,0,1,0,1,0,0,16,1,1,1,1,0,0          0
E7_B_stall,4790,1,0,0,0,0,0,0,0,1,0,0,0,1,0,1,0,0,16,1,1,1,1,0,0          0
E7_B_stall,4791,1,0,0,0,0,0,0,0,1,0,0,0,1,0,1,0,0,16,1,1,1,1,0,0          0
E7_B_stall,4792,1,0,0,0,0,0,0,0,1,0,0,0,1,0,1,0,0,16,1,1,1,1,0,0          0
E7_B_stall,4793,1,0,0,0,0,0,0,0,1,0,0,0,1,0,1,0,0,16,1,1,1,1,0,0          0
E7_B_stall,4794,1,0,0,0,0,0,0,0,1,0,0,0,1,0,1,0,0,16,1,1,1,1,0,0          0
E7_B_stall,4795,1,0,0,0,0,0,0,0,1,0,0,0,1,0,1,0,0,16,1,1,1,1,0,0          0
E7_B_stall,4796,1,0,0,0,0,0,0,0,1,0,0,0,1,0,1,0,0,16,1,1,1,1,0,0          0
E7_B_stall,4797,1,0,0,0,0,0,0,0,1,0,0,0,1,0,1,0,0,16,1,1,1,1,0,0          0
E7_B_stall,4798,1,0,0,0,0,0,0,0,1,0,0,0,1,0,1,0,0,16,1,1,1,1,0,0          0
E7_B_stall,4799,1,0,0,0,0,0,0,0,1,0,0,0,1,0,1,0,0,16,1,1,1,1,0,0          0
E7_B_stall,4800,1,0,0,0,0,0,0,0,1,0,0,0,1,0,1,0,0,16,1,1,1,1,0,0          0
E7_B_stall,4801,1,0,0,0,0,0,0,0,1,0,0,0,1,0,1,0,0,16,1,1,1,1,0,0          0
E7_B_stall,4802,1,0,0,0,0,0,0,0,1,0,0,0,1,0,1,0,0,16,1,1,1,1,0,0          0
E7_B_stall,4803,1,0,0,0,0,0,0,0,1,0,0,0,1,0,1,0,0,16,1,1,1,1,0,0          0
E7_B_stall,4804,1,0,0,0,0,0,0,0,1,0,0,0,1,0,1,0,0,16,1,1,1,1,0,0          0
E7_B_stall,4805,1,0,0,0,0,0,0,0,1,0,0,0,1,0,1,0,0,16,1,1,1,1,0,0          0
E7_B_stall,4806,1,0,0,0,0,0,0,0,1,0,0,0,1,0,1,0,0,16,1,1,1,1,0,0          0
E7_B_stall,4807,1,0,0,0,0,0,0,0,1,0,0,0,1,0,1,0,0,16,1,1,1,1,0,0          0
E7_B_stall,4808,1,0,0,0,0,0,0,0,1,0,0,0,1,0,1,0,0,16,1,1,1,1,0,0          0
E7_B_stall,4809,1,0,0,0,0,0,0,0,1,0,0,0,1,0,1,0,0,16,1,1,1,1,0,0          0
E7_B_stall,4810,1,0,0,0,0,0,0,0,1,0,0,0,1,0,1,0,0,16,1,1,1,1,0,0          0
E7_B_stall,4811,1,0,0,0,0,0,0,0,1,0,0,0,1,0,1,0,0,16,1,1,1,1,0,0          0
E7_B_stall,4812,1,0,0,0,0,0,0,0,1,0,0,0,1,0,1,0,0,16,1,1,1,1,0,0          0
E7_B_stall,4813,1,0,0,0,0,0,0,0,1,0,0,0,1,0,1,0,0,16,1,1,1,1,0,0          0
E7_B_stall,4814,1,0,0,0,0,0,0,0,1,0,0,0,1,0,1,0,0,16,1,1,1,1,0,0          0
E7_B_stall,4815,1,0,0,0,0,0,0,0,1,0,0,0,1,0,1,0,0,16,1,1,1,1,0,0          0
E7_B_stall,4816,1,0,0,0,0,0,0,0,1,0,0,0,1,0,1,0,0,16,1,1,1,1,0,0          0
E7_B_stall,4817,1,0,0,0,0,0,0,0,1,0,0,0,1,0,1,0,0,16,1,1,1,1,0,0          0
E7_B_stall,4818,1,0,0,0,0,0,0,0,1,0,0,0,1,0,1,0,0,16,1,1,1,1,0,0          0
E7_B_stall,4819,1,0,0,0,0,0,0,0,1,0,0,0,1,0,1,0,0,16,1,1,1,1,0,0          0
E7_B_stall,4820,1,0,0,0,0,0,0,0,1,0,0,0,1,0,1,0,0,16,1,1,1,1,0,0          0
E7_B_stall,4821,1,0,0,0,0,0,0,0,1,0,0,0,1,0,1,0,0,16,1,1,1,1,0,0          0
E7_B_stall,4822,1,0,0,0,0,0,0,0,1,0,0,0,1,0,1,0,0,16,1,1,1,1,0,0          0
E7_B_stall,4823,1,0,0,0,0,0,0,0,1,0,0,0,1,0,1,0,0,16,1,1,1,1,0,0          0
E7_B_stall,4824,1,0,0,0,0,0,0,0,1,0,0,0,1,0,1,0,0,16,1,1,1,1,0,0          0
E7_B_stall,4825,1,0,0,0,0,0,0,0,1,0,0,0,1,0,1,0,0,16,1,1,1,1,0,0          0
E7_B_stall,4826,1,0,0,0,0,0,0,0,1,0,0,0,1,0,1,0,0,16,1,1,1,1,0,0          0
E7_B_stall,4827,1,0,0,0,0,0,0,0,1,0,0,0,1,0,1,0,0,16,1,1,1,1,0,0          0
E7_B_stall,4828,1,0,0,0,0,0,0,0,1,0,0,0,1,0,1,0,0,16,1,1,1,1,0,0          0
E7_B_stall,4829,1,0,0,0,0,0,0,0,1,0,0,0,1,0,1,0,0,16,1,1,1,1,0,0          0
E7_B_stall,4830,1,0,0,0,0,0,0,0,1,0,0,0,1,0,1,0,0,16,1,1,1,1,0,0          0
E7_B_stall,4831,1,0,0,0,0,0,0,0,1,0,0,0,1,0,1,0,0,16,1,1,1,1,0,0          0
E7_B_stall,4832,1,0,0,0,0,0,0,0,1,0,0,0,1,0,1,0,0,16,1,1,1,1,0,0          0
E7_B_stall,4833,1,0,0,0,0,0,0,0,1,0,0,0,1,0,1,0,0,16,1,1,1,1,0,0          0
E7_B_stall,4834,1,0,0,0,0,0,0,0,1,0,0,0,1,0,1,0,0,16,1,1,1,1,0,0          0
E7_B_stall,4835,1,0,0,0,0,0,0,0,1,0,0,0,1,0,1,0,0,16,1,1,1,1,0,0          0
E7_B_stall,4836,1,0,0,0,0,0,0,0,1,0,0,0,1,0,1,0,0,16,1,1,1,1,0,0          0
E7_B_stall,4837,1,0,0,0,0,0,0,0,1,0,0,0,1,0,1,0,0,16,1,1,1,1,0,0          0
E7_B_stall,4838,1,0,0,0,0,0,0,0,1,0,0,0,1,0,1,0,0,16,1,1,1,1,0,0          0
E7_B_stall,4839,1,0,0,0,0,0,0,0,1,0,0,0,1,0,1,0,0,16,1,1,1,1,0,0          0
E7_B_stall,4840,1,0,0,0,0,0,0,0,1,0,0,0,1,0,1,0,0,16,1,1,1,1,0,0          0
E7_B_stall,4841,1,0,0,0,0,0,0,0,1,0,0,0,1,0,1,0,0,16,1,1,1,1,0,0          0
E7_B_stall,4842,1,0,0,0,0,0,0,0,1,0,0,0,1,0,1,0,0,16,1,1,1,1,0,0          0
E7_B_stall,4843,1,0,0,0,0,0,0,0,1,0,0,0,1,0,1,0,0,16,1,1,1,1,0,0          0
E7_B_stall,4844,1,0,0,0,0,0,0,0,1,0,0,0,1,0,1,0,0,16,1,1,1,1,0,0          0
E7_B_stall,4845,1,0,0,0,0,0,0,0,1,0,0,0,1,0,1,0,0,16,1,1,1,1,0,0          0
E7_B_stall,4846,1,0,0,0,0,0,0,0,1,0,0,0,1,0,1,0,0,16,1,1,1,1,0,0          0
E7_B_stall,4847,1,0,0,0,0,0,0,0,1,0,0,0,1,0,1,0,0,16,1,1,1,1,0,0          0
E7_B_stall,4848,1,0,0,0,0,0,0,0,1,0,0,0,1,0,1,0,0,16,1,1,1,1,0,0          0
E7_B_stall,4849,1,0,0,0,0,0,0,0,1,0,0,0,1,0,1,0,0,16,1,1,1,1,0,0          0
E7_B_stall,4850,1,0,0,0,0,0,0,0,1,0,0,0,1,0,1,0,0,16,1,1,1,1,0,0          0
E7_B_stall,4851,1,0,0,0,0,0,0,0,1,0,0,0,1,0,1,0,0,16,1,1,1,1,0,0          0
E7_B_stall,4852,1,0,0,0,0,0,0,0,1,0,0,0,1,0,1,0,0,16,1,1,1,1,0,0          0
E7_B_stall,4853,1,0,0,0,0,0,0,0,1,0,0,0,1,0,1,0,0,16,1,1,1,1,0,0          0
E7_B_stall,4854,1,0,0,0,0,0,0,0,1,0,0,0,1,0,1,0,0,16,1,1,1,1,0,0          0
E7_B_stall,4855,1,0,0,0,0,0,0,0,1,0,0,0,1,0,1,0,0,16,1,1,1,1,0,0          0
E7_B_stall,4856,1,0,0,0,0,0,0,0,1,0,0,0,1,0,1,0,0,16,1,1,1,1,0,0          0
E7_B_stall,4857,1,0,0,0,0,0,0,0,1,0,0,0,1,0,1,0,0,16,1,1,1,1,0,0          0
E7_B_stall,4858,1,0,0,0,0,0,0,0,1,0,0,0,1,0,1,0,0,16,1,1,1,1,0,0          0
E7_B_stall,4859,1,0,0,0,0,0,0,0,1,0,0,0,1,0,1,0,0,16,1,1,1,1,0,0          0
E7_B_stall,4860,1,0,0,0,0,0,0,0,1,0,0,0,1,0,1,0,0,16,1,1,1,1,0,0          0
E7_B_stall,4861,1,0,0,0,0,0,0,0,1,0,0,0,1,0,1,0,0,16,1,1,1,1,0,0          0
E7_B_stall,4862,1,0,0,0,0,0,0,0,1,0,0,0,1,0,1,0,0,16,1,1,1,1,0,0          0
E7_B_stall,4863,1,0,0,0,0,0,0,0,1,0,0,0,1,0,1,0,0,16,1,1,1,1,0,0          0
E7_B_stall,4864,1,0,0,0,0,0,0,0,1,0,0,0,1,0,1,0,0,16,1,1,1,1,0,0          0
E7_B_stall,4865,1,0,0,0,0,0,0,0,1,0,0,0,1,0,1,0,0,16,1,1,1,1,0,0          0
E7_B_stall,4866,1,0,0,0,0,0,0,0,1,0,0,0,1,0,1,0,0,16,1,1,1,1,0,0          0
E7_B_stall,4867,1,0,0,0,0,0,0,0,1,0,0,0,1,0,1,0,0,16,1,1,1,1,0,0          0
E7_B_stall,4868,1,0,0,0,0,0,0,0,1,0,0,0,1,0,1,0,0,16,1,1,1,1,0,0          0
E7_B_stall,4869,1,0,0,0,0,0,0,0,1,0,0,0,1,0,1,0,0,16,1,1,1,1,0,0          0
E7_B_stall,4870,1,0,0,0,0,0,0,0,1,0,0,0,1,0,1,0,0,16,1,1,1,1,0,0          0
E7_B_stall,4871,1,0,0,0,0,0,0,0,1,0,0,0,1,0,1,0,0,16,1,1,1,1,0,0          0
E7_B_stall,4872,1,0,0,0,0,0,0,0,1,0,0,0,1,0,1,0,0,16,1,1,1,1,0,0          0
E7_B_stall,4873,1,0,0,0,0,0,0,0,1,0,0,0,1,0,1,0,0,16,1,1,1,1,0,0          0
E7_B_stall,4874,1,0,0,0,0,0,0,0,1,0,0,0,1,0,1,0,0,16,1,1,1,1,0,0          0
E7_B_stall,4875,1,0,0,0,0,0,0,0,1,0,0,0,1,0,1,0,0,16,1,1,1,1,0,0          0
E7_B_stall,4876,1,0,0,0,0,0,0,0,1,0,0,0,1,0,1,0,0,16,1,1,1,1,0,0          0
E7_B_stall,4877,1,0,0,0,0,0,0,0,1,0,0,0,1,0,1,0,0,16,1,1,1,1,0,0          0
E7_B_stall,4878,1,0,0,0,0,0,0,0,1,0,0,0,1,0,1,0,0,16,1,1,1,1,0,0          0
E7_B_stall,4879,1,0,0,0,0,0,0,0,1,0,0,0,1,0,1,0,0,16,1,1,1,1,0,0          0
E7_B_stall,4880,1,0,0,0,0,0,0,0,1,0,0,0,1,0,1,0,0,16,1,1,1,1,0,0          0
E7_B_stall,4881,1,0,0,0,0,0,0,0,1,0,0,0,1,0,1,0,0,16,1,1,1,1,0,0          0
E7_B_stall,4882,1,0,0,0,0,0,0,0,1,0,0,0,1,0,1,0,0,16,1,1,1,1,0,0          0
E7_B_stall,4883,1,0,0,0,0,0,0,0,1,0,0,0,1,0,1,0,0,16,1,1,1,1,0,0          0
E7_B_stall,4884,1,0,0,0,0,0,0,0,1,0,0,0,1,0,1,0,0,16,1,1,1,1,0,0          0
E7_B_stall,4885,1,0,0,0,0,0,0,0,1,0,0,0,1,0,1,0,0,16,1,1,1,1,0,0          0
E7_B_stall,4886,1,0,0,0,0,0,0,0,1,0,0,0,1,0,1,0,0,16,1,1,1,1,0,0          0
E7_B_stall,4887,1,0,0,0,0,0,0,0,1,0,0,0,1,0,1,0,0,16,1,1,1,1,0,0          0
E7_B_stall,4888,1,0,0,0,0,0,0,0,1,0,0,0,1,0,1,0,0,16,1,1,1,1,0,0          0
E7_B_stall,4889,1,0,0,0,0,0,0,0,1,0,0,0,1,0,1,0,0,16,1,1,1,1,0,0          0
E7_B_stall,4890,1,0,0,0,0,0,0,0,1,0,0,0,1,0,1,0,0,16,1,1,1,1,0,0          0
E7_B_stall,4891,1,0,0,0,0,0,0,0,1,0,0,0,1,0,1,0,0,16,1,1,1,1,0,0          0
E7_B_stall,4892,1,0,0,0,0,0,0,0,1,0,0,0,1,0,1,0,0,16,1,1,1,1,0,0          0
E7_B_stall,4893,1,0,0,0,0,0,0,0,1,0,0,0,1,0,1,0,0,16,1,1,1,1,0,0          0
E7_B_stall,4894,1,0,0,0,0,0,0,0,1,0,0,0,1,0,1,0,0,16,1,1,1,1,0,0          0
E7_B_stall,4895,1,0,0,0,0,0,0,0,1,0,0,0,1,0,1,0,0,16,1,1,1,1,0,0          0
E7_B_stall,4896,1,0,0,0,0,0,0,0,1,0,0,0,1,0,1,0,0,16,1,1,1,1,0,0          0
E7_B_stall,4897,1,0,0,0,0,0,0,0,1,0,0,0,1,0,1,0,0,16,1,1,1,1,0,0          0
E7_B_stall,4898,1,0,0,0,0,0,0,0,1,0,0,0,1,0,1,0,0,16,1,1,1,1,0,0          0
E7_B_stall,4899,1,0,0,0,0,0,0,0,1,0,0,0,1,0,1,0,0,16,1,1,1,1,0,0          0
E7_B_stall,4900,1,0,0,0,0,0,0,0,1,0,0,0,1,0,1,0,0,16,1,1,1,1,0,0          0
E7_B_stall,4901,1,0,0,0,0,0,0,0,1,0,0,0,1,0,1,0,0,16,1,1,1,1,0,0          0
E7_B_stall,4902,1,0,0,0,0,0,0,0,1,0,0,0,1,0,1,0,0,16,1,1,1,1,0,0          0
E7_B_stall,4903,1,0,0,0,0,0,0,0,1,0,0,0,1,0,1,0,0,16,1,1,1,1,0,0          0
E7_B_stall,4904,1,0,0,0,0,0,0,0,1,0,0,0,1,0,1,0,0,16,1,1,1,1,0,0          0
E7_B_stall,4905,1,0,0,0,0,0,0,0,1,0,0,0,1,0,1,0,0,16,1,1,1,1,0,0          0
E7_B_stall,4906,1,0,0,0,0,0,0,0,1,0,0,0,1,0,1,0,0,16,1,1,1,1,0,0          0
E7_B_stall,4907,1,0,0,0,0,0,0,0,1,0,0,0,1,0,1,0,0,16,1,1,1,1,0,0          0
E7_B_stall,4908,1,0,0,0,0,0,0,0,1,0,0,0,1,0,1,0,0,16,1,1,1,1,0,0          0
E7_B_stall,4909,1,0,0,0,0,0,0,0,1,0,0,0,1,0,1,0,0,16,1,1,1,1,0,0          0
E7_B_stall,4910,1,0,0,0,0,0,0,0,1,0,0,0,1,0,1,0,0,16,1,1,1,1,0,0          0
E7_B_stall,4911,1,0,0,0,0,0,0,0,1,0,0,0,1,0,1,0,0,16,1,1,1,1,0,0          0
E7_B_stall,4912,1,0,0,0,0,0,0,0,1,0,0,0,1,0,1,0,0,16,1,1,1,1,0,0          0
E7_B_stall,4913,1,0,0,0,0,0,0,0,1,0,0,0,1,0,1,0,0,16,1,1,1,1,0,0          0
E7_B_stall,4914,1,0,0,0,0,0,0,0,1,0,0,0,1,0,1,0,0,16,1,1,1,1,0,0          0
E7_B_stall,4915,1,0,0,0,0,0,0,0,1,0,0,0,1,0,1,0,0,16,1,1,1,1,0,0          0
E7_B_stall,4916,1,0,0,0,0,0,0,0,1,0,0,0,1,0,1,0,0,16,1,1,1,1,0,0          0
E7_B_stall,4917,1,0,0,0,0,0,0,0,1,0,0,0,1,0,1,0,0,16,1,1,1,1,0,0          0
E7_B_stall,4918,1,0,0,0,0,0,0,0,1,0,0,0,1,0,1,0,0,16,1,1,1,1,0,0          0
E7_B_stall,4919,1,0,0,0,0,0,0,0,1,0,0,0,1,0,1,0,0,16,1,1,1,1,0,0          0
E7_B_stall,4920,1,0,0,0,0,0,0,0,1,0,0,0,1,0,1,0,0,16,1,1,1,1,0,0          0
E7_B_stall,4921,1,0,0,0,0,0,0,0,1,0,0,0,1,0,1,0,0,16,1,1,1,1,0,0          0
E7_B_stall,4922,1,0,0,0,0,0,0,0,1,0,0,0,1,0,1,0,0,16,1,1,1,1,0,0          0
E7_B_stall,4923,1,0,0,0,0,0,0,0,1,0,0,0,1,0,1,0,0,16,1,1,1,1,0,0          0
E7_B_stall,4924,1,0,0,0,0,0,0,0,1,0,0,0,1,0,1,0,0,16,1,1,1,1,0,0          0
E7_B_stall,4925,1,0,0,0,0,0,0,0,1,0,0,0,1,0,1,0,0,16,1,1,1,1,0,0          0
E7_B_stall,4926,1,0,0,0,0,0,0,0,1,0,0,0,1,0,1,0,0,16,1,1,1,1,0,0          0
E7_B_stall,4927,1,0,0,0,0,0,0,0,1,0,0,0,1,0,1,0,0,16,1,1,1,1,0,0          0
E7_B_stall,4928,1,0,0,0,0,0,0,0,1,0,0,0,1,0,1,0,0,16,1,1,1,1,0,0          0
E7_B_stall,4929,1,0,0,0,0,0,0,0,1,0,0,0,1,0,1,0,0,16,1,1,1,1,0,0          0
E7_B_stall,4930,1,0,0,0,0,0,0,0,1,0,0,0,1,0,1,0,0,16,1,1,1,1,0,0          0
E7_B_stall,4931,1,0,0,0,0,0,0,0,1,0,0,0,1,0,1,0,0,16,1,1,1,1,0,0          0
E7_B_stall,4932,1,0,0,0,0,0,0,0,1,0,0,0,1,0,1,0,0,16,1,1,1,1,0,0          0
E7_B_stall,4933,1,0,0,0,0,0,0,0,1,0,0,0,1,0,1,0,0,16,1,1,1,1,0,0          0
E7_B_stall,4934,1,0,0,0,0,0,0,0,1,0,0,0,1,0,1,0,0,16,1,1,1,1,0,0          0
E7_B_stall,4935,1,0,0,0,0,0,0,0,1,0,0,0,1,0,1,0,0,16,1,1,1,1,0,0          0
E7_B_stall,4936,1,0,0,0,0,0,0,0,1,0,0,0,1,0,1,0,0,16,1,1,1,1,0,0          0
E7_B_stall,4937,1,0,0,0,0,0,0,0,1,0,0,0,1,0,1,0,0,16,1,1,1,1,0,0          0
E7_B_stall,4938,1,0,0,0,0,0,0,0,1,0,0,0,1,0,1,0,0,16,1,1,1,1,0,0          0
E7_B_stall,4939,1,0,0,0,0,0,0,0,1,0,0,0,1,0,1,0,0,16,1,1,1,1,0,0          0
E7_B_stall,4940,1,0,0,0,0,0,0,0,1,0,0,0,1,0,1,0,0,16,1,1,1,1,0,0          0
E7_B_stall,4941,1,0,0,0,0,0,0,0,1,0,0,0,1,0,1,0,0,16,1,1,1,1,0,0          0
E7_B_stall,4942,1,0,0,0,0,0,0,0,1,0,0,0,1,0,1,0,0,16,1,1,1,1,0,0          0
E7_B_stall,4943,1,0,0,0,0,0,0,0,1,0,0,0,1,0,1,0,0,16,1,1,1,1,0,0          0
E7_B_stall,4944,1,0,0,0,0,0,0,0,1,0,0,0,1,0,1,0,0,16,1,1,1,1,0,0          0
E7_B_stall,4945,1,0,0,0,0,0,0,0,1,0,0,0,1,0,1,0,0,16,1,1,1,1,0,0          0
E7_B_stall,4946,1,0,0,0,0,0,0,0,1,0,0,0,1,0,1,0,0,16,1,1,1,1,0,0          0
E7_B_stall,4947,1,0,0,0,0,0,0,0,1,0,0,0,1,0,1,0,0,16,1,1,1,1,0,0          0
E7_B_stall,4948,1,0,0,0,0,0,0,0,1,0,0,0,1,0,1,0,0,16,1,1,1,1,0,0          0
E7_B_stall,4949,1,0,0,0,0,0,0,0,1,0,0,0,1,0,1,0,0,16,1,1,1,1,0,0          0
E7_B_stall,4950,1,0,0,0,0,0,0,0,1,0,0,0,1,0,1,0,0,16,1,1,1,1,0,0          0
E7_B_stall,4951,1,0,0,0,0,0,0,0,1,0,0,0,1,0,1,0,0,16,1,1,1,1,0,0          0
E7_B_stall,4952,1,0,0,0,0,0,0,0,1,0,0,0,1,0,1,0,0,16,1,1,1,1,0,0          0
E7_B_stall,4953,1,0,0,0,0,0,0,0,1,0,0,0,1,0,1,0,0,16,1,1,1,1,0,0          0
E7_B_stall,4954,1,0,0,0,0,0,0,0,1,0,0,0,1,0,1,0,0,16,1,1,1,1,0,0          0
E7_B_stall,4955,1,0,0,0,0,0,0,0,1,0,0,0,1,0,1,0,0,16,1,1,1,1,0,0          0
E7_B_stall,4956,1,0,0,0,0,0,0,0,1,0,0,0,1,0,1,0,0,16,1,1,1,1,0,0          0
E7_B_stall,4957,1,0,0,0,0,0,0,0,1,0,0,0,1,0,1,0,0,16,1,1,1,1,0,0          0
E7_B_stall,4958,1,0,0,0,0,0,0,0,1,0,0,0,1,0,1,0,0,16,1,1,1,1,0,0          0
E7_B_stall,4959,1,0,0,0,0,0,0,0,1,0,0,0,1,0,1,0,0,16,1,1,1,1,0,0          0
E7_B_stall,4960,1,0,0,0,0,0,0,0,1,0,0,0,1,0,1,0,0,16,1,1,1,1,0,0          0
E7_B_stall,4961,1,0,0,0,0,0,0,0,1,0,0,0,1,0,1,0,0,16,1,1,1,1,0,0          0
E7_B_stall,4962,1,0,0,0,0,0,0,0,1,0,0,0,1,0,1,0,0,16,1,1,1,1,0,0          0
E7_B_stall,4963,1,0,0,0,0,0,0,0,1,0,0,0,1,0,1,0,0,16,1,1,1,1,0,0          0
E7_B_stall,4964,1,0,0,0,0,0,0,0,1,0,0,0,1,0,1,0,0,16,1,1,1,1,0,0          0
E7_B_stall,4965,1,0,0,0,0,0,0,0,1,0,0,0,1,0,1,0,0,16,1,1,1,1,0,0          0
E7_B_stall,4966,1,0,0,0,0,0,0,0,1,0,0,0,1,0,1,0,0,16,1,1,1,1,0,0          0
E7_B_stall,4967,1,0,0,0,0,0,0,0,1,0,0,0,1,0,1,0,0,16,1,1,1,1,0,0          0
E7_B_stall,4968,1,0,0,0,0,0,0,0,1,0,0,0,1,0,1,0,0,16,1,1,1,1,0,0          0
E7_B_stall,4969,1,0,0,0,0,0,0,0,1,0,0,0,1,0,1,0,0,16,1,1,1,1,0,0          0
E7_B_stall,4970,1,0,0,0,0,0,0,0,1,0,0,0,1,0,1,0,0,16,1,1,1,1,0,0          0
E7_B_stall,4971,1,0,0,0,0,0,0,0,1,0,0,0,1,0,1,0,0,16,1,1,1,1,0,0          0
E7_B_stall,4972,1,0,0,0,0,0,0,0,1,0,0,0,1,0,1,0,0,16,1,1,1,1,0,0          0
E7_B_stall,4973,1,0,0,0,0,0,0,0,1,0,0,0,1,0,1,0,0,16,1,1,1,1,0,0          0
E7_B_stall,4974,1,0,0,0,0,0,0,0,1,0,0,0,1,0,1,0,0,16,1,1,1,1,0,0          0
E7_B_stall,4975,1,0,0,0,0,0,0,0,1,0,0,0,1,0,1,0,0,16,1,1,1,1,0,0          0
E7_B_stall,4976,1,0,0,0,0,0,0,0,1,0,0,0,1,0,1,0,0,16,1,1,1,1,0,0          0
E7_B_stall,4977,1,0,0,0,0,0,0,0,1,0,0,0,1,0,1,0,0,16,1,1,1,1,0,0          0
E7_B_stall,4978,1,0,0,0,0,0,0,0,1,0,0,0,1,0,1,0,0,16,1,1,1,1,0,0          0
E7_B_stall,4979,1,0,0,0,0,0,0,0,1,0,0,0,1,0,1,0,0,16,1,1,1,1,0,0          0
E7_B_stall,4980,1,0,0,0,0,0,0,0,1,0,0,0,1,0,1,0,0,16,1,1,1,1,0,0          0
E7_B_stall,4981,1,0,0,0,0,0,0,0,1,0,0,0,1,0,1,0,0,16,1,1,1,1,0,0          0
E7_B_stall,4982,1,0,0,0,0,0,0,0,1,0,0,0,1,0,1,0,0,16,1,1,1,1,0,0          0
E7_B_stall,4983,1,0,0,0,0,0,0,0,1,0,0,0,1,0,1,0,0,16,1,1,1,1,0,0          0
E7_B_stall,4984,1,0,0,0,0,0,0,0,1,0,0,0,1,0,1,0,0,16,1,1,1,1,0,0          0
E7_B_stall,4985,1,0,0,0,0,0,0,0,1,0,0,0,1,0,1,0,0,16,1,1,1,1,0,0          0
E7_B_stall,4986,1,0,0,0,0,0,0,0,1,0,0,0,1,0,1,0,0,16,1,1,1,1,0,0          0
E7_B_stall,4987,1,0,0,0,0,0,0,0,1,0,0,0,1,0,1,0,0,16,1,1,1,1,0,0          0
E7_B_stall,4988,1,0,0,0,0,0,0,0,1,0,0,0,1,0,1,0,0,16,1,1,1,1,0,0          0
E7_B_stall,4989,1,0,0,0,0,0,0,0,1,0,0,0,1,0,1,0,0,16,1,1,1,1,0,0          0
E7_B_stall,4990,1,0,0,0,0,0,0,0,1,0,0,0,1,0,1,0,0,16,1,1,1,1,0,0          0
E7_B_stall,4991,1,0,0,0,0,0,0,0,1,0,0,0,1,0,1,0,0,16,1,1,1,1,0,0          0
E7_B_stall,4992,1,0,0,0,0,0,0,0,1,0,0,0,1,0,1,0,0,16,1,1,1,1,0,0          0
E7_B_stall,4993,1,0,0,0,0,0,0,0,1,0,0,0,1,0,1,0,0,16,1,1,1,1,0,0          0
E7_B_stall,4994,1,0,0,0,0,0,0,0,1,0,0,0,1,0,1,0,0,16,1,1,1,1,0,0          0
E7_B_stall,4995,1,0,0,0,0,0,0,0,1,0,0,0,1,0,1,0,0,16,1,1,1,1,0,0          0
E7_B_stall,4996,1,0,0,0,0,0,0,0,1,0,0,0,1,0,1,0,0,16,1,1,1,1,0,0          0
E7_B_stall,4997,1,0,0,0,0,0,0,0,1,0,0,0,1,0,1,0,0,16,1,1,1,1,0,0          0
E7_B_stall,4998,1,0,0,0,0,0,0,0,1,0,0,0,1,0,1,0,0,16,1,1,1,1,0,0          0
E7_B_stall,4999,1,0,0,0,0,0,0,0,1,0,0,0,1,0,1,0,0,16,1,1,1,1,0,0          0
E7_B_stall,5000,1,0,0,0,0,0,0,0,1,0,0,0,1,0,1,0,0,16,1,1,1,1,0,0          0
E7_B_stall,5001,1,0,0,0,0,0,0,0,1,0,0,0,1,0,1,0,0,16,1,1,1,1,0,0          0
E7_B_stall,5002,1,0,0,0,0,0,0,0,1,0,0,0,1,0,1,0,0,16,1,1,1,1,0,0          0
E7_B_stall,5003,1,0,0,0,0,0,0,0,1,0,0,0,1,0,1,0,0,16,1,1,1,1,0,0          0
E7_B_stall,5004,1,0,0,0,0,0,0,0,1,0,0,0,1,0,1,0,0,16,1,1,1,1,0,0          0
E7_B_stall,5005,1,0,0,0,0,0,0,0,1,0,0,0,1,0,1,0,0,16,1,1,1,1,0,0          0
E7_B_stall,5006,1,0,0,0,0,0,0,0,1,0,0,0,1,0,1,0,0,16,1,1,1,1,0,0          0
E7_B_stall,5007,1,0,0,0,0,0,0,0,1,0,0,0,1,0,1,0,0,16,1,1,1,1,0,0          0
E7_B_stall,5008,1,0,0,0,0,0,0,0,1,0,0,0,1,0,1,0,0,16,1,1,1,1,0,0          0
E7_B_stall,5009,1,0,0,0,0,0,0,0,1,0,0,0,1,0,1,0,0,16,1,1,1,1,0,0          0
E7_B_stall,5010,1,0,0,0,0,0,0,0,1,0,0,0,1,0,1,0,0,16,1,1,1,1,0,0          0
E7_B_stall,5011,1,0,0,0,0,0,0,0,1,0,0,0,1,0,1,0,0,16,1,1,1,1,0,0          0
E7_B_stall,5012,1,0,0,0,0,0,0,0,1,0,0,0,1,0,1,0,0,16,1,1,1,1,0,0          0
E7_B_stall,5013,1,0,0,0,0,0,0,0,1,0,0,0,1,0,1,0,0,16,1,1,1,1,0,0          0
E7_B_stall,5014,1,0,0,0,0,0,0,0,1,0,0,0,1,0,1,0,0,16,1,1,1,1,0,0          0
E7_B_stall,5015,1,0,0,0,0,0,0,0,1,0,0,0,1,0,1,0,0,16,1,1,1,1,0,0          0
E7_B_stall,5016,1,0,0,0,0,0,0,0,1,0,0,0,1,0,1,0,0,16,1,1,1,1,0,0          0
E7_B_stall,5017,1,0,0,0,0,0,0,0,1,0,0,0,1,0,1,0,0,16,1,1,1,1,0,0          0
E7_B_stall,5018,1,0,0,0,0,0,0,0,1,0,0,0,1,0,1,0,0,16,1,1,1,1,0,0          0
E7_B_stall,5019,1,0,0,0,0,0,0,0,1,0,0,0,1,0,1,0,0,16,1,1,1,1,0,0          0
E7_B_stall,5020,1,0,0,0,0,0,0,0,1,0,0,0,1,0,1,0,0,16,1,1,1,1,0,0          0
E7_B_stall,5021,1,0,0,0,0,0,0,0,1,0,0,0,1,0,1,0,0,16,1,1,1,1,0,0          0
E7_B_stall,5022,1,0,0,0,0,0,0,0,1,0,0,0,1,0,1,0,0,16,1,1,1,1,0,0          0
E7_B_stall,5023,1,0,0,0,0,0,0,0,1,0,0,0,1,0,1,0,0,16,1,1,1,1,0,0          0
E7_B_stall,5024,1,0,0,0,0,0,0,0,1,0,0,0,1,0,1,0,0,16,1,1,1,1,0,0          0
E7_B_stall,5025,1,0,0,0,0,0,0,0,1,0,0,0,1,0,1,0,0,16,1,1,1,1,0,0          0
E7_B_stall,5026,1,0,0,0,0,0,0,0,1,0,0,0,1,0,1,0,0,16,1,1,1,1,0,0          0
E7_B_stall,5027,1,0,0,0,0,0,0,0,1,0,0,0,1,0,1,0,0,16,1,1,1,1,0,0          0
E7_B_stall,5028,1,0,0,0,0,0,0,0,1,0,0,0,1,0,1,0,0,16,1,1,1,1,0,0          0
E7_B_stall,5029,1,0,0,0,0,0,0,0,1,0,0,0,1,0,1,0,0,16,1,1,1,1,0,0          0
E7_B_stall,5030,1,0,0,0,0,0,0,0,1,0,0,0,1,0,1,0,0,16,1,1,1,1,0,0          0
E7_B_stall,5031,1,0,0,0,0,0,0,0,1,0,0,0,1,0,1,0,0,16,1,1,1,1,0,0          0
E7_B_stall,5032,1,0,0,0,0,0,0,0,1,0,0,0,1,0,1,0,0,16,1,1,1,1,0,0          0
E7_B_stall,5033,1,0,0,0,0,0,0,0,1,0,0,0,1,0,1,0,0,16,1,1,1,1,0,0          0
E7_B_stall,5034,1,0,0,0,0,0,0,0,1,0,0,0,1,0,1,0,0,16,1,1,1,1,0,0          0
E7_B_stall,5035,1,0,0,0,0,0,0,0,1,0,0,0,1,0,1,0,0,16,1,1,1,1,0,0          0
E7_B_stall,5036,1,0,0,0,0,0,0,0,1,0,0,0,1,0,1,0,0,16,1,1,1,1,0,0          0
E7_B_stall,5037,1,0,0,0,0,0,0,0,1,0,0,0,1,0,1,0,0,16,1,1,1,1,0,0          0
E7_B_stall,5038,1,0,0,0,0,0,0,0,1,0,0,0,1,0,1,0,0,16,1,1,1,1,0,0          0
E7_B_stall,5039,1,0,0,0,0,0,0,0,1,0,0,0,1,0,1,0,0,16,1,1,1,1,0,0          0
E7_B_stall,5040,1,0,0,0,0,0,0,0,1,0,0,0,1,0,1,0,0,16,1,1,1,1,0,0          0
E7_B_stall,5041,1,0,0,0,0,0,0,0,1,0,0,0,1,0,1,0,0,16,1,1,1,1,0,0          0
E7_B_stall,5042,1,0,0,0,0,0,0,0,1,0,0,0,1,0,1,0,0,16,1,1,1,1,0,0          0
E7_B_stall,5043,1,0,0,0,0,0,0,0,1,0,0,0,1,0,1,0,0,16,1,1,1,1,0,0          0
E7_B_stall,5044,1,0,0,0,0,0,0,0,1,0,0,0,1,0,1,0,0,16,1,1,1,1,0,0          0
E7_B_stall,5045,1,0,0,0,0,0,0,0,1,0,0,0,1,0,1,0,0,16,1,1,1,1,0,0          0
E7_B_stall,5046,1,0,0,0,0,0,0,0,1,0,0,0,1,0,1,0,0,16,1,1,1,1,0,0          0
E7_B_stall,5047,1,0,0,0,0,0,0,0,1,0,0,0,1,0,1,0,0,16,1,1,1,1,0,0          0
E7_B_stall,5048,1,0,0,0,0,0,0,0,1,0,0,0,1,0,1,0,0,16,1,1,1,1,0,0          0
E7_B_stall,5049,1,0,0,0,0,0,0,0,1,0,0,0,1,0,1,0,0,16,1,1,1,1,0,0          0
E7_B_stall,5050,1,0,0,0,0,0,0,0,1,0,0,0,1,0,1,0,0,16,1,1,1,1,0,0          0
E7_B_stall,5051,1,0,0,0,0,0,0,0,1,0,0,0,1,0,1,0,0,16,1,1,1,1,0,0          0
E7_B_stall,5052,1,0,0,0,0,0,0,0,1,0,0,0,1,0,1,0,0,16,1,1,1,1,0,0          0
E7_B_stall,5053,1,0,0,0,0,0,0,0,1,0,0,0,1,0,1,0,0,16,1,1,1,1,0,0          0
E7_B_stall,5054,1,0,0,0,0,0,0,0,1,0,0,0,1,0,1,0,0,16,1,1,1,1,0,0          0
E7_B_stall,5055,1,0,0,0,0,0,0,0,1,0,0,0,1,0,1,0,0,16,1,1,1,1,0,0          0
E7_B_stall,5056,1,0,0,0,0,0,0,0,1,0,0,0,1,0,1,0,0,16,1,1,1,1,0,0          0
E7_B_stall,5057,1,0,0,0,0,0,0,0,1,0,0,0,1,0,1,0,0,16,1,1,1,1,0,0          0
E7_B_stall,5058,1,0,0,0,0,0,0,0,1,0,0,0,1,0,1,0,0,16,1,1,1,1,0,0          0
E7_B_stall,5059,1,0,0,0,0,0,0,0,1,0,0,0,1,0,1,0,0,16,1,1,1,1,0,0          0
E7_B_stall,5060,1,0,0,0,0,0,0,0,1,0,0,0,1,0,1,0,0,16,1,1,1,1,0,0          0
E7_B_stall,5061,1,0,0,0,0,0,0,0,1,0,0,0,1,0,1,0,0,16,1,1,1,1,0,0          0
E7_B_stall,5062,1,0,0,0,0,0,0,0,1,0,0,0,1,0,1,0,0,16,1,1,1,1,0,0          0
E7_B_stall,5063,1,0,0,0,0,0,0,0,1,0,0,0,1,0,1,0,0,16,1,1,1,1,0,0          0
E7_B_stall,5064,1,0,0,0,0,0,0,0,1,0,0,0,1,0,1,0,0,16,1,1,1,1,0,0          0
E7_B_stall,5065,1,0,0,0,0,0,0,0,1,0,0,0,1,0,1,0,0,16,1,1,1,1,0,0          0
E7_B_stall,5066,1,0,0,0,0,0,0,0,1,0,0,0,1,0,1,0,0,16,1,1,1,1,0,0          0
E7_B_stall,5067,1,0,0,0,0,0,0,0,1,0,0,0,1,0,1,0,0,16,1,1,1,1,0,0          0
E7_B_stall,5068,1,0,0,0,0,0,0,0,1,0,0,0,1,0,1,0,0,16,1,1,1,1,0,0          0
E7_B_stall,5069,1,0,0,0,0,0,0,0,1,0,0,0,1,0,1,0,0,16,1,1,1,1,0,0          0
E7_B_stall,5070,1,0,0,0,0,0,0,0,1,0,0,0,1,0,1,0,0,16,1,1,1,1,0,0          0
E7_B_stall,5071,1,0,0,0,0,0,0,0,1,0,0,0,1,0,1,0,0,16,1,1,1,1,0,0          0
E7_B_stall,5072,1,0,0,0,0,0,0,0,1,0,0,0,1,0,1,0,0,16,1,1,1,1,0,0          0
E7_B_stall,5073,1,0,0,0,0,0,0,0,1,0,0,0,1,0,1,0,0,16,1,1,1,1,0,0          0
E7_B_stall,5074,1,0,0,0,0,0,0,0,1,0,0,0,1,0,1,0,0,16,1,1,1,1,0,0          0
E7_B_stall,5075,1,0,0,0,0,0,0,0,1,0,0,0,1,0,1,0,0,16,1,1,1,1,0,0          0
E7_B_stall,5076,1,0,0,0,0,0,0,0,1,0,0,0,1,0,1,0,0,16,1,1,1,1,0,0          0
E7_B_stall,5077,1,0,0,0,0,0,0,0,1,0,0,0,1,0,1,0,0,16,1,1,1,1,0,0          0
E7_B_stall,5078,1,0,0,0,0,0,0,0,1,0,0,0,1,0,1,0,0,16,1,1,1,1,0,0          0
E7_B_stall,5079,1,0,0,0,0,0,0,0,1,0,0,0,1,0,1,0,0,16,1,1,1,1,0,0          0
E7_B_stall,5080,1,0,0,0,0,0,0,0,1,0,0,0,1,0,1,0,0,16,1,1,1,1,0,0          0
E7_B_stall,5081,1,0,0,0,0,0,0,0,1,0,0,0,1,0,1,0,0,16,1,1,1,1,0,0          0
E7_B_stall,5082,1,0,0,0,0,0,0,0,1,0,0,0,1,0,1,0,0,16,1,1,1,1,0,0          0
E7_B_stall,5083,1,0,0,0,0,0,0,0,1,0,0,0,1,0,1,0,0,16,1,1,1,1,0,0          0
E7_B_stall,5084,1,0,0,0,0,0,0,0,1,0,0,0,1,0,1,0,0,16,1,1,1,1,0,0          0
E7_B_stall,5085,1,0,0,0,0,0,0,0,1,0,0,0,1,0,1,0,0,16,1,1,1,1,0,0          0
E7_B_stall,5086,1,0,0,0,0,0,0,0,1,0,0,0,1,0,1,0,0,16,1,1,1,1,0,0          0
E7_B_stall,5087,1,0,0,0,0,0,0,0,1,0,0,0,1,0,1,0,0,16,1,1,1,1,0,0          0
E7_B_stall,5088,1,0,0,0,0,0,0,0,1,0,0,0,1,0,1,0,0,16,1,1,1,1,0,0          0
E7_B_stall,5089,1,0,0,0,0,0,0,0,1,0,0,0,1,0,1,0,0,16,1,1,1,1,0,0          0
E7_B_stall,5090,1,0,0,0,0,0,0,0,1,0,0,0,1,0,1,0,0,16,1,1,1,1,0,0          0
E7_B_stall,5091,1,0,0,0,0,0,0,0,1,0,0,0,1,0,1,0,0,16,1,1,1,1,0,0          0
E7_B_stall,5092,1,0,0,0,0,0,0,0,1,0,0,0,1,0,1,0,0,16,1,1,1,1,0,0          0
E7_B_stall,5093,1,0,0,0,0,0,0,0,1,0,0,0,1,0,1,0,0,16,1,1,1,1,0,0          0
E7_B_stall,5094,1,0,0,0,0,0,0,0,1,0,0,0,1,0,1,0,0,16,1,1,1,1,0,0          0
E7_B_stall,5095,1,0,0,0,0,0,0,0,1,0,0,0,1,0,1,0,0,16,1,1,1,1,0,0          0
E7_B_stall,5096,1,0,0,0,0,0,0,0,1,0,0,0,1,0,1,0,0,16,1,1,1,1,0,0          0
E7_B_stall,5097,1,0,0,0,0,0,0,0,1,0,0,0,1,0,1,0,0,16,1,1,1,1,0,0          0
E7_B_stall,5098,1,0,0,0,0,0,0,0,1,0,0,0,1,0,1,0,0,16,1,1,1,1,0,0          0
E7_B_stall,5099,1,0,0,0,0,0,0,0,1,0,0,0,1,0,1,0,0,16,1,1,1,1,0,0          0
E7_B_stall,5100,1,0,0,0,0,0,0,0,1,0,0,0,1,0,1,0,0,16,1,1,1,1,0,0          0
E7_B_stall,5101,1,0,0,0,0,0,0,0,1,0,0,0,1,0,1,0,0,16,1,1,1,1,0,0          0
E7_B_stall,5102,1,0,0,0,0,0,0,0,1,0,0,0,1,0,1,0,0,16,1,1,1,1,0,0          0
E7_B_stall,5103,1,0,0,0,0,0,0,0,1,0,0,0,1,0,1,0,0,16,1,1,1,1,0,0          0
E7_B_stall,5104,1,0,0,0,0,0,0,0,1,0,0,0,1,0,1,0,0,16,1,1,1,1,0,0          0
E7_B_stall,5105,1,0,0,0,0,0,0,0,1,0,0,0,1,0,1,0,0,16,1,1,1,1,0,0          0
E7_B_stall,5106,1,0,0,0,0,0,0,0,1,0,0,0,1,0,1,0,0,16,1,1,1,1,0,0          0
E7_B_stall,5107,1,0,0,0,0,0,0,0,1,0,0,0,1,0,1,0,0,16,1,1,1,1,0,0          0
E7_B_stall,5108,1,0,0,0,0,0,0,0,1,0,0,0,1,0,1,0,0,16,1,1,1,1,0,0          0
E7_B_stall,5109,1,0,0,0,0,0,0,0,1,0,0,0,1,0,1,0,0,16,1,1,1,1,0,0          0
E7_B_stall,5110,1,0,0,0,0,0,0,0,1,0,0,0,1,0,1,0,0,16,1,1,1,1,0,0          0
E7_B_stall,5111,1,0,0,0,0,0,0,0,1,0,0,0,1,0,1,0,0,16,1,1,1,1,0,0          0
E7_B_stall,5112,1,0,0,0,0,0,0,0,1,0,0,0,1,0,1,0,0,16,1,1,1,1,0,0          0
E7_B_stall,5113,1,0,0,0,0,0,0,0,1,0,0,0,1,0,1,0,0,16,1,1,1,1,0,0          0
E7_B_stall,5114,1,0,0,0,0,0,0,0,1,0,0,0,1,0,1,0,0,16,1,1,1,1,0,0          0
E7_B_stall,5115,1,0,0,0,0,0,0,0,1,0,0,0,1,0,1,0,0,16,1,1,1,1,0,0          0
E7_B_stall,5116,1,0,0,0,0,0,0,0,1,0,0,0,1,0,1,0,0,16,1,1,1,1,0,0          0
E7_B_stall,5117,1,0,0,0,0,0,0,0,1,0,0,0,1,0,1,0,0,16,1,1,1,1,0,0          0
E7_B_stall,5118,1,0,0,0,0,0,0,0,1,0,0,0,1,0,1,0,0,16,1,1,1,1,0,0          0
E7_B_stall,5119,1,0,0,0,0,0,0,0,1,0,0,0,1,0,1,0,0,16,1,1,1,1,0,0          0
E7_B_stall,5120,1,0,0,0,0,0,0,0,1,0,0,0,1,0,1,0,0,16,1,1,1,1,0,0          0
E7_B_stall,5121,1,0,0,0,0,0,0,0,1,0,0,0,1,0,1,0,0,16,1,1,1,1,0,0          0
E7_B_stall,5122,1,0,0,0,0,0,0,0,1,0,0,0,1,0,1,0,0,16,1,1,1,1,0,0          0
E7_B_stall,5123,1,0,0,0,0,0,0,0,1,0,0,0,1,0,1,0,0,16,1,1,1,1,0,0          0
E7_B_stall,5124,1,0,0,0,0,0,0,0,1,0,0,0,1,0,1,0,0,16,1,1,1,1,0,0          0
E7_B_stall,5125,1,0,0,0,0,0,0,0,1,0,0,0,1,0,1,0,0,16,1,1,1,1,0,0          0
E7_B_stall,5126,1,0,0,0,0,0,0,0,1,0,0,0,1,0,1,0,0,16,1,1,1,1,0,0          0
E7_B_stall,5127,1,0,0,0,0,0,0,0,1,0,0,0,1,0,1,0,0,16,1,1,1,1,0,0          0
E7_B_stall,5128,1,0,0,0,0,0,0,0,1,0,0,0,1,0,1,0,0,16,1,1,1,1,0,0          0
E7_B_stall,5129,1,0,0,0,0,0,0,0,1,0,0,0,1,0,1,0,0,16,1,1,1,1,0,0          0
E7_B_stall,5130,1,0,0,0,0,0,0,0,1,0,0,0,1,0,1,0,0,16,1,1,1,1,0,0          0
E7_B_stall,5131,1,0,0,0,0,0,0,0,1,0,0,0,1,0,1,0,0,16,1,1,1,1,0,0          0
E7_B_stall,5132,1,0,0,0,0,0,0,0,1,0,0,0,1,0,1,0,0,16,1,1,1,1,0,0          0
E7_B_stall,5133,1,0,0,0,0,0,0,0,1,0,0,0,1,0,1,0,0,16,1,1,1,1,0,0          0
E7_B_stall,5134,1,0,0,0,0,0,0,0,1,0,0,0,1,0,1,0,0,16,1,1,1,1,0,0          0
E7_B_stall,5135,1,0,0,0,0,0,0,0,1,0,0,0,1,0,1,0,0,16,1,1,1,1,0,0          0
E7_B_stall,5136,1,0,0,0,0,0,0,0,1,0,0,0,1,0,1,0,0,16,1,1,1,1,0,0          0
E7_B_stall,5137,1,0,0,0,0,0,0,0,1,0,0,0,1,0,1,0,0,16,1,1,1,1,0,0          0
E7_B_stall,5138,1,0,0,0,0,0,0,0,1,0,0,0,1,0,1,0,0,16,1,1,1,1,0,0          0
E7_B_stall,5139,1,0,0,0,0,0,0,0,1,0,0,0,1,0,1,0,0,16,1,1,1,1,0,0          0
E7_B_stall,5140,1,0,0,0,0,0,0,0,1,0,0,0,1,0,1,0,0,16,1,1,1,1,0,0          0
E7_B_stall,5141,1,0,0,0,0,0,0,0,1,0,0,0,1,0,1,0,0,16,1,1,1,1,0,0          0
E7_B_stall,5142,1,0,0,0,0,0,0,0,1,0,0,0,1,0,1,0,0,16,1,1,1,1,0,0          0
E7_B_stall,5143,1,0,0,0,0,0,0,0,1,0,0,0,1,0,1,0,0,16,1,1,1,1,0,0          0
E7_B_stall,5144,1,0,0,0,0,0,0,0,1,0,0,0,1,0,1,0,0,16,1,1,1,1,0,0          0
E7_B_stall,5145,1,0,0,0,0,0,0,0,1,0,0,0,1,0,1,0,0,16,1,1,1,1,0,0          0
E7_B_stall,5146,1,0,0,0,0,0,0,0,1,0,0,0,1,0,1,0,0,16,1,1,1,1,0,0          0
E7_B_stall,5147,1,0,0,0,0,0,0,0,1,0,0,0,1,0,1,0,0,16,1,1,1,1,0,0          0
E7_B_stall,5148,1,0,0,0,0,0,0,0,1,0,0,0,1,0,1,0,0,16,1,1,1,1,0,0          0
E7_B_stall,5149,1,0,0,0,0,0,0,0,1,0,0,0,1,0,1,0,0,16,1,1,1,1,0,0          0
E7_B_stall,5150,1,0,0,0,0,0,0,0,1,0,0,0,1,0,1,0,0,16,1,1,1,1,0,0          0
E7_B_stall,5151,1,0,0,0,0,0,0,0,1,0,0,0,1,0,1,0,0,16,1,1,1,1,0,0          0
E7_B_stall,5152,1,0,0,0,0,0,0,0,1,0,0,0,1,0,1,0,0,16,1,1,1,1,0,0          0
E7_B_stall,5153,1,0,0,0,0,0,0,0,1,0,0,0,1,0,1,0,0,16,1,1,1,1,0,0          0
E7_B_stall,5154,1,0,0,0,0,0,0,0,1,0,0,0,1,0,1,0,0,16,1,1,1,1,0,0          0
E7_B_stall,5155,1,0,0,0,0,0,0,0,1,0,0,0,1,0,1,0,0,16,1,1,1,1,0,0          0
E7_B_stall,5156,1,0,0,0,0,0,0,0,1,0,0,0,1,0,1,0,0,16,1,1,1,1,0,0          0
E7_B_stall,5157,1,0,0,0,0,0,0,0,1,0,0,0,1,0,1,0,0,16,1,1,1,1,0,0          0
E7_B_stall,5158,1,0,0,0,0,0,0,0,1,0,0,0,1,0,1,0,0,16,1,1,1,1,0,0          0
E7_B_stall,5159,1,0,0,0,0,0,0,0,1,0,0,0,1,0,1,0,0,16,1,1,1,1,0,0          0
E7_B_stall,5160,1,0,0,0,0,0,0,0,1,0,0,0,1,0,1,0,0,16,1,1,1,1,0,0          0
E7_B_stall,5161,1,0,0,0,0,0,0,0,1,0,0,0,1,0,1,0,0,16,1,1,1,1,0,0          0
E7_B_stall,5162,1,0,0,0,0,0,0,0,1,0,0,0,1,0,1,0,0,16,1,1,1,1,0,0          0
E7_B_stall,5163,1,0,0,0,0,0,0,0,1,0,0,0,1,0,1,0,0,16,1,1,1,1,0,0          0
E7_B_stall,5164,1,0,0,0,0,0,0,0,1,0,0,0,1,0,1,0,0,16,1,1,1,1,0,0          0
E7_B_stall,5165,1,0,0,0,0,0,0,0,1,0,0,0,1,0,1,0,0,16,1,1,1,1,0,0          0
E7_B_stall,5166,1,0,0,0,0,0,0,0,1,0,0,0,1,0,1,0,0,16,1,1,1,1,0,0          0
E7_B_stall,5167,1,0,0,0,0,0,0,0,1,0,0,0,1,0,1,0,0,16,1,1,1,1,0,0          0
E7_B_stall,5168,1,0,0,0,0,0,0,0,1,0,0,0,1,0,1,0,0,16,1,1,1,1,0,0          0
E7_B_stall,5169,1,0,0,0,0,0,0,0,1,0,0,0,1,0,1,0,0,16,1,1,1,1,0,0          0
E7_B_stall,5170,1,0,0,0,0,0,0,0,1,0,0,0,1,0,1,0,0,16,1,1,1,1,0,0          0
E7_B_stall,5171,1,0,0,0,0,0,0,0,1,0,0,0,1,0,1,0,0,16,1,1,1,1,0,0          0
E7_B_stall,5172,1,0,0,0,0,0,0,0,1,0,0,0,1,0,1,0,0,16,1,1,1,1,0,0          0
E7_B_stall,5173,1,0,0,0,0,0,0,0,1,0,0,0,1,0,1,0,0,16,1,1,1,1,0,0          0
E7_B_stall,5174,1,0,0,0,0,0,0,0,1,0,0,0,1,0,1,0,0,16,1,1,1,1,0,0          0
E7_B_stall,5175,1,0,0,0,0,0,0,0,1,0,0,0,1,0,1,0,0,16,1,1,1,1,0,0          0
E7_B_stall,5176,1,0,0,0,0,0,0,0,1,0,0,0,1,0,1,0,0,16,1,1,1,1,0,0          0
E7_B_stall,5177,1,0,0,0,0,0,0,0,1,0,0,0,1,0,1,0,0,16,1,1,1,1,0,0          0
E7_B_stall,5178,1,0,0,0,0,0,0,0,1,0,0,0,1,0,1,0,0,16,1,1,1,1,0,0          0
E7_B_stall,5179,1,0,0,0,0,0,0,0,1,0,0,0,1,0,1,0,0,16,1,1,1,1,0,0          0
E7_B_stall,5180,1,0,0,0,0,0,0,0,1,0,0,0,1,0,1,0,0,16,1,1,1,1,0,0          0
E7_B_stall,5181,1,0,0,0,0,0,0,0,1,0,0,0,1,0,1,0,0,16,1,1,1,1,0,0          0
E7_B_stall,5182,1,0,0,0,0,0,0,0,1,0,0,0,1,0,1,0,0,16,1,1,1,1,0,0          0
E7_B_stall,5183,1,0,0,0,0,0,0,0,1,0,0,0,1,0,1,0,0,16,1,1,1,1,0,0          0
E7_B_stall,5184,1,0,0,0,0,0,0,0,1,0,0,0,1,0,1,0,0,16,1,1,1,1,0,0          0
E7_B_stall,5185,1,0,0,0,0,0,0,0,1,0,0,0,1,0,1,0,0,16,1,1,1,1,0,0          0
E7_B_stall,5186,1,0,0,0,0,0,0,0,1,0,0,0,1,0,1,0,0,16,1,1,1,1,0,0          0
E7_B_stall,5187,1,0,0,0,0,0,0,0,1,0,0,0,1,0,1,0,0,16,1,1,1,1,0,0          0
E7_B_stall,5188,1,0,0,0,0,0,0,0,1,0,0,0,1,0,1,0,0,16,1,1,1,1,0,0          0
E7_B_stall,5189,1,0,0,0,0,0,0,0,1,0,0,0,1,0,1,0,0,16,1,1,1,1,0,0          0
E7_B_stall,5190,1,0,0,0,0,0,0,0,1,0,0,0,1,0,1,0,0,16,1,1,1,1,0,0          0
E7_B_stall,5191,1,0,0,0,0,0,0,0,1,0,0,0,1,0,1,0,0,16,1,1,1,1,0,0          0
E7_B_stall,5192,1,0,0,0,0,0,0,0,1,0,0,0,1,0,1,0,0,16,1,1,1,1,0,0          0
E7_B_stall,5193,1,0,0,0,0,0,0,0,1,0,0,0,1,0,1,0,0,16,1,1,1,1,0,0          0
E7_B_stall,5194,1,0,0,0,0,0,0,0,1,0,0,0,1,0,1,0,0,16,1,1,1,1,0,0          0
E7_B_stall,5195,1,0,0,0,0,0,0,0,1,0,0,0,1,0,1,0,0,16,1,1,1,1,0,0          0
E7_B_stall,5196,1,0,0,0,0,0,0,0,1,0,0,0,1,0,1,0,0,16,1,1,1,1,0,0          0
E7_B_stall,5197,1,0,0,0,0,0,0,0,1,0,0,0,1,0,1,0,0,16,1,1,1,1,0,0          0
E7_B_stall,5198,1,0,0,0,0,0,0,0,1,0,0,0,1,0,1,0,0,16,1,1,1,1,0,0          0
E7_B_stall,5199,1,0,0,0,0,0,0,0,1,0,0,0,1,0,1,0,0,16,1,1,1,1,0,0          0
E7_B_stall,5200,1,0,0,0,0,0,0,0,1,0,0,0,1,0,1,0,0,16,1,1,1,1,0,0          0
E7_B_stall,5201,1,0,0,0,0,0,0,0,1,0,0,0,1,0,1,0,0,16,1,1,1,1,0,0          0
E7_B_stall,5202,1,0,0,0,0,0,0,0,1,0,0,0,1,0,1,0,0,16,1,1,1,1,0,0          0
E7_B_stall,5203,1,0,0,0,0,0,0,0,1,0,0,0,1,0,1,0,0,16,1,1,1,1,0,0          0
E7_B_stall,5204,1,0,0,0,0,0,0,0,1,0,0,0,1,0,1,0,0,16,1,1,1,1,0,0          0
E7_B_stall,5205,1,0,0,0,0,0,0,0,1,0,0,0,1,0,1,0,0,16,1,1,1,1,0,0          0
E7_B_stall,5206,1,0,0,0,0,0,0,0,1,0,0,0,1,0,1,0,0,16,1,1,1,1,0,0          0
E7_B_stall,5207,1,0,0,0,0,0,0,0,1,0,0,0,1,0,1,0,0,16,1,1,1,1,0,0          0
E7_B_stall,5208,1,0,0,0,0,0,0,0,1,0,0,0,1,0,1,0,0,16,1,1,1,1,0,0          0
E7_B_stall,5209,1,0,0,0,0,0,0,0,1,0,0,0,1,0,1,0,0,16,1,1,1,1,0,0          0
E7_B_stall,5210,1,0,0,0,0,0,0,0,1,0,0,0,1,0,1,0,0,16,1,1,1,1,0,0          0
E7_B_stall,5211,1,0,0,0,0,0,0,0,1,0,0,0,1,0,1,0,0,16,1,1,1,1,0,0          0
E7_B_stall,5212,1,0,0,0,0,0,0,0,1,0,0,0,1,0,1,0,0,16,1,1,1,1,0,0          0
E7_B_stall,5213,1,0,0,0,0,0,0,0,1,0,0,0,1,0,1,0,0,16,1,1,1,1,0,0          0
E7_B_stall,5214,1,0,0,0,0,0,0,0,1,0,0,0,1,0,1,0,0,16,1,1,1,1,0,0          0
E7_B_stall,5215,1,0,0,0,0,0,0,0,1,0,0,0,1,0,1,0,0,16,1,1,1,1,0,0          0
E7_B_stall,5216,1,0,0,0,0,0,0,0,1,0,0,0,1,0,1,0,0,16,1,1,1,1,0,0          0
E7_B_stall,5217,1,0,0,0,0,0,0,0,1,0,0,0,1,0,1,0,0,16,1,1,1,1,0,0          0
E7_B_stall,5218,1,0,0,0,0,0,0,0,1,0,0,0,1,0,1,0,0,16,1,1,1,1,0,0          0
E7_B_stall,5219,1,0,0,0,0,0,0,0,1,0,0,0,1,0,1,0,0,16,1,1,1,1,0,0          0
E7_B_stall,5220,1,0,0,0,0,0,0,0,1,0,0,0,1,0,1,0,0,16,1,1,1,1,0,0          0
E7_B_stall,5221,1,0,0,0,0,0,0,0,1,0,0,0,1,0,1,0,0,16,1,1,1,1,0,0          0
E7_B_stall,5222,1,0,0,0,0,0,0,0,1,0,0,0,1,0,1,0,0,16,1,1,1,1,0,0          0
E7_B_stall,5223,1,0,0,0,0,0,0,0,1,0,0,0,1,0,1,0,0,16,1,1,1,1,0,0          0
E7_B_stall,5224,1,0,0,0,0,0,0,0,1,0,0,0,1,0,1,0,0,16,1,1,1,1,0,0          0
E7_B_stall,5225,1,0,0,0,0,0,0,0,1,0,0,0,1,0,1,0,0,16,1,1,1,1,0,0          0
E7_B_stall,5226,1,0,0,0,0,0,0,0,1,0,0,0,1,0,1,0,0,16,1,1,1,1,0,0          0
E7_B_stall,5227,1,0,0,0,0,0,0,0,1,0,0,0,1,0,1,0,0,16,1,1,1,1,0,0          0
E7_B_stall,5228,1,0,0,0,0,0,0,0,1,0,0,0,1,0,1,0,0,16,1,1,1,1,0,0          0
E7_B_stall,5229,1,0,0,0,0,0,0,0,1,0,0,0,1,0,1,0,0,16,1,1,1,1,0,0          0
E7_B_stall,5230,1,0,0,0,0,0,0,0,1,0,0,0,1,0,1,0,0,16,1,1,1,1,0,0          0
E7_B_stall,5231,1,0,0,0,0,0,0,0,1,0,0,0,1,0,1,0,0,16,1,1,1,1,0,0          0
E7_B_stall,5232,1,0,0,0,0,0,0,0,1,0,0,0,1,0,1,0,0,16,1,1,1,1,0,0          0
E7_B_stall,5233,1,0,0,0,0,0,0,0,1,0,0,0,1,0,1,0,0,16,1,1,1,1,0,0          0
E7_B_stall,5234,1,0,0,0,0,0,0,0,1,0,0,0,1,0,1,0,0,16,1,1,1,1,0,0          0
E7_B_stall,5235,1,0,0,0,0,0,0,0,1,0,0,0,1,0,1,0,0,16,1,1,1,1,0,0          0
E7_B_stall,5236,1,0,0,0,0,0,0,0,1,0,0,0,1,0,1,0,0,16,1,1,1,1,0,0          0
E7_B_stall,5237,1,0,0,0,0,0,0,0,1,0,0,0,1,0,1,0,0,16,1,1,1,1,0,0          0
E7_B_stall,5238,1,0,0,0,0,0,0,0,1,0,0,0,1,0,1,0,0,16,1,1,1,1,0,0          0
E7_B_stall,5239,1,0,0,0,0,0,0,0,1,0,0,0,1,0,1,0,0,16,1,1,1,1,0,0          0
E7_B_stall,5240,1,0,0,0,0,0,0,0,1,0,0,0,1,0,1,0,0,16,1,1,1,1,0,0          0
E7_B_stall,5241,1,0,0,0,0,0,0,0,1,0,0,0,1,0,1,0,0,16,1,1,1,1,0,0          0
E7_B_stall,5242,1,0,0,0,0,0,0,0,1,0,0,0,1,0,1,0,0,16,1,1,1,1,0,0          0
E7_B_stall,5243,1,0,0,0,0,0,0,0,1,0,0,0,1,0,1,0,0,16,1,1,1,1,0,0          0
E7_B_stall,5244,1,0,0,0,0,0,0,0,1,0,0,0,1,0,1,0,0,16,1,1,1,1,0,0          0
E7_B_stall,5245,1,0,0,0,0,0,0,0,1,0,0,0,1,0,1,0,0,16,1,1,1,1,0,0          0
E7_B_stall,5246,1,0,0,0,0,0,0,0,1,0,0,0,1,0,1,0,0,16,1,1,1,1,0,0          0
E7_B_stall,5247,1,0,0,0,0,0,0,0,1,0,0,0,1,0,1,0,0,16,1,1,1,1,0,0          0
E7_B_stall,5248,1,0,0,0,0,0,0,0,1,0,0,0,1,0,1,0,0,16,1,1,1,1,0,0          0
E7_B_stall,5249,1,0,0,0,0,0,0,0,1,0,0,0,1,0,1,0,0,16,1,1,1,1,0,0          0
E7_B_stall,5250,1,0,0,0,0,0,0,0,1,0,0,0,1,0,1,0,0,16,1,1,1,1,0,0          0
E7_B_stall,5251,1,0,0,0,0,0,0,0,1,0,0,0,1,0,1,0,0,16,1,1,1,1,0,0          0
E7_B_stall,5252,1,0,0,0,0,0,0,0,1,0,0,0,1,0,1,0,0,16,1,1,1,1,0,0          0
E7_B_stall,5253,1,0,0,0,0,0,0,0,1,0,0,0,1,0,1,0,0,16,1,1,1,1,0,0          0
E7_B_stall,5254,1,0,0,0,0,0,0,0,1,0,0,0,1,0,1,0,0,16,1,1,1,1,0,0          0
E7_B_stall,5255,1,0,0,0,0,0,0,0,1,0,0,0,1,0,1,0,0,16,1,1,1,1,0,0          0
E7_B_stall,5256,1,0,0,0,0,0,0,0,1,0,0,0,1,0,1,0,0,16,1,1,1,1,0,0          0
E7_B_stall,5257,1,0,0,0,0,0,0,0,1,0,0,0,1,0,1,0,0,16,1,1,1,1,0,0          0
E7_B_stall,5258,1,0,0,0,0,0,0,0,1,0,0,0,1,0,1,0,0,16,1,1,1,1,0,0          0
E7_B_stall,5259,1,0,0,0,0,0,0,0,1,0,0,0,1,0,1,0,0,16,1,1,1,1,0,0          0
E7_B_stall,5260,1,0,0,0,0,0,0,0,1,0,0,0,1,0,1,0,0,16,1,1,1,1,0,0          0
E7_B_stall,5261,1,0,0,0,0,0,0,0,1,0,0,0,1,0,1,0,0,16,1,1,1,1,0,0          0
E7_B_stall,5262,1,0,0,0,0,0,0,0,1,0,0,0,1,0,1,0,0,16,1,1,1,1,0,0          0
E7_B_stall,5263,1,0,0,0,0,0,0,0,1,0,0,0,1,0,1,0,0,16,1,1,1,1,0,0          0
E7_B_stall,5264,1,0,0,0,0,0,0,0,1,0,0,0,1,0,1,0,0,16,1,1,1,1,0,0          0
E7_B_stall,5265,1,0,0,0,0,0,0,0,1,0,0,0,1,0,1,0,0,16,1,1,1,1,0,0          0
E7_B_stall,5266,1,0,0,0,0,0,0,0,1,0,0,0,1,0,1,0,0,16,1,1,1,1,0,0          0
E7_B_stall,5267,1,0,0,0,0,0,0,0,1,0,0,0,1,0,1,0,0,16,1,1,1,1,0,0          0
E7_B_stall,5268,1,0,0,0,0,0,0,0,1,0,0,0,1,0,1,0,0,16,1,1,1,1,0,0          0
E7_B_stall,5269,1,0,0,0,0,0,0,0,1,0,0,0,1,0,1,0,0,16,1,1,1,1,0,0          0
E7_B_stall,5270,1,0,0,0,0,0,0,0,1,0,0,0,1,0,1,0,0,16,1,1,1,1,0,0          0
E7_B_stall,5271,1,0,0,0,0,0,0,0,1,0,0,0,1,0,1,0,0,16,1,1,1,1,0,0          0
E7_B_stall,5272,1,0,0,0,0,0,0,0,1,0,0,0,1,0,1,0,0,16,1,1,1,1,0,0          0
E7_B_stall,5273,1,0,0,0,0,0,0,0,1,0,0,0,1,0,1,0,0,16,1,1,1,1,0,0          0
E7_B_stall,5274,1,0,0,0,0,0,0,0,1,0,0,0,1,0,1,0,0,16,1,1,1,1,0,0          0
E7_B_stall,5275,1,0,0,0,0,0,0,0,1,0,0,0,1,0,1,0,0,16,1,1,1,1,0,0          0
E7_B_stall,5276,1,0,0,0,0,0,0,0,1,0,0,0,1,0,1,0,0,16,1,1,1,1,0,0          0
E7_B_stall,5277,1,0,0,0,0,0,0,0,1,0,0,0,1,0,1,0,0,16,1,1,1,1,0,0          0
E7_B_stall,5278,1,0,0,0,0,0,0,0,1,0,0,0,1,0,1,0,0,16,1,1,1,1,0,0          0
E7_B_stall,5279,1,0,0,0,0,0,0,0,1,0,0,0,1,0,1,0,0,16,1,1,1,1,0,0          0
E7_B_stall,5280,1,0,0,0,0,0,0,0,1,0,0,0,1,0,1,0,0,16,1,1,1,1,0,0          0
E7_B_stall,5281,1,0,0,0,0,0,0,0,1,0,0,0,1,0,1,0,0,16,1,1,1,1,0,0          0
E7_B_stall,5282,1,0,0,0,0,0,0,0,1,0,0,0,1,0,1,0,0,16,1,1,1,1,0,0          0
E7_B_stall,5283,1,0,0,0,0,0,0,0,1,0,0,0,1,0,1,0,0,16,1,1,1,1,0,0          0
E7_B_stall,5284,1,0,0,0,0,0,0,0,1,0,0,0,1,0,1,0,0,16,1,1,1,1,0,0          0
E7_B_stall,5285,1,0,0,0,0,0,0,0,1,0,0,0,1,0,1,0,0,16,1,1,1,1,0,0          0
E7_B_stall,5286,1,0,0,0,0,0,0,0,1,0,0,0,1,0,1,0,0,16,1,1,1,1,0,0          0
E7_B_stall,5287,1,0,0,0,0,0,0,0,1,0,0,0,1,0,1,0,0,16,1,1,1,1,0,0          0
E7_B_stall,5288,1,0,0,0,0,0,0,0,1,0,0,0,1,0,1,0,0,16,1,1,1,1,0,0          0
E7_B_stall,5289,1,0,0,0,0,0,0,0,1,0,0,0,1,0,1,0,0,16,1,1,1,1,0,0          0
E7_B_stall,5290,1,0,0,0,0,0,0,0,1,0,0,0,1,0,1,0,0,16,1,1,1,1,0,0          0
E7_B_stall,5291,1,0,0,0,0,0,0,0,1,0,0,0,1,0,1,0,0,16,1,1,1,1,0,0          0
E7_B_stall,5292,1,0,0,0,0,0,0,0,1,0,0,0,1,0,1,0,0,16,1,1,1,1,0,0          0
E7_B_stall,5293,1,0,0,0,0,0,0,0,1,0,0,0,1,0,1,0,0,16,1,1,1,1,0,0          0
E7_B_stall,5294,1,0,0,0,0,0,0,0,1,0,0,0,1,0,1,0,0,16,1,1,1,1,0,0          0
E7_B_stall,5295,1,0,0,0,0,0,0,0,1,0,0,0,1,0,1,0,0,16,1,1,1,1,0,0          0
E7_B_stall,5296,1,0,0,0,0,0,0,0,1,0,0,0,1,0,1,0,0,16,1,1,1,1,0,0          0
E7_B_stall,5297,1,0,0,0,0,0,0,0,1,0,0,0,1,0,1,0,0,16,1,1,1,1,0,0          0
E7_B_stall,5298,1,0,0,0,0,0,0,0,1,0,0,0,1,0,1,0,0,16,1,1,1,1,0,0          0
E7_B_stall,5299,1,0,0,0,0,0,0,0,1,0,0,0,1,0,1,0,0,16,1,1,1,1,0,0          0
E7_B_stall,5300,1,0,0,0,0,0,0,0,1,0,0,0,1,0,1,0,0,16,1,1,1,1,0,0          0
E7_B_stall,5301,1,0,0,0,0,0,0,0,1,0,0,0,1,0,1,0,0,16,1,1,1,1,0,0          0
E7_B_stall,5302,1,0,0,0,0,0,0,0,1,0,0,0,1,0,1,0,0,16,1,1,1,1,0,0          0
E7_B_stall,5303,1,0,0,0,0,0,0,0,1,0,0,0,1,0,1,0,0,16,1,1,1,1,0,0          0
E7_B_stall,5304,1,0,0,0,0,0,0,0,1,0,0,0,1,0,1,0,0,16,1,1,1,1,0,0          0
E7_B_stall,5305,1,0,0,0,0,0,0,0,1,0,0,0,1,0,1,0,0,16,1,1,1,1,0,0          0
E7_B_stall,5306,1,0,0,0,0,0,0,0,1,0,0,0,1,0,1,0,0,16,1,1,1,1,0,0          0
E7_B_stall,5307,1,0,0,0,0,0,0,0,1,0,0,0,1,0,1,0,0,16,1,1,1,1,0,0          0
E7_B_stall,5308,1,0,0,0,0,0,0,0,1,0,0,0,1,0,1,0,0,16,1,1,1,1,0,0          0
E7_B_stall,5309,1,0,0,0,0,0,0,0,1,0,0,0,1,0,1,0,0,16,1,1,1,1,0,0          0
E7_B_stall,5310,1,0,0,0,0,0,0,0,1,0,0,0,1,0,1,0,0,16,1,1,1,1,0,0          0
E7_B_stall,5311,1,0,0,0,0,0,0,0,1,0,0,0,1,0,1,0,0,16,1,1,1,1,0,0          0
E7_B_stall,5312,1,0,0,0,0,0,0,0,1,0,0,0,1,0,1,0,0,16,1,1,1,1,0,0          0
E7_B_stall,5313,1,0,0,0,0,0,0,0,1,0,0,0,1,0,1,0,0,16,1,1,1,1,0,0          0
E7_B_stall,5314,1,0,0,0,0,0,0,0,1,0,0,0,1,0,1,0,0,16,1,1,1,1,0,0          0
E7_B_stall,5315,1,0,0,0,0,0,0,0,1,0,0,0,1,0,1,0,0,16,1,1,1,1,0,0          0
E7_B_stall,5316,1,0,0,0,0,0,0,0,1,0,0,0,1,0,1,0,0,16,1,1,1,1,0,0          0
E7_B_stall,5317,1,0,0,0,0,0,0,0,1,0,0,0,1,0,1,0,0,16,1,1,1,1,0,0          0
E7_B_stall,5318,1,0,0,0,0,0,0,0,1,0,0,0,1,0,1,0,0,16,1,1,1,1,0,0          0
E7_B_stall,5319,1,0,0,0,0,0,0,0,1,0,0,0,1,0,1,0,0,16,1,1,1,1,0,0          0
E7_B_stall,5320,1,0,0,0,0,0,0,0,1,0,0,0,1,0,1,0,0,16,1,1,1,1,0,0          0
E7_B_stall,5321,1,0,0,0,0,0,0,0,1,0,0,0,1,0,1,0,0,16,1,1,1,1,0,0          0
E7_B_stall,5322,1,0,0,0,0,0,0,0,1,0,0,0,1,0,1,0,0,16,1,1,1,1,0,0          0
E7_B_stall,5323,1,0,0,0,0,0,0,0,1,0,0,0,1,0,1,0,0,16,1,1,1,1,0,0          0
E7_B_stall,5324,1,0,0,0,0,0,0,0,1,0,0,0,1,0,1,0,0,16,1,1,1,1,0,0          0
E7_B_stall,5325,1,0,0,0,0,0,0,0,1,0,0,0,1,0,1,0,0,16,1,1,1,1,0,0          0
E7_B_stall,5326,1,0,0,0,0,0,0,0,1,0,0,0,1,0,1,0,0,16,1,1,1,1,0,0          0
E7_B_stall,5327,1,0,0,0,0,0,0,0,1,0,0,0,1,0,1,0,0,16,1,1,1,1,0,0          0
E7_B_stall,5328,1,0,0,0,0,0,0,0,1,0,0,0,1,0,1,0,0,16,1,1,1,1,0,0          0
E7_B_stall,5329,1,0,0,0,0,0,0,0,1,0,0,0,1,0,1,0,0,16,1,1,1,1,0,0          0
E7_B_stall,5330,1,0,0,0,0,0,0,0,1,0,0,0,1,0,1,0,0,16,1,1,1,1,0,0          0
E7_B_stall,5331,1,0,0,0,0,0,0,0,1,0,0,0,1,0,1,0,0,16,1,1,1,1,0,0          0
E7_B_stall,5332,1,0,0,0,0,0,0,0,1,0,0,0,1,0,1,0,0,16,1,1,1,1,0,0          0
E7_B_stall,5333,1,0,0,0,0,0,0,0,1,0,0,0,1,0,1,0,0,16,1,1,1,1,0,0          0
E7_B_stall,5334,1,0,0,0,0,0,0,0,1,0,0,0,1,0,1,0,0,16,1,1,1,1,0,0          0
E7_B_stall,5335,1,0,0,0,0,0,0,0,1,0,0,0,1,0,1,0,0,16,1,1,1,1,0,0          0
E7_B_stall,5336,1,0,0,0,0,0,0,0,1,0,0,0,1,0,1,0,0,16,1,1,1,1,0,0          0
E7_B_stall,5337,1,0,0,0,0,0,0,0,1,0,0,0,1,0,1,0,0,16,1,1,1,1,0,0          0
E7_B_stall,5338,1,0,0,0,0,0,0,0,1,0,0,0,1,0,1,0,0,16,1,1,1,1,0,0          0
E7_B_stall,5339,1,0,0,0,0,0,0,0,1,0,0,0,1,0,1,0,0,16,1,1,1,1,0,0          0
E7_B_stall,5340,1,0,0,0,0,0,0,0,1,0,0,0,1,0,1,0,0,16,1,1,1,1,0,0          0
E7_B_stall,5341,1,0,0,0,0,0,0,0,1,0,0,0,1,0,1,0,0,16,1,1,1,1,0,0          0
E7_B_stall,5342,1,0,0,0,0,0,0,0,1,0,0,0,1,0,1,0,0,16,1,1,1,1,0,0          0
E7_B_stall,5343,1,0,0,0,0,0,0,0,1,0,0,0,1,0,1,0,0,16,1,1,1,1,0,0          0
E7_B_stall,5344,1,0,0,0,0,0,0,0,1,0,0,0,1,0,1,0,0,16,1,1,1,1,0,0          0
E7_B_stall,5345,1,0,0,0,0,0,0,0,1,0,0,0,1,0,1,0,0,16,1,1,1,1,0,0          0
E7_B_stall,5346,1,0,0,0,0,0,0,0,1,0,0,0,1,0,1,0,0,16,1,1,1,1,0,0          0
E7_B_stall,5347,1,0,0,0,0,0,0,0,1,0,0,0,1,0,1,0,0,16,1,1,1,1,0,0          0
E7_B_stall,5348,1,0,0,0,0,0,0,0,1,0,0,0,1,0,1,0,0,16,1,1,1,1,0,0          0
E7_B_stall,5349,1,0,0,0,0,0,0,0,1,0,0,0,1,0,1,0,0,16,1,1,1,1,0,0          0
E7_B_stall,5350,1,0,0,0,0,0,0,0,1,0,0,0,1,0,1,0,0,16,1,1,1,1,0,0          0
E7_B_stall,5351,1,0,0,0,0,0,0,0,1,0,0,0,1,0,1,0,0,16,1,1,1,1,0,0          0
E7_B_stall,5352,1,0,0,0,0,0,0,0,1,0,0,0,1,0,1,0,0,16,1,1,1,1,0,0          0
E7_B_stall,5353,1,0,0,0,0,0,0,0,1,0,0,0,1,0,1,0,0,16,1,1,1,1,0,0          0
E7_B_stall,5354,1,0,0,0,0,0,0,0,1,0,0,0,1,0,1,0,0,16,1,1,1,1,0,0          0
E7_B_stall,5355,1,0,0,0,0,0,0,0,1,0,0,0,1,0,1,0,0,16,1,1,1,1,0,0          0
E7_B_stall,5356,1,0,0,0,0,0,0,0,1,0,0,0,1,0,1,0,0,16,1,1,1,1,0,0          0
E7_B_stall,5357,1,0,0,0,0,0,0,0,1,0,0,0,1,0,1,0,0,16,1,1,1,1,0,0          0
E7_B_stall,5358,1,0,0,0,0,0,0,0,1,0,0,0,1,0,1,0,0,16,1,1,1,1,0,0          0
E7_B_stall,5359,1,0,0,0,0,0,0,0,1,0,0,0,1,0,1,0,0,16,1,1,1,1,0,0          0
E7_B_stall,5360,1,0,0,0,0,0,0,0,1,0,0,0,1,0,1,0,0,16,1,1,1,1,0,0          0
E7_B_stall,5361,1,0,0,0,0,0,0,0,1,0,0,0,1,0,1,0,0,16,1,1,1,1,0,0          0
E7_B_stall,5362,1,0,0,0,0,0,0,0,1,0,0,0,1,0,1,0,0,16,1,1,1,1,0,0          0
E7_B_stall,5363,1,0,0,0,0,0,0,0,1,0,0,0,1,0,1,0,0,16,1,1,1,1,0,0          0
E7_B_stall,5364,1,0,0,0,0,0,0,0,1,0,0,0,1,0,1,0,0,16,1,1,1,1,0,0          0
E7_B_stall,5365,1,0,0,0,0,0,0,0,1,0,0,0,1,0,1,0,0,16,1,1,1,1,0,0          0
E7_B_stall,5366,1,0,0,0,0,0,0,0,1,0,0,0,1,0,1,0,0,16,1,1,1,1,0,0          0
E7_B_stall,5367,1,0,0,0,0,0,0,0,1,0,0,0,1,0,1,0,0,16,1,1,1,1,0,0          0
E7_B_stall,5368,1,0,0,0,0,0,0,0,1,0,0,0,1,0,1,0,0,16,1,1,1,1,0,0          0
E7_B_stall,5369,1,0,0,0,0,0,0,0,1,0,0,0,1,0,1,0,0,16,1,1,1,1,0,0          0
E7_B_stall,5370,1,0,0,0,0,0,0,0,1,0,0,0,1,0,1,0,0,16,1,1,1,1,0,0          0
E7_B_stall,5371,1,0,0,0,0,0,0,0,1,0,0,0,1,0,1,0,0,16,1,1,1,1,0,0          0
E7_B_stall,5372,1,0,0,0,0,0,0,0,1,0,0,0,1,0,1,0,0,16,1,1,1,1,0,0          0
E7_B_stall,5373,1,0,0,0,0,0,0,0,1,0,0,0,1,0,1,0,0,16,1,1,1,1,0,0          0
E7_B_stall,5374,1,0,0,0,0,0,0,0,1,0,0,0,1,0,1,0,0,16,1,1,1,1,0,0          0
E7_B_stall,5375,1,0,0,0,0,0,0,0,1,0,0,0,1,0,1,0,0,16,1,1,1,1,0,0          0
E7_B_stall,5376,1,0,0,0,0,0,0,0,1,0,0,0,1,0,1,0,0,16,1,1,1,1,0,0          0
E7_B_stall,5377,1,0,0,0,0,0,0,0,1,0,0,0,1,0,1,0,0,16,1,1,1,1,0,0          0
E7_B_stall,5378,1,0,0,0,0,0,0,0,1,0,0,0,1,0,1,0,0,16,1,1,1,1,0,0          0
E7_B_stall,5379,1,0,0,0,0,0,0,0,1,0,0,0,1,0,1,0,0,16,1,1,1,1,0,0          0
E7_B_stall,5380,1,0,0,0,0,0,0,0,1,0,0,0,1,0,1,0,0,16,1,1,1,1,0,0          0
E7_B_stall,5381,1,0,0,0,0,0,0,0,1,0,0,0,1,0,1,0,0,16,1,1,1,1,0,0          0
E7_B_stall,5382,1,0,0,0,0,0,0,0,1,0,0,0,1,0,1,0,0,16,1,1,1,1,0,0          0
E7_B_stall,5383,1,0,0,0,0,0,0,0,1,0,0,0,1,0,1,0,0,16,1,1,1,1,0,0          0
E7_B_stall,5384,1,0,0,0,0,0,0,0,1,0,0,0,1,0,1,0,0,16,1,1,1,1,0,0          0
E7_B_stall,5385,1,0,0,0,0,0,0,0,1,0,0,0,1,0,1,0,0,16,1,1,1,1,0,0          0
E7_B_stall,5386,1,0,0,0,0,0,0,0,1,0,0,0,1,0,1,0,0,16,1,1,1,1,0,0          0
E7_B_stall,5387,1,0,0,0,0,0,0,0,1,0,0,0,1,0,1,0,0,16,1,1,1,1,0,0          0
E7_B_stall,5388,1,0,0,0,0,0,0,0,1,0,0,0,1,0,1,0,0,16,1,1,1,1,0,0          0
E7_B_stall,5389,1,0,0,0,0,0,0,0,1,0,0,0,1,0,1,0,0,16,1,1,1,1,0,0          0
E7_B_stall,5390,1,0,0,0,0,0,0,0,1,0,0,0,1,0,1,0,0,16,1,1,1,1,0,0          0
E7_B_stall,5391,1,0,0,0,0,0,0,0,1,0,0,0,1,0,1,0,0,16,1,1,1,1,0,0          0
E7_B_stall,5392,1,0,0,0,0,0,0,0,1,0,0,0,1,0,1,0,0,16,1,1,1,1,0,0          0
E7_B_stall,5393,1,0,0,0,0,0,0,0,1,0,0,0,1,0,1,0,0,16,1,1,1,1,0,0          0
E7_B_stall,5394,1,0,0,0,0,0,0,0,1,0,0,0,1,0,1,0,0,16,1,1,1,1,0,0          0
E7_B_stall,5395,1,0,0,0,0,0,0,0,1,0,0,0,1,0,1,0,0,16,1,1,1,1,0,0          0
E7_B_stall,5396,1,0,0,0,0,0,0,0,1,0,0,0,1,0,1,0,0,16,1,1,1,1,0,0          0
E7_B_stall,5397,1,0,0,0,0,0,0,0,1,0,0,0,1,0,1,0,0,16,1,1,1,1,0,0          0
E7_B_stall,5398,1,0,0,0,0,0,0,0,1,0,0,0,1,0,1,0,0,16,1,1,1,1,0,0          0
E7_B_stall,5399,1,0,0,0,0,0,0,0,1,0,0,0,1,0,1,0,0,16,1,1,1,1,0,0          0
E7_B_stall,5400,1,0,0,0,0,0,0,0,1,0,0,0,1,0,1,0,0,16,1,1,1,1,0,0          0
E7_B_stall,5401,1,0,0,0,0,0,0,0,1,0,0,0,1,0,1,0,0,16,1,1,1,1,0,0          0
E7_B_stall,5402,1,0,0,0,0,0,0,0,1,0,0,0,1,0,1,0,0,16,1,1,1,1,0,0          0
E7_B_stall,5403,1,0,0,0,0,0,0,0,1,0,0,0,1,0,1,0,0,16,1,1,1,1,0,0          0
E7_B_stall,5404,1,0,0,0,0,0,0,0,1,0,0,0,1,0,1,0,0,16,1,1,1,1,0,0          0
E7_B_stall,5405,1,0,0,0,0,0,0,0,1,0,0,0,1,0,1,0,0,16,1,1,1,1,0,0          0
E7_B_stall,5406,1,0,0,0,0,0,0,0,1,0,0,0,1,0,1,0,0,16,1,1,1,1,0,0          0
E7_B_stall,5407,1,0,0,0,0,0,0,0,1,0,0,0,1,0,1,0,0,16,1,1,1,1,0,0          0
E7_B_stall,5408,1,0,0,0,0,0,0,0,1,0,0,0,1,0,1,0,0,16,1,1,1,1,0,0          0
E7_B_stall,5409,1,0,0,0,0,0,0,0,1,0,0,0,1,0,1,0,0,16,1,1,1,1,0,0          0
E7_B_stall,5410,1,0,0,0,0,0,0,0,1,0,0,0,1,0,1,0,0,16,1,1,1,1,0,0          0
E7_B_stall,5411,1,0,0,0,0,0,0,0,1,0,0,0,1,0,1,0,0,16,1,1,1,1,0,0          0
E7_B_stall,5412,1,0,0,0,0,0,0,0,1,0,0,0,1,0,1,0,0,16,1,1,1,1,0,0          0
E7_B_stall,5413,1,0,0,0,0,0,0,0,1,0,0,0,1,0,1,0,0,16,1,1,1,1,0,0          0
E7_B_stall,5414,1,0,0,0,0,0,0,0,1,0,0,0,1,0,1,0,0,16,1,1,1,1,0,0          0
E7_B_stall,5415,1,0,0,0,0,0,0,0,1,0,0,0,1,0,1,0,0,16,1,1,1,1,0,0          0
E7_B_stall,5416,1,0,0,0,0,0,0,0,1,0,0,0,1,0,1,0,0,16,1,1,1,1,0,0          0
E7_B_stall,5417,1,0,0,0,0,0,0,0,1,0,0,0,1,0,1,0,0,16,1,1,1,1,0,0          0
E7_B_stall,5418,1,0,0,0,0,0,0,0,1,0,0,0,1,0,1,0,0,16,1,1,1,1,0,0          0
E7_B_stall,5419,1,0,0,0,0,0,0,0,1,0,0,0,1,0,1,0,0,16,1,1,1,1,0,0          0
E7_B_stall,5420,1,0,0,0,0,0,0,0,1,0,0,0,1,0,1,0,0,16,1,1,1,1,0,0          0
E7_B_stall,5421,1,0,0,0,0,0,0,0,1,0,0,0,1,0,1,0,0,16,1,1,1,1,0,0          0
E7_B_stall,5422,1,0,0,0,0,0,0,0,1,0,0,0,1,0,1,0,0,16,1,1,1,1,0,0          0
E7_B_stall,5423,1,0,0,0,0,0,0,0,1,0,0,0,1,0,1,0,0,16,1,1,1,1,0,0          0
E7_B_stall,5424,1,0,0,0,0,0,0,0,1,0,0,0,1,0,1,0,0,16,1,1,1,1,0,0          0
E7_B_stall,5425,1,0,0,0,0,0,0,0,1,0,0,0,1,0,1,0,0,16,1,1,1,1,0,0          0
E7_B_stall,5426,1,0,0,0,0,0,0,0,1,0,0,0,1,0,1,0,0,16,1,1,1,1,0,0          0
E7_B_stall,5427,1,0,0,0,0,0,0,0,1,0,0,0,1,0,1,0,0,16,1,1,1,1,0,0          0
E7_B_stall,5428,1,0,0,0,0,0,0,0,1,0,0,0,1,0,1,0,0,16,1,1,1,1,0,0          0
E7_B_stall,5429,1,0,0,0,0,0,0,0,1,0,0,0,1,0,1,0,0,16,1,1,1,1,0,0          0
E7_B_stall,5430,1,0,0,0,0,0,0,0,1,0,0,0,1,0,1,0,0,16,1,1,1,1,0,0          0
E7_B_stall,5431,1,0,0,0,0,0,0,0,1,0,0,0,1,0,1,0,0,16,1,1,1,1,0,0          0
E7_B_stall,5432,1,0,0,0,0,0,0,0,1,0,0,0,1,0,1,0,0,16,1,1,1,1,0,0          0
E7_B_stall,5433,1,0,0,0,0,0,0,0,1,0,0,0,1,0,1,0,0,16,1,1,1,1,0,0          0
E7_B_stall,5434,1,0,0,0,0,0,0,0,1,0,0,0,1,0,1,0,0,16,1,1,1,1,0,0          0
E7_B_stall,5435,1,0,0,0,0,0,0,0,1,0,0,0,1,0,1,0,0,16,1,1,1,1,0,0          0
E7_B_stall,5436,1,0,0,0,0,0,0,0,1,0,0,0,1,0,1,0,0,16,1,1,1,1,0,0          0
E7_B_stall,5437,1,0,0,0,0,0,0,0,1,0,0,0,1,0,1,0,0,16,1,1,1,1,0,0          0
E7_B_stall,5438,1,0,0,0,0,0,0,0,1,0,0,0,1,0,1,0,0,16,1,1,1,1,0,0          0
E7_B_stall,5439,1,0,0,0,0,0,0,0,1,0,0,0,1,0,1,0,0,16,1,1,1,1,0,0          0
E7_B_stall,5440,1,0,0,0,0,0,0,0,1,0,0,0,1,0,1,0,0,16,1,1,1,1,0,0          0
E7_B_stall,5441,1,0,0,0,0,0,0,0,1,0,0,0,1,0,1,0,0,16,1,1,1,1,0,0          0
E7_B_stall,5442,1,0,0,0,0,0,0,0,1,0,0,0,1,0,1,0,0,16,1,1,1,1,0,0          0
E7_B_stall,5443,1,0,0,0,0,0,0,0,1,0,0,0,1,0,1,0,0,16,1,1,1,1,0,0          0
E7_B_stall,5444,1,0,0,0,0,0,0,0,1,0,0,0,1,0,1,0,0,16,1,1,1,1,0,0          0
E7_B_stall,5445,1,0,0,0,0,0,0,0,1,0,0,0,1,0,1,0,0,16,1,1,1,1,0,0          0
E7_B_stall,5446,1,0,0,0,0,0,0,0,1,0,0,0,1,0,1,0,0,16,1,1,1,1,0,0          0
E7_B_stall,5447,1,0,0,0,0,0,0,0,1,0,0,0,1,0,1,0,0,16,1,1,1,1,0,0          0
E7_B_stall,5448,1,0,0,0,0,0,0,0,1,0,0,0,1,0,1,0,0,16,1,1,1,1,0,0          0
E7_B_stall,5449,1,0,0,0,0,0,0,0,1,0,0,0,1,0,1,0,0,16,1,1,1,1,0,0          0
E7_B_stall,5450,1,0,0,0,0,0,0,0,1,0,0,0,1,0,1,0,0,16,1,1,1,1,0,0          0
E7_B_stall,5451,1,0,0,0,0,0,0,0,1,0,0,0,1,0,1,0,0,16,1,1,1,1,0,0          0
E7_B_stall,5452,1,0,0,0,0,0,0,0,1,0,0,0,1,0,1,0,0,16,1,1,1,1,0,0          0
E7_B_stall,5453,1,0,0,0,0,0,0,0,1,0,0,0,1,0,1,0,0,16,1,1,1,1,0,0          0
E7_B_stall,5454,1,0,0,0,0,0,0,0,1,0,0,0,1,0,1,0,0,16,1,1,1,1,0,0          0
E7_B_stall,5455,1,0,0,0,0,0,0,0,1,0,0,0,1,0,1,0,0,16,1,1,1,1,0,0          0
E7_B_stall,5456,1,0,0,0,0,0,0,0,1,0,0,0,1,0,1,0,0,16,1,1,1,1,0,0          0
E7_B_stall,5457,1,0,0,0,0,0,0,0,1,0,0,0,1,0,1,0,0,16,1,1,1,1,0,0          0
E7_B_stall,5458,1,0,0,0,0,0,0,0,1,0,0,0,1,0,1,0,0,16,1,1,1,1,0,0          0
E7_B_stall,5459,1,0,0,0,0,0,0,0,1,0,0,0,1,0,1,0,0,16,1,1,1,1,0,0          0
E7_B_stall,5460,1,0,0,0,0,0,0,0,1,0,0,0,1,0,1,0,0,16,1,1,1,1,0,0          0
E7_B_stall,5461,1,0,0,0,0,0,0,0,1,0,0,0,1,0,1,0,0,16,1,1,1,1,0,0          0
E7_B_stall,5462,1,0,0,0,0,0,0,0,1,0,0,0,1,0,1,0,0,16,1,1,1,1,0,0          0
E7_B_stall,5463,1,0,0,0,0,0,0,0,1,0,0,0,1,0,1,0,0,16,1,1,1,1,0,0          0
E7_B_stall,5464,1,0,0,0,0,0,0,0,1,0,0,0,1,0,1,0,0,16,1,1,1,1,0,0          0
E7_B_stall,5465,1,0,0,0,0,0,0,0,1,0,0,0,1,0,1,0,0,16,1,1,1,1,0,0          0
E7_B_stall,5466,1,0,0,0,0,0,0,0,1,0,0,0,1,0,1,0,0,16,1,1,1,1,0,0          0
E7_B_stall,5467,1,0,0,0,0,0,0,0,1,0,0,0,1,0,1,0,0,16,1,1,1,1,0,0          0
E7_B_stall,5468,1,0,0,0,0,0,0,0,1,0,0,0,1,0,1,0,0,16,1,1,1,1,0,0          0
E7_B_stall,5469,1,0,0,0,0,0,0,0,1,0,0,0,1,0,1,0,0,16,1,1,1,1,0,0          0
E7_B_stall,5470,1,0,0,0,0,0,0,0,1,0,0,0,1,0,1,0,0,16,1,1,1,1,0,0          0
E7_B_stall,5471,1,0,0,0,0,0,0,0,1,0,0,0,1,0,1,0,0,16,1,1,1,1,0,0          0
E7_B_stall,5472,1,0,0,0,0,0,0,0,1,0,0,0,1,0,1,0,0,16,1,1,1,1,0,0          0
E7_B_stall,5473,1,0,0,0,0,0,0,0,1,0,0,0,1,0,1,0,0,16,1,1,1,1,0,0          0
E7_B_stall,5474,1,0,0,0,0,0,0,0,1,0,0,0,1,0,1,0,0,16,1,1,1,1,0,0          0
E7_B_stall,5475,1,0,0,0,0,0,0,0,1,0,0,0,1,0,1,0,0,16,1,1,1,1,0,0          0
E7_B_stall,5476,1,0,0,0,0,0,0,0,1,0,0,0,1,0,1,0,0,16,1,1,1,1,0,0          0
E7_B_stall,5477,1,0,0,0,0,0,0,0,1,0,0,0,1,0,1,0,0,16,1,1,1,1,0,0          0
E7_B_stall,5478,1,0,0,0,0,0,0,0,1,0,0,0,1,0,1,0,0,16,1,1,1,1,0,0          0
E7_B_stall,5479,1,0,0,0,0,0,0,0,1,0,0,0,1,0,1,0,0,16,1,1,1,1,0,0          0
E7_B_stall,5480,1,0,0,0,0,0,0,0,1,0,0,0,1,0,1,0,0,16,1,1,1,1,0,0          0
E7_B_stall,5481,1,0,0,0,0,0,0,0,1,0,0,0,1,0,1,0,0,16,1,1,1,1,0,0          0
E7_B_stall,5482,1,0,0,0,0,0,0,0,1,0,0,0,1,0,1,0,0,16,1,1,1,1,0,0          0
E7_B_stall,5483,1,0,0,0,0,0,0,0,1,0,0,0,1,0,1,0,0,16,1,1,1,1,0,0          0
E7_B_stall,5484,1,0,0,0,0,0,0,0,1,0,0,0,1,0,1,0,0,16,1,1,1,1,0,0          0
E7_B_stall,5485,1,0,0,0,0,0,0,0,1,0,0,0,1,0,1,0,0,16,1,1,1,1,0,0          0
E7_B_stall,5486,1,0,0,0,0,0,0,0,1,0,0,0,1,0,1,0,0,16,1,1,1,1,0,0          0
E7_B_stall,5487,1,0,0,0,0,0,0,0,1,0,0,0,1,0,1,0,0,16,1,1,1,1,0,0          0
E7_B_stall,5488,1,0,0,0,0,0,0,0,1,0,0,0,1,0,1,0,0,16,1,1,1,1,0,0          0
E7_B_stall,5489,1,0,0,0,0,0,0,0,1,0,0,0,1,0,1,0,0,16,1,1,1,1,0,0          0
E7_B_stall,5490,1,0,0,0,0,0,0,0,1,0,0,0,1,0,1,0,0,16,1,1,1,1,0,0          0
E7_B_stall,5491,1,0,0,0,0,0,0,0,1,0,0,0,1,0,1,0,0,16,1,1,1,1,0,0          0
E7_B_stall,5492,1,0,0,0,0,0,0,0,1,0,0,0,1,0,1,0,0,16,1,1,1,1,0,0          0
E7_B_stall,5493,1,0,0,0,0,0,0,0,1,0,0,0,1,0,1,0,0,16,1,1,1,1,0,0          0
E7_B_stall,5494,1,0,0,0,0,0,0,0,1,0,0,0,1,0,1,0,0,16,1,1,1,1,0,0          0
E7_B_stall,5495,1,0,0,0,0,0,0,0,1,0,0,0,1,0,1,0,0,16,1,1,1,1,0,0          0
E7_B_stall,5496,1,0,0,0,0,0,0,0,1,0,0,0,1,0,1,0,0,16,1,1,1,1,0,0          0
E7_B_stall,5497,1,0,0,0,0,0,0,0,1,0,0,0,1,0,1,0,0,16,1,1,1,1,0,0          0
E7_B_stall,5498,1,0,0,0,0,0,0,0,1,0,0,0,1,0,1,0,0,16,1,1,1,1,0,0          0
E7_B_stall,5499,1,0,0,0,0,0,0,0,1,0,0,0,1,0,1,0,0,16,1,1,1,1,0,0          0
E7_B_stall,5500,1,0,0,0,0,0,0,0,1,0,0,0,1,0,1,0,0,16,1,1,1,1,0,0          0
E7_B_stall,5501,1,0,0,0,0,0,0,0,1,0,0,0,1,0,1,0,0,16,1,1,1,1,0,0          0
E7_B_stall,5502,1,0,0,0,0,0,0,0,1,0,0,0,1,0,1,0,0,16,1,1,1,1,0,0          0
E7_B_stall,5503,1,0,0,0,0,0,0,0,1,0,0,0,1,0,1,0,0,16,1,1,1,1,0,0          0
E7_B_stall,5504,1,0,0,0,0,0,0,0,1,0,0,0,1,0,1,0,0,16,1,1,1,1,0,0          0
E7_B_stall,5505,1,0,0,0,0,0,0,0,1,0,0,0,1,0,1,0,0,16,1,1,1,1,0,0          0
E7_B_stall,5506,1,0,0,0,0,0,0,0,1,0,0,0,1,0,1,0,0,16,1,1,1,1,0,0          0
E7_B_stall,5507,1,0,0,0,0,0,0,0,1,0,0,0,1,0,1,0,0,16,1,1,1,1,0,0          0
E7_B_stall,5508,1,0,0,0,0,0,0,0,1,0,0,0,1,0,1,0,0,16,1,1,1,1,0,0          0
E7_B_stall,5509,1,0,0,0,0,0,0,0,1,0,0,0,1,0,1,0,0,16,1,1,1,1,0,0          0
E7_B_stall,5510,1,0,0,0,0,0,0,0,1,0,0,0,1,0,1,0,0,16,1,1,1,1,0,0          0
E7_B_stall,5511,1,0,0,0,0,0,0,0,1,0,0,0,1,0,1,0,0,16,1,1,1,1,0,0          0
E7_B_stall,5512,1,0,0,0,0,0,0,0,1,0,0,0,1,0,1,0,0,16,1,1,1,1,0,0          0
E7_B_stall,5513,1,0,0,0,0,0,0,0,1,0,0,0,1,0,1,0,0,16,1,1,1,1,0,0          0
E7_B_stall,5514,1,0,0,0,0,0,0,0,1,0,0,0,1,0,1,0,0,16,1,1,1,1,0,0          0
E7_B_stall,5515,1,0,0,0,0,0,0,0,1,0,0,0,1,0,1,0,0,16,1,1,1,1,0,0          0
E7_B_stall,5516,1,0,0,0,0,0,0,0,1,0,0,0,1,0,1,0,0,16,1,1,1,1,0,0          0
E7_B_stall,5517,1,0,0,0,0,0,0,0,1,0,0,0,1,0,1,0,0,16,1,1,1,1,0,0          0
E7_B_stall,5518,1,0,0,0,0,0,0,0,1,0,0,0,1,0,1,0,0,16,1,1,1,1,0,0          0
E7_B_stall,5519,1,0,0,0,0,0,0,0,1,0,0,0,1,0,1,0,0,16,1,1,1,1,0,0          0
E7_B_stall,5520,1,0,0,0,0,0,0,0,1,0,0,0,1,0,1,0,0,16,1,1,1,1,0,0          0
E7_B_stall,5521,1,0,0,0,0,0,0,0,1,0,0,0,1,0,1,0,0,16,1,1,1,1,0,0          0
E7_B_stall,5522,1,0,0,0,0,0,0,0,1,0,0,0,1,0,1,0,0,16,1,1,1,1,0,0          0
E7_B_stall,5523,1,0,0,0,0,0,0,0,1,0,0,0,1,0,1,0,0,16,1,1,1,1,0,0          0
E7_B_stall,5524,1,0,0,0,0,0,0,0,1,0,0,0,1,0,1,0,0,16,1,1,1,1,0,0          0
E7_B_stall,5525,1,0,0,0,0,0,0,0,1,0,0,0,1,0,1,0,0,16,1,1,1,1,0,0          0
E7_B_stall,5526,1,0,0,0,0,0,0,0,1,0,0,0,1,0,1,0,0,16,1,1,1,1,0,0          0
E7_B_stall,5527,1,0,0,0,0,0,0,0,1,0,0,0,1,0,1,0,0,16,1,1,1,1,0,0          0
E7_B_stall,5528,1,0,0,0,0,0,0,0,1,0,0,0,1,0,1,0,0,16,1,1,1,1,0,0          0
E7_B_stall,5529,1,0,0,0,0,0,0,0,1,0,0,0,1,0,1,0,0,16,1,1,1,1,0,0          0
E7_B_stall,5530,1,0,0,0,0,0,0,0,1,0,0,0,1,0,1,0,0,16,1,1,1,1,0,0          0
E7_B_stall,5531,1,0,0,0,0,0,0,0,1,0,0,0,1,0,1,0,0,16,1,1,1,1,0,0          0
E7_B_stall,5532,1,0,0,0,0,0,0,0,1,0,0,0,1,0,1,0,0,16,1,1,1,1,0,0          0
E7_B_stall,5533,1,0,0,0,0,0,0,0,1,0,0,0,1,0,1,0,0,16,1,1,1,1,0,0          0
E7_B_stall,5534,1,0,0,0,0,0,0,0,1,0,0,0,1,0,1,0,0,16,1,1,1,1,0,0          0
E7_B_stall,5535,1,0,0,0,0,0,0,0,1,0,0,0,1,0,1,0,0,16,1,1,1,1,0,0          0
E7_B_stall,5536,1,0,0,0,0,0,0,0,1,0,0,0,1,0,1,0,0,16,1,1,1,1,0,0          0
E7_B_stall,5537,1,0,0,0,0,0,0,0,1,0,0,0,1,0,1,0,0,16,1,1,1,1,0,0          0
E7_B_stall,5538,1,0,0,0,0,0,0,0,1,0,0,0,1,0,1,0,0,16,1,1,1,1,0,0          0
E7_B_stall,5539,1,0,0,0,0,0,0,0,1,0,0,0,1,0,1,0,0,16,1,1,1,1,0,0          0
E7_B_stall,5540,1,0,0,0,0,0,0,0,1,0,0,0,1,0,1,0,0,16,1,1,1,1,0,0          0
E7_B_stall,5541,1,0,0,0,0,0,0,0,1,0,0,0,1,0,1,0,0,16,1,1,1,1,0,0          0
E7_B_stall,5542,1,0,0,0,0,0,0,0,1,0,0,0,1,0,1,0,0,16,1,1,1,1,0,0          0
E7_B_stall,5543,1,0,0,0,0,0,0,0,1,0,0,0,1,0,1,0,0,16,1,1,1,1,0,0          0
E7_B_stall,5544,1,0,0,0,0,0,0,0,1,0,0,0,1,0,1,0,0,16,1,1,1,1,0,0          0
E7_B_stall,5545,1,0,0,0,0,0,0,0,1,0,0,0,1,0,1,0,0,16,1,1,1,1,0,0          0
E7_B_stall,5546,1,0,0,0,0,0,0,0,1,0,0,0,1,0,1,0,0,16,1,1,1,1,0,0          0
E7_B_stall,5547,1,0,0,0,0,0,0,0,1,0,0,0,1,0,1,0,0,16,1,1,1,1,0,0          0
E7_B_stall,5548,1,0,0,0,0,0,0,0,1,0,0,0,1,0,1,0,0,16,1,1,1,1,0,0          0
E7_B_stall,5549,1,0,0,0,0,0,0,0,1,0,0,0,1,0,1,0,0,16,1,1,1,1,0,0          0
E7_B_stall,5550,1,0,0,0,0,0,0,0,1,0,0,0,1,0,1,0,0,16,1,1,1,1,0,0          0
E7_B_stall,5551,1,0,0,0,0,0,0,0,1,0,0,0,1,0,1,0,0,16,1,1,1,1,0,0          0
E7_B_stall,5552,1,0,0,0,0,0,0,0,1,0,0,0,1,0,1,0,0,16,1,1,1,1,0,0          0
E7_B_stall,5553,1,0,0,0,0,0,0,0,1,0,0,0,1,0,1,0,0,16,1,1,1,1,0,0          0
E7_B_stall,5554,1,0,0,0,0,0,0,0,1,0,0,0,1,0,1,0,0,16,1,1,1,1,0,0          0
E7_B_stall,5555,1,0,0,0,0,0,0,0,1,0,0,0,1,0,1,0,0,16,1,1,1,1,0,0          0
E7_B_stall,5556,1,0,0,0,0,0,0,0,1,0,0,0,1,0,1,0,0,16,1,1,1,1,0,0          0
E7_B_stall,5557,1,0,0,0,0,0,0,0,1,0,0,0,1,0,1,0,0,16,1,1,1,1,0,0          0
E7_B_stall,5558,1,0,0,0,0,0,0,0,1,0,0,0,1,0,1,0,0,16,1,1,1,1,0,0          0
E7_B_stall,5559,1,0,0,0,0,0,0,0,1,0,0,0,1,0,1,0,0,16,1,1,1,1,0,0          0
E7_B_stall,5560,1,0,0,0,0,0,0,0,1,0,0,0,1,0,1,0,0,16,1,1,1,1,0,0          0
E7_B_stall,5561,1,0,0,0,0,0,0,0,1,0,0,0,1,0,1,0,0,16,1,1,1,1,0,0          0
E7_B_stall,5562,1,0,0,0,0,0,0,0,1,0,0,0,1,0,1,0,0,16,1,1,1,1,0,0          0
E7_B_stall,5563,1,0,0,0,0,0,0,0,1,0,0,0,1,0,1,0,0,16,1,1,1,1,0,0          0
E7_B_stall,5564,1,0,0,0,0,0,0,0,1,0,0,0,1,0,1,0,0,16,1,1,1,1,0,0          0
E7_B_stall,5565,1,0,0,0,0,0,0,0,1,0,0,0,1,0,1,0,0,16,1,1,1,1,0,0          0
E7_B_stall,5566,1,0,0,0,0,0,0,0,1,0,0,0,1,0,1,0,0,16,1,1,1,1,0,0          0
E7_B_stall,5567,1,0,0,0,0,0,0,0,1,0,0,0,1,0,1,0,0,16,1,1,1,1,0,0          0
E7_B_stall,5568,1,0,0,0,0,0,0,0,1,0,0,0,1,0,1,0,0,16,1,1,1,1,0,0          0
E7_B_stall,5569,1,0,0,0,0,0,0,0,1,0,0,0,1,0,1,0,0,16,1,1,1,1,0,0          0
E7_B_stall,5570,1,0,0,0,0,0,0,0,1,0,0,0,1,0,1,0,0,16,1,1,1,1,0,0          0
E7_B_stall,5571,1,0,0,0,0,0,0,0,1,0,0,0,1,0,1,0,0,16,1,1,1,1,0,0          0
E7_B_stall,5572,1,0,0,0,0,0,0,0,1,0,0,0,1,0,1,0,0,16,1,1,1,1,0,0          0
E7_B_stall,5573,1,0,0,0,0,0,0,0,1,0,0,0,1,0,1,0,0,16,1,1,1,1,0,0          0
E7_B_stall,5574,1,0,0,0,0,0,0,0,1,0,0,0,1,0,1,0,0,16,1,1,1,1,0,0          0
E7_B_stall,5575,1,0,0,0,0,0,0,0,1,0,0,0,1,0,1,0,0,16,1,1,1,1,0,0          0
E7_B_stall,5576,1,0,0,0,0,0,0,0,1,0,0,0,1,0,1,0,0,16,1,1,1,1,0,0          0
E7_B_stall,5577,1,0,0,0,0,0,0,0,1,0,0,0,1,0,1,0,0,16,1,1,1,1,0,0          0
E7_B_stall,5578,1,0,0,0,0,0,0,0,1,0,0,0,1,0,1,0,0,16,1,1,1,1,0,0          0
E7_B_stall,5579,1,0,0,0,0,0,0,0,1,0,0,0,1,0,1,0,0,16,1,1,1,1,0,0          0
E7_B_stall,5580,1,0,0,0,0,0,0,0,1,0,0,0,1,0,1,0,0,16,1,1,1,1,0,0          0
E7_B_stall,5581,1,0,0,0,0,0,0,0,1,0,0,0,1,0,1,0,0,16,1,1,1,1,0,0          0
E7_B_stall,5582,1,0,0,0,0,0,0,0,1,0,0,0,1,0,1,0,0,16,1,1,1,1,0,0          0
E7_B_stall,5583,1,0,0,0,0,0,0,0,1,0,0,0,1,0,1,0,0,16,1,1,1,1,0,0          0
E7_B_stall,5584,1,0,0,0,0,0,0,0,1,0,0,0,1,0,1,0,0,16,1,1,1,1,0,0          0
E7_B_stall,5585,1,0,0,0,0,0,0,0,1,0,0,0,1,0,1,0,0,16,1,1,1,1,0,0          0
E7_B_stall,5586,1,0,0,0,0,0,0,0,1,0,0,0,1,0,1,0,0,16,1,1,1,1,0,0          0
E7_B_stall,5587,1,0,0,0,0,0,0,0,1,0,0,0,1,0,1,0,0,16,1,1,1,1,0,0          0
E7_B_stall,5588,1,0,0,0,0,0,0,0,1,0,0,0,1,0,1,0,0,16,1,1,1,1,0,0          0
E7_B_stall,5589,1,0,0,0,0,0,0,0,1,0,0,0,1,0,1,0,0,16,1,1,1,1,0,0          0
E7_B_stall,5590,1,0,0,0,0,0,0,0,1,0,0,0,1,0,1,0,0,16,1,1,1,1,0,0          0
E7_B_stall,5591,1,0,0,0,0,0,0,0,1,0,0,0,1,0,1,0,0,16,1,1,1,1,0,0          0
E7_B_stall,5592,1,0,0,0,0,0,0,0,1,0,0,0,1,0,1,0,0,16,1,1,1,1,0,0          0
E7_B_stall,5593,1,0,0,0,0,0,0,0,1,0,0,0,1,0,1,0,0,16,1,1,1,1,0,0          0
E7_B_stall,5594,1,0,0,0,0,0,0,0,1,0,0,0,1,0,1,0,0,16,1,1,1,1,0,0          0
E7_B_stall,5595,1,0,0,0,0,0,0,0,1,0,0,0,1,0,1,0,0,16,1,1,1,1,0,0          0
E7_B_stall,5596,1,0,0,0,0,0,0,0,1,0,0,0,1,0,1,0,0,16,1,1,1,1,0,0          0
E7_B_stall,5597,1,0,0,0,0,0,0,0,1,0,0,0,1,0,1,0,0,16,1,1,1,1,0,0          0
E7_B_stall,5598,1,0,0,0,0,0,0,0,1,0,0,0,1,0,1,0,0,16,1,1,1,1,0,0          0
E7_B_stall,5599,1,0,0,0,0,0,0,0,1,0,0,0,1,0,1,0,0,16,1,1,1,1,0,0          0
E7_B_stall,5600,1,0,0,0,0,0,0,0,1,0,0,0,1,0,1,0,0,16,1,1,1,1,0,0          0
E7_B_stall,5601,1,0,0,0,0,0,0,0,1,0,0,0,1,0,1,0,0,16,1,1,1,1,0,0          0
E7_B_stall,5602,1,0,0,0,0,0,0,0,1,0,0,0,1,0,1,0,0,16,1,1,1,1,0,0          0
E7_B_stall,5603,1,0,0,0,0,0,0,0,1,0,0,0,1,0,1,0,0,16,1,1,1,1,0,0          0
E7_B_stall,5604,1,0,0,0,0,0,0,0,1,0,0,0,1,0,1,0,0,16,1,1,1,1,0,0          0
E7_B_stall,5605,1,0,0,0,0,0,0,0,1,0,0,0,1,0,1,0,0,16,1,1,1,1,0,0          0
E7_B_stall,5606,1,0,0,0,0,0,0,0,1,0,0,0,1,0,1,0,0,16,1,1,1,1,0,0          0
E7_B_stall,5607,1,0,0,0,0,0,0,0,1,0,0,0,1,0,1,0,0,16,1,1,1,1,0,0          0
E7_B_stall,5608,1,0,0,0,0,0,0,0,1,0,0,0,1,0,1,0,0,16,1,1,1,1,0,0          0
E7_B_stall,5609,1,0,0,0,0,0,0,0,1,0,0,0,1,0,1,0,0,16,1,1,1,1,0,0          0
E7_B_stall,5610,1,0,0,0,0,0,0,0,1,0,0,0,1,0,1,0,0,16,1,1,1,1,0,0          0
E7_B_stall,5611,1,0,0,0,0,0,0,0,1,0,0,0,1,0,1,0,0,16,1,1,1,1,0,0          0
E7_B_stall,5612,1,0,0,0,0,0,0,0,1,0,0,0,1,0,1,0,0,16,1,1,1,1,0,0          0
E7_B_stall,5613,1,0,0,0,0,0,0,0,1,0,0,0,1,0,1,0,0,16,1,1,1,1,0,0          0
E7_B_stall,5614,1,0,0,0,0,0,0,0,1,0,0,0,1,0,1,0,0,16,1,1,1,1,0,0          0
E7_B_stall,5615,1,0,0,0,0,0,0,0,1,0,0,0,1,0,1,0,0,16,1,1,1,1,0,0          0
E7_B_stall,5616,1,0,0,0,0,0,0,0,1,0,0,0,1,0,1,0,0,16,1,1,1,1,0,0          0
E7_B_stall,5617,1,0,0,0,0,0,0,0,1,0,0,0,1,0,1,0,0,16,1,1,1,1,0,0          0
E7_B_stall,5618,1,0,0,0,0,0,0,0,1,0,0,0,1,0,1,0,0,16,1,1,1,1,0,0          0
E7_B_stall,5619,1,0,0,0,0,0,0,0,1,0,0,0,1,0,1,0,0,16,1,1,1,1,0,0          0
E7_B_stall,5620,1,0,0,0,0,0,0,0,1,0,0,0,1,0,1,0,0,16,1,1,1,1,0,0          0
E7_B_stall,5621,1,0,0,0,0,0,0,0,1,0,0,0,1,0,1,0,0,16,1,1,1,1,0,0          0
E7_B_stall,5622,1,0,0,0,0,0,0,0,1,0,0,0,1,0,1,0,0,16,1,1,1,1,0,0          0
E7_B_stall,5623,1,0,0,0,0,0,0,0,1,0,0,0,1,0,1,0,0,16,1,1,1,1,0,0          0
E7_B_stall,5624,1,0,0,0,0,0,0,0,1,0,0,0,1,0,1,0,0,16,1,1,1,1,0,0          0
E7_B_stall,5625,1,0,0,0,0,0,0,0,1,0,0,0,1,0,1,0,0,16,1,1,1,1,0,0          0
E7_B_stall,5626,1,0,0,0,0,0,0,0,1,0,0,0,1,0,1,0,0,16,1,1,1,1,0,0          0
