-3.160	pool_shift[5]	u_pool/p_r3_reg[9]/D
-3.018	pool_shift[5]	u_pool/p_r3_reg[6]/D
-3.013	pool_shift[5]	u_pool/p_r3_reg[14]/D
-3.008	pool_shift[5]	u_pool/p_r3_reg[1]/D
-2.998	pool_shift[5]	u_pool/p_r3_reg[11]/D
-2.986	u_enc_rq/param3_reg[69]/C	u_enc_rq/rq_reg[2]/R
-2.986	u_enc_rq/param3_reg[69]/C	u_enc_rq/rq_reg[3]/R
-2.986	u_enc_rq/param3_reg[69]/C	u_enc_rq/rq_reg[6]/R
-2.968	pool_shift[5]	u_pool/p_r3_reg[10]/D
-2.939	pool_shift[5]	u_pool/p_r3_reg[2]/D
-2.891	u_enc_rq/param3_reg[69]/C	u_enc_rq/rq_reg[1]/R
-2.891	u_enc_rq/param3_reg[69]/C	u_enc_rq/rq_reg[4]/R
-2.891	u_enc_rq/param3_reg[69]/C	u_enc_rq/rq_reg[5]/R
-2.891	u_enc_rq/param3_reg[69]/C	u_enc_rq/rq_reg[7]/S
-2.879	pool_shift[5]	u_pool/p_r3_reg[12]/D
-2.872	pool_shift[5]	u_pool/p_r3_reg[13]/R
-2.872	pool_shift[5]	u_pool/p_r3_reg[14]/R
-2.872	pool_shift[5]	u_pool/p_r3_reg[4]_inv/R
-2.872	pool_shift[5]	u_pool/p_r3_reg[6]/S
-2.867	pool_shift[5]	u_pool/p_r3_reg[10]/S
-2.867	pool_shift[5]	u_pool/p_r3_reg[11]/S
-2.867	pool_shift[5]	u_pool/p_r3_reg[8]/S
-2.861	pool_shift[5]	u_pool/p_r3_reg[3]/D
-2.860	pool_shift[5]	u_pool/p_r3_reg[13]/D
-2.857	pool_shift[5]	u_pool/p_r3_reg[12]/S
-2.857	pool_shift[5]	u_pool/p_r3_reg[3]/S
-2.857	pool_shift[5]	u_pool/p_r3_reg[5]/S
-2.857	pool_shift[5]	u_pool/p_r3_reg[7]/S
-2.857	pool_shift[5]	u_pool/p_r3_reg[9]/S
-2.853	pool_shift[5]	u_pool/p_r3_reg[1]/S
-2.853	pool_shift[5]	u_pool/p_r3_reg[2]/S
-2.824	u_input_buf/gen_word_write.mem_reg_1/CLKBWRCLK	u_conv_mac/g_lane[3].lane_out_reg[29]/D
-2.805	pool_shift[5]	u_pool/p_r3_reg[4]_inv/D
-2.803	u_input_buf/gen_word_write.mem_reg_1/CLKBWRCLK	u_conv_mac/g_lane[3].lane_out_reg[31]/D
-2.797	pool_shift[5]	u_pool/p_r3_reg[8]/D
-2.763	pool_shift[5]	u_pool/p_r3_reg[7]/D
-2.760	pool_shift[5]	u_pool/p_r3_reg[5]/D
-2.729	u_input_buf/gen_word_write.mem_reg_1/CLKBWRCLK	u_conv_mac/g_lane[3].lane_out_reg[30]/D
-2.713	u_input_buf/gen_word_write.mem_reg_1/CLKBWRCLK	u_conv_mac/g_lane[3].lane_out_reg[28]/D
-2.710	u_input_buf/gen_word_write.mem_reg_1/CLKBWRCLK	u_conv_mac/g_lane[3].lane_out_reg[25]/D
-2.709	u_input_buf/gen_word_write.mem_reg_1/CLKBWRCLK	u_conv_mac/g_lane[4].lane_out_reg[29]/D
-2.698	u_input_buf/gen_word_write.mem_reg_1/CLKBWRCLK	u_conv_mac/g_lane[3].lane_acc_reg[29]/D
-2.691	u_input_buf/gen_word_write.mem_reg_1/CLKBWRCLK	u_conv_mac/g_lane[4].lane_acc_reg[29]/D
-2.690	u_input_buf/gen_word_write.mem_reg_1/CLKBWRCLK	u_conv_mac/g_lane[3].lane_acc_reg[31]/D
-2.689	u_input_buf/gen_word_write.mem_reg_1/CLKBWRCLK	u_conv_mac/g_lane[3].lane_out_reg[27]/D
-2.689	u_enc_rq/rq[7]_i_161_psdsp_1/C	u_enc_rq/rq_reg[0]/D
-2.688	u_input_buf/gen_word_write.mem_reg_1/CLKBWRCLK	u_conv_mac/g_lane[4].lane_out_reg[31]/D
-2.670	u_input_buf/gen_word_write.mem_reg_1/CLKBWRCLK	u_conv_mac/g_lane[4].lane_acc_reg[31]/D
-2.647	u_input_buf/gen_word_write.mem_reg_2/CLKBWRCLK	u_conv_mac/g_lane[7].lane_out_reg[29]/D
-2.626	u_input_buf/gen_word_write.mem_reg_2/CLKBWRCLK	u_conv_mac/g_lane[7].lane_out_reg[31]/D
-2.615	u_input_buf/gen_word_write.mem_reg_1/CLKBWRCLK	u_conv_mac/g_lane[3].lane_out_reg[26]/D
-2.614	u_input_buf/gen_word_write.mem_reg_1/CLKBWRCLK	u_conv_mac/g_lane[4].lane_out_reg[30]/D
-2.614	u_input_buf/gen_word_write.mem_reg_1/CLKBWRCLK	u_conv_mac/g_lane[3].lane_acc_reg[30]/D
-2.599	u_input_buf/gen_word_write.mem_reg_1/CLKBWRCLK	u_conv_mac/g_lane[3].lane_out_reg[24]/D
-2.598	u_input_buf/gen_word_write.mem_reg_1/CLKBWRCLK	u_conv_mac/g_lane[4].lane_out_reg[28]/D
-2.596	u_input_buf/gen_word_write.mem_reg_1/CLKBWRCLK	u_conv_mac/g_lane[3].lane_out_reg[21]/D
-2.596	u_input_buf/gen_word_write.mem_reg_1/CLKBWRCLK	u_conv_mac/g_lane[4].lane_acc_reg[30]/D
-2.595	u_input_buf/gen_word_write.mem_reg_1/CLKBWRCLK	u_conv_mac/g_lane[4].lane_out_reg[25]/D
-2.594	u_input_buf/gen_word_write.mem_reg_1/CLKBWRCLK	u_conv_mac/g_lane[3].lane_acc_reg[28]/D
-2.583	u_input_buf/gen_word_write.mem_reg_1/CLKBWRCLK	u_conv_mac/g_lane[9].lane_acc_reg[29]/D
-2.581	u_input_buf/gen_word_write.mem_reg_1/CLKBWRCLK	u_conv_mac/g_lane[3].lane_acc_reg[25]/D
-2.580	u_input_buf/gen_word_write.mem_reg_1/CLKBWRCLK	u_conv_mac/g_lane[4].lane_acc_reg[28]/D
-2.577	u_input_buf/gen_word_write.mem_reg_1/CLKBWRCLK	u_conv_mac/g_lane[4].lane_acc_reg[25]/D
-2.575	u_input_buf/gen_word_write.mem_reg_1/CLKBWRCLK	u_conv_mac/g_lane[3].lane_out_reg[23]/D
-2.574	u_input_buf/gen_word_write.mem_reg_1/CLKBWRCLK	u_conv_mac/g_lane[4].lane_out_reg[27]/D
-2.573	u_input_buf/gen_word_write.mem_reg_1/CLKBWRCLK	u_conv_mac/g_lane[3].lane_acc_reg[27]/D
-2.565	u_input_buf/gen_word_write.mem_reg_1/CLKBWRCLK	u_conv_mac/g_lane[9].lane_out_reg[29]/D
-2.564	u_input_buf/gen_word_write.mem_reg_1/CLKBWRCLK	u_conv_mac/g_lane[14].lane_out_reg[29]/D
-2.562	u_input_buf/gen_word_write.mem_reg_1/CLKBWRCLK	u_conv_mac/g_lane[9].lane_acc_reg[31]/D
-2.556	u_input_buf/gen_word_write.mem_reg_1/CLKBWRCLK	u_conv_mac/g_lane[4].lane_acc_reg[27]/D
-2.552	u_input_buf/gen_word_write.mem_reg_2/CLKBWRCLK	u_conv_mac/g_lane[7].lane_out_reg[30]/D
-2.544	u_input_buf/gen_word_write.mem_reg_1/CLKBWRCLK	u_conv_mac/g_lane[9].lane_out_reg[31]/D
-2.543	u_input_buf/gen_word_write.mem_reg_1/CLKBWRCLK	u_conv_mac/g_lane[14].lane_out_reg[31]/D
-2.536	u_input_buf/gen_word_write.mem_reg_2/CLKBWRCLK	u_conv_mac/g_lane[7].lane_out_reg[28]/D
-2.534	u_input_buf/gen_word_write.mem_reg_2/CLKBWRCLK	u_conv_mac/g_lane[7].lane_acc_reg[29]/D
-2.533	u_input_buf/gen_word_write.mem_reg_2/CLKBWRCLK	u_conv_mac/g_lane[7].lane_out_reg[25]/D
-2.513	u_input_buf/gen_word_write.mem_reg_2/CLKBWRCLK	u_conv_mac/g_lane[7].lane_acc_reg[31]/D
-2.512	u_input_buf/gen_word_write.mem_reg_2/CLKBWRCLK	u_conv_mac/g_lane[7].lane_out_reg[27]/D
-2.501	u_input_buf/gen_word_write.mem_reg_1/CLKBWRCLK	u_conv_mac/g_lane[3].lane_out_reg[22]/D
-2.500	u_input_buf/gen_word_write.mem_reg_1/CLKBWRCLK	u_conv_mac/g_lane[4].lane_out_reg[26]/D
-2.497	u_input_buf/gen_word_write.mem_reg_1/CLKBWRCLK	u_conv_mac/g_lane[3].lane_acc_reg[26]/D
-2.491	pool_shift[5]	u_pool/p_r3_reg[0]/D
-2.488	u_input_buf/gen_word_write.mem_reg_1/CLKBWRCLK	u_conv_mac/g_lane[9].lane_acc_reg[30]/D
-2.485	u_input_buf/gen_word_write.mem_reg_1/CLKBWRCLK	u_conv_mac/g_lane[3].lane_out_reg[20]/D
-2.484	u_input_buf/gen_word_write.mem_reg_1/CLKBWRCLK	u_conv_mac/g_lane[4].lane_out_reg[24]/D
-2.482	u_input_buf/gen_word_write.mem_reg_1/CLKBWRCLK	u_conv_mac/g_lane[3].lane_out_reg[17]/D
-2.482	u_input_buf/gen_word_write.mem_reg_1/CLKBWRCLK	u_conv_mac/g_lane[4].lane_acc_reg[26]/D
-2.481	u_input_buf/gen_word_write.mem_reg_1/CLKBWRCLK	u_conv_mac/g_lane[4].lane_out_reg[21]/D
-2.477	u_input_buf/gen_word_write.mem_reg_1/CLKBWRCLK	u_conv_mac/g_lane[3].lane_acc_reg[24]/D
-2.472	u_input_buf/gen_word_write.mem_reg_1/CLKBWRCLK	u_conv_mac/g_lane[9].lane_acc_reg[28]/D
-2.470	u_input_buf/gen_word_write.mem_reg_1/CLKBWRCLK	u_conv_mac/g_lane[9].lane_out_reg[30]/D
-2.469	u_input_buf/gen_word_write.mem_reg_1/CLKBWRCLK	u_conv_mac/g_lane[14].lane_out_reg[30]/D
-2.469	u_input_buf/gen_word_write.mem_reg_2/CLKBWRCLK	u_conv_mac/g_lane[6].lane_acc_reg[29]/D
-2.469	u_input_buf/gen_word_write.mem_reg_1/CLKBWRCLK	u_conv_mac/g_lane[9].lane_acc_reg[25]/D
-2.466	u_input_buf/gen_word_write.mem_reg_1/CLKBWRCLK	u_conv_mac/g_lane[4].lane_acc_reg[24]/D
-2.464	u_input_buf/gen_word_write.mem_reg_1/CLKBWRCLK	u_conv_mac/g_lane[3].lane_acc_reg[21]/D
-2.463	u_input_buf/gen_word_write.mem_reg_1/CLKBWRCLK	u_conv_mac/g_lane[4].lane_acc_reg[21]/D
-2.461	u_input_buf/gen_word_write.mem_reg_1/CLKBWRCLK	u_conv_mac/g_lane[3].lane_out_reg[19]/D
-2.460	u_input_buf/gen_word_write.mem_reg_1/CLKBWRCLK	u_conv_mac/g_lane[4].lane_out_reg[23]/D
-2.456	u_input_buf/gen_word_write.mem_reg_1/CLKBWRCLK	u_conv_mac/g_lane[3].lane_acc_reg[23]/D
-2.454	u_input_buf/gen_word_write.mem_reg_1/CLKBWRCLK	u_conv_mac/g_lane[9].lane_out_reg[28]/D
-2.453	u_input_buf/gen_word_write.mem_reg_1/CLKBWRCLK	u_conv_mac/g_lane[14].lane_out_reg[28]/D
-2.451	u_input_buf/gen_word_write.mem_reg_1/CLKBWRCLK	u_conv_mac/g_lane[9].lane_out_reg[25]/D
-2.450	u_input_buf/gen_word_write.mem_reg_1/CLKBWRCLK	u_conv_mac/g_lane[14].lane_out_reg[25]/D
-2.448	u_input_buf/gen_word_write.mem_reg_2/CLKBWRCLK	u_conv_mac/g_lane[6].lane_acc_reg[31]/D
-2.448	u_input_buf/gen_word_write.mem_reg_1/CLKBWRCLK	u_conv_mac/g_lane[9].lane_acc_reg[27]/D
-2.442	u_input_buf/gen_word_write.mem_reg_1/CLKBWRCLK	u_conv_mac/g_lane[4].lane_acc_reg[23]/D
-2.442	u_input_buf/gen_word_write.mem_reg_1/CLKBWRCLK	u_conv_mac/g_lane[14].lane_acc_reg[29]/D
-2.439	u_input_buf/gen_word_write.mem_reg_2/CLKBWRCLK	u_conv_mac/g_lane[6].lane_out_reg[29]/D
-2.439	u_input_buf/gen_word_write.mem_reg_2/CLKBWRCLK	u_conv_mac/g_lane[7].lane_acc_reg[30]/D
-2.438	u_input_buf/gen_word_write.mem_reg_2/CLKBWRCLK	u_conv_mac/g_lane[7].lane_out_reg[26]/D
-2.434	u_input_buf/gen_word_write.mem_reg_1/CLKBWRCLK	u_conv_mac/g_lane[14].lane_acc_reg[31]/D
-2.431	u_input_buf/gen_word_write.mem_reg_2/CLKBWRCLK	u_conv_mac/g_lane[6].lane_out_reg[31]/D
-2.430	u_input_buf/gen_word_write.mem_reg_1/CLKBWRCLK	u_conv_mac/g_lane[9].lane_out_reg[27]/D
-2.429	u_input_buf/gen_word_write.mem_reg_1/CLKBWRCLK	u_conv_mac/g_lane[14].lane_out_reg[27]/D
-2.423	u_input_buf/gen_word_write.mem_reg_2/CLKBWRCLK	u_conv_mac/g_lane[7].lane_acc_reg[28]/D
-2.422	u_input_buf/gen_word_write.mem_reg_2/CLKBWRCLK	u_conv_mac/g_lane[7].lane_out_reg[24]/D
-2.420	u_input_buf/gen_word_write.mem_reg_2/CLKBWRCLK	u_conv_mac/g_lane[7].lane_acc_reg[25]/D
-2.419	u_input_buf/gen_word_write.mem_reg_2/CLKBWRCLK	u_conv_mac/g_lane[7].lane_out_reg[21]/D
-2.408	u_enc_rq/rq[7]_i_161_psdsp_1/C	u_enc_rq/rq_reg[2]/D
-2.407	u_enc_rq/rq[7]_i_161_psdsp_1/C	u_enc_rq/rq_reg[6]/D
-2.401	u_input_buf/gen_word_write.mem_reg_1/CLKBWRCLK	u_conv_mac/g_lane[15].lane_acc_reg[29]/D
-2.399	u_input_buf/gen_word_write.mem_reg_2/CLKBWRCLK	u_conv_mac/g_lane[7].lane_acc_reg[27]/D
-2.398	u_input_buf/gen_word_write.mem_reg_2/CLKBWRCLK	u_conv_mac/g_lane[7].lane_out_reg[23]/D
-2.396	u_input_buf/gen_word_write.mem_reg_2/CLKBWRCLK	u_conv_mac/g_lane[13].lane_out_reg[29]/D
-2.396	u_enc_rq/rq[7]_i_161_psdsp_1/C	u_enc_rq/rq_reg[3]/D
-2.387	u_input_buf/gen_word_write.mem_reg_1/CLKBWRCLK	u_conv_mac/g_lane[3].lane_out_reg[18]/D
-2.386	u_input_buf/gen_word_write.mem_reg_1/CLKBWRCLK	u_conv_mac/g_lane[4].lane_out_reg[22]/D
-2.380	u_input_buf/gen_word_write.mem_reg_1/CLKBWRCLK	u_conv_mac/g_lane[3].lane_acc_reg[22]/D
-2.380	u_input_buf/gen_word_write.mem_reg_1/CLKBWRCLK	u_conv_mac/g_lane[15].lane_acc_reg[31]/D
-2.375	u_input_buf/gen_word_write.mem_reg_2/CLKBWRCLK	u_conv_mac/g_lane[13].lane_out_reg[31]/D
-2.374	u_input_buf/gen_word_write.mem_reg_2/CLKBWRCLK	u_conv_mac/g_lane[6].lane_acc_reg[30]/D
-2.374	u_input_buf/gen_word_write.mem_reg_1/CLKBWRCLK	u_conv_mac/g_lane[9].lane_acc_reg[26]/D
-2.371	u_input_buf/gen_word_write.mem_reg_1/CLKBWRCLK	u_conv_mac/g_lane[3].lane_out_reg[16]/D
-2.370	u_input_buf/gen_word_write.mem_reg_1/CLKBWRCLK	u_conv_mac/g_lane[4].lane_out_reg[20]/D
-2.368	u_input_buf/gen_word_write.mem_reg_1/CLKBWRCLK	u_conv_mac/g_lane[4].lane_acc_reg[22]/D
-2.360	u_input_buf/gen_word_write.mem_reg_1/CLKBWRCLK	u_conv_mac/g_lane[3].lane_acc_reg[20]/D
-2.359	u_input_buf/gen_word_write.mem_reg_1/CLKBWRCLK	u_conv_mac/g_lane[10].lane_out_reg[29]/D
-2.358	u_input_buf/gen_word_write.mem_reg_2/CLKBWRCLK	u_conv_mac/g_lane[6].lane_acc_reg[28]/D
-2.358	u_input_buf/gen_word_write.mem_reg_1/CLKBWRCLK	u_conv_mac/g_lane[9].lane_acc_reg[24]/D
-2.358	u_input_buf/gen_word_write.mem_reg_1/CLKBWRCLK	u_conv_mac/g_lane[14].lane_acc_reg[30]/D
-2.356	u_input_buf/gen_word_write.mem_reg_1/CLKBWRCLK	u_conv_mac/g_lane[9].lane_out_reg[26]/D
-2.355	u_input_buf/gen_word_write.mem_reg_2/CLKBWRCLK	u_conv_mac/g_lane[6].lane_out_reg[30]/D
-2.355	u_input_buf/gen_word_write.mem_reg_1/CLKBWRCLK	u_conv_mac/g_lane[14].lane_out_reg[26]/D
-2.355	u_input_buf/gen_word_write.mem_reg_2/CLKBWRCLK	u_conv_mac/g_lane[6].lane_acc_reg[25]/D
-2.355	u_input_buf/gen_word_write.mem_reg_1/CLKBWRCLK	u_conv_mac/g_lane[9].lane_acc_reg[21]/D
-2.352	u_input_buf/gen_word_write.mem_reg_1/CLKBWRCLK	u_conv_mac/g_lane[4].lane_acc_reg[20]/D
-2.348	u_input_buf/gen_word_write.mem_reg_1/CLKBWRCLK	u_conv_mac/g_lane[4].lane_acc_reg[17]/D
-2.347	u_input_buf/gen_word_write.mem_reg_1/CLKBWRCLK	u_conv_mac/g_lane[3].lane_acc_reg[17]/D
-2.340	u_input_buf/gen_word_write.mem_reg_1/CLKBWRCLK	u_conv_mac/g_lane[9].lane_out_reg[24]/D
-2.339	u_input_buf/gen_word_write.mem_reg_1/CLKBWRCLK	u_conv_mac/g_lane[14].lane_out_reg[24]/D
-2.339	u_input_buf/gen_word_write.mem_reg_1/CLKBWRCLK	u_conv_mac/g_lane[3].lane_acc_reg[19]/D
-2.338	u_input_buf/gen_word_write.mem_reg_1/CLKBWRCLK	u_conv_mac/g_lane[10].lane_out_reg[31]/D
-2.338	u_input_buf/gen_word_write.mem_reg_1/CLKBWRCLK	u_conv_mac/g_lane[14].lane_acc_reg[28]/D
-2.337	u_input_buf/gen_word_write.mem_reg_1/CLKBWRCLK	u_conv_mac/g_lane[9].lane_out_reg[21]/D
-2.337	u_input_buf/gen_word_write.mem_reg_1/CLKBWRCLK	u_conv_mac/g_lane[15].lane_out_reg[29]/D
-2.336	u_input_buf/gen_word_write.mem_reg_1/CLKBWRCLK	u_conv_mac/g_lane[14].lane_out_reg[21]/D
-2.335	u_input_buf/gen_word_write.mem_reg_2/CLKBWRCLK	u_conv_mac/g_lane[6].lane_out_reg[28]/D
-2.334	u_input_buf/gen_word_write.mem_reg_2/CLKBWRCLK	u_conv_mac/g_lane[6].lane_acc_reg[27]/D
-2.334	u_input_buf/gen_word_write.mem_reg_1/CLKBWRCLK	u_conv_mac/g_lane[9].lane_acc_reg[23]/D
-2.329	u_input_buf/gen_word_write.mem_reg_1/CLKBWRCLK	u_conv_mac/g_lane[15].lane_out_reg[31]/D
-2.327	u_input_buf/gen_word_write.mem_reg_1/CLKBWRCLK	u_conv_mac/g_lane[4].lane_acc_reg[19]/D
-2.325	u_input_buf/gen_word_write.mem_reg_2/CLKBWRCLK	u_conv_mac/g_lane[7].lane_acc_reg[26]/D
-2.325	u_input_buf/gen_word_write.mem_reg_1/CLKBWRCLK	u_conv_mac/g_lane[14].lane_acc_reg[25]/D
-2.324	u_input_buf/gen_word_write.mem_reg_2/CLKBWRCLK	u_conv_mac/g_lane[7].lane_out_reg[22]/D
-2.322	u_input_buf/gen_word_write.mem_reg_2/CLKBWRCLK	u_conv_mac/g_lane[6].lane_out_reg[25]/D
-2.318	u_input_buf/gen_word_write.mem_reg_1/CLKBWRCLK	u_conv_mac/g_lane[10].lane_acc_reg[29]/D
-2.317	u_input_buf/gen_word_write.mem_reg_1/CLKBWRCLK	u_conv_mac/g_lane[14].lane_acc_reg[27]/D
-2.316	u_input_buf/gen_word_write.mem_reg_1/CLKBWRCLK	u_conv_mac/g_lane[9].lane_out_reg[23]/D
-2.315	u_input_buf/gen_word_write.mem_reg_1/CLKBWRCLK	u_conv_mac/g_lane[14].lane_out_reg[23]/D
-2.314	u_input_buf/gen_word_write.mem_reg_2/CLKBWRCLK	u_conv_mac/g_lane[6].lane_out_reg[27]/D
-2.309	u_input_buf/gen_word_write.mem_reg_2/CLKBWRCLK	u_conv_mac/g_lane[7].lane_acc_reg[24]/D
-2.308	u_input_buf/gen_word_write.mem_reg_2/CLKBWRCLK	u_conv_mac/g_lane[7].lane_out_reg[20]/D
-2.306	u_input_buf/gen_word_write.mem_reg_2/CLKBWRCLK	u_conv_mac/g_lane[7].lane_acc_reg[21]/D
-2.306	u_input_buf/gen_word_write.mem_reg_1/CLKBWRCLK	u_conv_mac/g_lane[15].lane_acc_reg[30]/D
-2.301	u_input_buf/gen_word_write.mem_reg_2/CLKBWRCLK	u_conv_mac/g_lane[13].lane_out_reg[30]/D
-2.297	u_input_buf/gen_word_write.mem_reg_1/CLKBWRCLK	u_conv_mac/g_lane[10].lane_acc_reg[31]/D
-2.296	u_input_buf/gen_word_write.mem_reg_1/CLKBWRCLK	u_conv_mac/g_lane[4].lane_out_reg[17]/D
-2.290	u_input_buf/gen_word_write.mem_reg_1/CLKBWRCLK	u_conv_mac/g_lane[15].lane_acc_reg[28]/D
-2.287	u_input_buf/gen_word_write.mem_reg_1/CLKBWRCLK	u_conv_mac/g_lane[15].lane_acc_reg[25]/D
-2.285	u_input_buf/gen_word_write.mem_reg_2/CLKBWRCLK	u_conv_mac/g_lane[13].lane_out_reg[28]/D
-2.285	u_input_buf/gen_word_write.mem_reg_2/CLKBWRCLK	u_conv_mac/g_lane[7].lane_acc_reg[23]/D
-2.282	u_input_buf/gen_word_write.mem_reg_2/CLKBWRCLK	u_conv_mac/g_lane[13].lane_out_reg[25]/D
-2.275	u_input_buf/gen_word_write.mem_reg_1/CLKBWRCLK	u_conv_mac/g_lane[4].lane_out_reg[19]/D
-2.266	u_input_buf/gen_word_write.mem_reg_1/CLKBWRCLK	u_conv_mac/g_lane[15].lane_acc_reg[27]/D
-2.264	u_input_buf/gen_word_write.mem_reg_1/CLKBWRCLK	u_conv_mac/g_lane[10].lane_out_reg[30]/D
-2.263	u_input_buf/gen_word_write.mem_reg_1/CLKBWRCLK	u_conv_mac/g_lane[3].lane_acc_reg[18]/D
-2.261	u_input_buf/gen_word_write.mem_reg_2/CLKBWRCLK	u_conv_mac/g_lane[13].lane_out_reg[27]/D
-2.260	u_input_buf/gen_word_write.mem_reg_2/CLKBWRCLK	u_conv_mac/g_lane[6].lane_acc_reg[26]/D
-2.260	u_input_buf/gen_word_write.mem_reg_1/CLKBWRCLK	u_conv_mac/g_lane[9].lane_acc_reg[22]/D
-2.253	u_input_buf/gen_word_write.mem_reg_1/CLKBWRCLK	u_conv_mac/g_lane[4].lane_acc_reg[18]/D
-2.253	u_input_buf/gen_word_write.mem_reg_1/CLKBWRCLK	u_conv_mac/g_lane[15].lane_out_reg[30]/D
-2.248	u_input_buf/gen_word_write.mem_reg_1/CLKBWRCLK	u_conv_mac/g_lane[10].lane_out_reg[28]/D
-2.247	u_input_buf/gen_word_write.mem_reg_1/CLKBWRCLK	u_conv_mac/g_lane[2].lane_out_reg[29]/D
-2.245	u_input_buf/gen_word_write.mem_reg_1/CLKBWRCLK	u_conv_mac/g_lane[10].lane_out_reg[25]/D
-2.244	u_input_buf/gen_word_write.mem_reg_2/CLKBWRCLK	u_conv_mac/g_lane[6].lane_acc_reg[24]/D
-2.244	u_input_buf/gen_word_write.mem_reg_1/CLKBWRCLK	u_conv_mac/g_lane[9].lane_acc_reg[20]/D
-2.243	u_input_buf/gen_word_write.mem_reg_1/CLKBWRCLK	u_conv_mac/g_lane[3].lane_acc_reg[16]/D
-2.242	u_input_buf/gen_word_write.mem_reg_1/CLKBWRCLK	u_conv_mac/g_lane[9].lane_out_reg[22]/D
-2.241	u_input_buf/gen_word_write.mem_reg_1/CLKBWRCLK	u_conv_mac/g_lane[14].lane_out_reg[22]/D
-2.241	u_input_buf/gen_word_write.mem_reg_2/CLKBWRCLK	u_conv_mac/g_lane[6].lane_acc_reg[21]/D
-2.241	u_input_buf/gen_word_write.mem_reg_1/CLKBWRCLK	u_conv_mac/g_lane[9].lane_acc_reg[17]/D
-2.241	u_input_buf/gen_word_write.mem_reg_1/CLKBWRCLK	u_conv_mac/g_lane[14].lane_acc_reg[26]/D
-2.238	u_input_buf/gen_word_write.mem_reg_2/CLKBWRCLK	u_conv_mac/g_lane[6].lane_out_reg[26]/D
-2.237	u_input_buf/gen_word_write.mem_reg_1/CLKBWRCLK	u_conv_mac/g_lane[3].lane_out_reg[15]/D
-2.237	u_input_buf/gen_word_write.mem_reg_1/CLKBWRCLK	u_conv_mac/g_lane[4].lane_acc_reg[16]/D
-2.233	u_input_buf/gen_word_write.mem_reg_1/CLKBWRCLK	u_conv_mac/g_lane[15].lane_out_reg[28]/D
-2.228	u_input_buf/gen_word_write.mem_reg_2/CLKBWRCLK	u_conv_mac/g_lane[13].lane_acc_reg[29]/D
-2.226	u_input_buf/gen_word_write.mem_reg_1/CLKBWRCLK	u_conv_mac/g_lane[9].lane_out_reg[20]/D
-2.226	u_input_buf/gen_word_write.mem_reg_1/CLKBWRCLK	u_conv_mac/g_lane[2].lane_out_reg[31]/D
-2.225	u_input_buf/gen_word_write.mem_reg_1/CLKBWRCLK	u_conv_mac/g_lane[14].lane_out_reg[20]/D
-2.224	u_input_buf/gen_word_write.mem_reg_1/CLKBWRCLK	u_conv_mac/g_lane[10].lane_out_reg[27]/D
-2.223	u_input_buf/gen_word_write.mem_reg_1/CLKBWRCLK	u_conv_mac/g_lane[9].lane_out_reg[17]/D
-2.223	u_input_buf/gen_word_write.mem_reg_1/CLKBWRCLK	u_conv_mac/g_lane[10].lane_acc_reg[30]/D
-2.221	u_input_buf/gen_word_write.mem_reg_1/CLKBWRCLK	u_conv_mac/g_lane[14].lane_acc_reg[24]/D
-2.220	u_input_buf/gen_word_write.mem_reg_2/CLKBWRCLK	u_conv_mac/g_lane[6].lane_acc_reg[23]/D
-2.220	u_input_buf/gen_word_write.mem_reg_1/CLKBWRCLK	u_conv_mac/g_lane[9].lane_acc_reg[19]/D
-2.220	u_input_buf/gen_word_write.mem_reg_1/CLKBWRCLK	u_conv_mac/g_lane[15].lane_out_reg[25]/D
-2.218	u_input_buf/gen_word_write.mem_reg_2/CLKBWRCLK	u_conv_mac/g_lane[6].lane_out_reg[24]/D
-2.217	u_input_buf/gen_word_write.mem_reg_1/CLKBWRCLK	u_conv_mac/g_lane[5].lane_out_reg[29]/D
-2.212	u_input_buf/gen_word_write.mem_reg_1/CLKBWRCLK	u_conv_mac/g_lane[15].lane_out_reg[27]/D
-2.211	u_input_buf/gen_word_write.mem_reg_2/CLKBWRCLK	u_conv_mac/g_lane[7].lane_acc_reg[22]/D
-2.208	u_input_buf/gen_word_write.mem_reg_1/CLKBWRCLK	u_conv_mac/g_lane[14].lane_acc_reg[21]/D
-2.207	u_input_buf/gen_word_write.mem_reg_2/CLKBWRCLK	u_conv_mac/g_lane[13].lane_acc_reg[31]/D
-2.207	u_input_buf/gen_word_write.mem_reg_1/CLKBWRCLK	u_conv_mac/g_lane[10].lane_acc_reg[28]/D
-2.205	u_input_buf/gen_word_write.mem_reg_2/CLKBWRCLK	u_conv_mac/g_lane[6].lane_out_reg[21]/D
-2.204	u_input_buf/gen_word_write.mem_reg_1/CLKBWRCLK	u_conv_mac/g_lane[10].lane_acc_reg[25]/D
-2.202	u_input_buf/gen_word_write.mem_reg_1/CLKBWRCLK	u_conv_mac/g_lane[9].lane_out_reg[19]/D
-2.201	u_input_buf/gen_word_write.mem_reg_1/CLKBWRCLK	u_conv_mac/g_lane[4].lane_out_reg[18]/D
-2.200	u_input_buf/gen_word_write.mem_reg_1/CLKBWRCLK	u_conv_mac/g_lane[14].lane_acc_reg[23]/D
-2.197	u_input_buf/gen_word_write.mem_reg_2/CLKBWRCLK	u_conv_mac/g_lane[6].lane_out_reg[23]/D
-2.196	u_input_buf/gen_word_write.mem_reg_1/CLKBWRCLK	u_conv_mac/g_lane[5].lane_out_reg[31]/D
-2.195	u_input_buf/gen_word_write.mem_reg_2/CLKBWRCLK	u_conv_mac/g_lane[7].lane_acc_reg[20]/D
-2.192	u_input_buf/gen_word_write.mem_reg_2/CLKBWRCLK	u_conv_mac/g_lane[7].lane_acc_reg[17]/D
-2.192	u_input_buf/gen_word_write.mem_reg_1/CLKBWRCLK	u_conv_mac/g_lane[15].lane_acc_reg[26]/D
-2.187	u_input_buf/gen_word_write.mem_reg_2/CLKBWRCLK	u_conv_mac/g_lane[13].lane_out_reg[26]/D
-2.185	u_input_buf/gen_word_write.mem_reg_1/CLKBWRCLK	u_conv_mac/g_lane[4].lane_out_reg[16]/D
-2.183	u_input_buf/gen_word_write.mem_reg_1/CLKBWRCLK	u_conv_mac/g_lane[10].lane_acc_reg[27]/D
-2.178	u_input_buf/gen_word_write.mem_reg_1/CLKBWRCLK	u_conv_mac/g_lane[3].lane_out_reg[14]/D
-2.176	u_input_buf/gen_word_write.mem_reg_1/CLKBWRCLK	u_conv_mac/g_lane[15].lane_acc_reg[24]/D
-2.173	u_input_buf/gen_word_write.mem_reg_1/CLKBWRCLK	u_conv_mac/g_lane[15].lane_acc_reg[21]/D
-2.172	u_enc_rq/rq[7]_i_161_psdsp_1/C	u_enc_rq/rq_reg[4]/D
-2.171	u_input_buf/gen_word_write.mem_reg_2/CLKBWRCLK	u_conv_mac/g_lane[13].lane_out_reg[24]/D
-2.171	u_input_buf/gen_word_write.mem_reg_2/CLKBWRCLK	u_conv_mac/g_lane[7].lane_acc_reg[19]/D
-2.168	u_input_buf/gen_word_write.mem_reg_2/CLKBWRCLK	u_conv_mac/g_lane[13].lane_out_reg[21]/D
-2.168	u_enc_rq/rq[7]_i_161_psdsp_1/C	u_enc_rq/rq_reg[1]/D
-2.167	u_enc_rq/rq[7]_i_161_psdsp_1/C	u_enc_rq/rq_reg[5]/D
-2.165	u_input_buf/gen_word_write.mem_reg_2/CLKBWRCLK	u_conv_mac/g_lane[7].lane_out_reg[17]/D
-2.164	u_enc_rq/rq[7]_i_161_psdsp_1/C	u_enc_rq/rq_reg[7]/D
-2.162	u_input_buf/gen_word_write.mem_reg_1/CLKBWRCLK	u_conv_mac/g_lane[2].lane_acc_reg[29]/D
-2.159	u_input_buf/gen_word_write.mem_reg_2/CLKBWRCLK	u_conv_mac/g_lane[7].lane_out_reg[19]/D
-2.152	u_input_buf/gen_word_write.mem_reg_1/CLKBWRCLK	u_conv_mac/g_lane[3].lane_out_reg[13]/D
-2.152	u_input_buf/gen_word_write.mem_reg_1/CLKBWRCLK	u_conv_mac/g_lane[2].lane_out_reg[30]/D
-2.152	u_input_buf/gen_word_write.mem_reg_1/CLKBWRCLK	u_conv_mac/g_lane[15].lane_acc_reg[23]/D
-2.150	u_input_buf/gen_word_write.mem_reg_1/CLKBWRCLK	u_conv_mac/g_lane[10].lane_out_reg[26]/D
-2.147	u_input_buf/gen_word_write.mem_reg_2/CLKBWRCLK	u_conv_mac/g_lane[13].lane_out_reg[23]/D
-2.146	u_input_buf/gen_word_write.mem_reg_2/CLKBWRCLK	u_conv_mac/g_lane[6].lane_acc_reg[22]/D
-2.146	u_input_buf/gen_word_write.mem_reg_1/CLKBWRCLK	u_conv_mac/g_lane[9].lane_acc_reg[18]/D
-2.141	u_input_buf/gen_word_write.mem_reg_1/CLKBWRCLK	u_conv_mac/g_lane[2].lane_acc_reg[31]/D
-2.136	u_input_buf/gen_word_write.mem_reg_1/CLKBWRCLK	u_conv_mac/g_lane[2].lane_out_reg[28]/D
-2.136	u_input_buf/gen_word_write.mem_reg_1/CLKBWRCLK	u_conv_mac/g_lane[15].lane_out_reg[26]/D
-2.134	u_input_buf/gen_word_write.mem_reg_1/CLKBWRCLK	u_conv_mac/g_lane[10].lane_out_reg[24]/D
-2.133	u_input_buf/gen_word_write.mem_reg_2/CLKBWRCLK	u_conv_mac/g_lane[13].lane_acc_reg[30]/D
-2.133	u_input_buf/gen_word_write.mem_reg_1/CLKBWRCLK	u_conv_mac/g_lane[2].lane_out_reg[25]/D
-2.132	u_input_buf/gen_word_write.mem_reg_1/CLKBWRCLK	u_conv_mac/g_lane[8].lane_out_reg[29]/D
-2.131	u_input_buf/gen_word_write.mem_reg_1/CLKBWRCLK	u_conv_mac/g_lane[10].lane_out_reg[21]/D
-2.130	u_input_buf/gen_word_write.mem_reg_1/CLKBWRCLK	u_conv_mac/g_lane[14].lane_out_reg[17]/D
-2.130	u_input_buf/gen_word_write.mem_reg_2/CLKBWRCLK	u_conv_mac/g_lane[6].lane_acc_reg[20]/D
-2.130	u_input_buf/gen_word_write.mem_reg_1/CLKBWRCLK	u_conv_mac/g_lane[9].lane_acc_reg[16]/D
-2.128	u_input_buf/gen_word_write.mem_reg_1/CLKBWRCLK	u_conv_mac/g_lane[9].lane_out_reg[18]/D
-2.127	u_input_buf/gen_word_write.mem_reg_2/CLKBWRCLK	u_conv_mac/g_lane[6].lane_acc_reg[17]/D
-2.124	u_input_buf/gen_word_write.mem_reg_1/CLKBWRCLK	u_conv_mac/g_lane[14].lane_acc_reg[22]/D
-2.123	u_input_buf/gen_word_write.mem_reg_1/CLKBWRCLK	u_conv_mac/g_lane[0].lane_out_reg[29]/D
-2.122	u_input_buf/gen_word_write.mem_reg_1/CLKBWRCLK	u_conv_mac/g_lane[5].lane_out_reg[30]/D
-2.121	u_input_buf/gen_word_write.mem_reg_2/CLKBWRCLK	u_conv_mac/g_lane[6].lane_out_reg[22]/D
-2.119	u_input_buf/gen_word_write.mem_reg_1/CLKBWRCLK	u_conv_mac/g_lane[3].lane_acc_reg[15]/D
-2.117	u_input_buf/gen_word_write.mem_reg_2/CLKBWRCLK	u_conv_mac/g_lane[13].lane_acc_reg[28]/D
-2.116	u_input_buf/gen_word_write.mem_reg_1/CLKBWRCLK	u_conv_mac/g_lane[15].lane_out_reg[24]/D
-2.115	u_input_buf/gen_word_write.mem_reg_1/CLKBWRCLK	u_conv_mac/g_lane[12].lane_acc_reg[29]/D
-2.114	u_input_buf/gen_word_write.mem_reg_2/CLKBWRCLK	u_conv_mac/g_lane[13].lane_acc_reg[25]/D
-2.112	u_input_buf/gen_word_write.mem_reg_1/CLKBWRCLK	u_conv_mac/g_lane[9].lane_out_reg[16]/D
-2.112	u_input_buf/gen_word_write.mem_reg_1/CLKBWRCLK	u_conv_mac/g_lane[2].lane_out_reg[27]/D
-2.111	u_input_buf/gen_word_write.mem_reg_1/CLKBWRCLK	u_conv_mac/g_lane[8].lane_out_reg[31]/D
-2.110	u_input_buf/gen_word_write.mem_reg_1/CLKBWRCLK	u_conv_mac/g_lane[10].lane_out_reg[23]/D
-2.110	u_input_buf/gen_word_write.mem_reg_1/CLKBWRCLK	u_conv_mac/g_lane[8].lane_acc_reg[29]/D
-2.109	u_input_buf/gen_word_write.mem_reg_1/CLKBWRCLK	u_conv_mac/g_lane[14].lane_out_reg[19]/D
-2.109	u_input_buf/gen_word_write.mem_reg_1/CLKBWRCLK	u_conv_mac/g_lane[10].lane_acc_reg[26]/D
-2.107	u_input_buf/gen_word_write.mem_reg_1/CLKBWRCLK	u_conv_mac/g_lane[12].lane_acc_reg[31]/D
-2.106	u_input_buf/gen_word_write.mem_reg_2/CLKBWRCLK	u_conv_mac/g_lane[6].lane_acc_reg[19]/D
-2.106	u_input_buf/gen_word_write.mem_reg_1/CLKBWRCLK	u_conv_mac/g_lane[5].lane_out_reg[28]/D
-2.104	u_input_buf/gen_word_write.mem_reg_1/CLKBWRCLK	u_conv_mac/g_lane[14].lane_acc_reg[20]/D
-2.103	u_input_buf/gen_word_write.mem_reg_1/CLKBWRCLK	u_conv_mac/g_lane[15].lane_out_reg[21]/D
-2.103	u_input_buf/gen_word_write.mem_reg_1/CLKBWRCLK	u_conv_mac/g_lane[5].lane_out_reg[25]/D
-2.102	u_input_buf/gen_word_write.mem_reg_1/CLKBWRCLK	u_conv_mac/g_lane[0].lane_out_reg[31]/D
-2.101	u_input_buf/gen_word_write.mem_reg_2/CLKBWRCLK	u_conv_mac/g_lane[1].lane_out_reg[29]/D
-2.101	u_input_buf/gen_word_write.mem_reg_2/CLKBWRCLK	u_conv_mac/g_lane[6].lane_out_reg[20]/D
-2.100	u_input_buf/gen_word_write.mem_reg_2/CLKBWRCLK	u_conv_mac/g_lane[7].lane_out_reg[18]/D
-2.097	u_input_buf/gen_word_write.mem_reg_2/CLKBWRCLK	u_conv_mac/g_lane[7].lane_acc_reg[18]/D
-2.095	u_input_buf/gen_word_write.mem_reg_1/CLKBWRCLK	u_conv_mac/g_lane[15].lane_out_reg[23]/D
-2.093	u_input_buf/gen_word_write.mem_reg_2/CLKBWRCLK	u_conv_mac/g_lane[13].lane_acc_reg[27]/D
-2.093	u_input_buf/gen_word_write.mem_reg_1/CLKBWRCLK	u_conv_mac/g_lane[10].lane_acc_reg[24]/D
-2.091	u_input_buf/gen_word_write.mem_reg_2/CLKBWRCLK	u_conv_mac/g_lane[1].lane_acc_reg[29]/D
-2.090	u_input_buf/gen_word_write.mem_reg_1/CLKBWRCLK	u_conv_mac/g_lane[10].lane_acc_reg[21]/D
-2.089	u_input_buf/gen_word_write.mem_reg_1/CLKBWRCLK	u_conv_mac/g_lane[8].lane_acc_reg[31]/D
-2.088	u_input_buf/gen_word_write.mem_reg_2/CLKBWRCLK	u_conv_mac/g_lane[6].lane_out_reg[17]/D
-2.088	u_input_buf/gen_word_write.mem_reg_1/CLKBWRCLK	u_conv_mac/g_lane[4].lane_acc_reg[15]/D
-2.085	u_input_buf/gen_word_write.mem_reg_1/CLKBWRCLK	u_conv_mac/g_lane[4].lane_acc_reg[13]/D
-2.082	u_input_buf/gen_word_write.mem_reg_1/CLKBWRCLK	u_conv_mac/g_lane[5].lane_out_reg[27]/D
-2.082	u_input_buf/gen_word_write.mem_reg_1/CLKBWRCLK	u_conv_mac/g_lane[12].lane_out_reg[29]/D
-2.081	u_input_buf/gen_word_write.mem_reg_2/CLKBWRCLK	u_conv_mac/g_lane[7].lane_acc_reg[16]/D
-2.080	u_input_buf/gen_word_write.mem_reg_2/CLKBWRCLK	u_conv_mac/g_lane[1].lane_out_reg[31]/D
-2.080	u_input_buf/gen_word_write.mem_reg_2/CLKBWRCLK	u_conv_mac/g_lane[6].lane_out_reg[19]/D
-2.078	u_input_buf/gen_word_write.mem_reg_1/CLKBWRCLK	u_conv_mac/g_lane[15].lane_acc_reg[22]/D
-2.073	u_input_buf/gen_word_write.mem_reg_2/CLKBWRCLK	u_conv_mac/g_lane[13].lane_out_reg[22]/D
-2.070	u_input_buf/gen_word_write.mem_reg_2/CLKBWRCLK	u_conv_mac/g_lane[1].lane_acc_reg[31]/D
-2.069	u_input_buf/gen_word_write.mem_reg_1/CLKBWRCLK	u_conv_mac/g_lane[10].lane_acc_reg[23]/D
-2.068	u_input_buf/gen_word_write.mem_reg_1/CLKBWRCLK	u_conv_mac/g_lane[3].lane_acc_reg[13]/D
-2.068	u_input_buf/gen_word_write.mem_reg_1/CLKBWRCLK	u_conv_mac/g_lane[0].lane_acc_reg[29]/D
-2.067	u_input_buf/gen_word_write.mem_reg_1/CLKBWRCLK	u_conv_mac/g_lane[2].lane_acc_reg[30]/D
-2.062	u_input_buf/gen_word_write.mem_reg_1/CLKBWRCLK	u_conv_mac/g_lane[15].lane_acc_reg[20]/D
-2.061	u_input_buf/gen_word_write.mem_reg_1/CLKBWRCLK	u_conv_mac/g_lane[12].lane_out_reg[31]/D
-2.059	u_input_buf/gen_word_write.mem_reg_1/CLKBWRCLK	u_conv_mac/g_lane[15].lane_acc_reg[17]/D
-2.057	u_input_buf/gen_word_write.mem_reg_2/CLKBWRCLK	u_conv_mac/g_lane[13].lane_out_reg[20]/D
-2.055	u_input_buf/gen_word_write.mem_reg_1/CLKBWRCLK	u_conv_mac/g_lane[3].lane_acc_reg[14]/D
-2.054	u_input_buf/gen_word_write.mem_reg_2/CLKBWRCLK	u_conv_mac/g_lane[7].lane_out_reg[16]/D
-2.051	u_input_buf/gen_word_write.mem_reg_1/CLKBWRCLK	u_conv_mac/g_lane[2].lane_acc_reg[28]/D
-2.051	u_input_buf/gen_word_write.mem_reg_1/CLKBWRCLK	u_conv_mac/g_lane[4].lane_out_reg[13]/D
-2.048	u_input_buf/gen_word_write.mem_reg_1/CLKBWRCLK	u_conv_mac/g_lane[2].lane_acc_reg[25]/D
-2.047	u_input_buf/gen_word_write.mem_reg_1/CLKBWRCLK	u_conv_mac/g_lane[0].lane_acc_reg[31]/D
-2.042	u_input_buf/gen_word_write.mem_reg_1/CLKBWRCLK	u_conv_mac/g_lane[14].lane_acc_reg[17]/D
-2.041	u_input_buf/gen_word_write.mem_reg_1/CLKBWRCLK	u_conv_mac/g_lane[3].lane_out_reg[12]/D
-2.041	u_input_buf/gen_word_write.mem_reg_1/CLKBWRCLK	u_conv_mac/g_lane[5].lane_acc_reg[29]/D
-2.038	u_input_buf/gen_word_write.mem_reg_1/CLKBWRCLK	u_conv_mac/g_lane[2].lane_out_reg[26]/D
-2.038	u_input_buf/gen_word_write.mem_reg_1/CLKBWRCLK	u_conv_mac/g_lane[15].lane_acc_reg[19]/D
-2.037	u_input_buf/gen_word_write.mem_reg_1/CLKBWRCLK	u_conv_mac/g_lane[8].lane_out_reg[30]/D
-2.036	u_input_buf/gen_word_write.mem_reg_1/CLKBWRCLK	u_conv_mac/g_lane[10].lane_out_reg[22]/D
-2.036	u_input_buf/gen_word_write.mem_reg_1/CLKBWRCLK	u_conv_mac/g_lane[4].lane_out_reg[15]/D
-2.035	u_input_buf/gen_word_write.mem_reg_1/CLKBWRCLK	u_conv_mac/g_lane[14].lane_out_reg[18]/D
-2.034	u_input_buf/gen_word_write.mem_reg_1/CLKBWRCLK	u_conv_mac/g_lane[14].lane_acc_reg[19]/D
-2.033	u_input_buf/gen_word_write.mem_reg_1/CLKBWRCLK	u_conv_mac/g_lane[5].lane_acc_reg[31]/D
-2.032	u_input_buf/gen_word_write.mem_reg_2/CLKBWRCLK	u_conv_mac/g_lane[6].lane_acc_reg[18]/D
-2.031	u_input_buf/gen_word_write.mem_reg_1/CLKBWRCLK	u_conv_mac/g_lane[12].lane_acc_reg[30]/D
-2.029	u_input_buf/gen_word_write.mem_reg_1/CLKBWRCLK	u_conv_mac/g_lane[4].lane_acc_reg[14]/D
-2.029	u_input_buf/gen_word_write.mem_reg_1/CLKBWRCLK	u_conv_mac/g_lane[9].lane_acc_reg[13]/D
-2.028	u_input_buf/gen_word_write.mem_reg_1/CLKBWRCLK	u_conv_mac/g_lane[0].lane_out_reg[30]/D
-2.027	u_input_buf/gen_word_write.mem_reg_1/CLKBWRCLK	u_conv_mac/g_lane[2].lane_acc_reg[27]/D
-2.022	u_input_buf/gen_word_write.mem_reg_1/CLKBWRCLK	u_conv_mac/g_lane[2].lane_out_reg[24]/D
-2.021	u_input_buf/gen_word_write.mem_reg_1/CLKBWRCLK	u_conv_mac/g_lane[8].lane_out_reg[28]/D
-2.020	u_input_buf/gen_word_write.mem_reg_1/CLKBWRCLK	u_conv_mac/g_lane[10].lane_out_reg[20]/D
-2.019	u_input_buf/gen_word_write.mem_reg_2/CLKBWRCLK	u_conv_mac/g_lane[13].lane_acc_reg[26]/D
-2.019	u_input_buf/gen_word_write.mem_reg_1/CLKBWRCLK	u_conv_mac/g_lane[14].lane_out_reg[16]/D
-2.019	u_input_buf/gen_word_write.mem_reg_1/CLKBWRCLK	u_conv_mac/g_lane[15].lane_out_reg[22]/D
-2.018	u_input_buf/gen_word_write.mem_reg_1/CLKBWRCLK	u_conv_mac/g_lane[2].lane_out_reg[21]/D
-2.018	u_input_buf/gen_word_write.mem_reg_1/CLKBWRCLK	u_conv_mac/g_lane[8].lane_out_reg[25]/D
-2.016	u_input_buf/gen_word_write.mem_reg_2/CLKBWRCLK	u_conv_mac/g_lane[6].lane_acc_reg[16]/D
-2.015	u_input_buf/gen_word_write.mem_reg_1/CLKBWRCLK	u_conv_mac/g_lane[8].lane_acc_reg[30]/D
-2.012	u_input_buf/gen_word_write.mem_reg_1/CLKBWRCLK	u_conv_mac/g_lane[0].lane_out_reg[28]/D
-2.011	u_input_buf/gen_word_write.mem_reg_1/CLKBWRCLK	u_conv_mac/g_lane[12].lane_acc_reg[28]/D
-2.010	u_fmap1_buf/gen_legacy.mem_reg_0_0/CLKBWRCLK	u_conv_mac/g_lane[14].lane_out_reg[13]/D
-2.009	u_input_buf/gen_word_write.mem_reg_1/CLKBWRCLK	u_conv_mac/g_lane[0].lane_out_reg[25]/D
-2.008	u_input_buf/gen_word_write.mem_reg_1/CLKBWRCLK	u_conv_mac/g_lane[9].lane_acc_reg[15]/D
-2.008	u_input_buf/gen_word_write.mem_reg_1/CLKBWRCLK	u_conv_mac/g_lane[5].lane_out_reg[26]/D
-2.006	u_input_buf/gen_word_write.mem_reg_2/CLKBWRCLK	u_conv_mac/g_lane[1].lane_out_reg[30]/D
-2.004	u_input_buf/gen_word_write.mem_reg_2/CLKBWRCLK	u_conv_mac/g_lane[6].lane_out_reg[18]/D
-2.003	u_input_buf/gen_word_write.mem_reg_2/CLKBWRCLK	u_conv_mac/g_lane[13].lane_acc_reg[24]/D
-1.999	u_input_buf/gen_word_write.mem_reg_1/CLKBWRCLK	u_conv_mac/g_lane[15].lane_out_reg[20]/D
-1.999	u_input_buf/gen_word_write.mem_reg_1/CLKBWRCLK	u_conv_mac/g_lane[8].lane_acc_reg[28]/D
-1.998	u_input_buf/gen_word_write.mem_reg_1/CLKBWRCLK	u_conv_mac/g_lane[12].lane_acc_reg[25]/D
-1.997	u_input_buf/gen_word_write.mem_reg_1/CLKBWRCLK	u_conv_mac/g_lane[2].lane_out_reg[23]/D
-1.997	u_input_buf/gen_word_write.mem_reg_1/CLKBWRCLK	u_conv_mac/g_lane[8].lane_out_reg[27]/D
-1.996	u_input_buf/gen_word_write.mem_reg_2/CLKBWRCLK	u_conv_mac/g_lane[1].lane_acc_reg[30]/D
-1.996	u_input_buf/gen_word_write.mem_reg_1/CLKBWRCLK	u_conv_mac/g_lane[8].lane_acc_reg[25]/D
-1.995	u_input_buf/gen_word_write.mem_reg_1/CLKBWRCLK	u_conv_mac/g_lane[10].lane_acc_reg[22]/D
-1.992	u_input_buf/gen_word_write.mem_reg_1/CLKBWRCLK	u_conv_mac/g_lane[5].lane_out_reg[24]/D
-1.990	u_input_buf/gen_word_write.mem_reg_2/CLKBWRCLK	u_conv_mac/g_lane[1].lane_out_reg[28]/D
-1.990	u_input_buf/gen_word_write.mem_reg_1/CLKBWRCLK	u_conv_mac/g_lane[12].lane_acc_reg[27]/D
-1.989	u_fmap1_buf/gen_legacy.mem_reg_0_0/CLKBWRCLK	u_conv_mac/g_lane[14].lane_out_reg[15]/D
-1.989	u_input_buf/gen_word_write.mem_reg_1/CLKBWRCLK	u_conv_mac/g_lane[5].lane_out_reg[21]/D
-1.988	u_input_buf/gen_word_write.mem_reg_1/CLKBWRCLK	u_conv_mac/g_lane[0].lane_out_reg[27]/D
-1.987	u_input_buf/gen_word_write.mem_reg_2/CLKBWRCLK	u_conv_mac/g_lane[1].lane_out_reg[25]/D
-1.987	u_input_buf/gen_word_write.mem_reg_1/CLKBWRCLK	u_conv_mac/g_lane[12].lane_out_reg[30]/D
-1.986	u_input_buf/gen_word_write.mem_reg_1/CLKBWRCLK	u_conv_mac/g_lane[15].lane_out_reg[17]/D
-1.984	u_input_buf/gen_word_write.mem_reg_2/CLKBWRCLK	u_conv_mac/g_lane[6].lane_out_reg[16]/D
-1.980	u_input_buf/gen_word_write.mem_reg_2/CLKBWRCLK	u_conv_mac/g_lane[1].lane_acc_reg[28]/D
-1.979	u_input_buf/gen_word_write.mem_reg_1/CLKBWRCLK	u_conv_mac/g_lane[10].lane_acc_reg[20]/D
-1.978	u_input_buf/gen_word_write.mem_reg_1/CLKBWRCLK	u_conv_mac/g_lane[9].lane_out_reg[15]/D
-1.978	u_input_buf/gen_word_write.mem_reg_1/CLKBWRCLK	u_conv_mac/g_lane[15].lane_out_reg[19]/D
-1.977	u_input_buf/gen_word_write.mem_reg_1/CLKBWRCLK	u_conv_mac/g_lane[4].lane_out_reg[14]/D
-1.977	u_input_buf/gen_word_write.mem_reg_2/CLKBWRCLK	u_conv_mac/g_lane[1].lane_acc_reg[25]/D
-1.976	u_input_buf/gen_word_write.mem_reg_1/CLKBWRCLK	u_conv_mac/g_lane[10].lane_acc_reg[17]/D
-1.975	u_input_buf/gen_word_write.mem_reg_1/CLKBWRCLK	u_conv_mac/g_lane[8].lane_acc_reg[27]/D
-1.974	u_input_buf/gen_word_write.mem_reg_1/CLKBWRCLK	u_conv_mac/g_lane[4].lane_acc_reg[12]/D
-1.973	u_input_buf/gen_word_write.mem_reg_1/CLKBWRCLK	u_conv_mac/g_lane[0].lane_acc_reg[30]/D
-1.971	u_input_buf/gen_word_write.mem_reg_1/CLKBWRCLK	u_conv_mac/g_lane[12].lane_out_reg[28]/D
-1.968	u_input_buf/gen_word_write.mem_reg_1/CLKBWRCLK	u_conv_mac/g_lane[5].lane_out_reg[23]/D
-1.967	u_input_buf/gen_word_write.mem_reg_1/CLKBWRCLK	u_conv_mac/g_lane[12].lane_out_reg[25]/D
-1.966	u_input_buf/gen_word_write.mem_reg_2/CLKBWRCLK	u_conv_mac/g_lane[1].lane_out_reg[27]/D
-1.964	u_input_buf/gen_word_write.mem_reg_1/CLKBWRCLK	u_conv_mac/g_lane[3].lane_acc_reg[12]/D
-1.964	u_input_buf/gen_word_write.mem_reg_1/CLKBWRCLK	u_conv_mac/g_lane[15].lane_acc_reg[18]/D
-1.958	u_input_buf/gen_word_write.mem_reg_1/CLKBWRCLK	u_conv_mac/g_lane[13].lane_acc_reg[21]/D
-1.958	u_input_buf/gen_word_write.mem_reg_1/CLKBWRCLK	u_conv_mac/g_lane[14].lane_acc_reg[18]/D
-1.957	u_input_buf/gen_word_write.mem_reg_1/CLKBWRCLK	u_conv_mac/g_lane[5].lane_acc_reg[30]/D
-1.957	u_input_buf/gen_word_write.mem_reg_1/CLKBWRCLK	u_conv_mac/g_lane[0].lane_acc_reg[28]/D
-1.956	u_input_buf/gen_word_write.mem_reg_2/CLKBWRCLK	u_conv_mac/g_lane[1].lane_acc_reg[27]/D
-1.955	u_input_buf/gen_word_write.mem_reg_1/CLKBWRCLK	u_conv_mac/g_lane[10].lane_acc_reg[19]/D
-1.954	u_input_buf/gen_word_write.mem_reg_1/CLKBWRCLK	u_conv_mac/g_lane[0].lane_acc_reg[25]/D
-1.953	u_input_buf/gen_word_write.mem_reg_1/CLKBWRCLK	u_conv_mac/g_lane[2].lane_acc_reg[26]/D
-1.948	u_input_buf/gen_word_write.mem_reg_1/CLKBWRCLK	u_conv_mac/g_lane[15].lane_acc_reg[16]/D
-1.946	u_input_buf/gen_word_write.mem_reg_1/CLKBWRCLK	u_conv_mac/g_lane[12].lane_out_reg[27]/D
-1.940	u_input_buf/gen_word_write.mem_reg_1/CLKBWRCLK	u_conv_mac/g_lane[4].lane_out_reg[12]/D
-1.938	u_input_buf/gen_word_write.mem_reg_1/CLKBWRCLK	u_conv_mac/g_lane[14].lane_acc_reg[16]/D
-1.937	u_input_buf/gen_word_write.mem_reg_1/CLKBWRCLK	u_conv_mac/g_lane[2].lane_acc_reg[24]/D
-1.937	u_input_buf/gen_word_write.mem_reg_1/CLKBWRCLK	u_conv_mac/g_lane[5].lane_acc_reg[28]/D
-1.937	u_input_buf/gen_word_write.mem_reg_1/CLKBWRCLK	u_conv_mac/g_lane[9].lane_acc_reg[14]/D
-1.937	u_input_buf/gen_word_write.mem_reg_1/CLKBWRCLK	u_conv_mac/g_lane[13].lane_acc_reg[23]/D
-1.936	u_input_buf/gen_word_write.mem_reg_1/CLKBWRCLK	u_conv_mac/g_lane[9].lane_out_reg[13]/D
-1.934	u_input_buf/gen_word_write.mem_reg_1/CLKBWRCLK	u_conv_mac/g_lane[2].lane_acc_reg[21]/D
-1.934	u_input_buf/gen_word_write.mem_reg_1/CLKBWRCLK	u_conv_mac/g_lane[10].lane_out_reg[17]/D
-1.933	u_input_buf/gen_word_write.mem_reg_1/CLKBWRCLK	u_conv_mac/g_lane[0].lane_acc_reg[27]/D
-1.932	u_input_buf/gen_word_write.mem_reg_2/CLKBWRCLK	u_conv_mac/g_lane[7].lane_acc_reg[15]/D
-1.924	u_input_buf/gen_word_write.mem_reg_1/CLKBWRCLK	u_conv_mac/g_lane[5].lane_acc_reg[25]/D
-1.923	u_input_buf/gen_word_write.mem_reg_1/CLKBWRCLK	u_conv_mac/g_lane[2].lane_out_reg[22]/D
-1.923	u_input_buf/gen_word_write.mem_reg_1/CLKBWRCLK	u_conv_mac/g_lane[8].lane_out_reg[26]/D
-1.921	u_input_buf/gen_word_write.mem_reg_2/CLKBWRCLK	u_conv_mac/g_lane[7].lane_out_reg[15]/D
-1.919	u_input_buf/gen_word_write.mem_reg_1/CLKBWRCLK	u_conv_mac/g_lane[9].lane_out_reg[14]/D
-1.918	u_input_buf/gen_word_write.mem_reg_1/CLKBWRCLK	u_conv_mac/g_lane[9].lane_acc_reg[12]/D
-1.916	u_input_buf/gen_word_write.mem_reg_1/CLKBWRCLK	u_conv_mac/g_lane[5].lane_acc_reg[27]/D
-1.915	u_fmap1_buf/gen_legacy.mem_reg_0_0/CLKBWRCLK	u_conv_mac/g_lane[14].lane_out_reg[14]/D
-1.914	u_input_buf/gen_word_write.mem_reg_1/CLKBWRCLK	u_conv_mac/g_lane[0].lane_out_reg[26]/D
-1.914	u_input_buf/gen_word_write.mem_reg_1/CLKBWRCLK	u_conv_mac/g_lane[12].lane_acc_reg[26]/D
-1.913	u_input_buf/gen_word_write.mem_reg_1/CLKBWRCLK	u_conv_mac/g_lane[2].lane_acc_reg[23]/D
-1.913	u_input_buf/gen_word_write.mem_reg_1/CLKBWRCLK	u_conv_mac/g_lane[10].lane_out_reg[19]/D
-1.908	u_input_buf/gen_word_write.mem_reg_2/CLKBWRCLK	u_conv_mac/g_lane[13].lane_out_reg[19]/D
-1.907	u_input_buf/gen_word_write.mem_reg_1/CLKBWRCLK	u_conv_mac/g_lane[15].lane_acc_reg[13]/D
-1.907	u_input_buf/gen_word_write.mem_reg_1/CLKBWRCLK	u_conv_mac/g_lane[2].lane_out_reg[20]/D
-1.907	u_input_buf/gen_word_write.mem_reg_1/CLKBWRCLK	u_conv_mac/g_lane[8].lane_out_reg[24]/D
-1.904	u_input_buf/gen_word_write.mem_reg_1/CLKBWRCLK	u_conv_mac/g_lane[8].lane_out_reg[21]/D
-1.902	u_input_buf/gen_word_write.mem_reg_1/CLKBWRCLK	u_conv_mac/g_lane[15].lane_out_reg[18]/D
-1.901	u_input_buf/gen_word_write.mem_reg_1/CLKBWRCLK	u_conv_mac/g_lane[8].lane_acc_reg[26]/D
-1.899	u_fmap1_buf/gen_legacy.mem_reg_0_0/CLKBWRCLK	u_conv_mac/g_lane[14].lane_out_reg[12]/D
-1.898	u_input_buf/gen_word_write.mem_reg_1/CLKBWRCLK	u_conv_mac/g_lane[0].lane_out_reg[24]/D
-1.895	u_input_buf/gen_word_write.mem_reg_1/CLKBWRCLK	u_conv_mac/g_lane[0].lane_out_reg[21]/D
-1.894	u_input_buf/gen_word_write.mem_reg_2/CLKBWRCLK	u_conv_mac/g_lane[13].lane_out_reg[17]/D
-1.894	u_input_buf/gen_word_write.mem_reg_1/CLKBWRCLK	u_conv_mac/g_lane[5].lane_out_reg[22]/D
-1.894	u_input_buf/gen_word_write.mem_reg_1/CLKBWRCLK	u_conv_mac/g_lane[12].lane_acc_reg[24]/D
-1.892	u_input_buf/gen_word_write.mem_reg_2/CLKBWRCLK	u_conv_mac/g_lane[1].lane_out_reg[26]/D
-1.890	u_input_buf/gen_word_write.mem_reg_2/CLKBWRCLK	u_conv_mac/g_lane[7].lane_out_reg[13]/D
-1.889	u_input_buf/gen_word_write.mem_reg_1/CLKBWRCLK	u_conv_mac/g_lane[2].lane_out_reg[17]/D
-1.886	u_input_buf/gen_word_write.mem_reg_1/CLKBWRCLK	u_conv_mac/g_lane[15].lane_acc_reg[15]/D
-1.885	u_input_buf/gen_word_write.mem_reg_1/CLKBWRCLK	u_conv_mac/g_lane[8].lane_acc_reg[24]/D
-1.883	u_input_buf/gen_word_write.mem_reg_1/CLKBWRCLK	u_conv_mac/g_lane[8].lane_out_reg[23]/D
-1.882	u_input_buf/gen_word_write.mem_reg_1/CLKBWRCLK	u_conv_mac/g_lane[15].lane_out_reg[16]/D
-1.882	u_input_buf/gen_word_write.mem_reg_2/CLKBWRCLK	u_conv_mac/g_lane[1].lane_acc_reg[26]/D
-1.882	u_input_buf/gen_word_write.mem_reg_1/CLKBWRCLK	u_conv_mac/g_lane[8].lane_acc_reg[21]/D
-1.881	u_input_buf/gen_word_write.mem_reg_1/CLKBWRCLK	u_conv_mac/g_lane[12].lane_acc_reg[21]/D
-1.881	u_input_buf/gen_word_write.mem_reg_1/CLKBWRCLK	u_conv_mac/g_lane[10].lane_acc_reg[18]/D
-1.878	u_input_buf/gen_word_write.mem_reg_1/CLKBWRCLK	u_conv_mac/g_lane[5].lane_out_reg[20]/D
-1.877	u_input_buf/gen_word_write.mem_reg_2/CLKBWRCLK	u_conv_mac/g_lane[6].lane_acc_reg[13]/D
-1.876	u_input_buf/gen_word_write.mem_reg_2/CLKBWRCLK	u_conv_mac/g_lane[1].lane_out_reg[24]/D
-1.874	u_input_buf/gen_word_write.mem_reg_1/CLKBWRCLK	u_conv_mac/g_lane[0].lane_out_reg[23]/D
-1.873	u_input_buf/gen_word_write.mem_reg_2/CLKBWRCLK	u_conv_mac/g_lane[1].lane_out_reg[21]/D
-1.873	u_input_buf/gen_word_write.mem_reg_1/CLKBWRCLK	u_conv_mac/g_lane[12].lane_acc_reg[23]/D
-1.873	u_input_buf/gen_word_write.mem_reg_2/CLKBWRCLK	u_conv_mac/g_lane[7].lane_acc_reg[14]/D
-1.872	u_input_buf/gen_word_write.mem_reg_1/CLKBWRCLK	u_conv_mac/g_lane[12].lane_out_reg[26]/D
-1.868	u_input_buf/gen_word_write.mem_reg_1/CLKBWRCLK	u_conv_mac/g_lane[2].lane_out_reg[19]/D
-1.867	u_input_buf/gen_word_write.mem_reg_2/CLKBWRCLK	u_conv_mac/g_lane[6].lane_acc_reg[15]/D
-1.867	u_input_buf/gen_word_write.mem_reg_1/CLKBWRCLK	u_conv_mac/g_lane[11].lane_acc_reg[29]/D
-1.866	u_input_buf/gen_word_write.mem_reg_2/CLKBWRCLK	u_conv_mac/g_lane[1].lane_acc_reg[24]/D
-1.865	u_input_buf/gen_word_write.mem_reg_1/CLKBWRCLK	u_conv_mac/g_lane[10].lane_acc_reg[16]/D
-1.863	u_input_buf/gen_word_write.mem_reg_1/CLKBWRCLK	u_conv_mac/g_lane[13].lane_acc_reg[22]/D
-1.863	u_input_buf/gen_word_write.mem_reg_2/CLKBWRCLK	u_conv_mac/g_lane[1].lane_acc_reg[21]/D
-1.861	u_input_buf/gen_word_write.mem_reg_2/CLKBWRCLK	u_conv_mac/g_lane[7].lane_out_reg[14]/D
-1.861	u_input_buf/gen_word_write.mem_reg_1/CLKBWRCLK	u_conv_mac/g_lane[8].lane_acc_reg[23]/D
-1.859	u_input_buf/gen_word_write.mem_reg_2/CLKBWRCLK	u_conv_mac/g_lane[6].lane_out_reg[15]/D
-1.859	u_input_buf/gen_word_write.mem_reg_1/CLKBWRCLK	u_conv_mac/g_lane[0].lane_acc_reg[26]/D
-1.856	u_input_buf/gen_word_write.mem_reg_1/CLKBWRCLK	u_conv_mac/g_lane[12].lane_out_reg[24]/D
-1.853	u_input_buf/gen_word_write.mem_reg_1/CLKBWRCLK	u_conv_mac/g_lane[12].lane_out_reg[21]/D
-1.852	u_input_buf/gen_word_write.mem_reg_2/CLKBWRCLK	u_conv_mac/g_lane[1].lane_out_reg[23]/D
-1.849	u_input_buf/gen_word_write.mem_reg_2/CLKBWRCLK	u_conv_mac/g_lane[13].lane_out_reg[18]/D
-1.849	u_input_buf/gen_word_write.mem_reg_1/CLKBWRCLK	u_conv_mac/g_lane[11].lane_out_reg[29]/D
-1.847	u_input_buf/gen_word_write.mem_reg_1/CLKBWRCLK	u_conv_mac/g_lane[13].lane_acc_reg[20]/D
-1.846	u_input_buf/gen_word_write.mem_reg_1/CLKBWRCLK	u_conv_mac/g_lane[11].lane_acc_reg[31]/D
-1.845	u_input_buf/gen_word_write.mem_reg_2/CLKBWRCLK	u_conv_mac/g_lane[7].lane_acc_reg[13]/D
-1.844	u_input_buf/gen_word_write.mem_reg_1/CLKBWRCLK	u_conv_mac/g_lane[13].lane_acc_reg[17]/D
-1.843	u_input_buf/gen_word_write.mem_reg_3/CLKBWRCLK	u_conv_mac/g_lane[3].lane_out_reg[9]/D
-1.843	u_input_buf/gen_word_write.mem_reg_1/CLKBWRCLK	u_conv_mac/g_lane[0].lane_acc_reg[24]/D
-1.842	u_input_buf/gen_word_write.mem_reg_2/CLKBWRCLK	u_conv_mac/g_lane[1].lane_acc_reg[23]/D
-1.841	u_input_buf/gen_word_write.mem_reg_1/CLKBWRCLK	u_conv_mac/g_lane[11].lane_out_reg[31]/D
-1.840	u_input_buf/gen_word_write.mem_reg_1/CLKBWRCLK	u_conv_mac/g_lane[5].lane_acc_reg[26]/D
-1.840	u_input_buf/gen_word_write.mem_reg_1/CLKBWRCLK	u_conv_mac/g_lane[0].lane_acc_reg[21]/D
-1.839	u_input_buf/gen_word_write.mem_reg_1/CLKBWRCLK	u_conv_mac/g_lane[10].lane_acc_reg[13]/D
-1.839	u_input_buf/gen_word_write.mem_reg_1/CLKBWRCLK	u_conv_mac/g_lane[2].lane_acc_reg[22]/D
-1.839	u_input_buf/gen_word_write.mem_reg_1/CLKBWRCLK	u_conv_mac/g_lane[10].lane_out_reg[18]/D
-1.832	u_input_buf/gen_word_write.mem_reg_1/CLKBWRCLK	u_conv_mac/g_lane[15].lane_out_reg[13]/D
-1.832	u_input_buf/gen_word_write.mem_reg_1/CLKBWRCLK	u_conv_mac/g_lane[12].lane_out_reg[23]/D
-1.827	u_fmap1_buf/gen_legacy.mem_reg_0_0/CLKBWRCLK	u_conv_mac/g_lane[14].lane_acc_reg[13]/D
-1.825	u_input_buf/gen_word_write.mem_reg_1/CLKBWRCLK	u_conv_mac/g_lane[9].lane_out_reg[12]/D
-1.824	u_input_buf/gen_word_write.mem_reg_1/CLKBWRCLK	u_conv_mac/g_lane[15].lane_out_reg[15]/D
-1.823	u_input_buf/gen_word_write.mem_reg_1/CLKBWRCLK	u_conv_mac/g_lane[2].lane_acc_reg[20]/D
-1.823	u_input_buf/gen_word_write.mem_reg_1/CLKBWRCLK	u_conv_mac/g_lane[10].lane_out_reg[16]/D
-1.823	u_input_buf/gen_word_write.mem_reg_1/CLKBWRCLK	u_conv_mac/g_lane[13].lane_acc_reg[19]/D
-1.822	u_input_buf/gen_word_write.mem_reg_3/CLKBWRCLK	u_conv_mac/g_lane[3].lane_out_reg[11]/D
-1.820	u_input_buf/gen_word_write.mem_reg_1/CLKBWRCLK	u_conv_mac/g_lane[2].lane_acc_reg[17]/D
-1.820	u_input_buf/gen_word_write.mem_reg_1/CLKBWRCLK	u_conv_mac/g_lane[5].lane_acc_reg[24]/D
-1.819	u_fmap1_buf/gen_legacy.mem_reg_0_0/CLKBWRCLK	u_conv_mac/g_lane[14].lane_acc_reg[15]/D
-1.819	u_input_buf/gen_word_write.mem_reg_1/CLKBWRCLK	u_conv_mac/g_lane[0].lane_acc_reg[23]/D
-1.818	u_input_buf/gen_word_write.mem_reg_1/CLKBWRCLK	u_conv_mac/g_lane[10].lane_acc_reg[15]/D
-1.812	u_input_buf/gen_word_write.mem_reg_1/CLKBWRCLK	u_conv_mac/g_lane[15].lane_acc_reg[14]/D
-1.812	u_input_buf/gen_word_write.mem_reg_1/CLKBWRCLK	u_conv_mac/g_lane[10].lane_out_reg[13]/D
-1.809	u_input_buf/gen_word_write.mem_reg_1/CLKBWRCLK	u_conv_mac/g_lane[8].lane_out_reg[22]/D
-1.808	u_input_buf/gen_word_write.mem_reg_2/CLKBWRCLK	u_conv_mac/g_lane[6].lane_acc_reg[14]/D
-1.807	u_input_buf/gen_word_write.mem_reg_1/CLKBWRCLK	u_conv_mac/g_lane[5].lane_acc_reg[21]/D
-1.807	u_input_buf/gen_word_write.mem_reg_1/CLKBWRCLK	u_conv_mac/g_lane[4].lane_out_reg[11]/D
-1.800	u_input_buf/gen_word_write.mem_reg_1/CLKBWRCLK	u_conv_mac/g_lane[0].lane_out_reg[22]/D
-1.799	u_input_buf/gen_word_write.mem_reg_1/CLKBWRCLK	u_conv_mac/g_lane[2].lane_acc_reg[19]/D
-1.799	u_input_buf/gen_word_write.mem_reg_1/CLKBWRCLK	u_conv_mac/g_lane[5].lane_acc_reg[23]/D
-1.797	u_input_buf/gen_word_write.mem_reg_1/CLKBWRCLK	u_conv_mac/g_lane[12].lane_acc_reg[22]/D
-1.796	u_input_buf/gen_word_write.mem_reg_1/CLKBWRCLK	u_conv_mac/g_lane[15].lane_acc_reg[12]/D
-1.796	u_input_buf/gen_word_write.mem_reg_2/CLKBWRCLK	u_conv_mac/g_lane[6].lane_out_reg[13]/D
-1.795	u_input_buf/gen_word_write.mem_reg_2/CLKBWRCLK	u_conv_mac/g_lane[6].lane_out_reg[14]/D
-1.794	u_input_buf/gen_word_write.mem_reg_1/CLKBWRCLK	u_conv_mac/g_lane[2].lane_out_reg[18]/D
-1.793	u_input_buf/gen_word_write.mem_reg_1/CLKBWRCLK	u_conv_mac/g_lane[8].lane_out_reg[20]/D
-1.791	u_input_buf/gen_word_write.mem_reg_1/CLKBWRCLK	u_conv_mac/g_lane[10].lane_out_reg[15]/D
-1.790	u_input_buf/gen_word_write.mem_reg_1/CLKBWRCLK	u_conv_mac/g_lane[8].lane_out_reg[17]/D
-1.787	u_input_buf/gen_word_write.mem_reg_1/CLKBWRCLK	u_conv_mac/g_lane[8].lane_acc_reg[22]/D
-1.785	u_input_buf/gen_word_write.mem_reg_1/CLKBWRCLK	u_conv_mac/g_lane[9].lane_acc_reg[11]/D
-1.784	u_input_buf/gen_word_write.mem_reg_1/CLKBWRCLK	u_conv_mac/g_lane[0].lane_out_reg[20]/D
-1.783	u_input_buf/gen_word_write.mem_reg_2/CLKBWRCLK	u_conv_mac/g_lane[13].lane_out_reg[16]/D
-1.779	u_input_buf/gen_word_write.mem_reg_2/CLKBWRCLK	u_conv_mac/g_lane[7].lane_out_reg[12]/D
-1.778	u_input_buf/gen_word_write.mem_reg_2/CLKBWRCLK	u_conv_mac/g_lane[1].lane_out_reg[22]/D
-1.778	u_input_buf/gen_word_write.mem_reg_1/CLKBWRCLK	u_conv_mac/g_lane[2].lane_out_reg[16]/D
-1.777	u_input_buf/gen_word_write.mem_reg_1/CLKBWRCLK	u_conv_mac/g_lane[12].lane_acc_reg[20]/D
-1.772	u_input_buf/gen_word_write.mem_reg_1/CLKBWRCLK	u_conv_mac/g_lane[11].lane_acc_reg[30]/D
-1.771	u_input_buf/gen_word_write.mem_reg_1/CLKBWRCLK	u_conv_mac/g_lane[8].lane_acc_reg[20]/D
-1.769	u_input_buf/gen_word_write.mem_reg_1/CLKBWRCLK	u_conv_mac/g_lane[8].lane_out_reg[19]/D
-1.768	u_input_buf/gen_word_write.mem_reg_2/CLKBWRCLK	u_conv_mac/g_lane[1].lane_acc_reg[22]/D
-1.768	u_input_buf/gen_word_write.mem_reg_1/CLKBWRCLK	u_conv_mac/g_lane[8].lane_acc_reg[17]/D
-1.766	u_input_buf/gen_word_write.mem_reg_2/CLKBWRCLK	u_conv_mac/g_lane[6].lane_acc_reg[12]/D
-1.765	u_fmap1_buf/gen_legacy.mem_reg_0_0/CLKBWRCLK	u_conv_mac/g_lane[14].lane_out_reg[11]/D
-1.765	u_input_buf/gen_word_write.mem_reg_1/CLKBWRCLK	u_conv_mac/g_lane[11].lane_out_reg[30]/D
-1.764	u_input_buf/gen_word_write.mem_reg_1/CLKBWRCLK	u_conv_mac/g_lane[12].lane_acc_reg[17]/D
-1.762	u_input_buf/gen_word_write.mem_reg_2/CLKBWRCLK	u_conv_mac/g_lane[1].lane_out_reg[20]/D
-1.758	u_input_buf/gen_word_write.mem_reg_1/CLKBWRCLK	u_conv_mac/g_lane[12].lane_out_reg[22]/D
-1.756	u_input_buf/gen_word_write.mem_reg_1/CLKBWRCLK	u_conv_mac/g_lane[11].lane_acc_reg[28]/D
-1.756	u_input_buf/gen_word_write.mem_reg_1/CLKBWRCLK	u_conv_mac/g_lane[12].lane_acc_reg[19]/D
-1.753	u_input_buf/gen_word_write.mem_reg_1/CLKBWRCLK	u_conv_mac/g_lane[11].lane_acc_reg[25]/D
-1.752	u_input_buf/gen_word_write.mem_reg_2/CLKBWRCLK	u_conv_mac/g_lane[1].lane_acc_reg[20]/D
-1.749	u_input_buf/gen_word_write.mem_reg_1/CLKBWRCLK	u_conv_mac/g_lane[13].lane_acc_reg[18]/D
-1.749	u_input_buf/gen_word_write.mem_reg_2/CLKBWRCLK	u_conv_mac/g_lane[1].lane_acc_reg[17]/D
-1.748	u_input_buf/gen_word_write.mem_reg_1/CLKBWRCLK	u_conv_mac/g_lane[15].lane_out_reg[14]/D
-1.748	u_input_buf/gen_word_write.mem_reg_3/CLKBWRCLK	u_conv_mac/g_lane[3].lane_out_reg[10]/D
-1.747	u_input_buf/gen_word_write.mem_reg_1/CLKBWRCLK	u_conv_mac/g_lane[4].lane_out_reg[10]/D
-1.747	u_input_buf/gen_word_write.mem_reg_1/CLKBWRCLK	u_conv_mac/g_lane[8].lane_acc_reg[19]/D
-1.745	u_input_buf/gen_word_write.mem_reg_1/CLKBWRCLK	u_conv_mac/g_lane[11].lane_out_reg[28]/D
-1.745	u_input_buf/gen_word_write.mem_reg_1/CLKBWRCLK	u_conv_mac/g_lane[0].lane_acc_reg[22]/D
-1.744	u_input_buf/gen_word_write.mem_reg_1/CLKBWRCLK	u_conv_mac/g_lane[10].lane_acc_reg[14]/D
-1.743	u_fmap1_buf/gen_legacy.mem_reg_0_0/CLKBWRCLK	u_conv_mac/g_lane[14].lane_acc_reg[14]/D
-1.742	u_input_buf/gen_word_write.mem_reg_1/CLKBWRCLK	u_conv_mac/g_lane[12].lane_out_reg[20]/D
-1.737	u_input_buf/gen_word_write.mem_reg_1/CLKBWRCLK	u_conv_mac/g_lane[5].lane_out_reg[17]/D
-1.737	u_input_buf/gen_word_write.mem_reg_2/CLKBWRCLK	u_conv_mac/g_lane[1].lane_out_reg[17]/D
-1.736	u_fmap1_buf/gen_legacy.mem_reg_0_0/CLKBWRCLK	u_conv_mac/g_lane[14].lane_out_reg[9]/D
-1.734	u_input_buf/gen_word_write.mem_reg_2/CLKBWRCLK	u_conv_mac/g_lane[7].lane_acc_reg[12]/D
-1.733	u_input_buf/gen_word_write.mem_reg_1/CLKBWRCLK	u_conv_mac/g_lane[13].lane_acc_reg[16]/D
-1.732	u_input_buf/gen_word_write.mem_reg_1/CLKBWRCLK	u_conv_mac/g_lane[11].lane_out_reg[25]/D
-1.732	u_input_buf/gen_word_write.mem_reg_1/CLKBWRCLK	u_conv_mac/g_lane[11].lane_acc_reg[27]/D
-1.732	u_input_buf/gen_word_write.mem_reg_3/CLKBWRCLK	u_conv_mac/g_lane[3].lane_out_reg[8]/D
-1.730	u_input_buf/gen_word_write.mem_reg_1/CLKBWRCLK	u_conv_mac/g_lane[13].lane_acc_reg[13]/D
-1.729	u_input_buf/gen_word_write.mem_reg_1/CLKBWRCLK	u_conv_mac/g_lane[0].lane_acc_reg[20]/D
-1.728	u_input_buf/gen_word_write.mem_reg_1/CLKBWRCLK	u_conv_mac/g_lane[15].lane_out_reg[12]/D
-1.728	u_input_buf/gen_word_write.mem_reg_1/CLKBWRCLK	u_conv_mac/g_lane[10].lane_acc_reg[12]/D
-1.728	u_input_buf/gen_word_write.mem_reg_1/CLKBWRCLK	u_conv_mac/g_lane[5].lane_out_reg[19]/D
-1.728	u_input_buf/gen_word_write.mem_reg_2/CLKBWRCLK	u_conv_mac/g_lane[1].lane_acc_reg[19]/D
-1.727	u_input_buf/gen_word_write.mem_reg_1/CLKBWRCLK	u_conv_mac/g_lane[12].lane_out_reg[17]/D
-1.725	u_input_buf/gen_word_write.mem_reg_1/CLKBWRCLK	u_conv_mac/g_lane[2].lane_acc_reg[18]/D
-1.725	u_input_buf/gen_word_write.mem_reg_1/CLKBWRCLK	u_conv_mac/g_lane[9].lane_acc_reg[10]/D
-1.724	u_input_buf/gen_word_write.mem_reg_1/CLKBWRCLK	u_conv_mac/g_lane[11].lane_out_reg[27]/D
-1.723	u_fmap1_buf/gen_legacy.mem_reg_0_0/CLKBWRCLK	u_conv_mac/g_lane[14].lane_acc_reg[12]/D
-1.723	u_input_buf/gen_word_write.mem_reg_1/CLKBWRCLK	u_conv_mac/g_lane[5].lane_acc_reg[22]/D
-1.717	u_input_buf/gen_word_write.mem_reg_1/CLKBWRCLK	u_conv_mac/g_lane[10].lane_out_reg[14]/D
-1.716	u_input_buf/gen_word_write.mem_reg_2/CLKBWRCLK	u_conv_mac/g_lane[1].lane_out_reg[19]/D
-1.715	u_input_buf/gen_word_write.mem_reg_1/CLKBWRCLK	u_conv_mac/g_lane[15].lane_acc_reg[9]/D
-1.709	u_input_buf/gen_word_write.mem_reg_1/CLKBWRCLK	u_conv_mac/g_lane[2].lane_acc_reg[16]/D
-1.709	u_input_buf/gen_word_write.mem_reg_1/CLKBWRCLK	u_conv_mac/g_lane[13].lane_acc_reg[15]/D
-1.708	u_input_buf/gen_word_write.mem_reg_1/CLKBWRCLK	u_conv_mac/g_lane[15].lane_out_reg[9]/D
-1.706	u_input_buf/gen_word_write.mem_reg_1/CLKBWRCLK	u_conv_mac/g_lane[12].lane_out_reg[19]/D
-1.706	u_fmap1_buf/gen_legacy.mem_reg_0_0/CLKBWRCLK	u_conv_mac/g_lane[14].lane_out_reg[10]/D
-1.703	u_input_buf/gen_word_write.mem_reg_1/CLKBWRCLK	u_conv_mac/g_lane[5].lane_acc_reg[20]/D
-1.701	u_input_buf/gen_word_write.mem_reg_1/CLKBWRCLK	u_conv_mac/g_lane[10].lane_out_reg[12]/D
-1.700	u_input_buf/gen_word_write.mem_reg_1/CLKBWRCLK	u_conv_mac/g_lane[15].lane_out_reg[11]/D
-1.697	u_input_buf/gen_word_write.mem_reg_1/CLKBWRCLK	u_conv_mac/g_lane[0].lane_out_reg[17]/D
-1.695	u_input_buf/gen_word_write.mem_reg_1/CLKBWRCLK	u_conv_mac/g_lane[8].lane_out_reg[18]/D
-1.694	u_input_buf/gen_word_write.mem_reg_1/CLKBWRCLK	u_conv_mac/g_lane[15].lane_acc_reg[11]/D
-1.692	u_input_buf/gen_word_write.mem_reg_1/CLKBWRCLK	u_conv_mac/g_lane[4].lane_acc_reg[9]/D
-1.692	u_input_buf/gen_word_write.mem_reg_2/CLKBWRCLK	u_conv_mac/g_lane[6].lane_out_reg[12]/D
-1.689	u_fmap1_buf/gen_legacy.mem_reg_0_0/CLKBWRCLK	u_conv_mac/g_lane[14].lane_acc_reg[9]/D
-1.686	u_input_buf/gen_word_write.mem_reg_2/CLKBWRCLK	u_conv_mac/g_lane[13].lane_out_reg[13]/D
-1.686	u_input_buf/gen_word_write.mem_reg_1/CLKBWRCLK	u_conv_mac/g_lane[4].lane_out_reg[9]/D
-1.681	u_fmap1_buf/gen_legacy.mem_reg_0_0/CLKBWRCLK	u_conv_mac/g_lane[14].lane_acc_reg[11]/D
-1.680	u_input_buf/gen_word_write.mem_reg_1/CLKBWRCLK	u_conv_mac/g_lane[12].lane_acc_reg[18]/D
-1.679	u_input_buf/gen_word_write.mem_reg_1/CLKBWRCLK	u_conv_mac/g_lane[8].lane_out_reg[16]/D
-1.676	u_input_buf/gen_word_write.mem_reg_1/CLKBWRCLK	u_conv_mac/g_lane[0].lane_out_reg[19]/D
-1.673	u_input_buf/gen_word_write.mem_reg_1/CLKBWRCLK	u_conv_mac/g_lane[8].lane_acc_reg[18]/D
-1.671	u_input_buf/gen_word_write.mem_reg_1/CLKBWRCLK	u_conv_mac/g_lane[4].lane_acc_reg[11]/D
-1.669	u_input_buf/gen_word_write.mem_reg_1/CLKBWRCLK	u_conv_mac/g_lane[5].lane_out_reg[18]/D
-1.665	u_input_buf/gen_word_write.mem_reg_2/CLKBWRCLK	u_conv_mac/g_lane[13].lane_out_reg[15]/D
-1.661	u_input_buf/gen_word_write.mem_reg_1/CLKBWRCLK	u_conv_mac/g_lane[5].lane_acc_reg[17]/D
-1.660	u_input_buf/gen_word_write.mem_reg_1/CLKBWRCLK	u_conv_mac/g_lane[8].lane_out_reg[13]/D
-1.660	u_input_buf/gen_word_write.mem_reg_1/CLKBWRCLK	u_conv_mac/g_lane[12].lane_acc_reg[16]/D
-1.658	u_input_buf/gen_word_write.mem_reg_1/CLKBWRCLK	u_conv_mac/g_lane[11].lane_acc_reg[26]/D
-1.657	u_input_buf/gen_word_write.mem_reg_1/CLKBWRCLK	u_conv_mac/g_lane[8].lane_acc_reg[16]/D
-1.654	u_input_buf/gen_word_write.mem_reg_2/CLKBWRCLK	u_conv_mac/g_lane[1].lane_acc_reg[18]/D
-1.653	u_input_buf/gen_word_write.mem_reg_1/CLKBWRCLK	u_conv_mac/g_lane[5].lane_acc_reg[19]/D
-1.648	u_input_buf/gen_word_write.mem_reg_1/CLKBWRCLK	u_conv_mac/g_lane[11].lane_out_reg[26]/D
-1.644	u_input_buf/gen_word_write.mem_reg_1/CLKBWRCLK	u_conv_mac/g_lane[2].lane_out_reg[15]/D
-1.642	u_input_buf/gen_word_write.mem_reg_2/CLKBWRCLK	u_conv_mac/g_lane[1].lane_out_reg[18]/D
-1.642	u_input_buf/gen_word_write.mem_reg_1/CLKBWRCLK	u_conv_mac/g_lane[11].lane_acc_reg[24]/D
-1.639	u_input_buf/gen_word_write.mem_reg_1/CLKBWRCLK	u_conv_mac/g_lane[8].lane_out_reg[15]/D
-1.639	u_input_buf/gen_word_write.mem_reg_1/CLKBWRCLK	u_conv_mac/g_lane[11].lane_acc_reg[21]/D
-1.638	u_input_buf/gen_word_write.mem_reg_2/CLKBWRCLK	u_conv_mac/g_lane[1].lane_acc_reg[16]/D
-1.638	u_input_buf/gen_word_write.mem_reg_1/CLKBWRCLK	u_conv_mac/g_lane[8].lane_acc_reg[13]/D
-1.635	u_input_buf/gen_word_write.mem_reg_1/CLKBWRCLK	u_conv_mac/g_lane[13].lane_acc_reg[14]/D
-1.634	u_input_buf/gen_word_write.mem_reg_1/CLKBWRCLK	u_conv_mac/g_lane[0].lane_acc_reg[17]/D
-1.632	u_input_buf/gen_word_write.mem_reg_1/CLKBWRCLK	u_conv_mac/g_lane[12].lane_out_reg[18]/D
-1.631	u_input_buf/gen_word_write.mem_reg_1/CLKBWRCLK	u_conv_mac/g_lane[9].lane_out_reg[11]/D
-1.628	u_input_buf/gen_word_write.mem_reg_1/CLKBWRCLK	u_conv_mac/g_lane[11].lane_out_reg[24]/D
-1.626	u_input_buf/gen_word_write.mem_reg_1/CLKBWRCLK	u_conv_mac/g_lane[5].lane_out_reg[16]/D
-1.626	u_input_buf/gen_word_write.mem_reg_2/CLKBWRCLK	u_conv_mac/g_lane[1].lane_out_reg[16]/D
-1.625	u_fmap1_buf/gen_legacy.mem_reg_0_0/CLKBWRCLK	u_conv_mac/g_lane[14].lane_out_reg[8]/D
-1.624	u_input_buf/gen_word_write.mem_reg_1/CLKBWRCLK	u_conv_mac/g_lane[3].lane_acc_reg[11]/D
-1.624	u_input_buf/gen_word_write.mem_reg_1/CLKBWRCLK	u_conv_mac/g_lane[15].lane_out_reg[10]/D
-1.620	u_input_buf/gen_word_write.mem_reg_1/CLKBWRCLK	u_conv_mac/g_lane[15].lane_acc_reg[10]/D
-1.619	u_input_buf/gen_word_write.mem_reg_1/CLKBWRCLK	u_conv_mac/g_lane[13].lane_acc_reg[12]/D
-1.618	u_input_buf/gen_word_write.mem_reg_1/CLKBWRCLK	u_conv_mac/g_lane[11].lane_acc_reg[23]/D
-1.617	u_input_buf/gen_word_write.mem_reg_2/CLKBWRCLK	u_conv_mac/g_lane[6].lane_acc_reg[11]/D
-1.617	u_input_buf/gen_word_write.mem_reg_1/CLKBWRCLK	u_conv_mac/g_lane[8].lane_acc_reg[15]/D
-1.616	u_input_buf/gen_word_write.mem_reg_1/CLKBWRCLK	u_conv_mac/g_lane[12].lane_out_reg[16]/D
-1.615	u_input_buf/gen_word_write.mem_reg_1/CLKBWRCLK	u_conv_mac/g_lane[11].lane_out_reg[21]/D
-1.613	u_input_buf/gen_word_write.mem_reg_1/CLKBWRCLK	u_conv_mac/g_lane[0].lane_acc_reg[19]/D
-1.609	u_input_buf/gen_word_write.mem_reg_2/CLKBWRCLK	u_conv_mac/g_lane[6].lane_acc_reg[9]/D
-1.608	u_input_buf/gen_word_write.mem_reg_2/CLKBWRCLK	u_conv_mac/g_lane[1].lane_out_reg[13]/D
-1.607	u_input_buf/gen_word_write.mem_reg_1/CLKBWRCLK	u_conv_mac/g_lane[11].lane_out_reg[23]/D
-1.606	u_input_buf/gen_word_write.mem_reg_2/CLKBWRCLK	u_conv_mac/g_lane[1].lane_acc_reg[13]/D
-1.605	u_fmap1_buf/gen_legacy.mem_reg_0_0/CLKBWRCLK	u_conv_mac/g_lane[14].lane_acc_reg[10]/D
-1.604	u_input_buf/gen_word_write.mem_reg_1/CLKBWRCLK	u_conv_mac/g_lane[15].lane_out_reg[8]/D
-1.604	u_input_buf/gen_word_write.mem_reg_1/CLKBWRCLK	u_conv_mac/g_lane[15].lane_acc_reg[8]/D
-1.602	u_input_buf/gen_word_write.mem_reg_1/CLKBWRCLK	u_conv_mac/g_lane[0].lane_out_reg[18]/D
-1.598	u_input_buf/gen_word_write.mem_reg_1/CLKBWRCLK	u_conv_mac/g_lane[4].lane_acc_reg[10]/D
-1.591	u_input_buf/gen_word_write.mem_reg_2/CLKBWRCLK	u_conv_mac/g_lane[13].lane_out_reg[14]/D
-1.588	u_input_buf/gen_word_write.mem_reg_3/CLKBWRCLK	u_conv_mac/g_lane[3].lane_acc_reg[9]/D
-1.587	u_input_buf/gen_word_write.mem_reg_2/CLKBWRCLK	u_conv_mac/g_lane[1].lane_out_reg[15]/D
-1.586	u_input_buf/gen_word_write.mem_reg_1/CLKBWRCLK	u_conv_mac/g_lane[0].lane_out_reg[16]/D
-1.585	u_fmap1_buf/gen_legacy.mem_reg_0_0/CLKBWRCLK	u_conv_mac/g_lane[14].lane_acc_reg[8]/D
-1.585	u_input_buf/gen_word_write.mem_reg_2/CLKBWRCLK	u_conv_mac/g_lane[1].lane_acc_reg[15]/D
-1.585	u_input_buf/gen_word_write.mem_reg_1/CLKBWRCLK	u_conv_mac/g_lane[2].lane_out_reg[14]/D
-1.581	u_input_buf/gen_word_write.mem_reg_1/CLKBWRCLK	u_conv_mac/g_lane[4].lane_acc_reg[8]/D
-1.579	u_input_buf/gen_word_write.mem_reg_1/CLKBWRCLK	u_conv_mac/g_lane[10].lane_acc_reg[11]/D
-1.578	u_input_buf/gen_word_write.mem_reg_2/CLKBWRCLK	u_conv_mac/g_lane[7].lane_out_reg[11]/D
-1.577	u_input_buf/gen_word_write.mem_reg_1/CLKBWRCLK	u_conv_mac/g_lane[5].lane_acc_reg[18]/D
-1.575	u_input_buf/gen_word_write.mem_reg_2/CLKBWRCLK	u_conv_mac/g_lane[13].lane_out_reg[12]/D
-1.575	u_input_buf/gen_word_write.mem_reg_1/CLKBWRCLK	u_conv_mac/g_lane[4].lane_out_reg[8]/D
-1.571	u_input_buf/gen_word_write.mem_reg_1/CLKBWRCLK	u_conv_mac/g_lane[9].lane_out_reg[10]/D
-1.567	u_input_buf/gen_word_write.mem_reg_2/CLKBWRCLK	u_conv_mac/g_lane[7].lane_acc_reg[11]/D
-1.565	u_input_buf/gen_word_write.mem_reg_1/CLKBWRCLK	u_conv_mac/g_lane[2].lane_out_reg[13]/D
-1.565	u_input_buf/gen_word_write.mem_reg_1/CLKBWRCLK	u_conv_mac/g_lane[8].lane_out_reg[14]/D
-1.562	u_input_buf/gen_word_write.mem_reg_1/CLKBWRCLK	u_conv_mac/g_lane[10].lane_acc_reg[9]/D
-1.560	u_input_buf/gen_word_write.mem_reg_1/CLKBWRCLK	u_conv_mac/g_lane[2].lane_acc_reg[15]/D
-1.560	u_input_buf/gen_word_write.mem_reg_1/CLKBWRCLK	u_conv_mac/g_lane[10].lane_out_reg[9]/D
-1.560	u_input_buf/gen_word_write.mem_reg_3/CLKBWRCLK	u_conv_mac/g_lane[3].lane_acc_reg[10]/D
-1.558	u_input_buf/gen_word_write.mem_reg_2/CLKBWRCLK	u_conv_mac/g_lane[6].lane_acc_reg[10]/D
-1.557	u_input_buf/gen_word_write.mem_reg_1/CLKBWRCLK	u_conv_mac/g_lane[5].lane_acc_reg[16]/D
-1.549	u_input_buf/gen_word_write.mem_reg_1/CLKBWRCLK	u_conv_mac/g_lane[8].lane_out_reg[12]/D
-1.544	u_input_buf/gen_word_write.mem_reg_1/CLKBWRCLK	u_conv_mac/g_lane[10].lane_out_reg[11]/D
-1.544	u_input_buf/gen_word_write.mem_reg_1/CLKBWRCLK	u_conv_mac/g_lane[11].lane_acc_reg[22]/D
-1.543	u_input_buf/gen_word_write.mem_reg_1/CLKBWRCLK	u_conv_mac/g_lane[8].lane_acc_reg[14]/D
-1.539	u_input_buf/gen_word_write.mem_reg_1/CLKBWRCLK	u_conv_mac/g_lane[0].lane_acc_reg[18]/D
-1.533	u_input_buf/gen_word_write.mem_reg_2/CLKBWRCLK	u_conv_mac/g_lane[6].lane_out_reg[11]/D
-1.533	u_input_buf/gen_word_write.mem_reg_1/CLKBWRCLK	u_conv_mac/g_lane[12].lane_acc_reg[15]/D
-1.531	u_input_buf/gen_word_write.mem_reg_1/CLKBWRCLK	u_conv_mac/g_lane[11].lane_out_reg[22]/D
-1.530	u_input_buf/gen_word_write.mem_reg_1/CLKBWRCLK	u_conv_mac/g_lane[5].lane_out_reg[13]/D
-1.529	u_input_buf/gen_word_write.mem_reg_1/CLKBWRCLK	u_conv_mac/g_lane[9].lane_out_reg[9]/D
-1.528	u_input_buf/gen_word_write.mem_reg_1/CLKBWRCLK	u_conv_mac/g_lane[11].lane_acc_reg[20]/D
-1.527	u_input_buf/gen_word_write.mem_reg_1/CLKBWRCLK	u_conv_mac/g_lane[8].lane_acc_reg[12]/D
-1.523	u_input_buf/gen_word_write.mem_reg_1/CLKBWRCLK	u_conv_mac/g_lane[0].lane_acc_reg[16]/D
-1.522	u_input_buf/gen_word_write.mem_reg_1/CLKBWRCLK	u_conv_mac/g_lane[9].lane_acc_reg[9]/D
-1.520	u_input_buf/gen_word_write.mem_reg_1/CLKBWRCLK	u_conv_mac/g_lane[10].lane_acc_reg[10]/D
-1.518	u_input_buf/gen_word_write.mem_reg_2/CLKBWRCLK	u_conv_mac/g_lane[7].lane_out_reg[10]/D
-1.513	u_input_buf/gen_word_write.mem_reg_2/CLKBWRCLK	u_conv_mac/g_lane[1].lane_out_reg[14]/D
-1.511	u_input_buf/gen_word_write.mem_reg_1/CLKBWRCLK	u_conv_mac/g_lane[11].lane_out_reg[20]/D
-1.511	u_input_buf/gen_word_write.mem_reg_2/CLKBWRCLK	u_conv_mac/g_lane[1].lane_acc_reg[14]/D
-1.510	u_input_buf/gen_word_write.mem_reg_1/CLKBWRCLK	u_conv_mac/g_lane[12].lane_out_reg[13]/D
-1.509	u_input_buf/gen_word_write.mem_reg_1/CLKBWRCLK	u_conv_mac/g_lane[5].lane_out_reg[15]/D
-1.509	u_input_buf/gen_word_write.mem_reg_1/CLKBWRCLK	u_conv_mac/g_lane[13].lane_out_reg[9]/D
-1.508	u_input_buf/gen_word_write.mem_reg_1/CLKBWRCLK	u_conv_mac/g_lane[11].lane_acc_reg[17]/D
-1.507	u_input_buf/gen_word_write.mem_reg_2/CLKBWRCLK	u_conv_mac/g_lane[7].lane_acc_reg[10]/D
-1.503	u_input_buf/gen_word_write.mem_reg_2/CLKBWRCLK	u_conv_mac/g_lane[6].lane_out_reg[9]/D
-1.501	u_input_buf/gen_word_write.mem_reg_1/CLKBWRCLK	u_conv_mac/g_lane[2].lane_acc_reg[14]/D
-1.498	u_input_buf/gen_word_write.mem_reg_1/CLKBWRCLK	u_conv_mac/g_lane[11].lane_out_reg[17]/D
-1.498	u_input_buf/gen_word_write.mem_reg_2/CLKBWRCLK	u_conv_mac/g_lane[6].lane_acc_reg[8]/D
-1.497	u_input_buf/gen_word_write.mem_reg_2/CLKBWRCLK	u_conv_mac/g_lane[1].lane_out_reg[12]/D
-1.495	u_input_buf/gen_word_write.mem_reg_2/CLKBWRCLK	u_conv_mac/g_lane[1].lane_acc_reg[12]/D
-1.490	u_input_buf/gen_word_write.mem_reg_1/CLKBWRCLK	u_conv_mac/g_lane[11].lane_out_reg[19]/D
-1.489	u_input_buf/gen_word_write.mem_reg_1/CLKBWRCLK	u_conv_mac/g_lane[12].lane_out_reg[15]/D
-1.488	u_input_buf/gen_word_write.mem_reg_1/CLKBWRCLK	u_conv_mac/g_lane[13].lane_out_reg[11]/D
-1.487	u_input_buf/gen_word_write.mem_reg_1/CLKBWRCLK	u_conv_mac/g_lane[11].lane_acc_reg[19]/D
-1.484	u_input_buf/gen_word_write.mem_reg_3/CLKBWRCLK	u_conv_mac/g_lane[3].lane_acc_reg[8]/D
-1.484	u_input_buf/gen_word_write.mem_reg_1/CLKBWRCLK	u_conv_mac/g_lane[10].lane_out_reg[10]/D
-1.470	u_input_buf/gen_word_write.mem_reg_1/CLKBWRCLK	u_conv_mac/g_lane[13].lane_acc_reg[11]/D
-1.470	u_input_buf/gen_word_write.mem_reg_1/CLKBWRCLK	u_conv_mac/g_lane[12].lane_acc_reg[14]/D
-1.469	u_input_buf/gen_word_write.mem_reg_2/CLKBWRCLK	u_conv_mac/g_lane[6].lane_out_reg[10]/D
-1.466	u_input_buf/gen_word_write.mem_reg_1/CLKBWRCLK	u_conv_mac/g_lane[2].lane_acc_reg[13]/D
-1.464	u_input_buf/gen_word_write.mem_reg_1/CLKBWRCLK	u_conv_mac/g_lane[5].lane_acc_reg[13]/D
-1.461	u_input_buf/gen_word_write.mem_reg_2/CLKBWRCLK	u_conv_mac/g_lane[0].lane_acc_reg[13]/D
-1.456	u_input_buf/gen_word_write.mem_reg_1/CLKBWRCLK	u_conv_mac/g_lane[5].lane_acc_reg[15]/D
-1.454	u_input_buf/gen_word_write.mem_reg_1/CLKBWRCLK	u_conv_mac/g_lane[2].lane_out_reg[12]/D
-1.454	u_input_buf/gen_word_write.mem_reg_2/CLKBWRCLK	u_conv_mac/g_lane[0].lane_out_reg[13]/D
-1.451	u_input_buf/gen_word_write.mem_reg_1/CLKBWRCLK	u_conv_mac/g_lane[10].lane_acc_reg[8]/D
-1.449	u_input_buf/gen_word_write.mem_reg_1/CLKBWRCLK	u_conv_mac/g_lane[10].lane_out_reg[8]/D
-1.440	u_input_buf/gen_word_write.mem_reg_2/CLKBWRCLK	u_conv_mac/g_lane[0].lane_acc_reg[15]/D
-1.437	u_input_buf/gen_word_write.mem_reg_1/CLKBWRCLK	u_conv_mac/g_lane[0].lane_out_reg[15]/D
-1.435	u_input_buf/gen_word_write.mem_reg_1/CLKBWRCLK	u_conv_mac/g_lane[5].lane_out_reg[14]/D
-1.434	u_input_buf/gen_word_write.mem_reg_1/CLKBWRCLK	u_conv_mac/g_lane[12].lane_acc_reg[13]/D
-1.430	u_input_buf/gen_word_write.mem_reg_1/CLKBWRCLK	u_conv_mac/g_lane[13].lane_acc_reg[9]/D
-1.423	u_input_buf/gen_word_write.mem_reg_1/CLKBWRCLK	u_conv_mac/g_lane[12].lane_out_reg[14]/D
-1.419	u_input_buf/gen_word_write.mem_reg_1/CLKBWRCLK	u_conv_mac/g_lane[5].lane_out_reg[12]/D
-1.418	u_input_buf/gen_word_write.mem_reg_1/CLKBWRCLK	u_conv_mac/g_lane[9].lane_out_reg[8]/D
-1.414	u_input_buf/gen_word_write.mem_reg_1/CLKBWRCLK	u_conv_mac/g_lane[11].lane_out_reg[18]/D
-1.414	u_input_buf/gen_word_write.mem_reg_1/CLKBWRCLK	u_conv_mac/g_lane[13].lane_out_reg[10]/D
-1.413	u_input_buf/gen_word_write.mem_reg_1/CLKBWRCLK	u_conv_mac/g_lane[11].lane_acc_reg[18]/D
-1.411	u_input_buf/gen_word_write.mem_reg_1/CLKBWRCLK	u_conv_mac/g_lane[9].lane_acc_reg[8]/D
-1.411	u_input_buf/gen_word_write.mem_reg_1/CLKBWRCLK	u_conv_mac/g_lane[13].lane_acc_reg[10]/D
-1.400	u_input_buf/gen_word_write.mem_reg_1/CLKBWRCLK	u_conv_mac/g_lane[8].lane_out_reg[11]/D
-1.399	u_input_buf/gen_word_write.mem_reg_2/CLKBWRCLK	u_conv_mac/g_lane[6].lane_out_reg[8]/D
-1.399	u_input_buf/gen_word_write.mem_reg_1/CLKBWRCLK	u_conv_mac/g_lane[12].lane_out_reg[12]/D
-1.398	u_input_buf/gen_word_write.mem_reg_1/CLKBWRCLK	u_conv_mac/g_lane[13].lane_out_reg[8]/D
-1.397	u_input_buf/gen_word_write.mem_reg_1/CLKBWRCLK	u_conv_mac/g_lane[11].lane_acc_reg[16]/D
-1.395	u_input_buf/gen_word_write.mem_reg_1/CLKBWRCLK	u_conv_mac/g_lane[8].lane_out_reg[9]/D
-1.394	u_input_buf/gen_word_write.mem_reg_1/CLKBWRCLK	u_conv_mac/g_lane[11].lane_acc_reg[13]/D
-1.394	u_input_buf/gen_word_write.mem_reg_1/CLKBWRCLK	u_conv_mac/g_lane[11].lane_out_reg[16]/D
-1.383	u_input_buf/gen_word_write.mem_reg_1/CLKBWRCLK	u_conv_mac/g_lane[8].lane_acc_reg[9]/D
-1.381	u_input_buf/gen_word_write.mem_reg_2/CLKBWRCLK	u_conv_mac/g_lane[7].lane_out_reg[9]/D
-1.381	u_input_buf/gen_word_write.mem_reg_1/CLKBWRCLK	u_conv_mac/g_lane[11].lane_out_reg[13]/D
-1.380	u_input_buf/gen_word_write.mem_reg_1/CLKBWRCLK	u_conv_mac/g_lane[5].lane_acc_reg[14]/D
-1.378	u_input_buf/gen_word_write.mem_reg_1/CLKBWRCLK	u_conv_mac/g_lane[0].lane_out_reg[14]/D
-1.378	u_input_buf/gen_word_write.mem_reg_1/CLKBWRCLK	u_conv_mac/g_lane[8].lane_acc_reg[11]/D
-1.373	u_input_buf/gen_word_write.mem_reg_1/CLKBWRCLK	u_conv_mac/g_lane[11].lane_acc_reg[15]/D
-1.373	u_input_buf/gen_word_write.mem_reg_1/CLKBWRCLK	u_conv_mac/g_lane[11].lane_out_reg[15]/D
-1.366	u_input_buf/gen_word_write.mem_reg_2/CLKBWRCLK	u_conv_mac/g_lane[0].lane_acc_reg[14]/D
-1.364	u_input_buf/gen_word_write.mem_reg_2/CLKBWRCLK	u_conv_mac/g_lane[1].lane_out_reg[11]/D
-1.362	u_input_buf/gen_word_write.mem_reg_2/CLKBWRCLK	u_conv_mac/g_lane[1].lane_acc_reg[11]/D
-1.360	u_input_buf/gen_word_write.mem_reg_1/CLKBWRCLK	u_conv_mac/g_lane[5].lane_acc_reg[12]/D
-1.355	u_input_buf/gen_word_write.mem_reg_1/CLKBWRCLK	u_conv_mac/g_lane[2].lane_acc_reg[12]/D
-1.350	u_input_buf/gen_word_write.mem_reg_2/CLKBWRCLK	u_conv_mac/g_lane[0].lane_acc_reg[12]/D
-1.349	u_enc_gelu/rq_tag_r1_reg[1]/C	u_pool/acc_reg[19][15]/D
-1.343	u_input_buf/gen_word_write.mem_reg_2/CLKBWRCLK	u_conv_mac/g_lane[0].lane_out_reg[12]/D
-1.341	u_input_buf/gen_word_write.mem_reg_1/CLKBWRCLK	u_conv_mac/g_lane[8].lane_out_reg[10]/D
-1.336	u_input_buf/gen_word_write.mem_reg_2/CLKBWRCLK	u_conv_mac/g_lane[7].lane_acc_reg[9]/D
-1.330	u_input_buf/gen_word_write.mem_reg_1/CLKBWRCLK	u_conv_mac/g_lane[12].lane_acc_reg[12]/D
-1.320	u_input_buf/gen_word_write.mem_reg_2/CLKBWRCLK	u_conv_mac/g_lane[1].lane_out_reg[9]/D
-1.319	u_input_buf/gen_word_write.mem_reg_1/CLKBWRCLK	u_conv_mac/g_lane[13].lane_acc_reg[8]/D
-1.319	u_input_buf/gen_word_write.mem_reg_1/CLKBWRCLK	u_conv_mac/g_lane[8].lane_acc_reg[10]/D
-1.313	u_enc_gelu/rq_tag_r1_reg[1]/C	u_pool/acc_reg[18][13]/D
-1.305	u_enc_gelu/rq_tag_r1_reg[1]/C	u_pool/acc_reg[23][15]/D
-1.304	u_input_buf/gen_word_write.mem_reg_2/CLKBWRCLK	u_conv_mac/g_lane[1].lane_out_reg[10]/D
-1.302	u_input_buf/gen_word_write.mem_reg_2/CLKBWRCLK	u_conv_mac/g_lane[1].lane_acc_reg[10]/D
-1.299	u_input_buf/gen_word_write.mem_reg_1/CLKBWRCLK	u_conv_mac/g_lane[11].lane_acc_reg[14]/D
-1.297	u_input_buf/gen_word_write.mem_reg_1/CLKBWRCLK	u_conv_mac/g_lane[11].lane_out_reg[14]/D
-1.292	u_enc_gelu/rq_tag_r1_reg[1]/C	u_pool/acc_reg[18][15]/D
-1.290	u_input_buf/gen_word_write.mem_reg_2/CLKBWRCLK	u_conv_mac/g_lane[1].lane_acc_reg[9]/D
-1.284	u_input_buf/gen_word_write.mem_reg_1/CLKBWRCLK	u_conv_mac/g_lane[8].lane_out_reg[8]/D
-1.284	u_enc_gelu/rq_tag_r1_reg[1]/C	u_pool/acc_reg[19][14]/D
-1.283	u_input_buf/gen_word_write.mem_reg_1/CLKBWRCLK	u_conv_mac/g_lane[11].lane_acc_reg[12]/D
-1.277	u_input_buf/gen_word_write.mem_reg_1/CLKBWRCLK	u_conv_mac/g_lane[11].lane_out_reg[12]/D
-1.277	u_input_buf/gen_word_write.mem_reg_0/CLKBWRCLK	u_conv_mac/g_lane[2].lane_out_reg[11]/D
-1.272	u_input_buf/gen_word_write.mem_reg_1/CLKBWRCLK	u_conv_mac/g_lane[8].lane_acc_reg[8]/D
-1.270	u_input_buf/gen_word_write.mem_reg_2/CLKBWRCLK	u_conv_mac/g_lane[7].lane_out_reg[8]/D
-1.266	u_input_buf/gen_word_write.mem_reg_1/CLKBWRCLK	u_conv_mac/g_lane[12].lane_out_reg[11]/D
-1.265	u_input_buf/gen_word_write.mem_reg_1/CLKBWRCLK	u_conv_mac/g_lane[5].lane_out_reg[11]/D
-1.263	u_input_buf/gen_word_write.mem_reg_1/CLKBWRCLK	u_conv_mac/g_lane[11].lane_acc_reg[9]/D
-1.263	u_input_buf/gen_word_write.mem_reg_1/CLKBWRCLK	u_conv_mac/g_lane[15].lane_out_reg[7]/D
-1.245	u_enc_gelu/rq_tag_r1_reg[1]/C	u_pool/acc_reg[23][14]/D
-1.242	u_input_buf/gen_word_write.mem_reg_1/CLKBWRCLK	u_conv_mac/g_lane[11].lane_acc_reg[11]/D
-1.227	u_input_buf/gen_word_write.mem_reg_1/CLKBWRCLK	u_conv_mac/g_lane[15].lane_acc_reg[7]/D
-1.225	u_input_buf/gen_word_write.mem_reg_2/CLKBWRCLK	u_conv_mac/g_lane[7].lane_acc_reg[8]/D
-1.218	u_enc_gelu/rq_tag_r1_reg[1]/C	u_pool/acc_reg[18][14]/D
-1.218	u_input_buf/gen_word_write.mem_reg_0/CLKBWRCLK	u_conv_mac/g_lane[2].lane_out_reg[10]/D
-1.216	u_input_buf/gen_word_write.mem_reg_2/CLKBWRCLK	u_conv_mac/g_lane[0].lane_acc_reg[11]/D
-1.209	u_input_buf/gen_word_write.mem_reg_2/CLKBWRCLK	u_conv_mac/g_lane[1].lane_out_reg[8]/D
-1.206	u_input_buf/gen_word_write.mem_reg_1/CLKBWRCLK	u_conv_mac/g_lane[12].lane_out_reg[10]/D
-1.205	u_input_buf/gen_word_write.mem_reg_1/CLKBWRCLK	u_conv_mac/g_lane[5].lane_out_reg[10]/D
-1.202	u_enc_gelu/rq_tag_r1_reg[1]/C	u_pool/acc_reg[18][12]/D
-1.199	u_input_buf/gen_word_write.mem_reg_1/CLKBWRCLK	u_conv_mac/g_lane[4].lane_out_reg[7]/D
-1.184	u_input_buf/gen_word_write.mem_reg_2/CLKBWRCLK	u_conv_mac/g_lane[0].lane_out_reg[11]/D
-1.179	u_input_buf/gen_word_write.mem_reg_2/CLKBWRCLK	u_conv_mac/g_lane[1].lane_acc_reg[8]/D
-1.169	u_input_buf/gen_word_write.mem_reg_0/CLKBWRCLK	u_conv_mac/g_lane[5].lane_out_reg[9]/D
-1.168	u_input_buf/gen_word_write.mem_reg_1/CLKBWRCLK	u_conv_mac/g_lane[11].lane_acc_reg[10]/D
-1.162	u_fmap1_buf/gen_legacy.mem_reg_0_0/CLKBWRCLK	u_conv_mac/g_lane[14].lane_out_reg[7]/D
-1.157	u_input_buf/gen_word_write.mem_reg_2/CLKBWRCLK	u_conv_mac/g_lane[0].lane_acc_reg[10]/D
-1.156	u_enc_gelu/rq_tag_r1_reg[1]/C	u_pool/acc_reg[25][13]/D
-1.152	u_input_buf/gen_word_write.mem_reg_1/CLKBWRCLK	u_conv_mac/g_lane[11].lane_acc_reg[8]/D
-1.150	u_input_buf/gen_word_write.mem_reg_1/CLKBWRCLK	u_conv_mac/g_lane[11].lane_out_reg[11]/D
-1.144	u_input_buf/gen_word_write.mem_reg_3/CLKBWRCLK	u_conv_mac/g_lane[3].lane_acc_reg[7]/D
-1.143	u_input_buf/gen_word_write.mem_reg_0/CLKBWRCLK	u_conv_mac/g_lane[2].lane_acc_reg[11]/D
-1.141	u_enc_gelu/rq_tag_r1_reg[1]/C	u_pool/acc_reg[21][13]/D
-1.139	u_fmap1_buf/gen_legacy.mem_reg_0_0/CLKBWRCLK	u_conv_mac/g_lane[14].lane_acc_reg[7]/D
-1.136	u_input_buf/gen_word_write.mem_reg_1/CLKBWRCLK	u_conv_mac/g_lane[12].lane_acc_reg[11]/D
-1.135	u_enc_gelu/rq_tag_r1_reg[1]/C	u_pool/acc_reg[25][15]/D
-1.125	u_input_buf/gen_word_write.mem_reg_2/CLKBWRCLK	u_conv_mac/g_lane[0].lane_out_reg[10]/D
-1.122	u_input_buf/gen_word_write.mem_reg_2/CLKBWRCLK	u_conv_mac/g_lane[6].lane_acc_reg[7]/D
-1.120	u_enc_gelu/rq_tag_r1_reg[1]/C	u_pool/acc_reg[21][15]/D
-1.115	u_input_buf/gen_word_write.mem_reg_1/CLKBWRCLK	u_conv_mac/g_lane[4].lane_acc_reg[7]/D
-1.113	u_input_buf/gen_word_write.mem_reg_0/CLKBWRCLK	u_conv_mac/g_lane[5].lane_acc_reg[11]/D
-1.113	u_enc_gelu/rq_tag_r1_reg[1]/C	u_pool/acc_reg[29][13]/D
-1.107	u_input_buf/gen_word_write.mem_reg_2/CLKBWRCLK	u_conv_mac/g_lane[0].lane_acc_reg[9]/D
-1.103	u_input_buf/gen_word_write.mem_reg_0/CLKBWRCLK	u_conv_mac/g_lane[5].lane_acc_reg[9]/D
-1.097	u_enc_gelu/rq_tag_r1_reg[1]/C	u_pool/acc_reg[19][13]/D
-1.097	u_enc_gelu/rq_tag_r1_reg[1]/C	u_pool/acc_reg[20][13]/D
-1.094	u_input_buf/gen_word_write.mem_reg_3/CLKBWRCLK	u_conv_mac/g_lane[3].lane_out_reg[7]/D
-1.094	u_input_buf/gen_word_write.mem_reg_1/CLKBWRCLK	u_conv_mac/g_lane[11].lane_out_reg[9]/D
-1.092	u_input_buf/gen_word_write.mem_reg_2/CLKBWRCLK	u_conv_mac/g_lane[0].lane_out_reg[9]/D
-1.092	u_enc_gelu/rq_tag_r1_reg[1]/C	u_pool/acc_reg[29][15]/D
-1.088	u_enc_gelu/rq_tag_r1_reg[1]/C	u_pool/acc_reg[17][15]/D
-1.087	u_input_buf/gen_word_write.mem_reg_1/CLKBWRCLK	u_conv_mac/g_lane[11].lane_out_reg[10]/D
-1.083	u_input_buf/gen_word_write.mem_reg_0/CLKBWRCLK	u_conv_mac/g_lane[2].lane_acc_reg[10]/D
-1.076	u_enc_gelu/rq_tag_r1_reg[1]/C	u_pool/acc_reg[20][15]/D
-1.075	u_input_buf/gen_word_write.mem_reg_1/CLKBWRCLK	u_conv_mac/g_lane[10].lane_acc_reg[7]/D
-1.073	u_input_buf/gen_word_write.mem_reg_1/CLKBWRCLK	u_conv_mac/g_lane[10].lane_out_reg[7]/D
-1.073	u_input_buf/gen_word_write.mem_reg_1/CLKBWRCLK	u_conv_mac/g_lane[12].lane_acc_reg[10]/D
-1.061	u_enc_gelu/rq_tag_r1_reg[1]/C	u_pool/acc_reg[25][14]/D
-1.058	u_input_buf/gen_word_write.mem_reg_0/CLKBWRCLK	u_conv_mac/g_lane[5].lane_out_reg[8]/D
-1.050	u_input_buf/gen_word_write.mem_reg_0/CLKBWRCLK	u_conv_mac/g_lane[5].lane_acc_reg[10]/D
-1.047	u_enc_gelu/rq_tag_r1_reg[1]/C	u_pool/acc_reg[23][13]/D
-1.046	u_enc_gelu/rq_tag_r1_reg[1]/C	u_pool/acc_reg[21][14]/D
-1.045	u_enc_gelu/rq_tag_r1_reg[1]/C	u_pool/acc_reg[25][12]/D
-1.042	u_input_buf/gen_word_write.mem_reg_1/CLKBWRCLK	u_conv_mac/g_lane[9].lane_out_reg[7]/D
-1.042	u_enc_gelu/rq_tag_r1_reg[1]/C	u_pool/acc_reg[17][13]/D
-1.035	u_input_buf/gen_word_write.mem_reg_1/CLKBWRCLK	u_conv_mac/g_lane[9].lane_acc_reg[7]/D
-1.031	u_enc_gelu/rq_tag_r1_reg[1]/C	u_pool/acc_reg[10][13]/D
-1.030	u_enc_gelu/rq_tag_r1_reg[1]/C	u_pool/acc_reg[21][12]/D
-1.029	u_enc_gelu/rq_tag_r1_reg[1]/C	u_pool/acc_reg[17][14]/D
-1.022	u_input_buf/gen_word_write.mem_reg_1/CLKBWRCLK	u_conv_mac/g_lane[13].lane_out_reg[7]/D
-1.018	u_enc_gelu/rq_tag_r1_reg[1]/C	u_pool/acc_reg[29][14]/D
-1.016	u_enc_gelu/rq_tag_r1_reg[1]/C	u_pool/acc_reg[31][15]/D
-1.010	u_enc_gelu/rq_tag_r1_reg[1]/C	u_pool/acc_reg[10][15]/D
-1.009	u_input_buf/gen_word_write.mem_reg_3/CLKBWRCLK	u_conv_mac/g_lane[2].lane_out_reg[9]/D
-1.002	u_enc_gelu/rq_tag_r1_reg[1]/C	u_pool/acc_reg[29][12]/D
-1.002	u_enc_gelu/rq_tag_r1_reg[1]/C	u_pool/acc_reg[24][15]/D
-1.002	u_enc_gelu/rq_tag_r1_reg[1]/C	u_pool/acc_reg[20][14]/D
-0.999	u_input_buf/gen_word_write.mem_reg_0/CLKBWRCLK	u_conv_mac/g_lane[5].lane_acc_reg[8]/D
-0.997	u_enc_gelu/rq_tag_r1_reg[1]/C	u_pool/acc_reg[24][13]/D
-0.996	u_input_buf/gen_word_write.mem_reg_2/CLKBWRCLK	u_conv_mac/g_lane[0].lane_acc_reg[8]/D
-0.993	u_enc_gelu/rq_tag_r1_reg[1]/C	u_pool/acc_reg[19][12]/D
-0.993	u_enc_gelu/rq_tag_r1_reg[3]/C	u_pool/acc_reg[63][15]/D
-0.991	u_enc_gelu/rq_tag_r1_reg[1]/C	u_pool/acc_reg[31][13]/D
-0.990	u_input_buf/gen_word_write.mem_reg_1/CLKBWRCLK	u_conv_mac/g_lane[11].lane_out_reg[8]/D
-0.986	u_enc_gelu/rq_tag_r1_reg[1]/C	u_pool/acc_reg[20][12]/D
-0.981	u_enc_gelu/rq_tag_r1_reg[1]/C	u_pool/acc_reg[26][15]/D
-0.981	u_input_buf/gen_word_write.mem_reg_2/CLKBWRCLK	u_conv_mac/g_lane[0].lane_out_reg[8]/D
-0.980	u_enc_gelu/rq_tag_r1_reg[1]/C	u_pool/acc_reg[30][13]/D
-0.965	u_enc_gelu/rq_tag_r1_reg[3]/C	u_pool/acc_reg[59][15]/D
-0.959	u_enc_gelu/rq_tag_r1_reg[1]/C	u_pool/acc_reg[30][15]/D
-0.958	u_enc_gelu/rq_tag_r1_reg[1]/C	u_pool/acc_reg[28][13]/D
-0.956	u_enc_gelu/rq_tag_r1_reg[1]/C	u_pool/acc_reg[31][14]/D
-0.955	u_input_buf/gen_word_write.mem_reg_2/CLKBWRCLK	u_conv_mac/g_lane[6].lane_out_reg[7]/D
-0.954	u_input_buf/gen_word_write.mem_reg_2/CLKBWRCLK	u_conv_mac/g_lane[7].lane_acc_reg[7]/D
-0.948	u_enc_gelu/rq_tag_r1_reg[1]/C	u_pool/acc_reg[16][15]/D
-0.948	u_enc_gelu/rq_tag_r1_reg[3]/C	u_pool/acc_reg[10][14]/D
-0.943	u_input_buf/gen_word_write.mem_reg_1/CLKBWRCLK	u_conv_mac/g_lane[13].lane_acc_reg[7]/D
-0.942	u_enc_gelu/rq_tag_r1_reg[1]/C	u_pool/acc_reg[24][14]/D
-0.940	u_input_buf/gen_word_write.mem_reg_1/CLKBWRCLK	u_conv_mac/g_lane[12].lane_out_reg[9]/D
-0.937	u_enc_gelu/rq_tag_r1_reg[1]/C	u_pool/acc_reg[28][15]/D
-0.936	u_enc_gelu/rq_tag_r1_reg[1]/C	u_pool/acc_reg[23][12]/D
-0.935	u_input_buf/gen_word_write.mem_reg_3/CLKBWRCLK	u_conv_mac/g_lane[3].lane_acc_reg[6]/D
-0.933	u_enc_gelu/rq_tag_r1_reg[3]/C	u_pool/acc_reg[63][14]/D
-0.931	u_enc_gelu/rq_tag_r1_reg[1]/C	u_pool/acc_reg[17][12]/D
-0.921	u_enc_gelu/rq_tag_r1_reg[1]/C	u_pool/acc_reg[26][14]/D
-0.920	u_enc_gelu/rq_tag_r1_reg[1]/C	u_pool/acc_reg[10][12]/D
-0.919	u_enc_gelu/rq_tag_r1_reg[3]/C	u_pool/acc_reg[61][15]/D
-0.916	u_input_buf/gen_word_write.mem_reg_3/CLKBWRCLK	u_conv_mac/g_lane[2].lane_acc_reg[9]/D
-0.911	u_enc_gelu/rq_tag_r1_reg[3]/C	u_pool/acc_reg[49][15]/D
-0.908	u_input_buf/gen_word_write.mem_reg_1/CLKBWRCLK	u_conv_mac/g_lane[8].lane_out_reg[7]/D
-0.907	u_enc_gelu/rq_tag_r1_reg[1]/C	u_pool/acc_reg[42][15]/D
-0.905	u_enc_gelu/rq_tag_r1_reg[3]/C	u_pool/acc_reg[59][14]/D
-0.900	u_input_buf/gen_word_write.mem_reg_1/CLKBWRCLK	u_conv_mac/g_lane[15].lane_out_reg[6]/D
-0.898	u_input_buf/gen_word_write.mem_reg_3/CLKBWRCLK	u_conv_mac/g_lane[2].lane_out_reg[8]/D
-0.896	u_input_buf/gen_word_write.mem_reg_1/CLKBWRCLK	u_conv_mac/g_lane[8].lane_acc_reg[7]/D
-0.894	u_enc_gelu/rq_tag_r1_reg[3]/C	u_pool/acc_reg[25][9]/D
-0.894	u_enc_gelu/rq_tag_r1_reg[1]/C	u_pool/acc_reg[7][15]/D
-0.891	u_fmap1_buf/gen_legacy.mem_reg_0_0/CLKBWRCLK	u_conv_mac/g_lane[14].lane_out_reg[6]/D
-0.889	u_enc_gelu/rq_tag_r1_reg[1]/C	u_pool/acc_reg[16][14]/D
-0.887	u_enc_gelu/rq_tag_r1_reg[1]/C	u_pool/acc_reg[15][15]/D
-0.887	u_enc_gelu/rq_tag_r1_reg[3]/C	u_pool/acc_reg[48][15]/D
-0.886	u_enc_gelu/rq_tag_r1_reg[1]/C	u_pool/acc_reg[24][12]/D
-0.885	u_enc_gelu/rq_tag_r1_reg[1]/C	u_pool/acc_reg[30][14]/D
-0.880	u_enc_gelu/rq_tag_r1_reg[1]/C	u_pool/acc_reg[31][12]/D
-0.879	u_enc_gelu/rq_tag_r1_reg[1]/C	u_pool/acc_reg[3][13]/D
-0.877	u_enc_gelu/rq_tag_r1_reg[1]/C	u_pool/acc_reg[42][13]/D
-0.873	u_enc_gelu/rq_tag_r1_reg[3]/C	u_pool/acc_reg[25][11]/D
-0.869	u_enc_gelu/rq_tag_r1_reg[1]/C	u_pool/acc_reg[30][12]/D
-0.867	u_enc_gelu/rq_tag_r1_reg[3]/C	u_pool/acc_reg[57][15]/D
-0.866	u_enc_gelu/rq_tag_r1_reg[1]/C	u_pool/acc_reg[26][13]/D
-0.865	u_input_buf/gen_word_write.mem_reg_1/CLKBWRCLK	u_conv_mac/g_lane[12].lane_acc_reg[9]/D
-0.863	u_enc_gelu/rq_tag_r1_reg[1]/C	u_pool/acc_reg[27][15]/D
-0.863	u_enc_gelu/rq_tag_r1_reg[1]/C	u_pool/acc_reg[28][14]/D
-0.861	u_input_buf/gen_word_write.mem_reg_1/CLKBWRCLK	u_conv_mac/g_lane[10].lane_out_reg[6]/D
-0.859	u_enc_gelu/rq_tag_r1_reg[3]/C	u_pool/acc_reg[61][14]/D
-0.858	u_enc_gelu/rq_tag_r1_reg[1]/C	u_pool/acc_reg[3][15]/D
-0.855	u_enc_gelu/rq_tag_r1_reg[1]/C	u_pool/acc_reg[13][13]/D
-0.854	u_enc_gelu/rq_tag_r1_reg[3]/C	u_pool/acc_reg[60][15]/D
-0.854	u_enc_gelu/rq_tag_r1_reg[3]/C	u_pool/acc_reg[51][15]/D
-0.851	u_enc_gelu/rq_tag_r1_reg[3]/C	u_pool/acc_reg[49][14]/D
-0.847	u_enc_gelu/rq_tag_r1_reg[1]/C	u_pool/acc_reg[28][12]/D
-0.847	u_enc_gelu/rq_tag_r1_reg[1]/C	u_pool/acc_reg[42][14]/D
-0.843	u_input_buf/gen_word_write.mem_reg_1/CLKBWRCLK	u_conv_mac/g_lane[10].lane_acc_reg[6]/D
-0.842	u_input_buf/gen_word_write.mem_reg_2/CLKBWRCLK	u_conv_mac/g_lane[7].lane_out_reg[7]/D
-0.841	u_enc_gelu/rq_tag_r1_reg[1]/C	u_pool/acc_reg[16][13]/D
-0.834	u_enc_gelu/rq_tag_r1_reg[1]/C	u_pool/acc_reg[13][15]/D
-0.834	u_enc_gelu/rq_tag_r1_reg[1]/C	u_pool/acc_reg[7][14]/D
-0.833	u_input_buf/gen_word_write.mem_reg_2/CLKBWRCLK	u_conv_mac/g_lane[1].lane_out_reg[7]/D
-0.833	u_enc_gelu/rq_tag_r1_reg[3]/C	u_pool/acc_reg[58][15]/D
-0.829	u_input_buf/gen_word_write.mem_reg_1/CLKBWRCLK	u_conv_mac/g_lane[12].lane_out_reg[8]/D
-0.827	u_enc_gelu/rq_tag_r1_reg[1]/C	u_pool/acc_reg[15][14]/D
-0.827	u_enc_gelu/rq_tag_r1_reg[1]/C	u_pool/acc_reg[27][13]/D
-0.827	u_enc_gelu/rq_tag_r1_reg[3]/C	u_pool/acc_reg[48][14]/D
-0.826	u_enc_gelu/rq_tag_r1_reg[1]/C	u_pool/acc_reg[18][11]/D
-0.824	u_enc_gelu/rq_tag_r1_reg[3]/C	u_pool/acc_reg[62][15]/D
-0.820	u_input_buf/gen_word_write.mem_reg_1/CLKBWRCLK	u_conv_mac/g_lane[9].lane_out_reg[6]/D
-0.816	u_enc_gelu/rq_tag_r1_reg[1]/C	u_pool/acc_reg[15][13]/D
-0.815	u_enc_gelu/rq_tag_r1_reg[3]/C	u_pool/acc_reg[61][13]/D
-0.808	u_enc_gelu/rq_tag_r1_reg[1]/C	u_pool/acc_reg[6][15]/D
-0.805	u_input_buf/gen_word_write.mem_reg_3/CLKBWRCLK	u_conv_mac/g_lane[2].lane_acc_reg[8]/D
-0.805	u_enc_gelu/rq_tag_r1_reg[3]/C	u_pool/acc_reg[58][13]/D
-0.804	u_enc_gelu/rq_tag_r1_reg[3]/C	u_pool/acc_reg[55][15]/D
-0.804	u_enc_gelu/rq_tag_r1_reg[1]/C	u_pool/acc_reg[7][13]/D
-0.803	u_enc_gelu/rq_tag_r1_reg[1]/C	u_pool/acc_reg[27][14]/D
-0.803	u_enc_gelu/rq_tag_r1_reg[1]/C	u_pool/acc_reg[23][11]/D
-0.803	u_input_buf/gen_word_write.mem_reg_2/CLKBWRCLK	u_conv_mac/g_lane[1].lane_acc_reg[7]/D
-0.802	u_enc_gelu/rq_tag_r1_reg[3]/C	u_pool/acc_reg[57][14]/D
-0.799	u_enc_gelu/rq_tag_r1_reg[3]/C	u_pool/acc_reg[25][10]/D
-0.799	u_enc_gelu/rq_tag_r1_reg[3]/C	u_pool/acc_reg[19][9]/D
-0.795	u_enc_gelu/rq_tag_r1_reg[1]/C	u_pool/acc_reg[14][15]/D
-0.795	u_enc_gelu/rq_tag_r1_reg[1]/C	u_pool/acc_reg[19][11]/D
-0.794	u_enc_gelu/rq_tag_r1_reg[3]/C	u_pool/acc_reg[60][14]/D
-0.794	u_enc_gelu/rq_tag_r1_reg[3]/C	u_pool/acc_reg[51][14]/D
-0.791	u_enc_gelu/rq_tag_r1_reg[3]/C	u_pool/acc_reg[31][9]/D
-0.787	u_input_buf/gen_word_write.mem_reg_2/CLKBWRCLK	u_conv_mac/g_lane[7].lane_acc_reg[6]/D
-0.786	u_enc_gelu/rq_tag_r1_reg[3]/C	u_pool/acc_reg[23][9]/D
-0.785	u_enc_gelu/rq_tag_r1_reg[1]/C	u_pool/acc_reg[18][9]/D
-0.785	u_enc_gelu/rq_tag_r1_reg[1]/C	u_pool/acc_reg[1][15]/D
-0.785	u_enc_gelu/rq_tag_r1_reg[3]/C	u_pool/acc_reg[17][9]/D
-0.784	u_enc_gelu/rq_tag_r1_reg[1]/C	u_pool/acc_reg[3][14]/D
-0.784	u_enc_gelu/rq_tag_r1_reg[1]/C	u_pool/acc_reg[22][13]/D
-0.783	u_enc_gelu/rq_tag_r1_reg[3]/C	u_pool/acc_reg[25][8]/D
-0.779	u_enc_gelu/rq_tag_r1_reg[3]/C	u_pool/acc_reg[52][15]/D
-0.778	u_enc_gelu/rq_tag_r1_reg[1]/C	u_pool/acc_reg[39][15]/D
-0.778	u_enc_gelu/rq_tag_r1_reg[1]/C	u_pool/acc_reg[6][13]/D
-0.777	u_input_buf/gen_word_write.mem_reg_1/CLKBWRCLK	u_conv_mac/g_lane[4].lane_out_reg[6]/D
-0.775	u_enc_gelu/rq_tag_r1_reg[3]/C	u_pool/acc_reg[55][13]/D
-0.773	u_enc_gelu/rq_tag_r1_reg[3]/C	u_pool/acc_reg[58][14]/D
-0.773	u_enc_gelu/rq_tag_r1_reg[3]/C	u_pool/acc_reg[63][13]/D
-0.770	u_enc_gelu/rq_tag_r1_reg[3]/C	u_pool/acc_reg[31][11]/D
-0.769	u_enc_gelu/rq_tag_r1_reg[3]/C	u_pool/acc_reg[33][15]/D
-0.768	u_enc_gelu/rq_tag_r1_reg[1]/C	u_pool/acc_reg[3][12]/D
-0.766	u_enc_gelu/rq_tag_r1_reg[1]/C	u_pool/acc_reg[42][12]/D
-0.766	u_enc_gelu/rq_tag_r1_reg[1]/C	u_pool/acc_reg[11][15]/D
-0.766	u_enc_gelu/rq_tag_r1_reg[1]/C	u_pool/acc_reg[4][13]/D
-0.765	u_enc_gelu/rq_tag_r1_reg[3]/C	u_pool/acc_reg[53][15]/D
-0.764	u_enc_gelu/rq_tag_r1_reg[1]/C	u_pool/acc_reg[18][10]/D
-0.764	u_enc_gelu/rq_tag_r1_reg[3]/C	u_pool/acc_reg[48][13]/D
-0.764	u_enc_gelu/rq_tag_r1_reg[3]/C	u_pool/acc_reg[17][11]/D
-0.763	u_enc_gelu/rq_tag_r1_reg[1]/C	u_pool/acc_reg[22][15]/D
-0.761	u_input_buf/gen_word_write.mem_reg_1/CLKBWRCLK	u_conv_mac/g_lane[12].lane_acc_reg[8]/D
-0.760	u_enc_gelu/rq_tag_r1_reg[1]/C	u_pool/acc_reg[13][14]/D
-0.760	u_enc_gelu/rq_tag_r1_reg[3]/C	u_pool/acc_reg[56][15]/D
-0.759	u_enc_gelu/rq_tag_r1_reg[3]/C	u_pool/acc_reg[62][14]/D
-0.755	u_enc_gelu/rq_tag_r1_reg[1]/C	u_pool/acc_reg[4][15]/D
-0.755	u_enc_gelu/rq_tag_r1_reg[1]/C	u_pool/acc_reg[26][12]/D
-0.753	u_enc_gelu/rq_tag_r1_reg[3]/C	u_pool/acc_reg[49][13]/D
-0.753	u_enc_gelu/rq_tag_r1_reg[3]/C	u_pool/acc_reg[59][13]/D
-0.748	u_enc_gelu/rq_tag_r1_reg[1]/C	u_pool/acc_reg[6][14]/D
-0.748	u_input_buf/gen_word_write.mem_reg_1/CLKBWRCLK	u_conv_mac/g_lane[4].lane_acc_reg[6]/D
-0.745	u_enc_gelu/rq_tag_r1_reg[3]/C	u_pool/acc_reg[55][14]/D
-0.745	u_enc_gelu/rq_tag_r1_reg[3]/C	u_pool/acc_reg[29][9]/D
-0.744	u_enc_gelu/rq_tag_r1_reg[1]/C	u_pool/acc_reg[13][12]/D
-0.743	u_enc_gelu/rq_tag_r1_reg[1]/C	u_pool/acc_reg[23][10]/D
-0.735	u_enc_gelu/rq_tag_r1_reg[3]/C	u_pool/acc_reg[60][13]/D
-0.735	u_enc_gelu/rq_tag_r1_reg[1]/C	u_pool/acc_reg[14][14]/D
-0.733	u_input_buf/gen_word_write.mem_reg_1/CLKBWRCLK	u_conv_mac/g_lane[9].lane_acc_reg[6]/D
-0.731	u_enc_gelu/rq_tag_r1_reg[1]/C	u_pool/acc_reg[19][10]/D
-0.730	u_enc_gelu/rq_tag_r1_reg[1]/C	u_pool/acc_reg[16][12]/D
-0.724	u_enc_gelu/rq_tag_r1_reg[3]/C	u_pool/acc_reg[29][11]/D
-0.720	u_pool/p_r3_reg[8]/C	u_pool/q_r4_reg[5]/D
-0.720	u_enc_gelu/rq_tag_r1_reg[1]/C	u_pool/acc_reg[1][14]/D
-0.720	u_enc_gelu/rq_tag_r1_reg[3]/C	u_pool/acc_reg[52][14]/D
-0.718	u_enc_gelu/rq_tag_r1_reg[1]/C	u_pool/acc_reg[39][14]/D
-0.716	u_enc_gelu/rq_tag_r1_reg[1]/C	u_pool/acc_reg[27][12]/D
-0.709	u_enc_gelu/rq_tag_r1_reg[3]/C	u_pool/acc_reg[33][14]/D
-0.706	u_enc_gelu/rq_tag_r1_reg[1]/C	u_pool/acc_reg[11][14]/D
-0.705	u_enc_gelu/rq_tag_r1_reg[1]/C	u_pool/acc_reg[15][12]/D
-0.705	u_enc_gelu/rq_tag_r1_reg[1]/C	u_pool/acc_reg[9][15]/D
-0.704	u_enc_gelu/rq_tag_r1_reg[3]/C	u_pool/acc_reg[61][12]/D
-0.704	u_enc_gelu/rq_tag_r1_reg[3]/C	u_pool/acc_reg[24][9]/D
-0.700	u_enc_gelu/rq_tag_r1_reg[3]/C	u_pool/acc_reg[53][14]/D
-0.700	u_enc_gelu/rq_tag_r1_reg[3]/C	u_pool/acc_reg[56][14]/D
-0.698	u_enc_gelu/rq_tag_r1_reg[3]/C	u_pool/acc_reg[32][13]/D
-0.697	u_enc_gelu/rq_tag_r1_reg[3]/C	u_pool/acc_reg[32][15]/D
-0.696	u_enc_gelu/rq_tag_r1_reg[3]/C	u_pool/acc_reg[31][10]/D
-0.695	u_enc_gelu/rq_tag_r1_reg[1]/C	u_pool/acc_reg[4][14]/D
-0.695	u_enc_gelu/rq_tag_r1_reg[3]/C	u_pool/acc_reg[19][8]/D
-0.694	u_enc_gelu/rq_tag_r1_reg[3]/C	u_pool/acc_reg[51][13]/D
-0.694	u_enc_gelu/rq_tag_r1_reg[3]/C	u_pool/acc_reg[58][12]/D
-0.693	u_input_buf/gen_word_write.mem_reg_1/CLKBWRCLK	u_conv_mac/g_lane[8].lane_out_reg[6]/D
-0.693	u_enc_gelu/rq_tag_r1_reg[1]/C	u_pool/acc_reg[7][12]/D
-0.690	u_enc_gelu/rq_tag_r1_reg[3]/C	u_pool/acc_reg[17][10]/D
-0.689	u_enc_gelu/rq_tag_r1_reg[3]/C	u_pool/acc_reg[40][15]/D
-0.689	u_enc_gelu/rq_tag_r1_reg[1]/C	u_pool/acc_reg[22][14]/D
-0.688	u_input_buf/gen_word_write.mem_reg_1/CLKBWRCLK	u_conv_mac/g_lane[11].lane_acc_reg[7]/D
-0.683	u_enc_gelu/rq_tag_r1_reg[3]/C	u_pool/acc_reg[24][11]/D
-0.682	u_input_buf/gen_word_write.mem_reg_0/CLKBWRCLK	u_conv_mac/g_lane[5].lane_out_reg[7]/D
-0.680	u_enc_gelu/rq_tag_r1_reg[3]/C	u_pool/acc_reg[31][8]/D
-0.678	u_input_buf/gen_word_write.mem_reg_3/CLKBWRCLK	u_conv_mac/g_lane[3].lane_out_reg[6]/D
-0.675	u_enc_gelu/rq_tag_r1_reg[3]/C	u_pool/acc_reg[23][8]/D
-0.674	u_enc_gelu/rq_tag_r1_reg[1]/C	u_pool/acc_reg[18][8]/D
-0.674	u_enc_gelu/rq_tag_r1_reg[3]/C	u_pool/acc_reg[17][8]/D
-0.673	u_enc_gelu/rq_tag_r1_reg[1]/C	u_pool/acc_reg[22][12]/D
-0.671	u_input_buf/gen_word_write.mem_reg_1/CLKBWRCLK	u_conv_mac/g_lane[15].lane_acc_reg[6]/D
-0.668	u_enc_gelu/rq_tag_r1_reg[3]/C	u_pool/acc_reg[50][15]/D
-0.667	u_enc_gelu/rq_tag_r1_reg[3]/C	u_pool/acc_reg[57][13]/D
-0.667	u_enc_gelu/rq_tag_r1_reg[1]/C	u_pool/acc_reg[6][12]/D
-0.664	u_enc_gelu/rq_tag_r1_reg[3]/C	u_pool/acc_reg[55][12]/D
-0.662	u_enc_gelu/rq_tag_r1_reg[3]/C	u_pool/acc_reg[63][12]/D
-0.659	u_input_buf/gen_word_write.mem_reg_0/CLKBWRCLK	u_conv_mac/g_lane[5].lane_acc_reg[7]/D
-0.655	u_enc_gelu/rq_tag_r1_reg[3]/C	u_pool/acc_reg[21][9]/D
-0.655	u_enc_gelu/rq_tag_r1_reg[1]/C	u_pool/acc_reg[4][12]/D
-0.654	u_enc_gelu/rq_tag_r1_reg[3]/C	u_pool/acc_reg[52][13]/D
-0.654	u_enc_gelu/rq_tag_r1_reg[1]/C	u_pool/acc_reg[21][11]/D
-0.653	u_enc_gelu/rq_tag_r1_reg[3]/C	u_pool/acc_reg[48][12]/D
-0.652	u_enc_gelu/rq_tag_r1_reg[3]/C	u_pool/acc_reg[53][13]/D
-0.651	u_enc_gelu/rq_tag_r1_reg[1]/C	u_pool/acc_reg[10][9]/D
-0.650	u_enc_gelu/rq_tag_r1_reg[3]/C	u_pool/acc_reg[25][7]/D
-0.650	u_enc_gelu/rq_tag_r1_reg[1]/C	u_pool/acc_reg[1][13]/D
-0.650	u_enc_gelu/rq_tag_r1_reg[3]/C	u_pool/acc_reg[29][10]/D
-0.645	u_enc_gelu/rq_tag_r1_reg[1]/C	u_pool/acc_reg[5][15]/D
-0.642	u_enc_gelu/rq_tag_r1_reg[3]/C	u_pool/acc_reg[49][12]/D
-0.642	u_enc_gelu/rq_tag_r1_reg[3]/C	u_pool/acc_reg[59][12]/D
-0.640	u_enc_gelu/rq_tag_r1_reg[1]/C	u_pool/acc_reg[9][14]/D
-0.639	u_enc_gelu/rq_tag_r1_reg[3]/C	u_pool/acc_reg[47][15]/D
-0.638	u_enc_gelu/rq_tag_r1_reg[3]/C	u_pool/acc_reg[44][15]/D
-0.637	u_enc_gelu/rq_tag_r1_reg[3]/C	u_pool/acc_reg[32][14]/D
-0.636	u_enc_gelu/rq_tag_r1_reg[3]/C	u_pool/acc_reg[56][13]/D
-0.634	u_enc_gelu/rq_tag_r1_reg[3]/C	u_pool/acc_reg[29][8]/D
-0.632	u_enc_gelu/rq_tag_r1_reg[1]/C	u_pool/acc_reg[8][15]/D
-0.630	u_enc_gelu/rq_tag_r1_reg[1]/C	u_pool/acc_reg[10][11]/D
-0.629	u_enc_gelu/rq_tag_r1_reg[3]/C	u_pool/acc_reg[40][14]/D
-0.625	u_enc_gelu/rq_tag_r1_reg[1]/C	u_pool/acc_reg[37][15]/D
-0.624	u_enc_gelu/rq_tag_r1_reg[3]/C	u_pool/acc_reg[60][12]/D
-0.620	u_enc_gelu/rq_tag_r1_reg[3]/C	u_pool/acc_reg[18][5]/D
-0.618	u_input_buf/gen_word_write.mem_reg_2/CLKBWRCLK	u_conv_mac/g_lane[0].lane_out_reg[7]/D
-0.618	u_enc_gelu/rq_tag_r1_reg[3]/C	u_pool/acc_reg[16][9]/D
-0.616	u_fmap1_buf/gen_legacy.mem_reg_0_0/CLKBWRCLK	u_conv_mac/g_lane[14].lane_acc_reg[6]/D
-0.615	u_enc_gelu/rq_tag_r1_reg[3]/C	u_pool/acc_reg[25][5]/D
-0.613	u_input_buf/gen_word_write.mem_reg_2/CLKBWRCLK	u_conv_mac/g_lane[0].lane_acc_reg[7]/D
-0.610	u_enc_gelu/rq_tag_r1_reg[3]/C	u_pool/acc_reg[33][13]/D
-0.610	u_enc_gelu/rq_tag_r1_reg[1]/C	u_pool/acc_reg[20][11]/D
-0.609	u_enc_gelu/rq_tag_r1_reg[3]/C	u_pool/acc_reg[24][10]/D
-0.608	u_enc_gelu/rq_tag_r1_reg[3]/C	u_pool/acc_reg[50][14]/D
-0.608	u_enc_gelu/rq_tag_r1_reg[1]/C	u_pool/acc_reg[37][13]/D
-0.607	u_input_buf/gen_word_write.mem_reg_1/CLKBWRCLK	u_conv_mac/g_lane[7].lane_out_reg[6]/D
-0.605	u_enc_gelu/rq_tag_r1_reg[3]/C	u_pool/acc_reg[40][13]/D
-0.603	u_enc_gelu/rq_tag_r1_reg[3]/C	u_pool/acc_reg[19][5]/D
-0.602	u_enc_gelu/rq_tag_r1_reg[1]/C	u_pool/acc_reg[14][13]/D
-0.599	u_enc_gelu/rq_tag_r1_reg[3]/C	u_pool/acc_reg[18][7]/D
-0.597	u_enc_gelu/rq_tag_r1_reg[3]/C	u_pool/acc_reg[16][11]/D
-0.597	u_input_buf/gen_word_write.mem_reg_2/CLKBWRCLK	u_conv_mac/g_lane[6].lane_acc_reg[6]/D
-0.595	u_enc_gelu/rq_tag_r1_reg[3]/C	u_pool/acc_reg[19][7]/D
-0.593	u_enc_gelu/rq_tag_r1_reg[3]/C	u_pool/acc_reg[24][8]/D
-0.590	u_enc_gelu/rq_tag_r1_reg[3]/C	u_pool/acc_reg[25][6]/D
-0.587	u_enc_gelu/rq_tag_r1_reg[3]/C	u_pool/acc_reg[32][12]/D
-0.586	u_enc_gelu/rq_tag_r1_reg[1]/C	u_pool/acc_reg[5][14]/D
-0.585	u_enc_gelu/rq_tag_r1_reg[1]/C	u_pool/acc_reg[12][13]/D
-0.583	u_enc_gelu/rq_tag_r1_reg[3]/C	u_pool/acc_reg[51][12]/D
-0.575	u_enc_gelu/rq_tag_r1_reg[3]/C	u_pool/acc_reg[47][14]/D
-0.575	u_enc_gelu/rq_tag_r1_reg[1]/C	u_pool/acc_reg[21][10]/D
-0.574	u_enc_gelu/rq_tag_r1_reg[1]/C	u_pool/acc_reg[11][13]/D
-0.574	u_enc_gelu/rq_tag_r1_reg[3]/C	u_pool/acc_reg[44][14]/D
-0.572	u_enc_gelu/rq_tag_r1_reg[1]/C	u_pool/acc_reg[8][14]/D
-0.570	u_enc_gelu/rq_tag_r1_reg[1]/C	u_pool/acc_reg[5][13]/D
-0.569	u_pool/p_r3_reg[8]/C	u_pool/q_r4_reg[2]/S
-0.569	u_pool/p_r3_reg[8]/C	u_pool/q_r4_reg[3]/S
-0.569	u_input_buf/gen_word_write.mem_reg_1/CLKBWRCLK	u_conv_mac/g_lane[13].lane_out_reg[6]/D
-0.566	u_enc_gelu/rq_tag_r1_reg[1]/C	u_pool/acc_reg[37][14]/D
-0.564	u_enc_gelu/rq_tag_r1_reg[1]/C	u_pool/acc_reg[41][15]/D
-0.564	u_enc_gelu/rq_tag_r1_reg[1]/C	u_pool/acc_reg[12][15]/D
-0.563	u_enc_gelu/rq_tag_r1_reg[3]/C	u_pool/acc_reg[57][12]/D
-0.559	u_enc_gelu/rq_tag_r1_reg[3]/C	u_pool/acc_reg[46][15]/D
-0.558	u_enc_gelu/rq_tag_r1_reg[1]/C	u_pool/acc_reg[20][9]/D
-0.557	u_enc_gelu/rq_tag_r1_reg[3]/C	u_pool/acc_reg[36][15]/D
-0.556	u_enc_gelu/rq_tag_r1_reg[1]/C	u_pool/acc_reg[10][10]/D
-0.554	u_pool/p_r3_reg[8]/C	u_pool/q_r4_reg[7]/D
-0.553	u_enc_gelu/rq_tag_r1_reg[3]/C	u_pool/acc_reg[58][9]/D
-0.548	u_enc_gelu/rq_tag_r1_reg[3]/C	u_pool/acc_reg[53][12]/D
-0.546	u_enc_gelu/rq_tag_r1_reg[1]/C	u_pool/acc_reg[1][12]/D
-0.544	u_enc_gelu/rq_tag_r1_reg[3]/C	u_pool/acc_reg[21][8]/D
-0.543	u_enc_gelu/rq_tag_r1_reg[3]/C	u_pool/acc_reg[52][12]/D
-0.540	u_enc_gelu/rq_tag_r1_reg[1]/C	u_pool/acc_reg[10][8]/D
-0.539	u_enc_gelu/rq_tag_r1_reg[3]/C	u_pool/acc_reg[54][15]/D
-0.532	u_enc_gelu/rq_tag_r1_reg[3]/C	u_pool/acc_reg[30][9]/D
-0.532	u_enc_gelu/rq_tag_r1_reg[3]/C	u_pool/acc_reg[58][11]/D
-0.531	u_enc_gelu/rq_tag_r1_reg[3]/C	u_pool/acc_reg[31][7]/D
-0.529	u_enc_gelu/rq_tag_r1_reg[3]/C	u_pool/acc_reg[63][11]/D
-0.526	u_enc_gelu/rq_tag_r1_reg[3]/C	u_pool/acc_reg[23][7]/D
-0.525	u_enc_gelu/rq_tag_r1_reg[3]/C	u_pool/acc_reg[17][7]/D
-0.525	u_enc_gelu/rq_tag_r1_reg[3]/C	u_pool/acc_reg[56][12]/D
-0.525	u_enc_gelu/rq_tag_r1_reg[3]/C	u_pool/acc_reg[18][6]/D
-0.524	u_enc_gelu/rq_tag_r1_reg[3]/C	u_pool/acc_reg[34][15]/D
-0.523	u_enc_gelu/rq_tag_r1_reg[3]/C	u_pool/acc_reg[16][10]/D
-0.521	u_enc_gelu/rq_tag_r1_reg[3]/C	u_pool/acc_reg[19][6]/D
-0.520	u_enc_gelu/rq_tag_r1_reg[3]/C	u_pool/acc_reg[62][13]/D
-0.519	u_pool/p_r3_reg[8]/C	u_pool/q_r4_reg[4]/S
-0.518	u_input_buf/gen_word_write.mem_reg_3/CLKBWRCLK	u_conv_mac/g_lane[2].lane_out_reg[7]/D
-0.517	u_enc_gelu/rq_tag_r1_reg[1]/C	u_pool/acc_reg[2][15]/D
-0.517	u_enc_gelu/rq_tag_r1_reg[3]/C	u_pool/acc_reg[24][5]/D
-0.517	u_enc_gelu/rq_tag_r1_reg[3]/C	u_pool/acc_reg[50][13]/D
-0.514	u_input_buf/gen_word_write.mem_reg_2/CLKBWRCLK	u_conv_mac/g_lane[0].lane_out_reg[6]/D
-0.513	u_enc_gelu/rq_tag_r1_reg[3]/C	u_pool/acc_reg[3][9]/D
-0.512	u_enc_gelu/rq_tag_r1_reg[3]/C	u_pool/acc_reg[59][9]/D
-0.511	u_enc_gelu/rq_tag_r1_reg[3]/C	u_pool/acc_reg[30][11]/D
-0.510	u_enc_gelu/rq_tag_r1_reg[3]/C	u_pool/acc_reg[45][15]/D
-0.509	u_enc_gelu/rq_tag_r1_reg[3]/C	u_pool/acc_reg[59][11]/D
-0.509	u_enc_gelu/rq_tag_r1_reg[3]/C	u_pool/acc_reg[18][4]/D
-0.508	u_enc_gelu/rq_tag_r1_reg[1]/C	u_pool/acc_reg[45][13]/D
-0.507	u_enc_gelu/rq_tag_r1_reg[3]/C	u_pool/acc_reg[16][8]/D
-0.506	u_enc_gelu/rq_tag_r1_reg[3]/C	u_pool/acc_reg[10][5]/D
-0.505	u_enc_gelu/rq_tag_r1_reg[1]/C	u_pool/acc_reg[9][13]/D
-0.504	u_enc_gelu/rq_tag_r1_reg[3]/C	u_pool/acc_reg[25][4]/D
-0.503	u_enc_gelu/rq_tag_r1_reg[3]/C	u_pool/acc_reg[47][13]/D
-0.501	u_enc_gelu/rq_tag_r1_reg[3]/C	u_pool/acc_reg[29][7]/D
-0.501	u_input_buf/gen_word_write.mem_reg_2/CLKBWRCLK	u_conv_mac/g_lane[6].lane_out_reg[6]/D
-0.499	u_enc_gelu/rq_tag_r1_reg[3]/C	u_pool/acc_reg[33][12]/D
-0.499	u_enc_gelu/rq_tag_r1_reg[3]/C	u_pool/acc_reg[46][14]/D
-0.499	u_enc_gelu/rq_tag_r1_reg[1]/C	u_pool/acc_reg[41][14]/D
-0.499	u_enc_gelu/rq_tag_r1_reg[3]/C	u_pool/acc_reg[19][4]/D
-0.499	u_enc_gelu/rq_tag_r1_reg[1]/C	u_pool/acc_reg[3][11]/D
-0.498	u_enc_gelu/rq_tag_r1_reg[1]/C	u_pool/acc_reg[41][13]/D
-0.497	u_enc_gelu/rq_tag_r1_reg[1]/C	u_pool/acc_reg[37][12]/D
-0.497	u_enc_gelu/rq_tag_r1_reg[3]/C	u_pool/acc_reg[36][14]/D
-0.496	u_enc_gelu/rq_tag_r1_reg[3]/C	u_pool/acc_reg[24][7]/D
-0.495	u_enc_gelu/rq_tag_r1_reg[3]/C	u_pool/acc_reg[49][11]/D
-0.494	u_enc_gelu/rq_tag_r1_reg[3]/C	u_pool/acc_reg[40][12]/D
-0.492	u_enc_gelu/rq_tag_r1_reg[3]/C	u_pool/acc_reg[36][13]/D
-0.491	u_enc_gelu/rq_tag_r1_reg[1]/C	u_pool/acc_reg[14][12]/D
-0.490	u_enc_gelu/rq_tag_r1_reg[1]/C	u_pool/acc_reg[12][14]/D
-0.487	u_enc_gelu/rq_tag_r1_reg[3]/C	u_pool/acc_reg[15][9]/D
-0.486	u_enc_gelu/rq_tag_r1_reg[1]/C	u_pool/acc_reg[26][11]/D
-0.485	u_enc_gelu/rq_tag_r1_reg[3]/C	u_pool/acc_reg[10][7]/D
-0.484	u_enc_gelu/rq_tag_r1_reg[1]/C	u_pool/acc_reg[20][10]/D
-0.483	u_enc_gelu/rq_tag_r1_reg[3]/C	u_pool/acc_reg[48][11]/D
-0.479	u_enc_gelu/rq_tag_r1_reg[3]/C	u_pool/acc_reg[54][14]/D
-0.474	u_input_buf/gen_word_write.mem_reg_2/CLKBWRCLK	u_conv_mac/g_lane[1].lane_out_reg[6]/D
-0.474	u_pool/p_r3_reg[8]/C	u_pool/q_r4_reg[1]/S
-0.474	u_enc_gelu/rq_tag_r1_reg[1]/C	u_pool/acc_reg[12][12]/D
-0.472	u_enc_gelu/rq_tag_r1_reg[3]/C	u_pool/acc_reg[26][9]/D
-0.472	u_enc_gelu/rq_tag_r1_reg[3]/C	u_pool/acc_reg[31][6]/D
-0.471	u_enc_gelu/rq_tag_r1_reg[3]/C	u_pool/acc_reg[60][11]/D
-0.471	u_enc_gelu/rq_tag_r1_reg[1]/C	u_pool/acc_reg[28][11]/D
-0.469	u_enc_gelu/rq_tag_r1_reg[3]/C	u_pool/acc_reg[63][10]/D
-0.469	u_enc_gelu/rq_tag_r1_reg[3]/C	u_pool/acc_reg[39][13]/D
-0.468	u_enc_gelu/rq_tag_r1_reg[1]/C	u_pool/acc_reg[2][13]/D
-0.467	u_enc_gelu/rq_tag_r1_reg[3]/C	u_pool/acc_reg[61][11]/D
-0.467	u_enc_gelu/rq_tag_r1_reg[3]/C	u_pool/acc_reg[23][6]/D
-0.466	u_enc_gelu/rq_tag_r1_reg[3]/C	u_pool/acc_reg[17][6]/D
-0.466	u_enc_gelu/rq_tag_r1_reg[3]/C	u_pool/acc_reg[15][11]/D
-0.464	u_enc_gelu/rq_tag_r1_reg[3]/C	u_pool/acc_reg[34][14]/D
-0.464	u_enc_gelu/rq_tag_r1_reg[1]/C	u_pool/acc_reg[8][13]/D
-0.463	u_enc_gelu/rq_tag_r1_reg[1]/C	u_pool/acc_reg[11][12]/D
-0.459	u_enc_gelu/rq_tag_r1_reg[1]/C	u_pool/acc_reg[35][15]/D
-0.459	u_enc_gelu/rq_tag_r1_reg[1]/C	u_pool/acc_reg[5][12]/D
-0.458	u_enc_gelu/rq_tag_r1_reg[1]/C	u_pool/acc_reg[2][14]/D
-0.458	u_enc_gelu/rq_tag_r1_reg[3]/C	u_pool/acc_reg[58][10]/D
-0.457	u_enc_gelu/rq_tag_r1_reg[3]/C	u_pool/acc_reg[44][13]/D
-0.453	u_input_buf/gen_word_write.mem_reg_1/CLKBWRCLK	u_conv_mac/g_lane[12].lane_out_reg[7]/D
-0.453	u_input_buf/gen_word_write.mem_reg_2/CLKBWRCLK	u_conv_mac/g_lane[1].lane_acc_reg[6]/D
-0.452	u_enc_gelu/rq_tag_r1_reg[3]/C	u_pool/acc_reg[23][5]/D
-0.451	u_enc_gelu/rq_tag_r1_reg[3]/C	u_pool/acc_reg[57][11]/D
-0.450	u_enc_gelu/rq_tag_r1_reg[3]/C	u_pool/acc_reg[45][14]/D
-0.450	u_enc_gelu/rq_tag_r1_reg[3]/C	u_pool/acc_reg[51][11]/D
-0.449	u_enc_gelu/rq_tag_r1_reg[3]/C	u_pool/acc_reg[59][10]/D
-0.447	u_enc_gelu/rq_tag_r1_reg[1]/C	u_pool/acc_reg[27][11]/D
-0.447	u_enc_gelu/rq_tag_r1_reg[1]/C	u_pool/acc_reg[20][8]/D
-0.443	u_enc_gelu/rq_tag_r1_reg[3]/C	u_pool/acc_reg[32][11]/D
-0.442	u_enc_gelu/rq_tag_r1_reg[3]/C	u_pool/acc_reg[58][8]/D
-0.441	u_enc_gelu/rq_tag_r1_reg[3]/C	u_pool/acc_reg[29][6]/D
-0.440	u_enc_gelu/rq_tag_r1_reg[3]/C	u_pool/acc_reg[28][9]/D
-0.438	u_enc_gelu/rq_tag_r1_reg[3]/C	u_pool/acc_reg[54][13]/D
-0.437	u_enc_gelu/rq_tag_r1_reg[3]/C	u_pool/acc_reg[30][10]/D
-0.435	u_enc_gelu/rq_tag_r1_reg[3]/C	u_pool/acc_reg[49][10]/D
-0.434	u_input_buf/gen_word_write.mem_reg_1/CLKBWRCLK	u_conv_mac/g_lane[11].lane_out_reg[7]/D
-0.432	u_enc_gelu/rq_tag_r1_reg[3]/C	u_pool/acc_reg[63][9]/D
-0.431	u_input_buf/gen_word_write.mem_reg_1/CLKBWRCLK	u_conv_mac/g_lane[8].lane_acc_reg[6]/D
-0.429	u_enc_gelu/rq_tag_r1_reg[3]/C	u_pool/acc_reg[27][9]/D
-0.429	u_input_buf/gen_word_write.mem_reg_3/CLKBWRCLK	u_conv_mac/g_lane[2].lane_acc_reg[7]/D
-0.424	u_pool/p_r3_reg[8]/C	u_pool/q_r4_reg[5]/S
-0.424	u_pool/p_r3_reg[8]/C	u_pool/q_r4_reg[6]/S
-0.424	u_pool/p_r3_reg[8]/C	u_pool/q_r4_reg[7]/R
-0.423	u_enc_gelu/rq_tag_r1_reg[3]/C	u_pool/acc_reg[46][13]/D
-0.423	u_enc_gelu/rq_tag_r1_reg[3]/C	u_pool/acc_reg[48][10]/D
-0.422	u_enc_gelu/rq_tag_r1_reg[3]/C	u_pool/acc_reg[29][5]/D
-0.422	u_enc_gelu/rq_tag_r1_reg[3]/C	u_pool/acc_reg[24][6]/D
-0.421	u_input_buf/gen_word_write.mem_reg_1/CLKBWRCLK	u_conv_mac/g_lane[13].lane_acc_reg[6]/D
-0.421	u_enc_gelu/rq_tag_r1_reg[3]/C	u_pool/acc_reg[30][8]/D
-0.421	u_input_buf/gen_word_write.mem_reg_1/CLKBWRCLK	u_conv_mac/g_lane[12].lane_acc_reg[7]/D
-0.418	u_enc_gelu/rq_tag_r1_reg[3]/C	u_pool/acc_reg[3][10]/D
-0.417	u_enc_gelu/rq_tag_r1_reg[3]/C	u_pool/acc_reg[43][15]/D
-0.416	u_enc_gelu/rq_tag_r1_reg[3]/C	u_pool/acc_reg[62][12]/D
-0.411	u_enc_gelu/rq_tag_r1_reg[3]/C	u_pool/acc_reg[60][10]/D
-0.411	u_enc_gelu/rq_tag_r1_reg[1]/C	u_pool/acc_reg[0][15]/D
-0.411	u_enc_gelu/rq_tag_r1_reg[3]/C	u_pool/acc_reg[10][6]/D
-0.410	u_enc_gelu/rq_tag_r1_reg[3]/C	u_pool/acc_reg[52][11]/D
-0.410	u_enc_gelu/rq_tag_r1_reg[3]/C	u_pool/acc_reg[13][9]/D
-0.408	u_enc_gelu/rq_tag_r1_reg[3]/C	u_pool/acc_reg[49][9]/D
-0.407	u_enc_gelu/rq_tag_r1_reg[3]/C	u_pool/acc_reg[61][10]/D
-0.406	u_enc_gelu/rq_tag_r1_reg[3]/C	u_pool/acc_reg[24][4]/D
-0.406	u_enc_gelu/rq_tag_r1_reg[3]/C	u_pool/acc_reg[50][12]/D
-0.402	u_enc_gelu/rq_tag_r1_reg[3]/C	u_pool/acc_reg[3][8]/D
-0.401	u_enc_gelu/rq_tag_r1_reg[3]/C	u_pool/acc_reg[59][8]/D
-0.401	u_enc_gelu/rq_tag_r1_reg[1]/C	u_pool/acc_reg[9][12]/D
-0.399	u_enc_gelu/rq_tag_r1_reg[3]/C	u_pool/acc_reg[47][12]/D
-0.398	u_enc_gelu/rq_tag_r1_reg[1]/C	u_pool/acc_reg[6][11]/D
-0.397	u_enc_gelu/rq_tag_r1_reg[1]/C	u_pool/acc_reg[35][13]/D
-0.397	u_enc_gelu/rq_tag_r1_reg[1]/C	u_pool/acc_reg[45][12]/D
-0.395	u_enc_gelu/rq_tag_r1_reg[3]/C	u_pool/acc_reg[21][7]/D
-0.395	u_enc_gelu/rq_tag_r1_reg[3]/C	u_pool/acc_reg[34][13]/D
-0.395	u_enc_gelu/rq_tag_r1_reg[3]/C	u_pool/acc_reg[10][4]/D
-0.394	u_enc_gelu/rq_tag_r1_reg[1]/C	u_pool/acc_reg[35][14]/D
-0.394	u_enc_gelu/rq_tag_r1_reg[1]/C	u_pool/acc_reg[41][12]/D
-0.392	u_enc_gelu/rq_tag_r1_reg[3]/C	u_pool/acc_reg[15][10]/D
-0.390	u_enc_gelu/rq_tag_r1_reg[1]/C	u_pool/acc_reg[42][11]/D
-0.390	u_enc_gelu/rq_tag_r1_reg[3]/C	u_pool/acc_reg[51][10]/D
-0.389	u_enc_gelu/rq_tag_r1_reg[3]/C	u_pool/acc_reg[13][11]/D
-0.389	u_enc_gelu/rq_tag_r1_reg[3]/C	u_pool/acc_reg[55][11]/D
-0.389	u_pool/p_r3_reg[8]/C	u_pool/q_r4_reg[6]/D
-0.386	u_enc_gelu/rq_tag_r1_reg[3]/C	u_pool/acc_reg[57][10]/D
-0.383	u_enc_gelu/rq_tag_r1_reg[3]/C	u_pool/acc_reg[42][9]/D
-0.383	u_enc_gelu/rq_tag_r1_reg[3]/C	u_pool/acc_reg[32][10]/D
-0.382	u_enc_gelu/rq_tag_r1_reg[1]/C	u_pool/acc_reg[26][10]/D
-0.381	u_enc_gelu/rq_tag_r1_reg[3]/C	u_pool/acc_reg[36][12]/D
-0.376	u_enc_gelu/rq_tag_r1_reg[3]/C	u_pool/acc_reg[15][8]/D
-0.374	u_enc_gelu/rq_tag_r1_reg[3]/C	u_pool/acc_reg[16][7]/D
-0.368	u_enc_gelu/rq_tag_r1_reg[1]/C	u_pool/acc_reg[7][9]/D
-0.366	u_enc_gelu/rq_tag_r1_reg[3]/C	u_pool/acc_reg[33][11]/D
-0.366	u_input_buf/gen_word_write.mem_reg_3/CLKBWRCLK	u_conv_mac/g_lane[5].lane_out_reg[6]/D
-0.365	u_enc_gelu/rq_tag_r1_reg[1]/C	u_pool/acc_reg[22][11]/D
-0.364	u_enc_gelu/rq_tag_r1_reg[3]/C	u_pool/acc_reg[53][11]/D
-0.362	u_enc_gelu/rq_tag_r1_reg[3]/C	u_pool/acc_reg[48][9]/D
-0.362	u_enc_gelu/rq_tag_r1_reg[3]/C	u_pool/acc_reg[31][5]/D
-0.361	u_enc_gelu/rq_tag_r1_reg[3]/C	u_pool/acc_reg[40][11]/D
-0.361	u_enc_gelu/rq_tag_r1_reg[1]/C	u_pool/acc_reg[0][13]/D
-0.361	u_enc_gelu/rq_tag_r1_reg[3]/C	u_pool/acc_reg[26][8]/D
-0.361	u_input_buf/gen_word_write.mem_reg_3/CLKBWRCLK	u_conv_mac/g_lane[5].lane_acc_reg[6]/D
-0.358	u_enc_gelu/rq_tag_r1_reg[3]/C	u_pool/acc_reg[26][5]/D
-0.358	u_enc_gelu/rq_tag_r1_reg[3]/C	u_pool/acc_reg[39][12]/D
-0.357	u_enc_gelu/rq_tag_r1_reg[3]/C	u_pool/acc_reg[43][14]/D
-0.357	u_enc_gelu/rq_tag_r1_reg[1]/C	u_pool/acc_reg[2][12]/D
-0.355	u_enc_gelu/rq_tag_r1_reg[3]/C	u_pool/acc_reg[38][13]/D
-0.353	u_enc_gelu/rq_tag_r1_reg[1]/C	u_pool/acc_reg[8][12]/D
-0.351	u_enc_gelu/rq_tag_r1_reg[1]/C	u_pool/acc_reg[0][14]/D
-0.350	u_enc_gelu/rq_tag_r1_reg[3]/C	u_pool/acc_reg[52][10]/D
-0.347	u_enc_gelu/rq_tag_r1_reg[1]/C	u_pool/acc_reg[7][11]/D
-0.347	u_enc_gelu/rq_tag_r1_reg[3]/C	u_pool/acc_reg[16][5]/D
-0.345	u_enc_gelu/rq_tag_r1_reg[3]/C	u_pool/acc_reg[28][10]/D
-0.344	u_enc_gelu/rq_tag_r1_reg[3]/C	u_pool/acc_reg[56][11]/D
-0.343	u_enc_gelu/rq_tag_r1_reg[3]/C	u_pool/acc_reg[17][5]/D
-0.343	u_enc_gelu/rq_tag_r1_reg[1]/C	u_pool/acc_reg[27][10]/D
-0.341	u_enc_gelu/rq_tag_r1_reg[3]/C	u_pool/acc_reg[61][9]/D
-0.341	u_enc_gelu/rq_tag_r1_reg[3]/C	u_pool/acc_reg[23][4]/D
-0.341	u_enc_gelu/rq_tag_r1_reg[3]/C	u_pool/acc_reg[57][9]/D
-0.339	u_enc_gelu/rq_tag_r1_reg[3]/C	u_pool/acc_reg[43][13]/D
-0.337	u_enc_gelu/rq_tag_r1_reg[3]/C	u_pool/acc_reg[22][9]/D
-0.337	u_enc_gelu/rq_tag_r1_reg[3]/C	u_pool/acc_reg[26][7]/D
-0.336	u_enc_gelu/rq_tag_r1_reg[3]/C	u_pool/acc_reg[21][6]/D
-0.334	u_enc_gelu/rq_tag_r1_reg[3]/C	u_pool/acc_reg[38][15]/D
-0.333	u_pool/p_r3_reg[8]/C	u_pool/q_r4_reg[4]/D
-0.331	u_enc_gelu/rq_tag_r1_reg[3]/C	u_pool/acc_reg[21][5]/D
-0.330	u_enc_gelu/rq_tag_r1_reg[3]/C	u_pool/acc_reg[55][10]/D
-0.330	u_enc_gelu/rq_tag_r1_reg[3]/C	u_pool/acc_reg[60][9]/D
-0.329	u_enc_gelu/rq_tag_r1_reg[3]/C	u_pool/acc_reg[28][8]/D
-0.328	u_input_buf/gen_word_write.mem_reg_3/CLKBWRCLK	u_conv_mac/g_lane[4].lane_out_reg[5]/D
-0.327	u_enc_gelu/rq_tag_r1_reg[3]/C	u_pool/acc_reg[54][12]/D
-0.322	u_enc_gelu/rq_tag_r1_reg[3]/C	u_pool/acc_reg[3][5]/D
-0.321	u_enc_gelu/rq_tag_r1_reg[3]/C	u_pool/acc_reg[63][8]/D
-0.318	u_enc_gelu/rq_tag_r1_reg[3]/C	u_pool/acc_reg[27][8]/D
-0.316	u_enc_gelu/rq_tag_r1_reg[3]/C	u_pool/acc_reg[55][9]/D
-0.315	u_enc_gelu/rq_tag_r1_reg[3]/C	u_pool/acc_reg[13][10]/D
-0.314	u_enc_gelu/rq_tag_r1_reg[3]/C	u_pool/acc_reg[16][6]/D
-0.314	u_enc_gelu/rq_tag_r1_reg[3]/C	u_pool/acc_reg[56][9]/D
-0.312	u_enc_gelu/rq_tag_r1_reg[3]/C	u_pool/acc_reg[46][12]/D
-0.312	u_enc_gelu/rq_tag_r1_reg[3]/C	u_pool/acc_reg[20][5]/D
-0.311	u_enc_gelu/rq_tag_r1_reg[3]/C	u_pool/acc_reg[29][4]/D
-0.311	u_input_buf/gen_word_write.mem_reg_3/CLKBWRCLK	u_conv_mac/g_lane[3].lane_out_reg[5]/D
-0.307	u_enc_gelu/rq_tag_r1_reg[3]/C	u_pool/acc_reg[14][9]/D
-0.306	u_enc_gelu/rq_tag_r1_reg[3]/C	u_pool/acc_reg[33][10]/D
-0.306	u_enc_gelu/rq_tag_r1_reg[3]/C	u_pool/acc_reg[32][9]/D
-0.305	u_enc_gelu/rq_tag_r1_reg[1]/C	u_pool/acc_reg[22][10]/D
-0.301	u_enc_gelu/rq_tag_r1_reg[3]/C	u_pool/acc_reg[40][10]/D
-0.301	u_enc_gelu/rq_tag_r1_reg[3]/C	u_pool/acc_reg[3][7]/D
-0.299	u_enc_gelu/rq_tag_r1_reg[3]/C	u_pool/acc_reg[13][8]/D
-0.299	u_enc_gelu/rq_tag_r1_reg[3]/C	u_pool/acc_reg[4][9]/D
-0.299	u_enc_gelu/rq_tag_r1_reg[3]/C	u_pool/acc_reg[53][10]/D
-0.298	u_enc_gelu/rq_tag_r1_reg[1]/C	u_pool/acc_reg[42][10]/D
-0.297	u_enc_gelu/rq_tag_r1_reg[1]/C	u_pool/acc_reg[11][11]/D
-0.297	u_enc_gelu/rq_tag_r1_reg[3]/C	u_pool/acc_reg[49][8]/D
-0.294	u_enc_gelu/rq_tag_r1_reg[3]/C	u_pool/acc_reg[50][9]/D
-0.294	u_enc_gelu/rq_tag_r1_reg[1]/C	u_pool/acc_reg[6][10]/D
-0.293	u_enc_gelu/rq_tag_r1_reg[1]/C	u_pool/acc_reg[35][12]/D
-0.291	u_enc_gelu/rq_tag_r1_reg[3]/C	u_pool/acc_reg[20][7]/D
-0.288	u_enc_gelu/rq_tag_r1_reg[3]/C	u_pool/acc_reg[30][7]/D
-0.288	u_input_buf/gen_word_write.mem_reg_2/CLKBWRCLK	u_conv_mac/g_lane[0].lane_acc_reg[6]/D
-0.286	u_enc_gelu/rq_tag_r1_reg[3]/C	u_pool/acc_reg[14][11]/D
-0.284	u_enc_gelu/rq_tag_r1_reg[3]/C	u_pool/acc_reg[56][10]/D
-0.284	u_enc_gelu/rq_tag_r1_reg[3]/C	u_pool/acc_reg[34][12]/D
-0.282	u_enc_gelu/rq_tag_r1_reg[3]/C	u_pool/acc_reg[44][12]/D
-0.279	u_input_buf/gen_word_write.mem_reg_3/CLKBWRCLK	u_conv_mac/g_lane[2].lane_out_reg[6]/D
-0.279	u_enc_gelu/rq_tag_r1_reg[1]/C	u_pool/acc_reg[4][11]/D
-0.275	u_enc_gelu/rq_tag_r1_reg[3]/C	u_pool/acc_reg[47][11]/D
-0.273	u_enc_gelu/rq_tag_r1_reg[1]/C	u_pool/acc_reg[7][10]/D
-0.273	u_enc_gelu/rq_tag_r1_reg[3]/C	u_pool/acc_reg[50][11]/D
-0.272	u_enc_gelu/rq_tag_r1_reg[3]/C	u_pool/acc_reg[42][8]/D
-0.269	u_input_buf/gen_word_write.mem_reg_3/CLKBWRCLK	u_conv_mac/g_lane[3].lane_acc_reg[5]/D
-0.268	u_enc_gelu/rq_tag_r1_reg[3]/C	u_pool/acc_reg[58][7]/D
-0.268	u_enc_gelu/rq_tag_r1_reg[3]/C	u_pool/acc_reg[59][7]/D
-0.265	u_input_buf/gen_word_write.mem_reg_1/CLKBWRCLK	u_conv_mac/g_lane[11].lane_out_reg[6]/D
-0.263	u_enc_gelu/rq_tag_r1_reg[3]/C	u_pool/acc_reg[26][6]/D
-0.260	u_enc_gelu/rq_tag_r1_reg[3]/C	u_pool/acc_reg[38][14]/D
-0.259	u_enc_gelu/rq_tag_r1_reg[3]/C	u_pool/acc_reg[30][5]/D
-0.258	u_enc_gelu/rq_tag_r1_reg[1]/C	u_pool/acc_reg[9][9]/D
-0.257	u_enc_gelu/rq_tag_r1_reg[1]/C	u_pool/acc_reg[7][8]/D
-0.257	u_enc_gelu/rq_tag_r1_reg[3]/C	u_pool/acc_reg[37][9]/D
-0.256	u_input_buf/gen_word_write.mem_reg_3/CLKBWRCLK	u_conv_mac/g_lane[4].lane_acc_reg[5]/D
-0.254	u_input_buf/gen_word_write.mem_reg_1/CLKBWRCLK	u_conv_mac/g_lane[7].lane_out_reg[5]/D
-0.252	u_enc_gelu/rq_tag_r1_reg[3]/C	u_pool/acc_reg[19][3]/D
-0.251	u_enc_gelu/rq_tag_r1_reg[3]/C	u_pool/acc_reg[48][8]/D
-0.251	u_enc_gelu/rq_tag_r1_reg[3]/C	u_pool/acc_reg[31][4]/D
-0.250	u_enc_gelu/rq_tag_r1_reg[1]/C	u_pool/acc_reg[9][11]/D
-0.250	u_enc_gelu/rq_tag_r1_reg[1]/C	u_pool/acc_reg[0][12]/D
-0.249	u_enc_gelu/rq_tag_r1_reg[3]/C	u_pool/acc_reg[33][9]/D
-0.248	u_enc_gelu/rq_tag_r1_reg[3]/C	u_pool/acc_reg[6][9]/D
-0.247	u_enc_gelu/rq_tag_r1_reg[3]/C	u_pool/acc_reg[26][4]/D
-0.244	u_enc_gelu/rq_tag_r1_reg[3]/C	u_pool/acc_reg[38][12]/D
-0.243	u_input_buf/gen_word_write.mem_reg_1/CLKBWRCLK	u_conv_mac/g_lane[9].lane_acc_reg[5]/D
-0.243	u_enc_gelu/rq_tag_r1_reg[3]/C	u_pool/acc_reg[15][7]/D
-0.238	u_input_buf/gen_word_write.mem_reg_2/CLKBWRCLK	u_conv_mac/g_lane[6].lane_acc_reg[5]/D
-0.237	u_enc_gelu/rq_tag_r1_reg[1]/C	u_pool/acc_reg[11][10]/D
-0.237	u_enc_gelu/rq_tag_r1_reg[3]/C	u_pool/acc_reg[57][8]/D
-0.236	u_enc_gelu/rq_tag_r1_reg[3]/C	u_pool/acc_reg[16][4]/D
-0.236	u_enc_gelu/rq_tag_r1_reg[3]/C	u_pool/acc_reg[37][11]/D
-0.235	u_enc_gelu/rq_tag_r1_reg[3]/C	u_pool/acc_reg[52][9]/D
-0.233	u_enc_gelu/rq_tag_r1_reg[1]/C	u_pool/acc_reg[5][11]/D
-0.231	u_enc_gelu/rq_tag_r1_reg[3]/C	u_pool/acc_reg[28][5]/D
-0.230	u_enc_gelu/rq_tag_r1_reg[3]/C	u_pool/acc_reg[61][8]/D
-0.230	u_enc_gelu/rq_tag_r1_reg[3]/C	u_pool/acc_reg[62][9]/D
-0.229	u_enc_gelu/rq_tag_r1_reg[3]/C	u_pool/acc_reg[62][11]/D
-0.228	u_enc_gelu/rq_tag_r1_reg[3]/C	u_pool/acc_reg[30][6]/D
-0.228	u_enc_gelu/rq_tag_r1_reg[3]/C	u_pool/acc_reg[43][12]/D
-0.227	u_enc_gelu/rq_tag_r1_reg[3]/C	u_pool/acc_reg[8][9]/D
-0.227	u_enc_gelu/rq_tag_r1_reg[3]/C	u_pool/acc_reg[3][6]/D
-0.226	u_enc_gelu/rq_tag_r1_reg[3]/C	u_pool/acc_reg[22][8]/D
-0.226	u_enc_gelu/rq_tag_r1_reg[3]/C	u_pool/acc_reg[17][4]/D
-0.222	u_enc_gelu/rq_tag_r1_reg[3]/C	u_pool/acc_reg[42][5]/D
-0.220	u_enc_gelu/rq_tag_r1_reg[3]/C	u_pool/acc_reg[21][4]/D
-0.219	u_enc_gelu/rq_tag_r1_reg[3]/C	u_pool/acc_reg[60][8]/D
-0.219	u_enc_gelu/rq_tag_r1_reg[3]/C	u_pool/acc_reg[53][9]/D
-0.219	u_input_buf/gen_word_write.mem_reg_0/CLKBWRCLK	u_conv_mac/g_lane[2].lane_acc_reg[6]/D
-0.217	u_enc_gelu/rq_tag_r1_reg[3]/C	u_pool/acc_reg[20][6]/D
-0.213	u_enc_gelu/rq_tag_r1_reg[3]/C	u_pool/acc_reg[40][9]/D
-0.213	u_enc_gelu/rq_tag_r1_reg[3]/C	u_pool/acc_reg[50][10]/D
-0.212	u_enc_gelu/rq_tag_r1_reg[3]/C	u_pool/acc_reg[14][10]/D
-0.211	u_enc_gelu/rq_tag_r1_reg[3]/C	u_pool/acc_reg[47][10]/D
-0.211	u_enc_gelu/rq_tag_r1_reg[3]/C	u_pool/acc_reg[3][4]/D
-0.210	u_enc_gelu/rq_tag_r1_reg[3]/C	u_pool/acc_reg[28][7]/D
-0.209	u_input_buf/gen_word_write.mem_reg_1/CLKBWRCLK	u_conv_mac/g_lane[11].lane_acc_reg[6]/D
-0.209	u_enc_gelu/rq_tag_r1_reg[3]/C	u_pool/acc_reg[39][11]/D
-0.208	u_enc_gelu/rq_tag_r1_reg[3]/C	u_pool/acc_reg[58][6]/D
-0.208	u_enc_gelu/rq_tag_r1_reg[3]/C	u_pool/acc_reg[59][6]/D
-0.206	u_enc_gelu/rq_tag_r1_reg[1]/C	u_pool/acc_reg[1][11]/D
-0.206	u_enc_gelu/rq_tag_r1_reg[3]/C	u_pool/acc_reg[8][11]/D
-0.205	u_enc_gelu/rq_tag_r1_reg[3]/C	u_pool/acc_reg[55][8]/D
-0.204	u_enc_gelu/rq_tag_r1_reg[3]/C	u_pool/acc_reg[11][9]/D
-0.204	u_enc_gelu/rq_tag_r1_reg[3]/C	u_pool/acc_reg[4][10]/D
-0.203	u_enc_gelu/rq_tag_r1_reg[3]/C	u_pool/acc_reg[56][8]/D
-0.201	u_enc_gelu/rq_tag_r1_reg[3]/C	u_pool/acc_reg[20][4]/D
-0.201	u_enc_gelu/rq_tag_r1_reg[3]/C	u_pool/acc_reg[42][7]/D
-0.196	u_enc_gelu/rq_tag_r1_reg[3]/C	u_pool/acc_reg[14][8]/D
-0.195	u_enc_gelu/rq_tag_r1_reg[3]/C	u_pool/acc_reg[32][8]/D
-0.194	u_enc_gelu/rq_tag_r1_reg[3]/C	u_pool/acc_reg[1][9]/D
-0.193	u_enc_gelu/rq_tag_r1_reg[3]/C	u_pool/acc_reg[36][11]/D
-0.188	u_enc_gelu/rq_tag_r1_reg[3]/C	u_pool/acc_reg[4][8]/D
-0.188	u_enc_gelu/rq_tag_r1_reg[3]/C	u_pool/acc_reg[63][7]/D
-0.187	u_enc_gelu/rq_tag_r1_reg[3]/C	u_pool/acc_reg[47][9]/D
-0.185	u_enc_gelu/rq_tag_r1_reg[3]/C	u_pool/acc_reg[27][7]/D
-0.184	u_enc_gelu/rq_tag_r1_reg[3]/C	u_pool/acc_reg[5][9]/D
-0.183	u_enc_gelu/rq_tag_r1_reg[3]/C	u_pool/acc_reg[50][8]/D
-0.183	u_enc_gelu/rq_tag_r1_reg[3]/C	u_pool/acc_reg[15][6]/D
-0.179	u_enc_gelu/rq_tag_r1_reg[3]/C	u_pool/acc_reg[46][11]/D
-0.174	u_enc_gelu/rq_tag_r1_reg[1]/C	u_pool/acc_reg[9][10]/D
-0.174	u_enc_gelu/rq_tag_r1_reg[1]/C	u_pool/acc_reg[5][10]/D
-0.170	u_enc_gelu/rq_tag_r1_reg[3]/C	u_pool/acc_reg[51][9]/D
-0.169	u_enc_gelu/rq_tag_r1_reg[3]/C	u_pool/acc_reg[19][2]/D
-0.166	u_enc_gelu/rq_tag_r1_reg[3]/C	u_pool/acc_reg[13][7]/D
-0.164	u_enc_gelu/rq_tag_r1_reg[3]/C	u_pool/acc_reg[62][10]/D
-0.163	u_enc_gelu/rq_tag_r1_reg[3]/C	u_pool/acc_reg[15][5]/D
-0.162	u_enc_gelu/rq_tag_r1_reg[3]/C	u_pool/acc_reg[37][10]/D
-0.159	u_enc_gelu/rq_tag_r1_reg[3]/C	u_pool/acc_reg[49][7]/D
-0.154	u_enc_gelu/rq_tag_r1_reg[1]/C	u_pool/acc_reg[9][8]/D
-0.153	u_input_buf/gen_word_write.mem_reg_2/CLKBWRCLK	u_conv_mac/g_lane[6].lane_out_reg[5]/D
-0.150	u_enc_gelu/rq_tag_r1_reg[3]/C	u_pool/acc_reg[39][10]/D
-0.148	u_enc_gelu/rq_tag_r1_reg[3]/C	u_pool/acc_reg[30][4]/D
-0.147	u_enc_gelu/rq_tag_r1_reg[3]/C	u_pool/acc_reg[22][5]/D
-0.147	u_enc_gelu/rq_tag_r1_reg[1]/C	u_pool/acc_reg[41][11]/D
-0.146	u_enc_gelu/rq_tag_r1_reg[3]/C	u_pool/acc_reg[37][8]/D
-0.138	u_enc_gelu/rq_tag_r1_reg[3]/C	u_pool/acc_reg[33][8]/D
-0.137	u_enc_gelu/rq_tag_r1_reg[3]/C	u_pool/acc_reg[6][8]/D
-0.136	u_enc_gelu/rq_tag_r1_reg[3]/C	u_pool/acc_reg[28][6]/D
-0.136	u_enc_gelu/rq_tag_r1_reg[3]/C	u_pool/acc_reg[45][11]/D
-0.133	u_enc_gelu/rq_tag_r1_reg[3]/C	u_pool/acc_reg[36][10]/D
-0.133	u_enc_gelu/rq_tag_r1_reg[3]/C	u_pool/acc_reg[18][3]/D
-0.132	u_enc_gelu/rq_tag_r1_reg[3]/C	u_pool/acc_reg[8][10]/D
-0.132	u_enc_gelu/rq_tag_r1_reg[3]/C	u_pool/acc_reg[48][5]/D
-0.131	u_enc_gelu/rq_tag_r1_reg[3]/C	u_pool/acc_reg[13][5]/D
-0.128	u_enc_gelu/rq_tag_r1_reg[3]/C	u_pool/acc_reg[25][3]/D
-0.128	u_enc_gelu/rq_tag_r1_reg[3]/C	u_pool/acc_reg[63][6]/D
-0.128	u_enc_gelu/rq_tag_r1_reg[3]/C	u_pool/acc_reg[7][5]/D
-0.127	u_enc_gelu/rq_tag_r1_reg[3]/C	u_pool/acc_reg[42][6]/D
-0.126	u_enc_gelu/rq_tag_r1_reg[3]/C	u_pool/acc_reg[62][8]/D
-0.126	u_enc_gelu/rq_tag_r1_reg[3]/C	u_pool/acc_reg[22][7]/D
-0.126	u_enc_gelu/rq_tag_r1_reg[1]/C	u_pool/acc_reg[2][11]/D
-0.125	u_enc_gelu/rq_tag_r1_reg[3]/C	u_pool/acc_reg[27][6]/D
-0.124	u_enc_gelu/rq_tag_r1_reg[3]/C	u_pool/acc_reg[52][8]/D
-0.123	u_enc_gelu/rq_tag_r1_reg[3]/C	u_pool/acc_reg[27][5]/D
-0.122	u_enc_gelu/rq_tag_r1_reg[3]/C	u_pool/acc_reg[34][11]/D
-0.120	u_enc_gelu/rq_tag_r1_reg[3]/C	u_pool/acc_reg[28][4]/D
-0.119	u_enc_gelu/rq_tag_r1_reg[3]/C	u_pool/acc_reg[46][10]/D
-0.118	u_enc_gelu/rq_tag_r1_reg[3]/C	u_pool/acc_reg[39][9]/D
-0.116	u_enc_gelu/rq_tag_r1_reg[3]/C	u_pool/acc_reg[8][8]/D
-0.115	u_enc_gelu/rq_tag_r1_reg[3]/C	u_pool/acc_reg[57][7]/D
-0.115	u_enc_gelu/rq_tag_r1_reg[3]/C	u_pool/acc_reg[53][8]/D
-0.112	u_enc_gelu/rq_tag_r1_reg[1]/C	u_pool/acc_reg[12][11]/D
-0.111	u_enc_gelu/rq_tag_r1_reg[3]/C	u_pool/acc_reg[54][11]/D
-0.111	u_enc_gelu/rq_tag_r1_reg[3]/C	u_pool/acc_reg[48][7]/D
-0.111	u_enc_gelu/rq_tag_r1_reg[3]/C	u_pool/acc_reg[42][4]/D
-0.110	u_enc_gelu/rq_tag_r1_reg[3]/C	u_pool/acc_reg[1][10]/D
-0.107	u_enc_gelu/rq_tag_r1_reg[3]/C	u_pool/acc_reg[7][7]/D
-0.106	u_enc_gelu/rq_tag_r1_reg[3]/C	u_pool/acc_reg[13][6]/D
-0.103	u_enc_gelu/rq_tag_r1_reg[3]/C	u_pool/acc_reg[24][3]/D
-0.103	u_enc_gelu/rq_tag_r1_reg[3]/C	u_pool/acc_reg[44][11]/D
-0.102	u_enc_gelu/rq_tag_r1_reg[3]/C	u_pool/acc_reg[40][8]/D
-0.101	u_input_buf/gen_word_write.mem_reg_1/CLKBWRCLK	u_conv_mac/g_lane[9].lane_out_reg[5]/D
-0.099	u_enc_gelu/rq_tag_r1_reg[3]/C	u_pool/acc_reg[49][6]/D
-0.099	u_enc_gelu/rq_tag_r1_reg[3]/C	u_pool/acc_reg[58][5]/D
-0.097	u_enc_gelu/rq_tag_r1_reg[3]/C	u_pool/acc_reg[61][7]/D
-0.094	u_input_buf/gen_word_write.mem_reg_3/CLKBWRCLK	u_conv_mac/g_lane[3].lane_acc_reg[4]/D
-0.094	u_input_buf/gen_word_write.mem_reg_1/CLKBWRCLK	u_conv_mac/g_lane[12].lane_acc_reg[6]/D
-0.093	u_enc_gelu/rq_tag_r1_reg[3]/C	u_pool/acc_reg[11][8]/D
-0.093	u_enc_gelu/rq_tag_r1_reg[3]/C	u_pool/acc_reg[36][9]/D
-0.090	u_enc_gelu/rq_tag_r1_reg[3]/C	u_pool/acc_reg[11][5]/D
-0.090	u_enc_gelu/rq_tag_r1_reg[3]/C	u_pool/acc_reg[1][8]/D
-0.088	u_enc_gelu/rq_tag_r1_reg[3]/C	u_pool/acc_reg[43][9]/D
-0.086	u_enc_gelu/rq_tag_r1_reg[3]/C	u_pool/acc_reg[43][11]/D
-0.085	u_input_buf/gen_word_write.mem_reg_1/CLKBWRCLK	u_conv_mac/g_lane[14].lane_acc_reg[5]/D
-0.083	u_enc_gelu/rq_tag_r1_reg[3]/C	u_pool/acc_reg[47][8]/D
-0.076	u_enc_gelu/rq_tag_r1_reg[3]/C	u_pool/acc_reg[45][10]/D
-0.073	u_enc_gelu/rq_tag_r1_reg[3]/C	u_pool/acc_reg[5][8]/D
-0.072	u_input_buf/gen_word_write.mem_reg_3/CLKBWRCLK	u_conv_mac/g_lane[3].lane_out_reg[4]/D
-0.072	u_input_buf/gen_word_write.mem_reg_1/CLKBWRCLK	u_conv_mac/g_lane[7].lane_acc_reg[5]/D
-0.071	u_enc_gelu/rq_tag_r1_reg[3]/C	u_pool/acc_reg[49][5]/D
-0.071	u_enc_gelu/rq_tag_r1_reg[3]/C	u_pool/acc_reg[34][9]/D
-0.069	u_enc_gelu/rq_tag_r1_reg[3]/C	u_pool/acc_reg[11][7]/D
-0.069	u_enc_gelu/rq_tag_r1_reg[3]/C	u_pool/acc_reg[54][9]/D
-0.067	u_fmap1_buf/gen_legacy.mem_reg_0_0/CLKBWRCLK	u_conv_mac/g_lane[10].lane_out_reg[5]/D
-0.067	u_enc_gelu/rq_tag_r1_reg[1]/C	u_pool/acc_reg[2][10]/D
-0.062	u_enc_gelu/rq_tag_r1_reg[3]/C	u_pool/acc_reg[34][10]/D
-0.060	u_enc_gelu/rq_tag_r1_reg[3]/C	u_pool/acc_reg[41][10]/D
-0.059	u_enc_gelu/rq_tag_r1_reg[3]/C	u_pool/acc_reg[51][8]/D
-0.054	u_enc_gelu/rq_tag_r1_reg[3]/C	u_pool/acc_reg[14][7]/D
-0.053	u_enc_gelu/rq_tag_r1_reg[3]/C	u_pool/acc_reg[9][5]/D
-0.052	u_enc_gelu/rq_tag_r1_reg[3]/C	u_pool/acc_reg[54][10]/D
-0.052	u_enc_gelu/rq_tag_r1_reg[3]/C	u_pool/acc_reg[15][4]/D
-0.052	u_enc_gelu/rq_tag_r1_reg[3]/C	u_pool/acc_reg[12][9]/D
-0.052	u_enc_gelu/rq_tag_r1_reg[3]/C	u_pool/acc_reg[2][9]/D
-0.052	u_enc_gelu/rq_tag_r1_reg[3]/C	u_pool/acc_reg[22][6]/D
-0.051	u_enc_gelu/rq_tag_r1_reg[3]/C	u_pool/acc_reg[60][7]/D
-0.050	u_enc_gelu/rq_tag_r1_reg[3]/C	u_pool/acc_reg[57][6]/D
-0.046	u_enc_gelu/rq_tag_r1_reg[3]/C	u_pool/acc_reg[7][6]/D
-0.045	u_enc_gelu/rq_tag_r1_reg[3]/C	u_pool/acc_reg[45][9]/D
-0.045	u_enc_gelu/rq_tag_r1_reg[3]/C	u_pool/acc_reg[9][7]/D
-0.039	u_enc_gelu/rq_tag_r1_reg[3]/C	u_pool/acc_reg[4][7]/D
-0.039	u_enc_gelu/rq_tag_r1_reg[1]/C	u_pool/acc_reg[12][10]/D
-0.038	u_enc_gelu/rq_tag_r1_reg[3]/C	u_pool/acc_reg[44][10]/D
-0.037	u_enc_gelu/rq_tag_r1_reg[3]/C	u_pool/acc_reg[61][6]/D
-0.037	u_enc_gelu/rq_tag_r1_reg[3]/C	u_pool/acc_reg[10][3]/D
-0.037	u_enc_gelu/rq_tag_r1_reg[3]/C	u_pool/acc_reg[48][6]/D
-0.037	u_input_buf/gen_word_write.mem_reg_3/CLKBWRCLK	u_conv_mac/g_lane[4].lane_out_reg[4]/D
-0.036	u_enc_gelu/rq_tag_r1_reg[3]/C	u_pool/acc_reg[22][4]/D
-0.032	u_enc_gelu/rq_tag_r1_reg[3]/C	u_pool/acc_reg[60][5]/D
-0.031	u_enc_gelu/rq_tag_r1_reg[3]/C	u_pool/acc_reg[14][5]/D
-0.026	u_enc_gelu/rq_tag_r1_reg[3]/C	u_pool/acc_reg[43][10]/D
-0.022	u_enc_gelu/rq_tag_r1_reg[3]/C	u_pool/acc_reg[51][5]/D
-0.022	u_input_buf/gen_word_write.mem_reg_1/CLKBWRCLK	u_conv_mac/g_lane[12].lane_out_reg[6]/D
-0.022	u_input_buf/gen_word_write.mem_reg_3/CLKBWRCLK	u_conv_mac/g_lane[4].lane_acc_reg[4]/D
-0.022	u_enc_gelu/rq_tag_r1_reg[1]/C	u_pool/acc_reg[41][9]/D
-0.021	u_enc_gelu/rq_tag_r1_reg[3]/C	u_pool/acc_reg[48][4]/D
-0.020	u_enc_gelu/rq_tag_r1_reg[3]/C	u_pool/acc_reg[13][4]/D
-0.017	u_fmap1_buf/gen_legacy.mem_reg_0_0/CLKBWRCLK	u_conv_mac/g_lane[10].lane_acc_reg[5]/D
-0.017	u_enc_gelu/rq_tag_r1_reg[3]/C	u_pool/acc_reg[55][7]/D
-0.017	u_enc_gelu/rq_tag_r1_reg[3]/C	u_pool/acc_reg[7][4]/D
-0.013	u_input_buf/gen_word_write.mem_reg_3/CLKBWRCLK	u_conv_mac/g_lane[5].lane_out_reg[5]/D
-0.013	u_input_buf/gen_word_write.mem_reg_3/CLKBWRCLK	u_conv_mac/g_lane[5].lane_acc_reg[5]/D
-0.012	u_enc_gelu/rq_tag_r1_reg[3]/C	u_pool/acc_reg[27][4]/D
-0.012	u_enc_gelu/rq_tag_r1_reg[3]/C	u_pool/acc_reg[59][5]/D
-0.008	u_enc_gelu/rq_tag_r1_reg[3]/C	u_pool/acc_reg[56][7]/D
-0.007	u_enc_gelu/rq_tag_r1_reg[3]/C	u_pool/acc_reg[39][8]/D
-0.005	u_enc_gelu/rq_tag_r1_reg[3]/C	u_pool/acc_reg[33][7]/D
-0.004	u_enc_gelu/rq_tag_r1_reg[3]/C	u_pool/acc_reg[6][7]/D
-0.001	u_enc_gelu/rq_tag_r1_reg[3]/C	u_pool/acc_reg[62][7]/D
-0.001	u_enc_gelu/rq_tag_r1_reg[3]/C	u_pool/acc_reg[51][7]/D
