CWD: D:\2609_final_project\cnn_rtl\syn
COMMAND: C:\Xilinx\Vivado\2020.2\bin\vivado.bat -mode batch -source D:/2609_final_project/cnn_rtl/syn/impl_check.tcl -nojournal -nolog -tclargs CNN_Encoder xc7z020clg400-1 10.000 performance D:/2609_final_project/cnn_rtl/docs/E-02a_runs/encoder_performance_10.000 D:/2609_final_project/cnn_rtl/rtl/encoder/Buffer.v D:/2609_final_project/cnn_rtl/rtl/encoder/Conv_MAC.v D:/2609_final_project/cnn_rtl/rtl/encoder/requant_stage.v D:/2609_final_project/cnn_rtl/rtl/encoder/gelu_stage.v D:/2609_final_project/cnn_rtl/rtl/encoder/Pool.v D:/2609_final_project/cnn_rtl/rtl/encoder/CNN_Encoder.v

****** Vivado v2020.2 (64-bit)
  **** SW Build 3064766 on Wed Nov 18 09:12:45 MST 2020
  **** IP Build 3064653 on Wed Nov 18 14:17:31 MST 2020
    ** Copyright 1986-2020 Xilinx, Inc. All Rights Reserved.

CRITICAL WARNING: [Common 17-741] No write access right to the local Tcl store at 'C'. XilinxTclStore is reverted to the installation area. If you want to use local Tcl Store, please change the access right and relaunch Vivado.
source D:/2609_final_project/cnn_rtl/syn/impl_check.tcl
# if {$argc < 6} {error "Expected top part period mode output_directory source..."}
# set top [lindex $argv 0]
# set part [lindex $argv 1]
# set period [lindex $argv 2]
# set mode [lindex $argv 3]
# set out_dir [file normalize [lindex $argv 4]]
# set srcs [lrange $argv 5 end]
# if {$part ne "xc7z020clg400-1"} {error "E-02a part must be xc7z020clg400-1"}
# if {$mode ni {default performance}} {error "Unsupported implementation mode"}
# if {![string is double -strict $period] || $period <= 0} {error "Invalid period"}
# file mkdir $out_dir
# proc e02a_stage {stage out_dir} {
#     report_timing_summary -delay_type min_max -max_paths 3 -file [file join $out_dir ${stage}_summary.rpt]
#     report_timing -max_paths 3 -nworst 1 -input_pins -delay_type max -file [file join $out_dir ${stage}_paths.rpt]
#     set p [lindex [get_timing_paths -delay_type max -max_paths 1] 0]
#     set h [lindex [get_timing_paths -delay_type min -max_paths 1] 0]
#     if {$p eq ""} {error "No constrained setup timing path at $stage"}
#     set wns [get_property SLACK $p]
#     set whs [get_property SLACK $h]
#     set start [get_property STARTPOINT_PIN $p]
#     set end [get_property ENDPOINT_PIN $p]
#     set line "$stage\t$wns\t$whs\t$start\t$end"
#     set f [open [file join $out_dir stages.tsv] a]
#     puts $f $line
#     close $f
#     puts "E02A_STAGE $line"
#     flush stdout
# }
E02A_CONFIG top=CNN_Encoder part=xc7z020clg400-1 period=10.000 mode=performance
E02A_VERSION 2020.2
Command: synth_design -top CNN_Encoder -part xc7z020clg400-1 -mode out_of_context
Starting synth_design
Attempting to get a license for feature 'Synthesis' and/or device 'xc7z020'
INFO: [Common 17-349] Got license for feature 'Synthesis' and/or device 'xc7z020'
INFO: [Device 21-403] Loading part xc7z020clg400-1
INFO: [Synth 8-7079] Multithreading enabled for synth_design using a maximum of 2 processes.
INFO: [Synth 8-7078] Launching helper process for spawning children vivado processes
INFO: [Synth 8-7075] Helper process launched with PID 22924
---------------------------------------------------------------------------------
Starting RTL Elaboration : Time (s): cpu = 00:00:04 ; elapsed = 00:00:04 . Memory (MB): peak = 1107.074 ; gain = 0.000
---------------------------------------------------------------------------------
INFO: [Synth 8-6157] synthesizing module 'CNN_Encoder' [D:/2609_final_project/cnn_rtl/rtl/encoder/CNN_Encoder.v:3]
INFO: [Synth 8-6157] synthesizing module 'Buffer' [D:/2609_final_project/cnn_rtl/rtl/encoder/Buffer.v:3]
	Parameter W_DATA_WIDTH bound to: 64 - type: integer 
	Parameter R_DATA_WIDTH bound to: 8 - type: integer 
	Parameter DEPTH_BYTE bound to: 11520 - type: integer 
	Parameter W_ADDR_WIDTH bound to: 11 - type: integer 
	Parameter R_ADDR_WIDTH bound to: 14 - type: integer 
	Parameter MIN_DATA_W bound to: 8 - type: integer 
	Parameter MAX_DATA_W bound to: 64 - type: integer 
	Parameter DEPTH bound to: 11520 - type: integer 
	Parameter RATIO bound to: 8 - type: integer 
INFO: [Synth 8-6155] done synthesizing module 'Buffer' (1#1) [D:/2609_final_project/cnn_rtl/rtl/encoder/Buffer.v:3]
INFO: [Synth 8-6157] synthesizing module 'Conv_MAC' [D:/2609_final_project/cnn_rtl/rtl/encoder/Conv_MAC.v:3]
	Parameter IDLE bound to: 0 - type: integer 
	Parameter CONV1 bound to: 1 - type: integer 
	Parameter WAIT_FMAP1 bound to: 2 - type: integer 
	Parameter CONV2_0 bound to: 3 - type: integer 
	Parameter CONV2_1 bound to: 4 - type: integer 
	Parameter LANES bound to: 16 - type: integer 
	Parameter WIDTH bound to: 10 - type: integer 
	Parameter HEIGHT bound to: 128 - type: integer 
	Parameter C1_IC bound to: 3 - type: integer 
	Parameter C1_KH bound to: 5 - type: integer 
	Parameter C1_KW bound to: 3 - type: integer 
	Parameter C1_TAPS bound to: 45 - type: integer 
	Parameter C1_PAD_H bound to: 2 - type: integer 
	Parameter C1_PAD_W bound to: 1 - type: integer 
	Parameter C1_WBASE bound to: 0 - type: integer 
	Parameter C2_IC bound to: 16 - type: integer 
	Parameter C2_KH bound to: 3 - type: integer 
	Parameter C2_KW bound to: 3 - type: integer 
	Parameter C2_TAPS bound to: 144 - type: integer 
	Parameter C2_PAD_H bound to: 1 - type: integer 
	Parameter C2_PAD_W bound to: 1 - type: integer 
	Parameter C2_WBASE bound to: 45 - type: integer 
INFO: [Synth 8-6155] done synthesizing module 'Conv_MAC' (2#1) [D:/2609_final_project/cnn_rtl/rtl/encoder/Conv_MAC.v:3]
INFO: [Synth 8-6157] synthesizing module 'requant_stage' [D:/2609_final_project/cnn_rtl/rtl/encoder/requant_stage.v:3]
	Parameter TAG_WIDTH bound to: 19 - type: integer 
	Parameter FC_MODE bound to: 0 - type: integer 
	Parameter PARAM_BASE0 bound to: 9'b000000000 
	Parameter PARAM_BASE1 bound to: 9'b000010000 
	Parameter PARAM_BASE2 bound to: 9'b000000000 
INFO: [Synth 8-6155] done synthesizing module 'requant_stage' (3#1) [D:/2609_final_project/cnn_rtl/rtl/encoder/requant_stage.v:3]
INFO: [Synth 8-6157] synthesizing module 'gelu_stage' [D:/2609_final_project/cnn_rtl/rtl/encoder/gelu_stage.v:3]
INFO: [Synth 8-6155] done synthesizing module 'gelu_stage' (4#1) [D:/2609_final_project/cnn_rtl/rtl/encoder/gelu_stage.v:3]
INFO: [Synth 8-6157] synthesizing module 'Buffer__parameterized0' [D:/2609_final_project/cnn_rtl/rtl/encoder/Buffer.v:3]
	Parameter W_DATA_WIDTH bound to: 8 - type: integer 
	Parameter R_DATA_WIDTH bound to: 8 - type: integer 
	Parameter DEPTH_BYTE bound to: 20480 - type: integer 
	Parameter W_ADDR_WIDTH bound to: 15 - type: integer 
	Parameter R_ADDR_WIDTH bound to: 15 - type: integer 
	Parameter MIN_DATA_W bound to: 8 - type: integer 
	Parameter MAX_DATA_W bound to: 8 - type: integer 
	Parameter DEPTH bound to: 20480 - type: integer 
	Parameter RATIO bound to: 1 - type: integer 
INFO: [Synth 8-6155] done synthesizing module 'Buffer__parameterized0' (4#1) [D:/2609_final_project/cnn_rtl/rtl/encoder/Buffer.v:3]
INFO: [Synth 8-6157] synthesizing module 'Pool' [D:/2609_final_project/cnn_rtl/rtl/encoder/Pool.v:2]
INFO: [Synth 8-6155] done synthesizing module 'Pool' (5#1) [D:/2609_final_project/cnn_rtl/rtl/encoder/Pool.v:2]
INFO: [Synth 8-6155] done synthesizing module 'CNN_Encoder' (6#1) [D:/2609_final_project/cnn_rtl/rtl/encoder/CNN_Encoder.v:3]
---------------------------------------------------------------------------------
Finished RTL Elaboration : Time (s): cpu = 00:00:05 ; elapsed = 00:00:05 . Memory (MB): peak = 1108.613 ; gain = 1.539
---------------------------------------------------------------------------------
---------------------------------------------------------------------------------
Start Handling Custom Attributes
---------------------------------------------------------------------------------
---------------------------------------------------------------------------------
Finished Handling Custom Attributes : Time (s): cpu = 00:00:06 ; elapsed = 00:00:06 . Memory (MB): peak = 1108.613 ; gain = 1.539
---------------------------------------------------------------------------------
---------------------------------------------------------------------------------
Finished RTL Optimization Phase 1 : Time (s): cpu = 00:00:06 ; elapsed = 00:00:06 . Memory (MB): peak = 1108.613 ; gain = 1.539
---------------------------------------------------------------------------------
Netlist sorting complete. Time (s): cpu = 00:00:00 ; elapsed = 00:00:00.057 . Memory (MB): peak = 1108.613 ; gain = 0.000
INFO: [Project 1-570] Preparing netlist for logic optimization

Processing XDC Constraints
Initializing timing engine
Parsing XDC File [D:/2609_final_project/cnn_rtl/syn/timing_100mhz.xdc]
Finished Parsing XDC File [D:/2609_final_project/cnn_rtl/syn/timing_100mhz.xdc]
Completed Processing XDC Constraints

Netlist sorting complete. Time (s): cpu = 00:00:00 ; elapsed = 00:00:00.001 . Memory (MB): peak = 1244.266 ; gain = 0.000
INFO: [Project 1-111] Unisim Transformation Summary:
No Unisim elements were transformed.

Constraint Validation Runtime : Time (s): cpu = 00:00:00 ; elapsed = 00:00:00.054 . Memory (MB): peak = 1244.266 ; gain = 0.000
---------------------------------------------------------------------------------
Finished Constraint Validation : Time (s): cpu = 00:00:12 ; elapsed = 00:00:13 . Memory (MB): peak = 1244.266 ; gain = 137.191
---------------------------------------------------------------------------------
---------------------------------------------------------------------------------
Start Loading Part and Timing Information
---------------------------------------------------------------------------------
Loading part: xc7z020clg400-1
---------------------------------------------------------------------------------
Finished Loading Part and Timing Information : Time (s): cpu = 00:00:12 ; elapsed = 00:00:13 . Memory (MB): peak = 1244.266 ; gain = 137.191
---------------------------------------------------------------------------------
---------------------------------------------------------------------------------
Start Applying 'set_property' XDC Constraints
---------------------------------------------------------------------------------
---------------------------------------------------------------------------------
Finished applying 'set_property' XDC Constraints : Time (s): cpu = 00:00:12 ; elapsed = 00:00:13 . Memory (MB): peak = 1244.266 ; gain = 137.191
---------------------------------------------------------------------------------
---------------------------------------------------------------------------------
Finished RTL Optimization Phase 2 : Time (s): cpu = 00:00:14 ; elapsed = 00:00:14 . Memory (MB): peak = 1244.266 ; gain = 137.191
---------------------------------------------------------------------------------
---------------------------------------------------------------------------------
Start RTL Component Statistics 
---------------------------------------------------------------------------------
Detailed RTL Component Info : 
+---Adders : 
	   2 Input   64 Bit       Adders := 3     
	   3 Input   64 Bit       Adders := 2     
	   2 Input   17 Bit       Adders := 1     
	   2 Input   16 Bit       Adders := 2     
	   3 Input   15 Bit       Adders := 1     
	   2 Input   10 Bit       Adders := 1     
	   4 Input    9 Bit       Adders := 1     
	   3 Input    9 Bit       Adders := 1     
	   2 Input    8 Bit       Adders := 1     
	   2 Input    7 Bit       Adders := 1     
	   3 Input    6 Bit       Adders := 1     
	   2 Input    6 Bit       Adders := 4     
	   2 Input    4 Bit       Adders := 3     
	   2 Input    3 Bit       Adders := 1     
	   2 Input    2 Bit       Adders := 3     
+---Registers : 
	               96 Bit    Registers := 2     
	               64 Bit    Registers := 5     
	               48 Bit    Registers := 1     
	               32 Bit    Registers := 33    
	               19 Bit    Registers := 7     
	               16 Bit    Registers := 129   
	               15 Bit    Registers := 2     
	               14 Bit    Registers := 1     
	                9 Bit    Registers := 1     
	                8 Bit    Registers := 5     
	                7 Bit    Registers := 4     
	                6 Bit    Registers := 5     
	                4 Bit    Registers := 7     
	                3 Bit    Registers := 4     
	                2 Bit    Registers := 6     
	                1 Bit    Registers := 29    
+---Multipliers : 
	              32x64  Multipliers := 1     
	              16x32  Multipliers := 1     
+---RAMs : 
	             160K Bit	(20480 X 8 bit)          RAMs := 1     
	              90K Bit	(1440 X 64 bit)          RAMs := 1     
	              24K Bit	(384 X 64 bit)          RAMs := 1     
+---Muxes : 
	   2 Input   64 Bit        Muxes := 18    
	   2 Input   32 Bit        Muxes := 16    
	   2 Input   17 Bit        Muxes := 1     
	   2 Input   16 Bit        Muxes := 66    
	   3 Input   15 Bit        Muxes := 1     
	   2 Input   15 Bit        Muxes := 2     
	   2 Input   10 Bit        Muxes := 1     
	   2 Input    8 Bit        Muxes := 9     
	   4 Input    8 Bit        Muxes := 1     
	   3 Input    8 Bit        Muxes := 3     
	   4 Input    7 Bit        Muxes := 1     
	   2 Input    7 Bit        Muxes := 1     
	   4 Input    4 Bit        Muxes := 2     
	   2 Input    4 Bit        Muxes := 2     
	   4 Input    3 Bit        Muxes := 2     
	   2 Input    3 Bit        Muxes := 3     
	   3 Input    3 Bit        Muxes := 1     
	   4 Input    2 Bit        Muxes := 2     
	   2 Input    2 Bit        Muxes := 2     
	   3 Input    2 Bit        Muxes := 1     
	   4 Input    1 Bit        Muxes := 7     
	   2 Input    1 Bit        Muxes := 206   
	   3 Input    1 Bit        Muxes := 1     
	   5 Input    1 Bit        Muxes := 1     
---------------------------------------------------------------------------------
Finished RTL Component Statistics 
---------------------------------------------------------------------------------
---------------------------------------------------------------------------------
Start Part Resource Summary
---------------------------------------------------------------------------------
Part Resources:
DSPs: 220 (col length:60)
BRAMs: 280 (col length: RAMB18 60 RAMB36 30)
---------------------------------------------------------------------------------
Finished Part Resource Summary
---------------------------------------------------------------------------------
---------------------------------------------------------------------------------
Start Cross Boundary and Area Optimization
---------------------------------------------------------------------------------
DSP Report: Generating DSP acc_mult, operation Mode is: A2*B2.
DSP Report: register acc_mult is absorbed into DSP acc_mult.
DSP Report: register acc_mult is absorbed into DSP acc_mult.
DSP Report: operator acc_mult is absorbed into DSP acc_mult.
DSP Report: operator acc_mult is absorbed into DSP acc_mult.
DSP Report: Generating DSP acc_r3_reg, operation Mode is: (PCIN>>17)+A2*B2.
DSP Report: register acc_r3_reg is absorbed into DSP acc_r3_reg.
DSP Report: register acc_r3_reg is absorbed into DSP acc_r3_reg.
DSP Report: register acc_r3_reg is absorbed into DSP acc_r3_reg.
DSP Report: operator acc_mult is absorbed into DSP acc_r3_reg.
DSP Report: operator acc_mult is absorbed into DSP acc_r3_reg.
DSP Report: Generating DSP acc_mult, operation Mode is: A2*B2.
DSP Report: register acc_mult is absorbed into DSP acc_mult.
DSP Report: register acc_mult is absorbed into DSP acc_mult.
DSP Report: operator acc_mult is absorbed into DSP acc_mult.
DSP Report: operator acc_mult is absorbed into DSP acc_mult.
DSP Report: Generating DSP acc_mult, operation Mode is: PCIN+A2*B2.
DSP Report: register acc_mult is absorbed into DSP acc_mult.
DSP Report: register acc_mult is absorbed into DSP acc_mult.
DSP Report: operator acc_mult is absorbed into DSP acc_mult.
DSP Report: operator acc_mult is absorbed into DSP acc_mult.
DSP Report: Generating DSP acc_r3_reg, operation Mode is: (PCIN>>17)+A2*B2.
DSP Report: register acc_r3_reg is absorbed into DSP acc_r3_reg.
DSP Report: register acc_r3_reg is absorbed into DSP acc_r3_reg.
DSP Report: register acc_r3_reg is absorbed into DSP acc_r3_reg.
DSP Report: operator acc_mult is absorbed into DSP acc_r3_reg.
DSP Report: operator acc_mult is absorbed into DSP acc_r3_reg.
DSP Report: Generating DSP acc_mult, operation Mode is: A2*B2.
DSP Report: register acc_mult is absorbed into DSP acc_mult.
DSP Report: register acc_mult is absorbed into DSP acc_mult.
DSP Report: operator acc_mult is absorbed into DSP acc_mult.
DSP Report: operator acc_mult is absorbed into DSP acc_mult.
DSP Report: Generating DSP acc_mult, operation Mode is: (PCIN>>17)+A2*B2.
DSP Report: register acc_mult is absorbed into DSP acc_mult.
DSP Report: register acc_mult is absorbed into DSP acc_mult.
DSP Report: operator acc_mult is absorbed into DSP acc_mult.
DSP Report: operator acc_mult is absorbed into DSP acc_mult.
DSP Report: Generating DSP acc_r3_reg, operation Mode is: (PCIN+A2*B2)'.
DSP Report: register acc_r3_reg is absorbed into DSP acc_r3_reg.
DSP Report: register acc_r3_reg is absorbed into DSP acc_r3_reg.
DSP Report: register acc_r3_reg is absorbed into DSP acc_r3_reg.
DSP Report: operator acc_mult is absorbed into DSP acc_r3_reg.
DSP Report: operator acc_mult is absorbed into DSP acc_r3_reg.
DSP Report: Generating DSP prod_r20, operation Mode is: A*B2.
DSP Report: register sum_r1_reg is absorbed into DSP prod_r20.
DSP Report: operator prod_r20 is absorbed into DSP prod_r20.
DSP Report: operator prod_r20 is absorbed into DSP prod_r20.
DSP Report: Generating DSP prod_r2_reg, operation Mode is: (PCIN>>17)+A2*B.
DSP Report: register sum_r1_reg is absorbed into DSP prod_r2_reg.
DSP Report: register prod_r2_reg is absorbed into DSP prod_r2_reg.
DSP Report: operator prod_r20 is absorbed into DSP prod_r2_reg.
DSP Report: operator prod_r20 is absorbed into DSP prod_r2_reg.
DSP Report: Generating DSP dq0, operation Mode is: A*(B:0x1556).
DSP Report: operator dq0 is absorbed into DSP dq0.
---------------------------------------------------------------------------------
Finished Cross Boundary and Area Optimization : Time (s): cpu = 00:00:31 ; elapsed = 00:00:32 . Memory (MB): peak = 1311.246 ; gain = 204.172
---------------------------------------------------------------------------------
---------------------------------------------------------------------------------
Start ROM, RAM, DSP, Shift Register and Retiming Reporting
---------------------------------------------------------------------------------

Block RAM: Preliminary Mapping	Report (see note below)
+------------+------------------------------------+------------------------+---+---+------------------------+---+---+------------------+--------+--------+
|Module Name | RTL Object                         | PORT A (Depth x Width) | W | R | PORT B (Depth x Width) | W | R | Ports driving FF | RAMB18 | RAMB36 | 
+------------+------------------------------------+------------------------+---+---+------------------------+---+---+------------------+--------+--------+
|CNN_Encoder | u_input_buf/gen_word_write.mem_reg | 1 K x 64(READ_FIRST)   | W |   | 1 K x 64(WRITE_FIRST)  |   | R | Port A and B     | 0      | 4      | 
|CNN_Encoder | u_fmap1_buf/gen_legacy.mem_reg     | 20 K x 8(READ_FIRST)   | W |   | 20 K x 8(WRITE_FIRST)  |   | R | Port A and B     | 0      | 8      | 
|u_pool      | res_mem_reg                        | 384 x 64(READ_FIRST)   | W |   | 384 x 64(WRITE_FIRST)  |   | R | Port A and B     | 0      | 1      | 
+------------+------------------------------------+------------------------+---+---+------------------------+---+---+------------------+--------+--------+

Note: The table above is a preliminary report that shows the Block RAMs at the current stage of the synthesis flow. Some Block RAMs may be reimplemented as non Block RAM primitives later in the synthesis flow. Multiple instantiated Block RAMs are reported only once. 

DSP: Preliminary Mapping	Report (see note below)
+--------------+------------------+--------+--------+--------+--------+--------+------+------+------+------+-------+------+------+
|Module Name   | DSP Mapping      | A Size | B Size | C Size | D Size | P Size | AREG | BREG | CREG | DREG | ADREG | MREG | PREG | 
+--------------+------------------+--------+--------+--------+--------+--------+------+------+------+------+-------+------+------+
|requant_stage | A2*B2            | 18     | 13     | -      | -      | 48     | 1    | 1    | -    | -    | -     | 0    | 0    | 
|requant_stage | (PCIN>>17)+A2*B2 | 15     | 13     | -      | -      | 48     | 1    | 1    | -    | -    | -     | 0    | 1    | 
|requant_stage | A2*B2            | 18     | 15     | -      | -      | 48     | 1    | 1    | -    | -    | -     | 0    | 0    | 
|requant_stage | PCIN+A2*B2       | 18     | 18     | -      | -      | 48     | 1    | 1    | -    | -    | -     | 0    | 0    | 
|requant_stage | (PCIN>>17)+A2*B2 | 18     | 15     | -      | -      | 48     | 1    | 1    | -    | -    | -     | 0    | 1    | 
|requant_stage | A2*B2            | 18     | 18     | -      | -      | 48     | 1    | 1    | -    | -    | -     | 0    | 0    | 
|requant_stage | (PCIN>>17)+A2*B2 | 18     | 15     | -      | -      | 48     | 1    | 1    | -    | -    | -     | 0    | 0    | 
|requant_stage | (PCIN+A2*B2)'    | 18     | 18     | -      | -      | 48     | 1    | 1    | -    | -    | -     | 0    | 1    | 
|Pool          | A*B2             | 18     | 16     | -      | -      | 48     | 0    | 1    | -    | -    | -     | 0    | 0    | 
|Pool          | (PCIN>>17)+A2*B  | 16     | 15     | -      | -      | 48     | 1    | 0    | -    | -    | -     | 0    | 1    | 
|Pool          | A*(B:0x1556)     | 17     | 13     | -      | -      | 30     | 0    | 0    | -    | -    | -     | 0    | 0    | 
+--------------+------------------+--------+--------+--------+--------+--------+------+------+------+------+-------+------+------+

Note: The table above is a preliminary report that shows the DSPs inferred at the current stage of the synthesis flow. Some DSP may be reimplemented as non DSP primitives later in the synthesis flow. Multiple instantiated DSPs are reported only once.
---------------------------------------------------------------------------------
Finished ROM, RAM, DSP, Shift Register and Retiming Reporting
---------------------------------------------------------------------------------
---------------------------------------------------------------------------------
Start Applying XDC Timing Constraints
---------------------------------------------------------------------------------
---------------------------------------------------------------------------------
Finished Applying XDC Timing Constraints : Time (s): cpu = 00:00:39 ; elapsed = 00:00:40 . Memory (MB): peak = 1311.246 ; gain = 204.172
---------------------------------------------------------------------------------
---------------------------------------------------------------------------------
Start Timing Optimization
---------------------------------------------------------------------------------
---------------------------------------------------------------------------------
Finished Timing Optimization : Time (s): cpu = 00:00:45 ; elapsed = 00:00:46 . Memory (MB): peak = 1531.480 ; gain = 424.406
---------------------------------------------------------------------------------
---------------------------------------------------------------------------------
Start ROM, RAM, DSP, Shift Register and Retiming Reporting
---------------------------------------------------------------------------------

Block RAM: Final Mapping	Report
+------------+------------------------------------+------------------------+---+---+------------------------+---+---+------------------+--------+--------+
|Module Name | RTL Object                         | PORT A (Depth x Width) | W | R | PORT B (Depth x Width) | W | R | Ports driving FF | RAMB18 | RAMB36 | 
+------------+------------------------------------+------------------------+---+---+------------------------+---+---+------------------+--------+--------+
|CNN_Encoder | u_input_buf/gen_word_write.mem_reg | 1 K x 64(READ_FIRST)   | W |   | 1 K x 64(WRITE_FIRST)  |   | R | Port A and B     | 0      | 4      | 
|CNN_Encoder | u_fmap1_buf/gen_legacy.mem_reg     | 20 K x 8(READ_FIRST)   | W |   | 20 K x 8(WRITE_FIRST)  |   | R | Port A and B     | 0      | 8      | 
|u_pool      | res_mem_reg                        | 384 x 64(READ_FIRST)   | W |   | 384 x 64(WRITE_FIRST)  |   | R | Port A and B     | 0      | 1      | 
+------------+------------------------------------+------------------------+---+---+------------------------+---+---+------------------+--------+--------+

---------------------------------------------------------------------------------
Finished ROM, RAM, DSP, Shift Register and Retiming Reporting
---------------------------------------------------------------------------------
---------------------------------------------------------------------------------
Start Technology Mapping
---------------------------------------------------------------------------------
INFO: [Synth 8-7052] The timing for the instance u_input_buf/gen_word_write.mem_reg_0 (implemented as a Block RAM) might be sub-optimal as no optional output register could be merged into the ram block. Providing additional output register may help in improving timing.
INFO: [Synth 8-7052] The timing for the instance u_input_buf/gen_word_write.mem_reg_1 (implemented as a Block RAM) might be sub-optimal as no optional output register could be merged into the ram block. Providing additional output register may help in improving timing.
INFO: [Synth 8-7052] The timing for the instance u_input_buf/gen_word_write.mem_reg_2 (implemented as a Block RAM) might be sub-optimal as no optional output register could be merged into the ram block. Providing additional output register may help in improving timing.
INFO: [Synth 8-7052] The timing for the instance u_input_buf/gen_word_write.mem_reg_3 (implemented as a Block RAM) might be sub-optimal as no optional output register could be merged into the ram block. Providing additional output register may help in improving timing.
INFO: [Synth 8-7052] The timing for the instance u_fmap1_buf/gen_legacy.mem_reg_0_0 (implemented as a Block RAM) might be sub-optimal as no optional output register could be merged into the ram block. Providing additional output register may help in improving timing.
INFO: [Synth 8-7052] The timing for the instance u_fmap1_buf/gen_legacy.mem_reg_0_1 (implemented as a Block RAM) might be sub-optimal as no optional output register could be merged into the ram block. Providing additional output register may help in improving timing.
INFO: [Synth 8-7052] The timing for the instance u_fmap1_buf/gen_legacy.mem_reg_0_2 (implemented as a Block RAM) might be sub-optimal as no optional output register could be merged into the ram block. Providing additional output register may help in improving timing.
INFO: [Synth 8-7052] The timing for the instance u_fmap1_buf/gen_legacy.mem_reg_0_3 (implemented as a Block RAM) might be sub-optimal as no optional output register could be merged into the ram block. Providing additional output register may help in improving timing.
INFO: [Synth 8-7052] The timing for the instance u_fmap1_buf/gen_legacy.mem_reg_0_4 (implemented as a Block RAM) might be sub-optimal as no optional output register could be merged into the ram block. Providing additional output register may help in improving timing.
INFO: [Synth 8-7052] The timing for the instance u_fmap1_buf/gen_legacy.mem_reg_0_5 (implemented as a Block RAM) might be sub-optimal as no optional output register could be merged into the ram block. Providing additional output register may help in improving timing.
INFO: [Synth 8-7052] The timing for the instance u_fmap1_buf/gen_legacy.mem_reg_0_6 (implemented as a Block RAM) might be sub-optimal as no optional output register could be merged into the ram block. Providing additional output register may help in improving timing.
INFO: [Synth 8-7052] The timing for the instance u_fmap1_buf/gen_legacy.mem_reg_0_7 (implemented as a Block RAM) might be sub-optimal as no optional output register could be merged into the ram block. Providing additional output register may help in improving timing.
INFO: [Synth 8-7052] The timing for the instance u_pool/res_mem_reg (implemented as a Block RAM) might be sub-optimal as no optional output register could be merged into the ram block. Providing additional output register may help in improving timing.
---------------------------------------------------------------------------------
Finished Technology Mapping : Time (s): cpu = 00:00:49 ; elapsed = 00:00:50 . Memory (MB): peak = 1531.480 ; gain = 424.406
---------------------------------------------------------------------------------
---------------------------------------------------------------------------------
Start IO Insertion
---------------------------------------------------------------------------------
---------------------------------------------------------------------------------
Start Flattening Before IO Insertion
---------------------------------------------------------------------------------
---------------------------------------------------------------------------------
Finished Flattening Before IO Insertion
---------------------------------------------------------------------------------
---------------------------------------------------------------------------------
Start Final Netlist Cleanup
---------------------------------------------------------------------------------
---------------------------------------------------------------------------------
Finished Final Netlist Cleanup
---------------------------------------------------------------------------------
---------------------------------------------------------------------------------
Finished IO Insertion : Time (s): cpu = 00:00:51 ; elapsed = 00:00:53 . Memory (MB): peak = 1531.480 ; gain = 424.406
---------------------------------------------------------------------------------
---------------------------------------------------------------------------------
Start Renaming Generated Instances
---------------------------------------------------------------------------------
---------------------------------------------------------------------------------
Finished Renaming Generated Instances : Time (s): cpu = 00:00:51 ; elapsed = 00:00:53 . Memory (MB): peak = 1531.480 ; gain = 424.406
---------------------------------------------------------------------------------
---------------------------------------------------------------------------------
Start Rebuilding User Hierarchy
---------------------------------------------------------------------------------
---------------------------------------------------------------------------------
Finished Rebuilding User Hierarchy : Time (s): cpu = 00:00:52 ; elapsed = 00:00:53 . Memory (MB): peak = 1531.480 ; gain = 424.406
---------------------------------------------------------------------------------
---------------------------------------------------------------------------------
Start Renaming Generated Ports
---------------------------------------------------------------------------------
---------------------------------------------------------------------------------
Finished Renaming Generated Ports : Time (s): cpu = 00:00:52 ; elapsed = 00:00:53 . Memory (MB): peak = 1531.480 ; gain = 424.406
---------------------------------------------------------------------------------
---------------------------------------------------------------------------------
Start Handling Custom Attributes
---------------------------------------------------------------------------------
---------------------------------------------------------------------------------
Finished Handling Custom Attributes : Time (s): cpu = 00:00:52 ; elapsed = 00:00:54 . Memory (MB): peak = 1531.480 ; gain = 424.406
---------------------------------------------------------------------------------
---------------------------------------------------------------------------------
Start Renaming Generated Nets
---------------------------------------------------------------------------------
---------------------------------------------------------------------------------
Finished Renaming Generated Nets : Time (s): cpu = 00:00:52 ; elapsed = 00:00:54 . Memory (MB): peak = 1531.480 ; gain = 424.406
---------------------------------------------------------------------------------
---------------------------------------------------------------------------------
Start ROM, RAM, DSP, Shift Register and Retiming Reporting
---------------------------------------------------------------------------------

Static Shift Register Report:
+------------+----------------------------+--------+-------+--------------+--------------------+-------------------+--------+---------+
|Module Name | RTL Name                   | Length | Width | Reset Signal | Pull out first Reg | Pull out last Reg | SRL16E | SRLC32E | 
+------------+----------------------------+--------+-------+--------------+--------------------+-------------------+--------+---------+
|CNN_Encoder | u_enc_rq/rq_tag_reg[18]    | 4      | 19    | NO           | NO                 | NO                | 19     | 0       | 
|CNN_Encoder | u_pool/idx_r4_reg[5]       | 4      | 6     | NO           | NO                 | YES               | 6      | 0       | 
|CNN_Encoder | u_pool/v_r4_reg            | 4      | 1     | YES          | NO                 | YES               | 1      | 0       | 
|CNN_Encoder | u_enc_gelu/rq_valid_r1_reg | 7      | 1     | YES          | NO                 | YES               | 1      | 0       | 
+------------+----------------------------+--------+-------+--------------+--------------------+-------------------+--------+---------+

---------------------------------------------------------------------------------
Finished ROM, RAM, DSP, Shift Register and Retiming Reporting
---------------------------------------------------------------------------------
---------------------------------------------------------------------------------
Start Writing Synthesis Report
---------------------------------------------------------------------------------

Report BlackBoxes: 
+-+--------------+----------+
| |BlackBox name |Instances |
+-+--------------+----------+
+-+--------------+----------+

Report Cell Usage: 
+------+---------+------+
|      |Cell     |Count |
+------+---------+------+
|1     |CARRY4   |   893|
|2     |DSP48E1  |    10|
|7     |LUT1     |    90|
|8     |LUT2     |   851|
|9     |LUT3     |  1480|
|10    |LUT4     |   539|
|11    |LUT5     |   704|
|12    |LUT6     |  3592|
|13    |MUXF7    |   344|
|14    |MUXF8    |   127|
|15    |RAMB36E1 |    13|
|18    |SRL16E   |    27|
|19    |FDRE     |  3512|
|20    |FDSE     |    18|
+------+---------+------+
---------------------------------------------------------------------------------
Finished Writing Synthesis Report : Time (s): cpu = 00:00:52 ; elapsed = 00:00:54 . Memory (MB): peak = 1531.480 ; gain = 424.406
---------------------------------------------------------------------------------
Synthesis finished with 0 errors, 0 critical warnings and 0 warnings.
Synthesis Optimization Runtime : Time (s): cpu = 00:00:44 ; elapsed = 00:00:51 . Memory (MB): peak = 1531.480 ; gain = 288.754
Synthesis Optimization Complete : Time (s): cpu = 00:00:52 ; elapsed = 00:00:54 . Memory (MB): peak = 1531.480 ; gain = 424.406
INFO: [Project 1-571] Translating synthesized netlist
Netlist sorting complete. Time (s): cpu = 00:00:00 ; elapsed = 00:00:00.098 . Memory (MB): peak = 1531.480 ; gain = 0.000
INFO: [Netlist 29-17] Analyzing 1387 Unisim elements for replacement
INFO: [Netlist 29-28] Unisim Transformation completed in 0 CPU seconds
INFO: [Project 1-570] Preparing netlist for logic optimization
Parsing XDC File [D:/2609_final_project/cnn_rtl/syn/timing_100mhz.xdc]
Finished Parsing XDC File [D:/2609_final_project/cnn_rtl/syn/timing_100mhz.xdc]
INFO: [Opt 31-138] Pushed 0 inverter(s) to 0 load pin(s).
Netlist sorting complete. Time (s): cpu = 00:00:00 ; elapsed = 00:00:00.001 . Memory (MB): peak = 1531.480 ; gain = 0.000
INFO: [Project 1-111] Unisim Transformation Summary:
No Unisim elements were transformed.

INFO: [Common 17-83] Releasing license: Synthesis
41 Infos, 0 Warnings, 0 Critical Warnings and 0 Errors encountered.
synth_design completed successfully
synth_design: Time (s): cpu = 00:00:59 ; elapsed = 00:01:03 . Memory (MB): peak = 1531.480 ; gain = 424.406
INFO: [Timing 38-35] Done setting XDC timing constraints.
INFO: [Timing 38-91] UpdateTimingParams: Speed grade: -1, Delay Type: min_max.
INFO: [Timing 38-191] Multithreading enabled for timing update using a maximum of 2 CPUs
WARNING: [Timing 38-242] The property HD.CLK_SRC of clock port "clk" is not set. In out-of-context mode, this prevents timing estimation for clock delay/skew
Resolution: Set the HD.CLK_SRC property of the out-of-context port to the location of the clock buffer instance in the top-level design
INFO: [Timing 38-91] UpdateTimingParams: Speed grade: -1, Delay Type: max.
INFO: [Timing 38-191] Multithreading enabled for timing update using a maximum of 2 CPUs
INFO: [Timing 38-78] ReportTimingParams: -max_paths 3 -nworst 1 -delay_type max -sort_by slack.
E02A_STAGE post_synth	-3.641	0.219	u_enc_rq/param3_reg[69]/C	u_enc_rq/rq_reg[1]/R
Command: opt_design -directive Explore
INFO: [Vivado_Tcl 4-136] Directive used for opt_design is: Explore
Attempting to get a license for feature 'Implementation' and/or device 'xc7z020'
INFO: [Common 17-349] Got license for feature 'Implementation' and/or device 'xc7z020'
Running DRC as a precondition to command opt_design

Starting DRC Task
INFO: [DRC 23-27] Running DRC with 2 threads
INFO: [Project 1-461] DRC finished with 0 Errors
INFO: [Project 1-462] Please refer to the DRC report (report_drc) for more information.

Time (s): cpu = 00:00:01 ; elapsed = 00:00:00.888 . Memory (MB): peak = 1613.980 ; gain = 23.945

Starting Cache Timing Information Task
Ending Cache Timing Information Task | Checksum: 128167ae9

Time (s): cpu = 00:00:00 ; elapsed = 00:00:00.002 . Memory (MB): peak = 1613.980 ; gain = 0.000

Starting Logic Optimization Task

Phase 1 Retarget
INFO: [Opt 31-138] Pushed 0 inverter(s) to 0 load pin(s).
INFO: [Opt 31-49] Retargeted 0 cell(s).
Phase 1 Retarget | Checksum: 11570ebd7

Time (s): cpu = 00:00:00 ; elapsed = 00:00:00.394 . Memory (MB): peak = 1787.414 ; gain = 0.000
INFO: [Opt 31-389] Phase Retarget created 0 cells and removed 1 cells

Phase 2 Constant propagation
INFO: [Opt 31-138] Pushed 0 inverter(s) to 0 load pin(s).
Phase 2 Constant propagation | Checksum: 3bad50f8

Time (s): cpu = 00:00:01 ; elapsed = 00:00:00.478 . Memory (MB): peak = 1787.414 ; gain = 0.000
INFO: [Opt 31-389] Phase Constant propagation created 0 cells and removed 0 cells

Phase 3 Sweep
Phase 3 Sweep | Checksum: 4184d5c5

Time (s): cpu = 00:00:01 ; elapsed = 00:00:00.600 . Memory (MB): peak = 1787.414 ; gain = 0.000
INFO: [Opt 31-389] Phase Sweep created 0 cells and removed 2 cells

Phase 4 BUFG optimization
Phase 4 BUFG optimization | Checksum: 4184d5c5

Time (s): cpu = 00:00:01 ; elapsed = 00:00:00.633 . Memory (MB): peak = 1787.414 ; gain = 0.000
INFO: [Opt 31-662] Phase BUFG optimization created 0 cells of which 0 are BUFGs and removed 0 cells.

Phase 5 Shift Register Optimization
INFO: [Opt 31-1064] SRL Remap converted 0 SRLs to 0 registers and converted 0 registers of register chains to 0 SRLs
Phase 5 Shift Register Optimization | Checksum: 4184d5c5

Time (s): cpu = 00:00:01 ; elapsed = 00:00:00.653 . Memory (MB): peak = 1787.414 ; gain = 0.000
INFO: [Opt 31-389] Phase Shift Register Optimization created 0 cells and removed 0 cells

Phase 6 Post Processing Netlist
Phase 6 Post Processing Netlist | Checksum: 4184d5c5

Time (s): cpu = 00:00:01 ; elapsed = 00:00:00.678 . Memory (MB): peak = 1787.414 ; gain = 0.000
INFO: [Opt 31-389] Phase Post Processing Netlist created 0 cells and removed 0 cells
Opt_design Change Summary
=========================


-------------------------------------------------------------------------------------------------------------------------
|  Phase                        |  #Cells created  |  #Cells Removed  |  #Constrained objects preventing optimizations  |
-------------------------------------------------------------------------------------------------------------------------
|  Retarget                     |               0  |               1  |                                              0  |
|  Constant propagation         |               0  |               0  |                                              0  |
|  Sweep                        |               0  |               2  |                                              0  |
|  BUFG optimization            |               0  |               0  |                                              0  |
|  Shift Register Optimization  |               0  |               0  |                                              0  |
|  Post Processing Netlist      |               0  |               0  |                                              0  |
-------------------------------------------------------------------------------------------------------------------------



Starting Connectivity Check Task

Time (s): cpu = 00:00:00 ; elapsed = 00:00:00.013 . Memory (MB): peak = 1787.414 ; gain = 0.000
Ending Logic Optimization Task | Checksum: 1a39c35d1

Time (s): cpu = 00:00:01 ; elapsed = 00:00:00.993 . Memory (MB): peak = 1787.414 ; gain = 0.000

Starting Power Optimization Task
INFO: [Pwropt 34-132] Skipping clock gating for clocks with a period < 2.00 ns.
INFO: [Timing 38-35] Done setting XDC timing constraints.
Running Vector-less Activity Propagation...
INFO: [Pwropt 34-9] Applying IDT optimizations ...
INFO: [Pwropt 34-10] Applying ODC optimizations ...

Finished Running Vector-less Activity Propagation


Starting PowerOpt Patch Enables Task
INFO: [Pwropt 34-162] WRITE_MODE attribute of 0 BRAM(s) out of a total of 13 has been updated to save power. Run report_power_opt to get a complete listing of the BRAMs updated.
INFO: [Pwropt 34-201] Structural ODC has moved 0 WE to EN ports
Number of BRAM Ports augmented: 0 newly gated: 12 Total Ports: 26
Number of Flops added for Enable Generation: 5

Ending PowerOpt Patch Enables Task | Checksum: f9331c5e

Time (s): cpu = 00:00:00 ; elapsed = 00:00:00.066 . Memory (MB): peak = 1898.480 ; gain = 0.000
Ending Power Optimization Task | Checksum: f9331c5e

Time (s): cpu = 00:00:04 ; elapsed = 00:00:02 . Memory (MB): peak = 1898.480 ; gain = 111.066

Starting Final Cleanup Task

Starting Logic Optimization Task
INFO: [Timing 38-35] Done setting XDC timing constraints.
Ending Logic Optimization Task | Checksum: 10a50c450

Time (s): cpu = 00:00:01 ; elapsed = 00:00:00.620 . Memory (MB): peak = 1898.480 ; gain = 0.000
Ending Final Cleanup Task | Checksum: 10a50c450

Time (s): cpu = 00:00:03 ; elapsed = 00:00:02 . Memory (MB): peak = 1898.480 ; gain = 0.000

Starting Netlist Obfuscation Task
Netlist sorting complete. Time (s): cpu = 00:00:00 ; elapsed = 00:00:00.002 . Memory (MB): peak = 1898.480 ; gain = 0.000
Ending Netlist Obfuscation Task | Checksum: 10a50c450

Time (s): cpu = 00:00:00 ; elapsed = 00:00:00.002 . Memory (MB): peak = 1898.480 ; gain = 0.000
INFO: [Common 17-83] Releasing license: Implementation
70 Infos, 1 Warnings, 0 Critical Warnings and 0 Errors encountered.
opt_design completed successfully
opt_design: Time (s): cpu = 00:00:11 ; elapsed = 00:00:08 . Memory (MB): peak = 1898.480 ; gain = 323.285
Command: place_design -directive ExtraTimingOpt
Attempting to get a license for feature 'Implementation' and/or device 'xc7z020'
INFO: [Common 17-349] Got license for feature 'Implementation' and/or device 'xc7z020'
INFO: [Timing 38-35] Done setting XDC timing constraints.
WARNING: [Timing 38-242] The property HD.CLK_SRC of clock port "clk" is not set. In out-of-context mode, this prevents timing estimation for clock delay/skew
Resolution: Set the HD.CLK_SRC property of the out-of-context port to the location of the clock buffer instance in the top-level design
INFO: [DRC 23-27] Running DRC with 2 threads
INFO: [Vivado_Tcl 4-198] DRC finished with 0 Errors
INFO: [Vivado_Tcl 4-199] Please refer to the DRC report (report_drc) for more information.
Running DRC as a precondition to command place_design
INFO: [DRC 23-27] Running DRC with 2 threads
INFO: [Vivado_Tcl 4-198] DRC finished with 0 Errors
INFO: [Vivado_Tcl 4-199] Please refer to the DRC report (report_drc) for more information.

Starting Placer Task
INFO: [Place 46-5] The placer was invoked with the 'ExtraTimingOpt' directive.
INFO: [Place 30-611] Multithreading enabled for place_design using a maximum of 2 CPUs

Phase 1 Placer Initialization

Phase 1.1 Placer Initialization Netlist Sorting
Netlist sorting complete. Time (s): cpu = 00:00:00 ; elapsed = 00:00:00.002 . Memory (MB): peak = 1898.480 ; gain = 0.000
Phase 1.1 Placer Initialization Netlist Sorting | Checksum: b45e0e55

Time (s): cpu = 00:00:00 ; elapsed = 00:00:00.015 . Memory (MB): peak = 1898.480 ; gain = 0.000
Netlist sorting complete. Time (s): cpu = 00:00:00 ; elapsed = 00:00:00.002 . Memory (MB): peak = 1898.480 ; gain = 0.000

Phase 1.2 IO Placement/ Clock Placement/ Build Placer Device
Phase 1.2 IO Placement/ Clock Placement/ Build Placer Device | Checksum: d736ea90

Time (s): cpu = 00:00:01 ; elapsed = 00:00:00.284 . Memory (MB): peak = 1898.480 ; gain = 0.000

Phase 1.3 Build Placer Netlist Model
Phase 1.3 Build Placer Netlist Model | Checksum: 1d31e6c2d

Time (s): cpu = 00:00:03 ; elapsed = 00:00:02 . Memory (MB): peak = 1898.480 ; gain = 0.000

Phase 1.4 Constrain Clocks/Macros
Phase 1.4 Constrain Clocks/Macros | Checksum: 1d31e6c2d

Time (s): cpu = 00:00:03 ; elapsed = 00:00:02 . Memory (MB): peak = 1898.480 ; gain = 0.000
Phase 1 Placer Initialization | Checksum: 1d31e6c2d

Time (s): cpu = 00:00:03 ; elapsed = 00:00:02 . Memory (MB): peak = 1898.480 ; gain = 0.000

Phase 2 Global Placement

Phase 2.1 Floorplanning
Phase 2.1 Floorplanning | Checksum: 13950c970

Time (s): cpu = 00:00:04 ; elapsed = 00:00:02 . Memory (MB): peak = 1898.480 ; gain = 0.000

Phase 2.2 Update Timing before SLR Path Opt
Phase 2.2 Update Timing before SLR Path Opt | Checksum: e3f37044

Time (s): cpu = 00:00:04 ; elapsed = 00:00:02 . Memory (MB): peak = 1898.480 ; gain = 0.000

Phase 2.3 Global Placement Core

Phase 2.3.1 Physical Synthesis In Placer
INFO: [Physopt 32-1035] Found 136 LUTNM shape to break, 58 LUT instances to create LUTNM shape
INFO: [Physopt 32-1044] Break lutnm for timing: one critical 5, two critical 131, total 136, new lutff created 0
INFO: [Physopt 32-775] End 1 Pass. Optimized 162 nets or cells. Created 136 new cells, deleted 26 existing cells and moved 0 existing cell
INFO: [Physopt 32-65] No nets found for high-fanout optimization.
INFO: [Physopt 32-232] Optimized 0 net. Created 0 new instance.
INFO: [Physopt 32-775] End 1 Pass. Optimized 0 net or cell. Created 0 new cell, deleted 0 existing cell and moved 0 existing cell
INFO: [Physopt 32-457] Pass 1. Identified 4 candidate cells for DSP register optimization.
INFO: [Physopt 32-666] Processed cell u_enc_rq/acc_mult. No change.
INFO: [Physopt 32-665] Processed cell u_enc_rq/acc_r3_reg__0. 47 registers were pushed out.
INFO: [Physopt 32-665] Processed cell u_enc_rq/acc_r3_reg. 13 registers were pushed out.
INFO: [Physopt 32-665] Processed cell u_pool/prod_r2_reg. 31 registers were pushed out.
INFO: [Physopt 32-457] Pass 2. Identified 1 candidate cell for DSP register optimization.
INFO: [Physopt 32-666] Processed cell u_enc_rq/acc_mult. No change.
INFO: [Physopt 32-775] End 2 Pass. Optimized 3 nets or cells. Created 91 new cells, deleted 0 existing cell and moved 0 existing cell
Netlist sorting complete. Time (s): cpu = 00:00:00 ; elapsed = 00:00:00.028 . Memory (MB): peak = 1898.480 ; gain = 0.000
INFO: [Physopt 32-1123] No candidate cells found for Shift Register to Pipeline optimization
INFO: [Physopt 32-775] End 1 Pass. Optimized 0 net or cell. Created 0 new cell, deleted 0 existing cell and moved 0 existing cell
INFO: [Physopt 32-677] No candidate cells for Shift Register optimization found in the design
INFO: [Physopt 32-775] End 1 Pass. Optimized 0 net or cell. Created 0 new cell, deleted 0 existing cell and moved 0 existing cell
INFO: [Physopt 32-526] No candidate cells for BRAM register optimization found in the design
INFO: [Physopt 32-775] End 1 Pass. Optimized 0 net or cell. Created 0 new cell, deleted 0 existing cell and moved 0 existing cell
INFO: [Physopt 32-846] No candidate cells for URAM register optimization found in the design
INFO: [Physopt 32-775] End 2 Pass. Optimized 0 net or cell. Created 0 new cell, deleted 0 existing cell and moved 0 existing cell
INFO: [Physopt 32-949] No candidate nets found for dynamic/static region interface net replication
INFO: [Physopt 32-775] End 1 Pass. Optimized 0 net or cell. Created 0 new cell, deleted 0 existing cell and moved 0 existing cell
Netlist sorting complete. Time (s): cpu = 00:00:00 ; elapsed = 00:00:00.002 . Memory (MB): peak = 1898.480 ; gain = 0.000

Summary of Physical Synthesis Optimizations
============================================


-----------------------------------------------------------------------------------------------------------------------------------------------------------
|  Optimization                                     |  Added Cells  |  Removed Cells  |  Optimized Cells/Nets  |  Dont Touch  |  Iterations  |  Elapsed   |
-----------------------------------------------------------------------------------------------------------------------------------------------------------
|  LUT Combining                                    |          136  |             26  |                   162  |           0  |           1  |  00:00:00  |
|  Very High Fanout                                 |            0  |              0  |                     0  |           0  |           1  |  00:00:00  |
|  DSP Register                                     |           91  |              0  |                     3  |           0  |           1  |  00:00:00  |
|  Shift Register to Pipeline                       |            0  |              0  |                     0  |           0  |           1  |  00:00:00  |
|  Shift Register                                   |            0  |              0  |                     0  |           0  |           1  |  00:00:00  |
|  BRAM Register                                    |            0  |              0  |                     0  |           0  |           1  |  00:00:00  |
|  URAM Register                                    |            0  |              0  |                     0  |           0  |           1  |  00:00:00  |
|  Dynamic/Static Region Interface Net Replication  |            0  |              0  |                     0  |           0  |           1  |  00:00:00  |
|  Total                                            |          227  |             26  |                   165  |           0  |           8  |  00:00:01  |
-----------------------------------------------------------------------------------------------------------------------------------------------------------


Phase 2.3.1 Physical Synthesis In Placer | Checksum: dbc8e6ca

Time (s): cpu = 00:00:16 ; elapsed = 00:00:10 . Memory (MB): peak = 1898.480 ; gain = 0.000
Phase 2.3 Global Placement Core | Checksum: b5fd1f2c

Time (s): cpu = 00:00:16 ; elapsed = 00:00:10 . Memory (MB): peak = 1898.480 ; gain = 0.000
Phase 2 Global Placement | Checksum: b5fd1f2c

Time (s): cpu = 00:00:16 ; elapsed = 00:00:10 . Memory (MB): peak = 1898.480 ; gain = 0.000

Phase 3 Detail Placement

Phase 3.1 Commit Multi Column Macros
Phase 3.1 Commit Multi Column Macros | Checksum: 1549a5b9e

Time (s): cpu = 00:00:17 ; elapsed = 00:00:10 . Memory (MB): peak = 1898.480 ; gain = 0.000

Phase 3.2 Commit Most Macros & LUTRAMs
Phase 3.2 Commit Most Macros & LUTRAMs | Checksum: 144fd602d

Time (s): cpu = 00:00:18 ; elapsed = 00:00:11 . Memory (MB): peak = 1898.480 ; gain = 0.000

Phase 3.3 Area Swap Optimization
Phase 3.3 Area Swap Optimization | Checksum: 21fb42b45

Time (s): cpu = 00:00:19 ; elapsed = 00:00:11 . Memory (MB): peak = 1898.480 ; gain = 0.000

Phase 3.4 Pipeline Register Optimization
Phase 3.4 Pipeline Register Optimization | Checksum: 199ec97ea

Time (s): cpu = 00:00:19 ; elapsed = 00:00:11 . Memory (MB): peak = 1898.480 ; gain = 0.000

Phase 3.5 Fast Optimization
Phase 3.5 Fast Optimization | Checksum: 2288f00f3

Time (s): cpu = 00:00:20 ; elapsed = 00:00:13 . Memory (MB): peak = 1898.480 ; gain = 0.000

Phase 3.6 Small Shape Detail Placement
Phase 3.6 Small Shape Detail Placement | Checksum: 1331fab26

Time (s): cpu = 00:00:22 ; elapsed = 00:00:15 . Memory (MB): peak = 1898.480 ; gain = 0.000

Phase 3.7 Re-assign LUT pins
Phase 3.7 Re-assign LUT pins | Checksum: f3fb0160

Time (s): cpu = 00:00:23 ; elapsed = 00:00:16 . Memory (MB): peak = 1898.480 ; gain = 0.000

Phase 3.8 Pipeline Register Optimization
Phase 3.8 Pipeline Register Optimization | Checksum: d72baccd

Time (s): cpu = 00:00:23 ; elapsed = 00:00:16 . Memory (MB): peak = 1898.480 ; gain = 0.000

Phase 3.9 Fast Optimization
Phase 3.9 Fast Optimization | Checksum: dbcd1139

Time (s): cpu = 00:00:27 ; elapsed = 00:00:19 . Memory (MB): peak = 1898.480 ; gain = 0.000
Phase 3 Detail Placement | Checksum: dbcd1139

Time (s): cpu = 00:00:27 ; elapsed = 00:00:19 . Memory (MB): peak = 1898.480 ; gain = 0.000

Phase 4 Post Placement Optimization and Clean-Up

Phase 4.1 Post Commit Optimization
INFO: [Timing 38-35] Done setting XDC timing constraints.

Phase 4.1.1 Post Placement Optimization
Post Placement Optimization Initialization | Checksum: 1ad900646

Phase 4.1.1.1 BUFG Insertion

Starting Physical Synthesis Task

Phase 1 Physical Synthesis Initialization
INFO: [Physopt 32-721] Multithreading enabled for phys_opt_design using a maximum of 2 CPUs
INFO: [Physopt 32-619] Estimated Timing Summary | WNS=-3.775 | TNS=-2375.389 |
Phase 1 Physical Synthesis Initialization | Checksum: 1e91f79f4

Time (s): cpu = 00:00:00 ; elapsed = 00:00:00.231 . Memory (MB): peak = 1898.480 ; gain = 0.000
INFO: [Place 46-33] Processed net u_pool/hold[0][15]_i_1_n_0, BUFG insertion was skipped due to placement/routing conflicts.
INFO: [Place 46-56] BUFG insertion identified 1 candidate nets. Inserted BUFG: 0, Replicated BUFG Driver: 0, Skipped due to Placement/Routing Conflicts: 1, Skipped due to Timing Degradation: 0, Skipped due to Illegal Netlist: 0.
Ending Physical Synthesis Task | Checksum: 104ade078

Time (s): cpu = 00:00:00 ; elapsed = 00:00:00.341 . Memory (MB): peak = 1898.480 ; gain = 0.000
Phase 4.1.1.1 BUFG Insertion | Checksum: 1ad900646

Time (s): cpu = 00:00:29 ; elapsed = 00:00:21 . Memory (MB): peak = 1898.480 ; gain = 0.000
INFO: [Place 30-746] Post Placement Timing Summary WNS=-2.912. For the most accurate timing information please run report_timing.

Time (s): cpu = 00:01:26 ; elapsed = 00:01:23 . Memory (MB): peak = 1898.480 ; gain = 0.000
Phase 4.1 Post Commit Optimization | Checksum: 218fe53b3

Time (s): cpu = 00:01:26 ; elapsed = 00:01:23 . Memory (MB): peak = 1898.480 ; gain = 0.000
Post Placement Optimization Initialization | Checksum: 23956c4e9

Starting Physical Synthesis Task

Phase 1 Physical Synthesis Initialization
INFO: [Physopt 32-721] Multithreading enabled for phys_opt_design using a maximum of 2 CPUs
INFO: [Physopt 32-619] Estimated Timing Summary | WNS=-3.273 | TNS=-2067.101 |
Phase 1 Physical Synthesis Initialization | Checksum: 1b9248947

Time (s): cpu = 00:00:01 ; elapsed = 00:00:00.250 . Memory (MB): peak = 1898.480 ; gain = 0.000
INFO: [Place 46-33] Processed net u_pool/hold[0][15]_i_1_n_0, BUFG insertion was skipped due to placement/routing conflicts.
INFO: [Place 46-56] BUFG insertion identified 1 candidate nets. Inserted BUFG: 0, Replicated BUFG Driver: 0, Skipped due to Placement/Routing Conflicts: 1, Skipped due to Timing Degradation: 0, Skipped due to Illegal Netlist: 0.
Ending Physical Synthesis Task | Checksum: 1c06f8fc8

Time (s): cpu = 00:00:01 ; elapsed = 00:00:00.359 . Memory (MB): peak = 1898.480 ; gain = 0.000
INFO: [Place 30-746] Post Placement Timing Summary WNS=-2.912. For the most accurate timing information please run report_timing.

Phase 4.2 Post Placement Cleanup
Phase 4.2 Post Placement Cleanup | Checksum: 21858a5ec

Time (s): cpu = 00:01:52 ; elapsed = 00:01:49 . Memory (MB): peak = 1898.480 ; gain = 0.000

Phase 4.3 Placer Reporting

Phase 4.3.1 Print Estimated Congestion
INFO: [Place 30-612] Post-Placement Estimated Congestion 
 ____________________________________________________
|           | Global Congestion | Short Congestion  |
| Direction | Region Size       | Region Size       |
|___________|___________________|___________________|
|      North|                1x1|                4x4|
|___________|___________________|___________________|
|      South|                1x1|                1x1|
|___________|___________________|___________________|
|       East|                2x2|                1x1|
|___________|___________________|___________________|
|       West|                1x1|                1x1|
|___________|___________________|___________________|

Phase 4.3.1 Print Estimated Congestion | Checksum: 21858a5ec

Time (s): cpu = 00:01:52 ; elapsed = 00:01:49 . Memory (MB): peak = 1898.480 ; gain = 0.000
Phase 4.3 Placer Reporting | Checksum: 21858a5ec

Time (s): cpu = 00:01:52 ; elapsed = 00:01:49 . Memory (MB): peak = 1898.480 ; gain = 0.000

Phase 4.4 Final Placement Cleanup
Netlist sorting complete. Time (s): cpu = 00:00:00 ; elapsed = 00:00:00.009 . Memory (MB): peak = 1898.480 ; gain = 0.000

Time (s): cpu = 00:01:52 ; elapsed = 00:01:49 . Memory (MB): peak = 1898.480 ; gain = 0.000
Phase 4 Post Placement Optimization and Clean-Up | Checksum: 1eafa8efc

Time (s): cpu = 00:01:53 ; elapsed = 00:01:49 . Memory (MB): peak = 1898.480 ; gain = 0.000
Ending Placer Task | Checksum: 141c4aa53

Time (s): cpu = 00:01:53 ; elapsed = 00:01:49 . Memory (MB): peak = 1898.480 ; gain = 0.000
INFO: [Common 17-83] Releasing license: Implementation
117 Infos, 2 Warnings, 0 Critical Warnings and 0 Errors encountered.
place_design completed successfully
place_design: Time (s): cpu = 00:01:56 ; elapsed = 00:01:51 . Memory (MB): peak = 1898.480 ; gain = 0.000
WARNING: [Timing 38-242] The property HD.CLK_SRC of clock port "clk" is not set. In out-of-context mode, this prevents timing estimation for clock delay/skew
Resolution: Set the HD.CLK_SRC property of the out-of-context port to the location of the clock buffer instance in the top-level design
INFO: [Timing 38-78] ReportTimingParams: -max_paths 3 -nworst 1 -delay_type max -sort_by slack.
E02A_STAGE post_place	-2.912	0.124	u_input_buf/gen_word_write.mem_reg_0/CLKBWRCLK	u_conv_mac/g_lane[14].lane_out_reg[29]/D
Command: phys_opt_design -directive AggressiveExplore
Attempting to get a license for feature 'Implementation' and/or device 'xc7z020'
INFO: [Common 17-349] Got license for feature 'Implementation' and/or device 'xc7z020'
INFO: [Vivado_Tcl 4-137] Directive used for phys_opt_design is: AggressiveExplore
Netlist sorting complete. Time (s): cpu = 00:00:00 ; elapsed = 00:00:00.002 . Memory (MB): peak = 1898.480 ; gain = 0.000

Starting Physical Synthesis Task

Phase 1 Physical Synthesis Initialization
INFO: [Physopt 32-721] Multithreading enabled for phys_opt_design using a maximum of 2 CPUs
WARNING: [Timing 38-242] The property HD.CLK_SRC of clock port "clk" is not set. In out-of-context mode, this prevents timing estimation for clock delay/skew
Resolution: Set the HD.CLK_SRC property of the out-of-context port to the location of the clock buffer instance in the top-level design
INFO: [Physopt 32-619] Estimated Timing Summary | WNS=-2.912 | TNS=-2052.304 |
Phase 1 Physical Synthesis Initialization | Checksum: 78a994fe

Time (s): cpu = 00:00:02 ; elapsed = 00:00:01 . Memory (MB): peak = 1898.480 ; gain = 0.000

Phase 2 SLR Crossing Optimization
Phase 2 SLR Crossing Optimization | Checksum: 78a994fe

Time (s): cpu = 00:00:02 ; elapsed = 00:00:01 . Memory (MB): peak = 1898.480 ; gain = 0.000
INFO: [Physopt 32-619] Estimated Timing Summary | WNS=-2.912 | TNS=-2052.304 |

Phase 3 Fanout Optimization
INFO: [Physopt 32-76] Pass 1. Identified 25 candidate nets for fanout optimization.
INFO: [Physopt 32-572] Net u_input_buf/u_conv_mac/act[1] was not replicated.
Resolution: phys_opt_design can be forced to replicate a net driver using the option -force_replication_on_nets <list of net objects>.
INFO: [Physopt 32-572] Net u_input_buf/g_lane[0].prod__0_carry_i_8_n_0 was not replicated.
Resolution: phys_opt_design can be forced to replicate a net driver using the option -force_replication_on_nets <list of net objects>.
INFO: [Physopt 32-572] Net u_input_buf/g_lane[2].prod__0_carry_i_8_n_0 was not replicated.
Resolution: phys_opt_design can be forced to replicate a net driver using the option -force_replication_on_nets <list of net objects>.
INFO: [Physopt 32-572] Net u_input_buf/u_conv_mac/act[2] was not replicated.
Resolution: phys_opt_design can be forced to replicate a net driver using the option -force_replication_on_nets <list of net objects>.
INFO: [Physopt 32-572] Net u_input_buf/g_lane[2].prod__0_carry_i_9_n_0 was not replicated.
Resolution: phys_opt_design can be forced to replicate a net driver using the option -force_replication_on_nets <list of net objects>.
INFO: [Physopt 32-572] Net u_input_buf/g_lane[0].prod__0_carry_i_11_n_0 was not replicated.
Resolution: phys_opt_design can be forced to replicate a net driver using the option -force_replication_on_nets <list of net objects>.
INFO: [Physopt 32-572] Net u_input_buf/u_conv_mac/act[0] was not replicated.
Resolution: phys_opt_design can be forced to replicate a net driver using the option -force_replication_on_nets <list of net objects>.
INFO: [Physopt 32-572] Net u_input_buf/u_conv_mac/act[4] was not replicated.
Resolution: phys_opt_design can be forced to replicate a net driver using the option -force_replication_on_nets <list of net objects>.
INFO: [Physopt 32-572] Net u_input_buf/u_conv_mac/act[3] was not replicated.
Resolution: phys_opt_design can be forced to replicate a net driver using the option -force_replication_on_nets <list of net objects>.
INFO: [Physopt 32-81] Processed net u_input_buf/g_lane[2].prod__0_carry__0_i_10_n_0. Replicated 4 times.
INFO: [Physopt 32-572] Net u_input_buf/g_lane[2].prod__0_carry__0_i_9_n_0 was not replicated.
Resolution: phys_opt_design can be forced to replicate a net driver using the option -force_replication_on_nets <list of net objects>.
INFO: [Physopt 32-81] Processed net u_enc_rq/param3_reg[66]_rep_n_0. Replicated 3 times.
INFO: [Physopt 32-81] Processed net u_enc_rq/p_0_in[0]. Replicated 3 times.
INFO: [Physopt 32-572] Net u_input_buf/g_lane[0].prod__0_carry__0_i_9_n_0 was not replicated.
Resolution: phys_opt_design can be forced to replicate a net driver using the option -force_replication_on_nets <list of net objects>.
INFO: [Physopt 32-232] Optimized 3 nets. Created 10 new instances.
INFO: [Physopt 32-775] End 1 Pass. Optimized 3 nets or cells. Created 10 new cells, deleted 0 existing cell and moved 0 existing cell
INFO: [Physopt 32-619] Estimated Timing Summary | WNS=-2.912 | TNS=-2052.304 |
Netlist sorting complete. Time (s): cpu = 00:00:00 ; elapsed = 00:00:00.020 . Memory (MB): peak = 1898.480 ; gain = 0.000
Phase 3 Fanout Optimization | Checksum: 179cb867d

Time (s): cpu = 00:00:09 ; elapsed = 00:00:05 . Memory (MB): peak = 1898.480 ; gain = 0.000

Phase 4 Single Cell Placement Optimization
INFO: [Physopt 32-660] Identified 250 candidate nets for placement-based optimization.
INFO: [Physopt 32-662] Processed net u_input_buf/u_conv_mac/act[1].  Did not re-place instance u_input_buf/g_lane[9].prod__0_carry_i_8
INFO: [Physopt 32-662] Processed net u_input_buf/g_lane[0].prod__0_carry_i_15_n_0.  Did not re-place instance u_input_buf/g_lane[0].prod__0_carry_i_15
INFO: [Physopt 32-662] Processed net u_conv_mac/g_lane[14].prod__86_carry_i_1_n_0.  Did not re-place instance u_conv_mac/g_lane[14].prod__86_carry_i_1
INFO: [Physopt 32-662] Processed net u_input_buf/conv_rdata[114][0].  Did not re-place instance u_input_buf/g_lane[14].prod__0_carry__0_i_4
INFO: [Physopt 32-662] Processed net u_conv_mac/g_lane[14].prod__86_carry_i_4_n_0.  Did not re-place instance u_conv_mac/g_lane[14].prod__86_carry_i_4
INFO: [Physopt 32-662] Processed net u_conv_mac/g_lane[14].sum_carry__3_i_8_n_0.  Did not re-place instance u_conv_mac/g_lane[14].sum_carry__3_i_8
INFO: [Physopt 32-662] Processed net u_input_buf/conv_rdata[113]_1[0].  Did not re-place instance u_input_buf/g_lane[14].prod__0_carry__0_i_8
INFO: [Physopt 32-662] Processed net u_conv_mac/g_lane[14].lane_out[29].  Did not re-place instance u_conv_mac/g_lane[14].lane_out_reg[29]
INFO: [Physopt 32-662] Processed net u_conv_mac/g_lane[15].prod__86_carry_i_1_n_0.  Did not re-place instance u_conv_mac/g_lane[15].prod__86_carry_i_1
INFO: [Physopt 32-662] Processed net u_input_buf/conv_rdata[122][0].  Did not re-place instance u_input_buf/g_lane[15].prod__0_carry__0_i_4
INFO: [Physopt 32-662] Processed net u_conv_mac/g_lane[15].lane_acc[12]_i_5_n_0.  Did not re-place instance u_conv_mac/g_lane[15].lane_acc[12]_i_5
INFO: [Physopt 32-662] Processed net u_conv_mac/g_lane[15].lane_acc[8]_i_5_n_0.  Did not re-place instance u_conv_mac/g_lane[15].lane_acc[8]_i_5
INFO: [Physopt 32-662] Processed net u_conv_mac/g_lane[15].prod__86_carry_i_4_n_0.  Did not re-place instance u_conv_mac/g_lane[15].prod__86_carry_i_4
INFO: [Physopt 32-662] Processed net u_input_buf/conv_rdata[121]_1[0].  Did not re-place instance u_input_buf/g_lane[15].prod__0_carry__0_i_8
INFO: [Physopt 32-662] Processed net u_conv_mac/g_lane[15].lane_acc_reg[29].  Did not re-place instance u_conv_mac/g_lane[15].lane_acc_reg[29]
INFO: [Physopt 32-662] Processed net u_input_buf/g_lane[0].prod__0_carry_i_8_n_0.  Did not re-place instance u_input_buf/g_lane[0].prod__0_carry_i_8
INFO: [Physopt 32-662] Processed net u_conv_mac/g_lane[3].prod__86_carry_i_1_n_0.  Did not re-place instance u_conv_mac/g_lane[3].prod__86_carry_i_1
INFO: [Physopt 32-662] Processed net u_input_buf/g_lane[0].prod__0_carry_i_14_n_0.  Did not re-place instance u_input_buf/g_lane[0].prod__0_carry_i_14
INFO: [Physopt 32-662] Processed net u_conv_mac/g_lane[3].prod__86_carry_i_4_n_0.  Did not re-place instance u_conv_mac/g_lane[3].prod__86_carry_i_4
INFO: [Physopt 32-662] Processed net u_conv_mac/g_lane[3].sum_carry__3_i_8_n_0.  Did not re-place instance u_conv_mac/g_lane[3].sum_carry__3_i_8
INFO: [Physopt 32-662] Processed net u_input_buf/conv_rdata[25][2].  Did not re-place instance u_input_buf/g_lane[3].prod__0_carry_i_1
INFO: [Physopt 32-662] Processed net u_conv_mac/g_lane[3].lane_out[29].  Did not re-place instance u_conv_mac/g_lane[3].lane_out_reg[29]
INFO: [Physopt 32-662] Processed net u_conv_mac/g_lane[14].lane_out[31].  Did not re-place instance u_conv_mac/g_lane[14].lane_out_reg[31]
INFO: [Physopt 32-662] Processed net u_input_buf/conv_rdata[26][0].  Did not re-place instance u_input_buf/g_lane[3].prod__0_carry__0_i_4
INFO: [Physopt 32-662] Processed net u_input_buf/conv_rdata[25]_1[0].  Did not re-place instance u_input_buf/g_lane[3].prod__0_carry__0_i_8
INFO: [Physopt 32-662] Processed net u_conv_mac/g_lane[15].lane_acc_reg[31].  Did not re-place instance u_conv_mac/g_lane[15].lane_acc_reg[31]
INFO: [Physopt 32-662] Processed net u_conv_mac/g_lane[14].sum_carry__1_i_4_n_0.  Did not re-place instance u_conv_mac/g_lane[14].sum_carry__1_i_4
INFO: [Physopt 32-662] Processed net u_conv_mac/g_lane[14].sum_carry__2_i_4_n_0.  Did not re-place instance u_conv_mac/g_lane[14].sum_carry__2_i_4
INFO: [Physopt 32-662] Processed net u_conv_mac/g_lane[3].lane_out[31].  Did not re-place instance u_conv_mac/g_lane[3].lane_out_reg[31]
INFO: [Physopt 32-662] Processed net p_r3[1]_i_229_n_0.  Did not re-place instance p_r3[1]_i_229
INFO: [Physopt 32-662] Processed net u_pool/p_r3[14]_i_1_n_0.  Did not re-place instance u_pool/p_r3[14]_i_1
INFO: [Physopt 32-662] Processed net u_pool/p_r3[14]_i_530_n_0.  Did not re-place instance u_pool/p_r3[14]_i_530
INFO: [Physopt 32-662] Processed net u_pool/p_r3[14]_i_732_n_0.  Did not re-place instance u_pool/p_r3[14]_i_732
INFO: [Physopt 32-662] Processed net u_pool/p_r3[14]_i_699_n_0.  Did not re-place instance u_pool/p_r3[14]_i_699
INFO: [Physopt 32-662] Processed net u_pool/p_r3[14]_i_605_n_0.  Did not re-place instance u_pool/p_r3[14]_i_605
INFO: [Physopt 32-662] Processed net u_pool/p_r3[14]_i_410_n_0.  Did not re-place instance u_pool/p_r3[14]_i_410
INFO: [Physopt 32-662] Processed net u_pool/p_r3[1]_i_221_n_0.  Did not re-place instance u_pool/p_r3[1]_i_221
INFO: [Physopt 32-662] Processed net u_pool/p_r3_reg[4]_inv_n_0.  Did not re-place instance u_pool/p_r3_reg[4]_inv
INFO: [Physopt 32-662] Processed net u_pool/p_r3_reg_n_0_[11].  Did not re-place instance u_pool/p_r3_reg[11]
INFO: [Physopt 32-662] Processed net u_pool/p_r3_reg_n_0_[13].  Did not re-place instance u_pool/p_r3_reg[13]
INFO: [Physopt 32-663] Processed net u_pool/p_r3_reg_n_0_[9].  Re-placed instance u_pool/p_r3_reg[9]
INFO: [Physopt 32-663] Processed net u_pool/p_r3[14]_i_249_n_0.  Re-placed instance u_pool/p_r3[14]_i_249
INFO: [Physopt 32-662] Processed net u_pool/p_r3[14]_i_452_n_0.  Did not re-place instance u_pool/p_r3[14]_i_452
INFO: [Physopt 32-662] Processed net u_pool/p_r3[14]_i_501_n_0.  Did not re-place instance u_pool/p_r3[14]_i_501
INFO: [Physopt 32-662] Processed net u_pool/p_r3[14]_i_175_n_0.  Did not re-place instance u_pool/p_r3[14]_i_175
INFO: [Physopt 32-663] Processed net u_pool/p_r3[14]_i_362_n_0.  Re-placed instance u_pool/p_r3[14]_i_362
INFO: [Physopt 32-662] Processed net u_pool/p_r3[1]_i_156_n_0.  Did not re-place instance u_pool/p_r3[1]_i_156
INFO: [Physopt 32-662] Processed net u_conv_mac/g_lane[15].sum_carry__0_i_1_n_0.  Did not re-place instance u_conv_mac/g_lane[15].sum_carry__0_i_1
INFO: [Physopt 32-662] Processed net u_conv_mac/g_lane[15].lane_out[29].  Did not re-place instance u_conv_mac/g_lane[15].lane_out_reg[29]
INFO: [Physopt 32-662] Processed net u_pool/p_r3_reg_n_0_[10].  Did not re-place instance u_pool/p_r3_reg[10]
INFO: [Physopt 32-663] Processed net u_pool/p_r3_reg_n_0_[1].  Re-placed instance u_pool/p_r3_reg[1]
INFO: [Physopt 32-662] Processed net u_pool/p_r3_reg_n_0_[6].  Did not re-place instance u_pool/p_r3_reg[6]
INFO: [Physopt 32-662] Processed net u_pool/p_r3_reg_n_0_[8].  Did not re-place instance u_pool/p_r3_reg[8]
INFO: [Physopt 32-662] Processed net u_conv_mac/g_lane[9].prod__86_carry_i_1_n_0.  Did not re-place instance u_conv_mac/g_lane[9].prod__86_carry_i_1
INFO: [Physopt 32-663] Processed net u_input_buf/conv_rdata[74][0].  Re-placed instance u_input_buf/g_lane[9].prod__0_carry__0_i_4
INFO: [Physopt 32-662] Processed net u_conv_mac/g_lane[9].lane_acc[12]_i_4_n_0.  Did not re-place instance u_conv_mac/g_lane[9].lane_acc[12]_i_4
INFO: [Physopt 32-662] Processed net u_conv_mac/g_lane[9].prod__86_carry_i_4_n_0.  Did not re-place instance u_conv_mac/g_lane[9].prod__86_carry_i_4
INFO: [Physopt 32-662] Processed net u_input_buf/conv_rdata[73]_1[0].  Did not re-place instance u_input_buf/g_lane[9].prod__0_carry__0_i_8
INFO: [Physopt 32-662] Processed net u_pool/p_r3[1]_i_220_n_0.  Did not re-place instance u_pool/p_r3[1]_i_220
INFO: [Physopt 32-662] Processed net u_conv_mac/g_lane[9].lane_acc_reg[29].  Did not re-place instance u_conv_mac/g_lane[9].lane_acc_reg[29]
INFO: [Physopt 32-662] Processed net u_conv_mac/g_lane[9].lane_acc[8]_i_4_n_0.  Did not re-place instance u_conv_mac/g_lane[9].lane_acc[8]_i_4
INFO: [Physopt 32-662] Processed net u_pool/p_r3_reg_n_0_[2].  Did not re-place instance u_pool/p_r3_reg[2]
INFO: [Physopt 32-663] Processed net u_pool/p_r3_reg_n_0_[12].  Re-placed instance u_pool/p_r3_reg[12]
INFO: [Physopt 32-662] Processed net u_pool/p_r3_reg_n_0_[5].  Did not re-place instance u_pool/p_r3_reg[5]
INFO: [Physopt 32-662] Processed net u_pool/p_r3_reg_n_0_[7].  Did not re-place instance u_pool/p_r3_reg[7]
INFO: [Physopt 32-662] Processed net u_conv_mac/g_lane[14].sum_carry__3_i_4_n_0.  Did not re-place instance u_conv_mac/g_lane[14].sum_carry__3_i_4
INFO: [Physopt 32-662] Processed net u_pool/p_r3[1]_i_219_n_0.  Did not re-place instance u_pool/p_r3[1]_i_219
INFO: [Physopt 32-662] Processed net u_conv_mac/g_lane[15].lane_out[31].  Did not re-place instance u_conv_mac/g_lane[15].lane_out_reg[31]
INFO: [Physopt 32-662] Processed net u_input_buf/g_lane[2].prod__0_carry_i_8_n_0.  Did not re-place instance u_input_buf/g_lane[2].prod__0_carry_i_8
INFO: [Physopt 32-662] Processed net u_pool/p_0_in.  Did not re-place instance u_pool/p_r3_reg[14]
INFO: [Physopt 32-662] Processed net u_pool/p_r3_reg_n_0_[3].  Did not re-place instance u_pool/p_r3_reg[3]
INFO: [Physopt 32-662] Processed net u_conv_mac/g_lane[10].prod__86_carry_i_1_n_0.  Did not re-place instance u_conv_mac/g_lane[10].prod__86_carry_i_1
INFO: [Physopt 32-663] Processed net u_input_buf/conv_rdata[82][0].  Re-placed instance u_input_buf/g_lane[10].prod__0_carry__0_i_4
INFO: [Physopt 32-662] Processed net u_conv_mac/g_lane[10].prod__86_carry_i_4_n_0.  Did not re-place instance u_conv_mac/g_lane[10].prod__86_carry_i_4
INFO: [Physopt 32-662] Processed net u_conv_mac/g_lane[10].sum_carry__3_i_8_n_0.  Did not re-place instance u_conv_mac/g_lane[10].sum_carry__3_i_8
INFO: [Physopt 32-662] Processed net u_input_buf/conv_rdata[81]_1[0].  Did not re-place instance u_input_buf/g_lane[10].prod__0_carry__0_i_8
INFO: [Physopt 32-662] Processed net u_conv_mac/g_lane[10].lane_out[29].  Did not re-place instance u_conv_mac/g_lane[10].lane_out_reg[29]
INFO: [Physopt 32-662] Processed net u_pool/p_r3[1]_i_222_n_0.  Did not re-place instance u_pool/p_r3[1]_i_222
INFO: [Physopt 32-662] Processed net u_conv_mac/g_lane[2].prod__86_carry_i_1_n_0.  Did not re-place instance u_conv_mac/g_lane[2].prod__86_carry_i_1
INFO: [Physopt 32-663] Processed net u_input_buf/conv_rdata[18][0].  Re-placed instance u_input_buf/g_lane[2].prod__0_carry__0_i_4
INFO: [Physopt 32-662] Processed net u_conv_mac/g_lane[2].prod__86_carry_i_4_n_0.  Did not re-place instance u_conv_mac/g_lane[2].prod__86_carry_i_4
INFO: [Physopt 32-662] Processed net u_input_buf/conv_rdata[17]_1[0].  Did not re-place instance u_input_buf/g_lane[2].prod__0_carry__0_i_8
INFO: [Physopt 32-662] Processed net u_conv_mac/g_lane[2].lane_out[29].  Did not re-place instance u_conv_mac/g_lane[2].lane_out_reg[29]
INFO: [Physopt 32-662] Processed net u_input_buf/u_conv_mac/act[2].  Did not re-place instance u_input_buf/g_lane[8].prod__0_carry_i_8
INFO: [Physopt 32-663] Processed net u_input_buf/conv_rdata[122][1].  Re-placed instance u_input_buf/g_lane[15].prod__0_carry__0_i_3
INFO: [Physopt 32-662] Processed net u_input_buf/g_lane[0].prod__0_carry_i_13_n_0.  Did not re-place instance u_input_buf/g_lane[0].prod__0_carry_i_13
INFO: [Physopt 32-662] Processed net u_input_buf/conv_rdata[121]_1[1].  Did not re-place instance u_input_buf/g_lane[15].prod__0_carry__0_i_7
INFO: [Physopt 32-662] Processed net u_conv_mac/g_lane[2].sum_carry__3_i_8_n_0.  Did not re-place instance u_conv_mac/g_lane[2].sum_carry__3_i_8
INFO: [Physopt 32-662] Processed net u_pool/p_r3[1]_i_157_n_0.  Did not re-place instance u_pool/p_r3[1]_i_157
INFO: [Physopt 32-663] Processed net u_input_buf/conv_rdata[82][1].  Re-placed instance u_input_buf/g_lane[10].prod__0_carry__0_i_3
INFO: [Physopt 32-662] Processed net u_input_buf/conv_rdata[81]_1[1].  Did not re-place instance u_input_buf/g_lane[10].prod__0_carry__0_i_7
INFO: [Physopt 32-663] Processed net u_input_buf/conv_rdata[73][2].  Re-placed instance u_input_buf/g_lane[9].prod__0_carry_i_1
INFO: [Physopt 32-662] Processed net u_conv_mac/g_lane[9].lane_acc_reg[31].  Did not re-place instance u_conv_mac/g_lane[9].lane_acc_reg[31]
INFO: [Physopt 32-663] Processed net u_conv_mac/g_lane[3].sum_carry__3_i_4_n_0.  Re-placed instance u_conv_mac/g_lane[3].sum_carry__3_i_4
INFO: [Physopt 32-663] Processed net u_input_buf/conv_rdata[81][2].  Re-placed instance u_input_buf/g_lane[10].prod__0_carry_i_1
INFO: [Physopt 32-662] Processed net u_conv_mac/g_lane[9].sum_carry__3_i_8_n_0.  Did not re-place instance u_conv_mac/g_lane[9].sum_carry__3_i_8
INFO: [Physopt 32-662] Processed net u_conv_mac/g_lane[10].lane_out[31].  Did not re-place instance u_conv_mac/g_lane[10].lane_out_reg[31]
INFO: [Physopt 32-662] Processed net u_conv_mac/g_lane[9].lane_out[29].  Did not re-place instance u_conv_mac/g_lane[9].lane_out_reg[29]
INFO: [Physopt 32-662] Processed net u_pool/p_r3[1]_i_154_n_0.  Did not re-place instance u_pool/p_r3[1]_i_154
INFO: [Physopt 32-662] Processed net u_conv_mac/g_lane[2].lane_out[31].  Did not re-place instance u_conv_mac/g_lane[2].lane_out_reg[31]
INFO: [Physopt 32-662] Processed net u_pool/p_r3[1]_i_155_n_0.  Did not re-place instance u_pool/p_r3[1]_i_155
INFO: [Physopt 32-662] Processed net u_pool/p_r3[14]_i_580_n_0.  Did not re-place instance u_pool/p_r3[14]_i_580
INFO: [Physopt 32-662] Processed net u_pool/p_r3[14]_i_711_n_0.  Did not re-place instance u_pool/p_r3[14]_i_711
INFO: [Physopt 32-663] Processed net u_pool/p_r3[14]_i_645_n_0.  Re-placed instance u_pool/p_r3[14]_i_645
INFO: [Physopt 32-663] Processed net u_pool/p_r3[14]_i_722_n_0.  Re-placed instance u_pool/p_r3[14]_i_722
INFO: [Physopt 32-662] Processed net u_pool/p_r3[14]_i_524_n_0.  Did not re-place instance u_pool/p_r3[14]_i_524
INFO: [Physopt 32-663] Processed net u_pool/p_r3[14]_i_484_n_0.  Re-placed instance u_pool/p_r3[14]_i_484
INFO: [Physopt 32-662] Processed net u_pool/p_r3[14]_i_659_n_0.  Did not re-place instance u_pool/p_r3[14]_i_659
INFO: [Physopt 32-662] Processed net u_pool/p_r3[14]_i_714_n_0.  Did not re-place instance u_pool/p_r3[14]_i_714
INFO: [Physopt 32-662] Processed net u_pool/p_r3[14]_i_408_n_0.  Did not re-place instance u_pool/p_r3[14]_i_408
INFO: [Physopt 32-663] Processed net u_pool/p_r3[14]_i_596_n_0.  Re-placed instance u_pool/p_r3[14]_i_596
INFO: [Physopt 32-662] Processed net u_pool/p_r3[14]_i_114_n_0.  Did not re-place instance u_pool/p_r3[14]_i_114
INFO: [Physopt 32-662] Processed net u_pool/p_r3[14]_i_582_n_0.  Did not re-place instance u_pool/p_r3[14]_i_582
INFO: [Physopt 32-663] Processed net u_pool/p_r3[14]_i_682_n_0.  Re-placed instance u_pool/p_r3[14]_i_682
INFO: [Physopt 32-663] Processed net u_pool/p_r3[14]_i_725_n_0.  Re-placed instance u_pool/p_r3[14]_i_725
INFO: [Physopt 32-662] Processed net u_conv_mac/g_lane[14].lane_acc[8]_i_5_n_0.  Did not re-place instance u_conv_mac/g_lane[14].lane_acc[8]_i_5
INFO: [Physopt 32-662] Processed net u_conv_mac/g_lane[14].lane_acc_reg[29].  Did not re-place instance u_conv_mac/g_lane[14].lane_acc_reg[29]
INFO: [Physopt 32-662] Processed net u_conv_mac/g_lane[14].lane_out[30].  Did not re-place instance u_conv_mac/g_lane[14].lane_out_reg[30]
INFO: [Physopt 32-662] Processed net u_conv_mac/g_lane[15].lane_acc_reg[30].  Did not re-place instance u_conv_mac/g_lane[15].lane_acc_reg[30]
INFO: [Physopt 32-662] Processed net u_conv_mac/g_lane[4].prod__86_carry_i_1_n_0.  Did not re-place instance u_conv_mac/g_lane[4].prod__86_carry_i_1
INFO: [Physopt 32-662] Processed net u_conv_mac/g_lane[4].prod__86_carry_i_4_n_0.  Did not re-place instance u_conv_mac/g_lane[4].prod__86_carry_i_4
INFO: [Physopt 32-662] Processed net u_conv_mac/g_lane[4].sum_carry__1_i_4_n_0.  Did not re-place instance u_conv_mac/g_lane[4].sum_carry__1_i_4
INFO: [Physopt 32-662] Processed net u_conv_mac/g_lane[4].sum_carry__2_i_4_n_0.  Did not re-place instance u_conv_mac/g_lane[4].sum_carry__2_i_4
INFO: [Physopt 32-662] Processed net u_conv_mac/g_lane[4].sum_carry__3_i_8_n_0.  Did not re-place instance u_conv_mac/g_lane[4].sum_carry__3_i_8
INFO: [Physopt 32-663] Processed net u_input_buf/conv_rdata[33][2].  Re-placed instance u_input_buf/g_lane[4].prod__0_carry_i_1
INFO: [Physopt 32-662] Processed net u_conv_mac/g_lane[4].lane_out[29].  Did not re-place instance u_conv_mac/g_lane[4].lane_out_reg[29]
INFO: [Physopt 32-662] Processed net u_conv_mac/g_lane[14].lane_acc[12]_i_5_n_0.  Did not re-place instance u_conv_mac/g_lane[14].lane_acc[12]_i_5
INFO: [Physopt 32-662] Processed net u_pool/p_r3[14]_i_406_n_0.  Did not re-place instance u_pool/p_r3[14]_i_406
INFO: [Physopt 32-662] Processed net u_pool/p_r3[14]_i_171_n_0.  Did not re-place instance u_pool/p_r3[14]_i_171
INFO: [Physopt 32-662] Processed net u_input_buf/g_lane[2].prod__0_carry_i_9_n_0.  Did not re-place instance u_input_buf/g_lane[2].prod__0_carry_i_9
INFO: [Physopt 32-663] Processed net u_pool/p_r3[14]_i_247_n_0.  Re-placed instance u_pool/p_r3[14]_i_247
INFO: [Physopt 32-663] Processed net u_pool/p_r3[14]_i_442_n_0.  Re-placed instance u_pool/p_r3[14]_i_442
INFO: [Physopt 32-662] Processed net u_input_buf/g_lane[0].prod__0_carry_i_17_n_0.  Did not re-place instance u_input_buf/g_lane[0].prod__0_carry_i_17
INFO: [Physopt 32-662] Processed net u_pool/p_r3[14]_i_517_n_0.  Did not re-place instance u_pool/p_r3[14]_i_517
INFO: [Physopt 32-662] Processed net u_conv_mac/g_lane[9].lane_acc[12]_i_5_n_0.  Did not re-place instance u_conv_mac/g_lane[9].lane_acc[12]_i_5
INFO: [Physopt 32-662] Processed net u_input_buf/conv_rdata[25]_3[3].  Did not re-place instance u_input_buf/g_lane[3].prod__0_carry_i_4
INFO: [Physopt 32-663] Processed net u_input_buf/g_lane[3].prod__0_carry_i_8_n_0.  Re-placed instance u_input_buf/g_lane[3].prod__0_carry_i_8
INFO: [Physopt 32-663] Processed net u_pool/p_r3[14]_i_356_n_0.  Re-placed instance u_pool/p_r3[14]_i_356
INFO: [Physopt 32-662] Processed net u_conv_mac/g_lane[9].lane_out[31].  Did not re-place instance u_conv_mac/g_lane[9].lane_out_reg[31]
INFO: [Physopt 32-662] Processed net u_pool/p_r3[13]_i_3_n_0.  Did not re-place instance u_pool/p_r3[13]_i_3
INFO: [Physopt 32-662] Processed net u_pool/p_r3[14]_i_119_n_0.  Did not re-place instance u_pool/p_r3[14]_i_119
INFO: [Physopt 32-662] Processed net u_pool/p_r3[14]_i_14_n_0.  Did not re-place instance u_pool/p_r3[14]_i_14
INFO: [Physopt 32-662] Processed net u_pool/p_r3[14]_i_50_n_0.  Did not re-place instance u_pool/p_r3[14]_i_50
INFO: [Physopt 32-662] Processed net u_pool/rs[13].  Did not re-place instance u_pool/p_r3[14]_i_523
INFO: [Physopt 32-662] Processed net u_conv_mac/g_lane[14].lane_acc_reg[31].  Did not re-place instance u_conv_mac/g_lane[14].lane_acc_reg[31]
INFO: [Physopt 32-662] Processed net u_enc_rq/rq[7]_i_1_n_0.  Did not re-place instance u_enc_rq/rq[7]_i_1
INFO: [Physopt 32-662] Processed net u_enc_rq/rq[0]_i_2_n_0.  Did not re-place instance u_enc_rq/rq[0]_i_2
INFO: [Physopt 32-662] Processed net u_enc_rq/rq[7]_i_152_n_0.  Did not re-place instance u_enc_rq/rq[7]_i_152
INFO: [Physopt 32-663] Processed net u_enc_rq/acc_r3_reg__0_n_87.  Re-placed instance u_enc_rq/rq[7]_i_684_psdsp
INFO: [Physopt 32-662] Processed net u_enc_rq/rq[1]_i_4_n_0.  Did not re-place instance u_enc_rq/rq[1]_i_4
INFO: [Physopt 32-663] Processed net u_enc_rq/rq[1]_i_8_n_0.  Re-placed instance u_enc_rq/rq[1]_i_8
INFO: [Physopt 32-662] Processed net u_enc_rq/rq[7]_i_463_n_0.  Did not re-place instance u_enc_rq/rq[7]_i_463
INFO: [Physopt 32-663] Processed net u_enc_rq/rq[7]_i_684_n_0.  Re-placed instance u_enc_rq/rq[7]_i_684
INFO: [Physopt 32-662] Processed net u_enc_rq/rq[7]_i_817_n_0.  Did not re-place instance u_enc_rq/rq[7]_i_817
INFO: [Physopt 32-662] Processed net u_enc_rq/rq_reg[7]_0[4].  Did not re-place instance u_enc_rq/rq_reg[4]
INFO: [Physopt 32-662] Processed net u_enc_rq/rq_reg[7]_0[5].  Did not re-place instance u_enc_rq/rq_reg[5]
INFO: [Physopt 32-662] Processed net u_conv_mac/g_lane[10].lane_acc[12]_i_5_n_0.  Did not re-place instance u_conv_mac/g_lane[10].lane_acc[12]_i_5
INFO: [Physopt 32-662] Processed net u_conv_mac/g_lane[10].lane_acc[8]_i_5_n_0.  Did not re-place instance u_conv_mac/g_lane[10].lane_acc[8]_i_5
INFO: [Physopt 32-662] Processed net u_conv_mac/g_lane[9].lane_acc[8]_i_5_n_0.  Did not re-place instance u_conv_mac/g_lane[9].lane_acc[8]_i_5
INFO: [Physopt 32-662] Processed net u_conv_mac/g_lane[10].lane_acc_reg[29].  Did not re-place instance u_conv_mac/g_lane[10].lane_acc_reg[29]
INFO: [Physopt 32-662] Processed net u_enc_rq/rq[7]_i_475_n_0.  Did not re-place instance u_enc_rq/rq[7]_i_475
INFO: [Physopt 32-662] Processed net u_enc_rq/rq[7]_i_487_n_0.  Did not re-place instance u_enc_rq/rq[7]_i_487
INFO: [Physopt 32-662] Processed net u_conv_mac/g_lane[15].lane_acc[12]_i_4_n_0.  Did not re-place instance u_conv_mac/g_lane[15].lane_acc[12]_i_4
INFO: [Physopt 32-662] Processed net u_conv_mac/g_lane[15].lane_acc[8]_i_4_n_0.  Did not re-place instance u_conv_mac/g_lane[15].lane_acc[8]_i_4
INFO: [Physopt 32-662] Processed net u_enc_rq/rq[7]_i_499_n_0.  Did not re-place instance u_enc_rq/rq[7]_i_499
INFO: [Physopt 32-663] Processed net u_input_buf/conv_rdata[34][0].  Re-placed instance u_input_buf/g_lane[4].prod__0_carry__0_i_4
INFO: [Physopt 32-662] Processed net u_input_buf/conv_rdata[33]_1[0].  Did not re-place instance u_input_buf/g_lane[4].prod__0_carry__0_i_8
INFO: [Physopt 32-662] Processed net u_pool/p_r3[14]_i_520_n_0.  Did not re-place instance u_pool/p_r3[14]_i_520
INFO: [Physopt 32-662] Processed net u_conv_mac/g_lane[14].lane_out[28].  Did not re-place instance u_conv_mac/g_lane[14].lane_out_reg[28]
INFO: [Physopt 32-662] Processed net u_enc_rq/rq[7]_i_459_n_0.  Did not re-place instance u_enc_rq/rq[7]_i_459
INFO: [Physopt 32-662] Processed net u_conv_mac/g_lane[15].lane_acc_reg[28].  Did not re-place instance u_conv_mac/g_lane[15].lane_acc_reg[28]
INFO: [Physopt 32-662] Processed net u_pool/p_r3[14]_i_283_n_0.  Did not re-place instance u_pool/p_r3[14]_i_283
INFO: [Physopt 32-663] Processed net u_pool/p_r3[14]_i_508_n_0.  Re-placed instance u_pool/p_r3[14]_i_508
INFO: [Physopt 32-662] Processed net u_pool/p_r3[14]_i_562_n_0.  Did not re-place instance u_pool/p_r3[14]_i_562
INFO: [Physopt 32-662] Processed net u_pool/p_r3[14]_i_177_n_0.  Did not re-place instance u_pool/p_r3[14]_i_177
INFO: [Physopt 32-662] Processed net u_pool/p_r3[14]_i_422_n_0.  Did not re-place instance u_pool/p_r3[14]_i_422
INFO: [Physopt 32-662] Processed net u_conv_mac/g_lane[14].lane_out[25].  Did not re-place instance u_conv_mac/g_lane[14].lane_out_reg[25]
INFO: [Physopt 32-662] Processed net u_conv_mac/g_lane[3].lane_out[30].  Did not re-place instance u_conv_mac/g_lane[3].lane_out_reg[30]
INFO: [Physopt 32-662] Processed net u_pool/p_r3[14]_i_130_n_0.  Did not re-place instance u_pool/p_r3[14]_i_130
INFO: [Physopt 32-663] Processed net u_pool/p_r3[12]_i_2_n_0.  Re-placed instance u_pool/p_r3[12]_i_2
INFO: [Physopt 32-663] Processed net u_pool/p_r3[13]_i_8_n_0.  Re-placed instance u_pool/p_r3[13]_i_8
INFO: [Physopt 32-663] Processed net u_pool/p_r3[14]_i_53_n_0.  Re-placed instance u_pool/p_r3[14]_i_53
INFO: [Physopt 32-662] Processed net u_conv_mac/g_lane[10].sum_carry__3_i_4_n_0.  Did not re-place instance u_conv_mac/g_lane[10].sum_carry__3_i_4
INFO: [Physopt 32-662] Processed net u_conv_mac/g_lane[14].sum_carry__2_i_1_n_0.  Did not re-place instance u_conv_mac/g_lane[14].sum_carry__2_i_1
INFO: [Physopt 32-662] Processed net u_pool/p_r3[14]_i_527_n_0.  Did not re-place instance u_pool/p_r3[14]_i_527
INFO: [Physopt 32-662] Processed net u_conv_mac/g_lane[15].lane_acc_reg[25].  Did not re-place instance u_conv_mac/g_lane[15].lane_acc_reg[25]
INFO: [Physopt 32-663] Processed net u_pool/p_r3[14]_i_509_n_0.  Re-placed instance u_pool/p_r3[14]_i_509
INFO: [Physopt 32-662] Processed net u_pool/p_r3[14]_i_564_n_0.  Did not re-place instance u_pool/p_r3[14]_i_564
INFO: [Physopt 32-663] Processed net u_pool/p_r3[14]_i_424_n_0.  Re-placed instance u_pool/p_r3[14]_i_424
INFO: [Physopt 32-662] Processed net u_pool/p_r3[14]_i_730_n_0.  Did not re-place instance u_pool/p_r3[14]_i_730
INFO: [Physopt 32-662] Processed net u_conv_mac/g_lane[4].lane_out[31].  Did not re-place instance u_conv_mac/g_lane[4].lane_out_reg[31]
INFO: [Physopt 32-662] Processed net u_conv_mac/g_lane[12].prod__86_carry_i_1_n_0.  Did not re-place instance u_conv_mac/g_lane[12].prod__86_carry_i_1
INFO: [Physopt 32-663] Processed net u_input_buf/conv_rdata[98][0].  Re-placed instance u_input_buf/g_lane[12].prod__0_carry__0_i_4
INFO: [Physopt 32-662] Processed net u_conv_mac/g_lane[12].prod__86_carry_i_4_n_0.  Did not re-place instance u_conv_mac/g_lane[12].prod__86_carry_i_4
INFO: [Physopt 32-662] Processed net u_conv_mac/g_lane[12].sum_carry__1_i_3_n_0.  Did not re-place instance u_conv_mac/g_lane[12].sum_carry__1_i_3
INFO: [Physopt 32-662] Processed net u_conv_mac/g_lane[12].sum_carry__2_i_3_n_0.  Did not re-place instance u_conv_mac/g_lane[12].sum_carry__2_i_3
INFO: [Physopt 32-662] Processed net u_input_buf/conv_rdata[97]_1[0].  Did not re-place instance u_input_buf/g_lane[12].prod__0_carry__0_i_8
INFO: [Physopt 32-662] Processed net u_conv_mac/g_lane[12].lane_out[29].  Did not re-place instance u_conv_mac/g_lane[12].lane_out_reg[29]
INFO: [Physopt 32-662] Processed net u_pool/p_r3[14]_i_132_n_0.  Did not re-place instance u_pool/p_r3[14]_i_132
INFO: [Physopt 32-662] Processed net u_pool/p_r3[14]_i_534_n_0.  Did not re-place instance u_pool/p_r3[14]_i_534
INFO: [Physopt 32-662] Processed net u_pool/p_r3[14]_i_643_n_0.  Did not re-place instance u_pool/p_r3[14]_i_643
INFO: [Physopt 32-662] Processed net u_pool/p_r3[14]_i_707_n_0.  Did not re-place instance u_pool/p_r3[14]_i_707
INFO: [Physopt 32-662] Processed net u_pool/p_r3[14]_i_411_n_0.  Did not re-place instance u_pool/p_r3[14]_i_411
INFO: [Physopt 32-663] Processed net u_input_buf/conv_rdata[25][1].  Re-placed instance u_input_buf/g_lane[3].prod__0_carry_i_2
INFO: [Physopt 32-662] Processed net u_pool/p_r3[14]_i_667_n_0.  Did not re-place instance u_pool/p_r3[14]_i_667
INFO: [Physopt 32-662] Processed net u_pool/p_r3[14]_i_158_n_0.  Did not re-place instance u_pool/p_r3[14]_i_158
INFO: [Physopt 32-663] Processed net u_pool/p_r3[14]_i_287_n_0.  Re-placed instance u_pool/p_r3[14]_i_287
INFO: [Physopt 32-662] Processed net u_pool/p_r3[14]_i_466_n_0.  Did not re-place instance u_pool/p_r3[14]_i_466
INFO: [Physopt 32-662] Processed net u_pool/p_r3[14]_i_515_n_0.  Did not re-place instance u_pool/p_r3[14]_i_515
INFO: [Physopt 32-662] Processed net u_pool/p_r3[14]_i_572_n_0.  Did not re-place instance u_pool/p_r3[14]_i_572
INFO: [Physopt 32-663] Processed net u_pool/p_r3[14]_i_313_n_0.  Re-placed instance u_pool/p_r3[14]_i_313
INFO: [Physopt 32-662] Processed net u_conv_mac/g_lane[14].sum_carry__1_i_3_n_0.  Did not re-place instance u_conv_mac/g_lane[14].sum_carry__1_i_3
INFO: [Physopt 32-662] Processed net u_conv_mac/g_lane[14].sum_carry__2_i_3_n_0.  Did not re-place instance u_conv_mac/g_lane[14].sum_carry__2_i_3
INFO: [Physopt 32-662] Processed net u_conv_mac/g_lane[2].sum_carry__3_i_4_n_0.  Did not re-place instance u_conv_mac/g_lane[2].sum_carry__3_i_4
INFO: [Physopt 32-662] Processed net u_pool/p_r3[14]_i_178_n_0.  Did not re-place instance u_pool/p_r3[14]_i_178
INFO: [Physopt 32-662] Processed net u_pool/p_r3[14]_i_253_n_0.  Did not re-place instance u_pool/p_r3[14]_i_253
INFO: [Physopt 32-663] Processed net u_pool/p_r3[14]_i_436_n_0.  Re-placed instance u_pool/p_r3[14]_i_436
INFO: [Physopt 32-662] Processed net u_pool/p_r3[14]_i_94_n_0.  Did not re-place instance u_pool/p_r3[14]_i_94
INFO: [Physopt 32-663] Processed net u_pool/p_r3[14]_i_394_n_0.  Re-placed instance u_pool/p_r3[14]_i_394
INFO: [Physopt 32-663] Processed net u_pool/p_r3[14]_i_98_n_0.  Re-placed instance u_pool/p_r3[14]_i_98
INFO: [Physopt 32-663] Processed net u_input_buf/conv_rdata[18][1].  Re-placed instance u_input_buf/g_lane[2].prod__0_carry__0_i_3
INFO: [Physopt 32-662] Processed net u_pool/p_r3[14]_i_306_n_0.  Did not re-place instance u_pool/p_r3[14]_i_306
INFO: [Physopt 32-662] Processed net u_conv_mac/g_lane[9].sum_carry__2_i_4_n_0.  Did not re-place instance u_conv_mac/g_lane[9].sum_carry__2_i_4
INFO: [Physopt 32-662] Processed net u_input_buf/conv_rdata[17]_1[1].  Did not re-place instance u_input_buf/g_lane[2].prod__0_carry__0_i_7
INFO: [Physopt 32-663] Processed net u_pool/p_r3[14]_i_186_n_0.  Re-placed instance u_pool/p_r3[14]_i_186
INFO: [Physopt 32-662] Processed net u_pool/p_r3[14]_i_42_n_0.  Did not re-place instance u_pool/p_r3[14]_i_42
INFO: [Physopt 32-662] Processed net u_pool/p_r3[14]_i_636_n_0.  Did not re-place instance u_pool/p_r3[14]_i_636
INFO: [Physopt 32-662] Processed net u_input_buf/conv_rdata[26][1].  Did not re-place instance u_input_buf/g_lane[3].prod__0_carry__0_i_3
INFO: [Physopt 32-662] Processed net u_pool/p_r3[14]_i_692_n_0.  Did not re-place instance u_pool/p_r3[14]_i_692
INFO: [Physopt 32-662] Processed net u_pool/p_r3[14]_i_743_n_0.  Did not re-place instance u_pool/p_r3[14]_i_743
INFO: [Physopt 32-662] Processed net u_conv_mac/g_lane[12].sum_carry__3_i_8_n_0.  Did not re-place instance u_conv_mac/g_lane[12].sum_carry__3_i_8
INFO: [Physopt 32-662] Processed net u_input_buf/conv_rdata[25]_1[1].  Did not re-place instance u_input_buf/g_lane[3].prod__0_carry__0_i_7
INFO: [Physopt 32-662] Processed net u_pool/p_r3[14]_i_526_n_0.  Did not re-place instance u_pool/p_r3[14]_i_526
INFO: [Physopt 32-662] Processed net u_conv_mac/g_lane[10].lane_acc_reg[31].  Did not re-place instance u_conv_mac/g_lane[10].lane_acc_reg[31]
INFO: [Physopt 32-662] Processed net u_conv_mac/g_lane[9].sum_carry__1_i_4_n_0.  Did not re-place instance u_conv_mac/g_lane[9].sum_carry__1_i_4
INFO: [Physopt 32-662] Processed net u_conv_mac/g_lane[10].lane_acc[12]_i_4_n_0.  Did not re-place instance u_conv_mac/g_lane[10].lane_acc[12]_i_4
INFO: [Physopt 32-662] Processed net u_conv_mac/g_lane[10].lane_acc[8]_i_4_n_0.  Did not re-place instance u_conv_mac/g_lane[10].lane_acc[8]_i_4
INFO: [Physopt 32-662] Processed net u_pool/p_r3[14]_i_4_n_0.  Did not re-place instance u_pool/p_r3[14]_i_4
INFO: [Physopt 32-662] Processed net u_pool/p_r3[14]_i_125_n_0.  Did not re-place instance u_pool/p_r3[14]_i_125
INFO: [Physopt 32-662] Processed net u_pool/p_r3[14]_i_666_n_0.  Did not re-place instance u_pool/p_r3[14]_i_666
INFO: [Physopt 32-662] Processed net u_pool/p_r3[14]_i_695_n_0.  Did not re-place instance u_pool/p_r3[14]_i_695
INFO: [Physopt 32-662] Processed net u_pool/p_r3[14]_i_15_n_0.  Did not re-place instance u_pool/p_r3[14]_i_15
INFO: [Physopt 32-663] Processed net u_pool/p_r3[14]_i_52_n_0.  Re-placed instance u_pool/p_r3[14]_i_52
INFO: [Physopt 32-662] Processed net u_pool/p_r3[1]_i_188_n_0.  Did not re-place instance u_pool/p_r3[1]_i_188
INFO: [Physopt 32-662] Processed net u_pool/p_r3[14]_i_626_n_0.  Did not re-place instance u_pool/p_r3[14]_i_626
INFO: [Physopt 32-662] Processed net u_pool/p_r3[14]_i_87_n_0.  Did not re-place instance u_pool/p_r3[14]_i_87
INFO: [Physopt 32-663] Processed net u_pool/p_r3[14]_i_552_n_0.  Re-placed instance u_pool/p_r3[14]_i_552
INFO: [Physopt 32-663] Processed net u_pool/p_r3[14]_i_265_n_0.  Re-placed instance u_pool/p_r3[14]_i_265
INFO: [Physopt 32-663] Processed net u_pool/p_r3[14]_i_389_n_0.  Re-placed instance u_pool/p_r3[14]_i_389
INFO: [Physopt 32-663] Processed net u_pool/p_r3[14]_i_166_n_0.  Re-placed instance u_pool/p_r3[14]_i_166
INFO: [Physopt 32-661] Optimized 48 nets.  Re-placed 48 instances.
INFO: [Physopt 32-775] End 1 Pass. Optimized 48 nets or cells. Created 0 new cell, deleted 0 existing cell and moved 48 existing cells
INFO: [Physopt 32-619] Estimated Timing Summary | WNS=-2.912 | TNS=-2022.097 |
Netlist sorting complete. Time (s): cpu = 00:00:00 ; elapsed = 00:00:00.005 . Memory (MB): peak = 1898.480 ; gain = 0.000
Phase 4 Single Cell Placement Optimization | Checksum: 12ff0060f

Time (s): cpu = 00:00:18 ; elapsed = 00:00:11 . Memory (MB): peak = 1898.480 ; gain = 0.000

Phase 5 Multi Cell Placement Optimization
INFO: [Physopt 32-660] Identified 100 candidate nets for placement-based optimization.
INFO: [Physopt 32-662] Processed net u_input_buf/g_lane[0].prod__0_carry_i_15_n_0.  Did not re-place instance u_input_buf/g_lane[0].prod__0_carry_i_15/O
INFO: [Physopt 32-662] Processed net u_input_buf/conv_rdata[114][0].  Did not re-place instance u_input_buf/g_lane[14].prod__0_carry__0_i_4/O
INFO: [Physopt 32-662] Processed net u_input_buf/conv_rdata[122][0].  Did not re-place instance u_input_buf/g_lane[15].prod__0_carry__0_i_4/O
INFO: [Physopt 32-662] Processed net u_input_buf/g_lane[0].prod__0_carry_i_14_n_0.  Did not re-place instance u_input_buf/g_lane[0].prod__0_carry_i_14/O
INFO: [Physopt 32-662] Processed net u_input_buf/conv_rdata[26][0].  Did not re-place instance u_input_buf/g_lane[3].prod__0_carry__0_i_4/O
INFO: [Physopt 32-662] Processed net u_pool/p_r3[14]_i_530_n_0.  Did not re-place instance u_pool/p_r3[14]_i_530/O
INFO: [Physopt 32-662] Processed net u_pool/p_r3[14]_i_732_n_0.  Did not re-place instance u_pool/p_r3[14]_i_732/O
INFO: [Physopt 32-662] Processed net u_pool/p_r3[14]_i_699_n_0.  Did not re-place instance u_pool/p_r3[14]_i_699/O
INFO: [Physopt 32-662] Processed net u_pool/p_r3[14]_i_605_n_0.  Did not re-place instance u_pool/p_r3[14]_i_605/O
INFO: [Physopt 32-662] Processed net u_pool/p_r3_reg_n_0_[11].  Did not re-place instance u_pool/p_r3_reg[11]/Q
INFO: [Physopt 32-662] Processed net u_pool/p_r3_reg_n_0_[13].  Did not re-place instance u_pool/p_r3_reg[13]/Q
INFO: [Physopt 32-662] Processed net u_pool/p_r3_reg_n_0_[10].  Did not re-place instance u_pool/p_r3_reg[10]/Q
INFO: [Physopt 32-662] Processed net u_pool/p_r3_reg_n_0_[8].  Did not re-place instance u_pool/p_r3_reg[8]/Q
INFO: [Physopt 32-662] Processed net u_pool/p_r3_reg_n_0_[9].  Did not re-place instance u_pool/p_r3_reg[9]/Q
INFO: [Physopt 32-662] Processed net u_pool/p_r3[1]_i_10_n_0.  Did not re-place instance u_pool/p_r3[1]_i_10/O
INFO: [Physopt 32-662] Processed net u_pool/p_r3[1]_i_32_n_0.  Did not re-place instance u_pool/p_r3[1]_i_32/O
INFO: [Physopt 32-662] Processed net u_pool/rs[0].  Did not re-place instance u_pool/p_r3[0]_i_2/O
INFO: [Physopt 32-662] Processed net u_pool/p_r3[0]_i_3_n_0.  Did not re-place instance u_pool/p_r3[0]_i_3/O
INFO: [Physopt 32-663] Processed net u_pool/p_r3[1]_i_1_n_0.  Re-placed instance u_pool/p_r3[1]_i_1/O
INFO: [Physopt 32-662] Processed net u_pool/p_r3_reg_n_0_[1].  Did not re-place instance u_pool/p_r3_reg[1]/Q
INFO: [Physopt 32-662] Processed net u_pool/p_r3_reg_n_0_[2].  Did not re-place instance u_pool/p_r3_reg[2]/Q
INFO: [Physopt 32-662] Processed net u_pool/p_r3_reg_n_0_[5].  Did not re-place instance u_pool/p_r3_reg[5]/Q
INFO: [Physopt 32-662] Processed net u_pool/p_r3_reg_n_0_[7].  Did not re-place instance u_pool/p_r3_reg[7]/Q
INFO: [Physopt 32-662] Processed net u_pool/p_r3_reg_n_0_[3].  Did not re-place instance u_pool/p_r3_reg[3]/Q
INFO: [Physopt 32-662] Processed net u_pool/p_r3_reg_n_0_[12].  Did not re-place instance u_pool/p_r3_reg[12]/Q
INFO: [Physopt 32-662] Processed net u_pool/p_r3[14]_i_118_n_0.  Did not re-place instance u_pool/p_r3[14]_i_118/O
INFO: [Physopt 32-662] Processed net u_pool/p_r3[11]_i_7_n_0.  Did not re-place instance u_pool/p_r3[11]_i_7/O
INFO: [Physopt 32-662] Processed net u_pool/p_r3[8]_i_2_n_0.  Did not re-place instance u_pool/p_r3[8]_i_2/O
INFO: [Physopt 32-662] Processed net u_pool/p_r3[9]_i_4_n_0.  Did not re-place instance u_pool/p_r3[9]_i_4/O
INFO: [Physopt 32-663] Processed net u_pool/p_r3[9]_i_1_n_0.  Re-placed instance u_pool/p_r3[9]_i_1/O
INFO: [Physopt 32-662] Processed net u_input_buf/conv_rdata[82][0].  Did not re-place instance u_input_buf/g_lane[10].prod__0_carry__0_i_4/O
INFO: [Physopt 32-662] Processed net u_input_buf/g_lane[0].prod__0_carry_i_13_n_0.  Did not re-place instance u_input_buf/g_lane[0].prod__0_carry_i_13/O
INFO: [Physopt 32-662] Processed net u_pool/p_r3[14]_i_113_n_0.  Did not re-place instance u_pool/p_r3[14]_i_113/O
INFO: [Physopt 32-662] Processed net u_pool/p_r3[6]_i_2_n_0.  Did not re-place instance u_pool/p_r3[6]_i_2/O
INFO: [Physopt 32-662] Processed net u_pool/p_r3[7]_i_4_n_0.  Did not re-place instance u_pool/p_r3[7]_i_4/O
INFO: [Physopt 32-662] Processed net u_pool/p_r3[9]_i_7_n_0.  Did not re-place instance u_pool/p_r3[9]_i_7/O
INFO: [Physopt 32-662] Processed net u_pool/p_r3[1]_i_23_n_0.  Did not re-place instance u_pool/p_r3[1]_i_23/O
INFO: [Physopt 32-662] Processed net u_pool/p_r3[4]_inv_i_2_n_0.  Did not re-place instance u_pool/p_r3[4]_inv_i_2/O
INFO: [Physopt 32-662] Processed net u_pool/p_r3[5]_i_4_n_0.  Did not re-place instance u_pool/p_r3[5]_i_4/O
INFO: [Physopt 32-662] Processed net u_pool/p_r3[7]_i_7_n_0.  Did not re-place instance u_pool/p_r3[7]_i_7/O
INFO: [Physopt 32-662] Processed net u_pool/p_r3[9]_i_2_n_0.  Did not re-place instance u_pool/p_r3[9]_i_2/O
INFO: [Physopt 32-662] Processed net u_pool/p_r3[1]_i_7_n_0.  Did not re-place instance u_pool/p_r3[1]_i_7/O
INFO: [Physopt 32-662] Processed net u_pool/p_r3[0]_i_5_n_0.  Did not re-place instance u_pool/p_r3[0]_i_5/O
INFO: [Physopt 32-662] Processed net u_pool/p_r3[1]_i_21_n_0.  Did not re-place instance u_pool/p_r3[1]_i_21/O
INFO: [Physopt 32-662] Processed net u_pool/p_r3[14]_i_123_n_0.  Did not re-place instance u_pool/p_r3[14]_i_123/O
INFO: [Physopt 32-662] Processed net u_pool/p_r3[3]_i_2_n_0.  Did not re-place instance u_pool/p_r3[3]_i_2/O
INFO: [Physopt 32-662] Processed net u_pool/p_r3[3]_i_4_n_0.  Did not re-place instance u_pool/p_r3[3]_i_4/O
INFO: [Physopt 32-662] Processed net u_pool/p_r3[6]_i_7_n_0.  Did not re-place instance u_pool/p_r3[6]_i_7/O
INFO: [Physopt 32-662] Processed net u_pool/p_r3[1]_i_27_n_0.  Did not re-place instance u_pool/p_r3[1]_i_27/O
INFO: [Physopt 32-662] Processed net u_pool/p_r3[2]_i_2_n_0.  Did not re-place instance u_pool/p_r3[2]_i_2/O
INFO: [Physopt 32-662] Processed net u_pool/p_r3[3]_i_5_n_0.  Did not re-place instance u_pool/p_r3[3]_i_5/O
INFO: [Physopt 32-662] Processed net u_pool/p_r3[5]_i_7_n_0.  Did not re-place instance u_pool/p_r3[5]_i_7/O
INFO: [Physopt 32-661] Optimized 2 nets.  Re-placed 4 instances.
INFO: [Physopt 32-775] End 1 Pass. Optimized 2 nets or cells. Created 0 new cell, deleted 0 existing cell and moved 4 existing cells
INFO: [Physopt 32-619] Estimated Timing Summary | WNS=-2.912 | TNS=-2022.070 |
Netlist sorting complete. Time (s): cpu = 00:00:00 ; elapsed = 00:00:00.003 . Memory (MB): peak = 1898.480 ; gain = 0.000
Phase 5 Multi Cell Placement Optimization | Checksum: fda35f97

Time (s): cpu = 00:00:26 ; elapsed = 00:00:15 . Memory (MB): peak = 1898.480 ; gain = 0.000

Phase 6 Rewire
INFO: [Physopt 32-246] Starting Signal Push optimization...
INFO: [Physopt 32-77] Pass 1. Identified 1 candidate net for rewire optimization.
INFO: [Physopt 32-134] Processed net p_r3[1]_i_228_n_0. Rewiring did not optimize the net.
INFO: [Physopt 32-232] Optimized 0 net. Created 0 new instance.
INFO: [Physopt 32-775] End 1 Pass. Optimized 0 net or cell. Created 0 new cell, deleted 0 existing cell and moved 0 existing cell
Netlist sorting complete. Time (s): cpu = 00:00:00 ; elapsed = 00:00:00.009 . Memory (MB): peak = 1898.480 ; gain = 0.000
Netlist sorting complete. Time (s): cpu = 00:00:00 ; elapsed = 00:00:00.002 . Memory (MB): peak = 1898.480 ; gain = 0.000
Phase 6 Rewire | Checksum: 14a0d1258

Time (s): cpu = 00:00:26 ; elapsed = 00:00:16 . Memory (MB): peak = 1898.480 ; gain = 0.000

Phase 7 Critical Cell Optimization
INFO: [Physopt 32-46] Identified 30 candidate nets for critical-cell optimization.
INFO: [Physopt 32-81] Processed net u_input_buf/g_lane[0].prod__0_carry_i_15_n_0. Replicated 2 times.
INFO: [Physopt 32-572] Net u_input_buf/conv_rdata[114][0] was not replicated.
Resolution: phys_opt_design can be forced to replicate a net driver using the option -force_replication_on_nets <list of net objects>.
INFO: [Physopt 32-572] Net u_input_buf/conv_rdata[122][0] was not replicated.
Resolution: phys_opt_design can be forced to replicate a net driver using the option -force_replication_on_nets <list of net objects>.
INFO: [Physopt 32-81] Processed net u_input_buf/g_lane[0].prod__0_carry_i_14_n_0. Replicated 1 times.
INFO: [Physopt 32-572] Net u_input_buf/conv_rdata[26][0] was not replicated.
Resolution: phys_opt_design can be forced to replicate a net driver using the option -force_replication_on_nets <list of net objects>.
INFO: [Physopt 32-81] Processed net p_r3[1]_i_229_n_0. Replicated 1 times.
INFO: [Physopt 32-572] Net u_pool/p_r3[14]_i_1_n_0 was not replicated.
Resolution: phys_opt_design can be forced to replicate a net driver using the option -force_replication_on_nets <list of net objects>.
INFO: [Physopt 32-572] Net u_pool/p_r3[14]_i_530_n_0 was not replicated.
Resolution: phys_opt_design can be forced to replicate a net driver using the option -force_replication_on_nets <list of net objects>.
INFO: [Physopt 32-572] Net u_pool/p_r3[14]_i_732_n_0 was not replicated.
Resolution: phys_opt_design can be forced to replicate a net driver using the option -force_replication_on_nets <list of net objects>.
INFO: [Physopt 32-572] Net u_pool/p_r3[14]_i_699_n_0 was not replicated.
Resolution: phys_opt_design can be forced to replicate a net driver using the option -force_replication_on_nets <list of net objects>.
INFO: [Physopt 32-81] Processed net u_pool/p_r3[14]_i_605_n_0. Replicated 1 times.
INFO: [Physopt 32-572] Net u_input_buf/conv_rdata[82][0] was not replicated.
Resolution: phys_opt_design can be forced to replicate a net driver using the option -force_replication_on_nets <list of net objects>.
INFO: [Physopt 32-572] Net u_pool/p_r3[1]_i_10_n_0 was not replicated.
Resolution: phys_opt_design can be forced to replicate a net driver using the option -force_replication_on_nets <list of net objects>.
INFO: [Physopt 32-572] Net u_pool/p_r3[1]_i_32_n_0 was not replicated.
Resolution: phys_opt_design can be forced to replicate a net driver using the option -force_replication_on_nets <list of net objects>.
INFO: [Physopt 32-81] Processed net u_pool/rs[0]. Replicated 1 times.
INFO: [Physopt 32-601] Processed net u_input_buf/g_lane[0].prod__0_carry_i_13_n_0. Net driver u_input_buf/g_lane[0].prod__0_carry_i_13 was replaced.
INFO: [Physopt 32-572] Net u_pool/p_r3[14]_i_118_n_0 was not replicated.
Resolution: phys_opt_design can be forced to replicate a net driver using the option -force_replication_on_nets <list of net objects>.
INFO: [Physopt 32-572] Net u_pool/p_r3[11]_i_7_n_0 was not replicated.
Resolution: phys_opt_design can be forced to replicate a net driver using the option -force_replication_on_nets <list of net objects>.
INFO: [Physopt 32-81] Processed net u_pool/p_r3[8]_i_2_n_0. Replicated 1 times.
INFO: [Physopt 32-572] Net u_pool/p_r3[9]_i_4_n_0 was not replicated.
Resolution: phys_opt_design can be forced to replicate a net driver using the option -force_replication_on_nets <list of net objects>.
INFO: [Physopt 32-572] Net u_pool/p_r3[14]_i_113_n_0 was not replicated.
Resolution: phys_opt_design can be forced to replicate a net driver using the option -force_replication_on_nets <list of net objects>.
INFO: [Physopt 32-81] Processed net u_pool/p_r3[6]_i_2_n_0. Replicated 1 times.
INFO: [Physopt 32-572] Net u_pool/p_r3[7]_i_4_n_0 was not replicated.
Resolution: phys_opt_design can be forced to replicate a net driver using the option -force_replication_on_nets <list of net objects>.
INFO: [Physopt 32-572] Net u_pool/p_r3[9]_i_7_n_0 was not replicated.
Resolution: phys_opt_design can be forced to replicate a net driver using the option -force_replication_on_nets <list of net objects>.
INFO: [Physopt 32-572] Net u_pool/p_r3[1]_i_23_n_0 was not replicated.
Resolution: phys_opt_design can be forced to replicate a net driver using the option -force_replication_on_nets <list of net objects>.
INFO: [Physopt 32-572] Net u_pool/p_r3[4]_inv_i_2_n_0 was not replicated.
Resolution: phys_opt_design can be forced to replicate a net driver using the option -force_replication_on_nets <list of net objects>.
INFO: [Physopt 32-232] Optimized 8 nets. Created 8 new instances.
INFO: [Physopt 32-775] End 1 Pass. Optimized 8 nets or cells. Created 8 new cells, deleted 0 existing cell and moved 0 existing cell
INFO: [Physopt 32-619] Estimated Timing Summary | WNS=-2.857 | TNS=-1991.243 |
Netlist sorting complete. Time (s): cpu = 00:00:00 ; elapsed = 00:00:00.031 . Memory (MB): peak = 1898.480 ; gain = 0.000
Phase 7 Critical Cell Optimization | Checksum: 11a7e061a

Time (s): cpu = 00:00:32 ; elapsed = 00:00:19 . Memory (MB): peak = 1898.480 ; gain = 0.000

Phase 8 Fanout Optimization
INFO: [Physopt 32-76] Pass 1. Identified 15 candidate nets for fanout optimization.
INFO: [Physopt 32-572] Net u_input_buf/g_lane[2].prod__0_carry_i_8_n_0 was not replicated.
Resolution: phys_opt_design can be forced to replicate a net driver using the option -force_replication_on_nets <list of net objects>.
INFO: [Physopt 32-572] Net u_input_buf/u_conv_mac/act[2] was not replicated.
Resolution: phys_opt_design can be forced to replicate a net driver using the option -force_replication_on_nets <list of net objects>.
INFO: [Physopt 32-572] Net u_input_buf/g_lane[0].prod__0_carry_i_8_n_0 was not replicated.
Resolution: phys_opt_design can be forced to replicate a net driver using the option -force_replication_on_nets <list of net objects>.
INFO: [Physopt 32-81] Processed net u_input_buf/g_lane[2].prod__0_carry_i_9_n_0. Replicated 1 times.
INFO: [Physopt 32-572] Net u_input_buf/u_conv_mac/act[1] was not replicated.
Resolution: phys_opt_design can be forced to replicate a net driver using the option -force_replication_on_nets <list of net objects>.
INFO: [Physopt 32-572] Net u_input_buf/u_conv_mac/act[0] was not replicated.
Resolution: phys_opt_design can be forced to replicate a net driver using the option -force_replication_on_nets <list of net objects>.
INFO: [Physopt 32-572] Net u_input_buf/g_lane[0].prod__0_carry_i_11_n_0 was not replicated.
Resolution: phys_opt_design can be forced to replicate a net driver using the option -force_replication_on_nets <list of net objects>.
INFO: [Physopt 32-572] Net u_input_buf/u_conv_mac/act[4] was not replicated.
Resolution: phys_opt_design can be forced to replicate a net driver using the option -force_replication_on_nets <list of net objects>.
INFO: [Physopt 32-572] Net u_input_buf/u_conv_mac/act[3] was not replicated.
Resolution: phys_opt_design can be forced to replicate a net driver using the option -force_replication_on_nets <list of net objects>.
INFO: [Physopt 32-572] Net u_input_buf/g_lane[0].prod__0_carry_i_9_n_0 was not replicated.
Resolution: phys_opt_design can be forced to replicate a net driver using the option -force_replication_on_nets <list of net objects>.
INFO: [Physopt 32-572] Net u_enc_rq/param3_reg[66]_rep_n_0_repN was not replicated.
Resolution: phys_opt_design can be forced to replicate a net driver using the option -force_replication_on_nets <list of net objects>.
INFO: [Physopt 32-81] Processed net u_enc_rq/p_0_in[1]. Replicated 4 times.
INFO: [Physopt 32-81] Processed net u_enc_rq/p_0_in[0]_repN. Replicated 1 times.
INFO: [Physopt 32-81] Processed net u_enc_rq/param3_reg[66]_rep__0_n_0. Replicated 2 times.
INFO: [Physopt 32-81] Processed net u_enc_rq/param3_reg[65]_rep_n_0. Replicated 2 times.
INFO: [Physopt 32-232] Optimized 5 nets. Created 10 new instances.
INFO: [Physopt 32-775] End 1 Pass. Optimized 5 nets or cells. Created 10 new cells, deleted 0 existing cell and moved 0 existing cell
INFO: [Physopt 32-619] Estimated Timing Summary | WNS=-2.857 | TNS=-1991.243 |
Netlist sorting complete. Time (s): cpu = 00:00:00 ; elapsed = 00:00:00.026 . Memory (MB): peak = 1898.480 ; gain = 0.000
Phase 8 Fanout Optimization | Checksum: 13a4590ee

Time (s): cpu = 00:00:39 ; elapsed = 00:00:23 . Memory (MB): peak = 1898.480 ; gain = 0.000

Phase 9 Single Cell Placement Optimization
INFO: [Physopt 32-660] Identified 250 candidate nets for placement-based optimization.
INFO: [Physopt 32-662] Processed net u_input_buf/g_lane[2].prod__0_carry_i_8_n_0.  Did not re-place instance u_input_buf/g_lane[2].prod__0_carry_i_8
INFO: [Physopt 32-662] Processed net u_conv_mac/g_lane[3].prod__86_carry_i_1_n_0.  Did not re-place instance u_conv_mac/g_lane[3].prod__86_carry_i_1
INFO: [Physopt 32-663] Processed net u_input_buf/conv_rdata[26][0].  Re-placed instance u_input_buf/g_lane[3].prod__0_carry__0_i_4
INFO: [Physopt 32-662] Processed net u_conv_mac/g_lane[3].prod__86_carry_i_4_n_0.  Did not re-place instance u_conv_mac/g_lane[3].prod__86_carry_i_4
INFO: [Physopt 32-662] Processed net u_conv_mac/g_lane[3].sum_carry__3_i_8_n_0.  Did not re-place instance u_conv_mac/g_lane[3].sum_carry__3_i_8
INFO: [Physopt 32-662] Processed net u_input_buf/conv_rdata[25]_1[0].  Did not re-place instance u_input_buf/g_lane[3].prod__0_carry__0_i_8
INFO: [Physopt 32-663] Processed net u_input_buf/g_lane[0].prod__0_carry_i_15_n_0_repN_1.  Re-placed instance u_input_buf/g_lane[0].prod__0_carry_i_15_replica_1
INFO: [Physopt 32-662] Processed net u_conv_mac/g_lane[3].lane_out[29].  Did not re-place instance u_conv_mac/g_lane[3].lane_out_reg[29]
INFO: [Physopt 32-662] Processed net u_conv_mac/g_lane[3].lane_out[31].  Did not re-place instance u_conv_mac/g_lane[3].lane_out_reg[31]
INFO: [Physopt 32-662] Processed net u_input_buf/u_conv_mac/act[2].  Did not re-place instance u_input_buf/g_lane[8].prod__0_carry_i_8
INFO: [Physopt 32-662] Processed net u_conv_mac/g_lane[15].prod__86_carry_i_1_n_0.  Did not re-place instance u_conv_mac/g_lane[15].prod__86_carry_i_1
INFO: [Physopt 32-662] Processed net u_input_buf/conv_rdata[122][0].  Did not re-place instance u_input_buf/g_lane[15].prod__0_carry__0_i_4
INFO: [Physopt 32-662] Processed net u_input_buf/g_lane[0].prod__0_carry_i_13_n_0.  Did not re-place instance u_input_buf/g_lane[0].prod__0_carry_i_13
INFO: [Physopt 32-662] Processed net u_conv_mac/g_lane[15].lane_acc[12]_i_5_n_0.  Did not re-place instance u_conv_mac/g_lane[15].lane_acc[12]_i_5
INFO: [Physopt 32-662] Processed net u_conv_mac/g_lane[15].lane_acc[8]_i_5_n_0.  Did not re-place instance u_conv_mac/g_lane[15].lane_acc[8]_i_5
INFO: [Physopt 32-662] Processed net u_conv_mac/g_lane[15].prod__86_carry_i_4_n_0.  Did not re-place instance u_conv_mac/g_lane[15].prod__86_carry_i_4
INFO: [Physopt 32-662] Processed net u_input_buf/conv_rdata[121][2].  Did not re-place instance u_input_buf/g_lane[15].prod__0_carry_i_1
INFO: [Physopt 32-662] Processed net u_input_buf/conv_rdata[121]_1[0].  Did not re-place instance u_input_buf/g_lane[15].prod__0_carry__0_i_8
INFO: [Physopt 32-662] Processed net u_conv_mac/g_lane[15].lane_acc_reg[29].  Did not re-place instance u_conv_mac/g_lane[15].lane_acc_reg[29]
INFO: [Physopt 32-662] Processed net u_input_buf/g_lane[0].prod__0_carry_i_8_n_0.  Did not re-place instance u_input_buf/g_lane[0].prod__0_carry_i_8
INFO: [Physopt 32-662] Processed net u_input_buf/conv_rdata[25][2].  Did not re-place instance u_input_buf/g_lane[3].prod__0_carry_i_1
INFO: [Physopt 32-663] Processed net p_r3[1]_i_228_n_0.  Re-placed instance p_r3[1]_i_228
INFO: [Physopt 32-662] Processed net u_pool/p_r3[1]_i_7_n_0.  Did not re-place instance u_pool/p_r3[1]_i_7
INFO: [Physopt 32-663] Processed net u_pool/p_r3[0]_i_5_n_0.  Re-placed instance u_pool/p_r3[0]_i_5
INFO: [Physopt 32-662] Processed net u_pool/rs[0]_repN.  Did not re-place instance u_pool/p_r3[0]_i_2_replica
INFO: [Physopt 32-662] Processed net u_pool/p_r3[14]_i_673_n_0.  Did not re-place instance u_pool/p_r3[14]_i_673
INFO: [Physopt 32-662] Processed net u_pool/p_r3[1]_i_150_n_0.  Did not re-place instance u_pool/p_r3[1]_i_150
INFO: [Physopt 32-663] Processed net u_pool/p_r3[1]_i_1_n_0.  Re-placed instance u_pool/p_r3[1]_i_1
INFO: [Physopt 32-662] Processed net u_pool/p_r3[1]_i_21_n_0.  Did not re-place instance u_pool/p_r3[1]_i_21
INFO: [Physopt 32-662] Processed net u_pool/p_r3_reg_n_0_[1].  Did not re-place instance u_pool/p_r3_reg[1]
INFO: [Physopt 32-663] Processed net u_pool/p_r3[9]_i_1_n_0.  Re-placed instance u_pool/p_r3[9]_i_1
INFO: [Physopt 32-662] Processed net u_conv_mac/g_lane[15].lane_acc_reg[31].  Did not re-place instance u_conv_mac/g_lane[15].lane_acc_reg[31]
INFO: [Physopt 32-662] Processed net u_pool/p_r3_reg_n_0_[9].  Did not re-place instance u_pool/p_r3_reg[9]
INFO: [Physopt 32-662] Processed net u_pool/p_r3[1]_i_20_n_0.  Did not re-place instance u_pool/p_r3[1]_i_20
INFO: [Physopt 32-662] Processed net u_conv_mac/g_lane[14].prod__86_carry_i_1_n_0.  Did not re-place instance u_conv_mac/g_lane[14].prod__86_carry_i_1
INFO: [Physopt 32-663] Processed net u_input_buf/conv_rdata[114][1].  Re-placed instance u_input_buf/g_lane[14].prod__0_carry__0_i_3
INFO: [Physopt 32-662] Processed net u_pool/p_r3[1]_i_19_n_0.  Did not re-place instance u_pool/p_r3[1]_i_19
INFO: [Physopt 32-662] Processed net u_conv_mac/g_lane[14].prod__86_carry_i_4_n_0.  Did not re-place instance u_conv_mac/g_lane[14].prod__86_carry_i_4
INFO: [Physopt 32-662] Processed net u_conv_mac/g_lane[14].sum_carry__3_i_8_n_0.  Did not re-place instance u_conv_mac/g_lane[14].sum_carry__3_i_8
INFO: [Physopt 32-662] Processed net u_input_buf/conv_rdata[113]_1[1].  Did not re-place instance u_input_buf/g_lane[14].prod__0_carry__0_i_7
INFO: [Physopt 32-662] Processed net u_conv_mac/g_lane[14].lane_out[29].  Did not re-place instance u_conv_mac/g_lane[14].lane_out_reg[29]
INFO: [Physopt 32-662] Processed net u_input_buf/conv_rdata[122][1].  Did not re-place instance u_input_buf/g_lane[15].prod__0_carry__0_i_3
INFO: [Physopt 32-662] Processed net u_input_buf/conv_rdata[121]_1[1].  Did not re-place instance u_input_buf/g_lane[15].prod__0_carry__0_i_7
INFO: [Physopt 32-662] Processed net u_pool/p_r3[1]_i_15_n_0.  Did not re-place instance u_pool/p_r3[1]_i_15
INFO: [Physopt 32-662] Processed net u_pool/p_r3[0]_i_12_n_0.  Did not re-place instance u_pool/p_r3[0]_i_12
INFO: [Physopt 32-662] Processed net u_conv_mac/g_lane[15].sum_carry__0_i_1_n_0.  Did not re-place instance u_conv_mac/g_lane[15].sum_carry__0_i_1
INFO: [Physopt 32-662] Processed net u_conv_mac/g_lane[15].lane_out[29].  Did not re-place instance u_conv_mac/g_lane[15].lane_out_reg[29]
INFO: [Physopt 32-663] Processed net u_pool/p_r3[12]_i_1_n_0.  Re-placed instance u_pool/p_r3[12]_i_1
INFO: [Physopt 32-662] Processed net u_pool/p_r3_reg_n_0_[12].  Did not re-place instance u_pool/p_r3_reg[12]
INFO: [Physopt 32-662] Processed net u_pool/p_r3[14]_i_1_n_0.  Did not re-place instance u_pool/p_r3[14]_i_1
INFO: [Physopt 32-662] Processed net p_r3[1]_i_229_n_0_repN.  Did not re-place instance p_r3[1]_i_229_replica
INFO: [Physopt 32-662] Processed net u_pool/p_r3[14]_i_530_n_0.  Did not re-place instance u_pool/p_r3[14]_i_530
INFO: [Physopt 32-662] Processed net u_pool/p_r3[14]_i_699_n_0.  Did not re-place instance u_pool/p_r3[14]_i_699
INFO: [Physopt 32-662] Processed net u_pool/p_r3[14]_i_732_n_0.  Did not re-place instance u_pool/p_r3[14]_i_732
INFO: [Physopt 32-662] Processed net u_pool/p_r3[14]_i_410_n_0.  Did not re-place instance u_pool/p_r3[14]_i_410
INFO: [Physopt 32-662] Processed net u_pool/p_r3[14]_i_605_n_0_repN.  Did not re-place instance u_pool/p_r3[14]_i_605_replica
INFO: [Physopt 32-662] Processed net u_pool/p_r3[1]_i_189_n_0.  Did not re-place instance u_pool/p_r3[1]_i_189
INFO: [Physopt 32-662] Processed net u_pool/p_r3_reg[4]_inv_n_0.  Did not re-place instance u_pool/p_r3_reg[4]_inv
INFO: [Physopt 32-662] Processed net u_conv_mac/g_lane[14].lane_out[31].  Did not re-place instance u_conv_mac/g_lane[14].lane_out_reg[31]
INFO: [Physopt 32-662] Processed net u_pool/p_r3_reg_n_0_[11].  Did not re-place instance u_pool/p_r3_reg[11]
INFO: [Physopt 32-662] Processed net u_pool/p_r3_reg_n_0_[13].  Did not re-place instance u_pool/p_r3_reg[13]
INFO: [Physopt 32-662] Processed net u_conv_mac/g_lane[15].lane_out[31].  Did not re-place instance u_conv_mac/g_lane[15].lane_out_reg[31]
INFO: [Physopt 32-662] Processed net u_pool/p_r3_reg_n_0_[10].  Did not re-place instance u_pool/p_r3_reg[10]
INFO: [Physopt 32-662] Processed net u_pool/p_r3_reg_n_0_[6].  Did not re-place instance u_pool/p_r3_reg[6]
INFO: [Physopt 32-662] Processed net u_pool/p_r3_reg_n_0_[8].  Did not re-place instance u_pool/p_r3_reg[8]
INFO: [Physopt 32-662] Processed net u_conv_mac/g_lane[9].prod__86_carry_i_1_n_0.  Did not re-place instance u_conv_mac/g_lane[9].prod__86_carry_i_1
INFO: [Physopt 32-662] Processed net u_conv_mac/g_lane[9].lane_acc[12]_i_4_n_0.  Did not re-place instance u_conv_mac/g_lane[9].lane_acc[12]_i_4
INFO: [Physopt 32-662] Processed net u_conv_mac/g_lane[9].prod__86_carry_i_4_n_0.  Did not re-place instance u_conv_mac/g_lane[9].prod__86_carry_i_4
INFO: [Physopt 32-662] Processed net u_input_buf/conv_rdata[73][2].  Did not re-place instance u_input_buf/g_lane[9].prod__0_carry_i_1
INFO: [Physopt 32-662] Processed net u_conv_mac/g_lane[9].lane_acc_reg[29].  Did not re-place instance u_conv_mac/g_lane[9].lane_acc_reg[29]
INFO: [Physopt 32-662] Processed net u_conv_mac/g_lane[10].prod__86_carry_i_1_n_0.  Did not re-place instance u_conv_mac/g_lane[10].prod__86_carry_i_1
INFO: [Physopt 32-663] Processed net u_input_buf/conv_rdata[82][0].  Re-placed instance u_input_buf/g_lane[10].prod__0_carry__0_i_4
INFO: [Physopt 32-662] Processed net u_conv_mac/g_lane[10].prod__86_carry_i_4_n_0.  Did not re-place instance u_conv_mac/g_lane[10].prod__86_carry_i_4
INFO: [Physopt 32-662] Processed net u_conv_mac/g_lane[10].sum_carry__3_i_8_n_0.  Did not re-place instance u_conv_mac/g_lane[10].sum_carry__3_i_8
INFO: [Physopt 32-662] Processed net u_input_buf/conv_rdata[81]_1[0].  Did not re-place instance u_input_buf/g_lane[10].prod__0_carry__0_i_8
INFO: [Physopt 32-662] Processed net u_conv_mac/g_lane[10].lane_out[29].  Did not re-place instance u_conv_mac/g_lane[10].lane_out_reg[29]
INFO: [Physopt 32-662] Processed net u_conv_mac/g_lane[9].lane_acc[8]_i_4_n_0.  Did not re-place instance u_conv_mac/g_lane[9].lane_acc[8]_i_4
INFO: [Physopt 32-662] Processed net u_pool/p_r3_reg_n_0_[2].  Did not re-place instance u_pool/p_r3_reg[2]
INFO: [Physopt 32-662] Processed net u_pool/p_r3_reg_n_0_[5].  Did not re-place instance u_pool/p_r3_reg[5]
INFO: [Physopt 32-662] Processed net u_pool/p_r3_reg_n_0_[7].  Did not re-place instance u_pool/p_r3_reg[7]
INFO: [Physopt 32-662] Processed net u_conv_mac/g_lane[6].prod__86_carry_i_1_n_0.  Did not re-place instance u_conv_mac/g_lane[6].prod__86_carry_i_1
INFO: [Physopt 32-663] Processed net u_input_buf/conv_rdata[50][0].  Re-placed instance u_input_buf/g_lane[6].prod__0_carry__0_i_4
INFO: [Physopt 32-662] Processed net u_conv_mac/g_lane[6].lane_acc[12]_i_4_n_0.  Did not re-place instance u_conv_mac/g_lane[6].lane_acc[12]_i_4
INFO: [Physopt 32-662] Processed net u_conv_mac/g_lane[6].lane_acc[8]_i_4_n_0.  Did not re-place instance u_conv_mac/g_lane[6].lane_acc[8]_i_4
INFO: [Physopt 32-662] Processed net u_conv_mac/g_lane[6].prod__86_carry_i_4_n_0.  Did not re-place instance u_conv_mac/g_lane[6].prod__86_carry_i_4
INFO: [Physopt 32-662] Processed net u_input_buf/conv_rdata[49]_1[0].  Did not re-place instance u_input_buf/g_lane[6].prod__0_carry__0_i_8
INFO: [Physopt 32-662] Processed net u_conv_mac/g_lane[6].lane_acc_reg[29].  Did not re-place instance u_conv_mac/g_lane[6].lane_acc_reg[29]
INFO: [Physopt 32-662] Processed net u_pool/p_0_in.  Did not re-place instance u_pool/p_r3_reg[14]
INFO: [Physopt 32-662] Processed net u_input_buf/g_lane[0].prod__0_carry_i_14_n_0.  Did not re-place instance u_input_buf/g_lane[0].prod__0_carry_i_14
INFO: [Physopt 32-662] Processed net u_pool/p_r3_reg_n_0_[3].  Did not re-place instance u_pool/p_r3_reg[3]
INFO: [Physopt 32-662] Processed net u_pool/p_r3[1]_i_188_n_0.  Did not re-place instance u_pool/p_r3[1]_i_188
INFO: [Physopt 32-662] Processed net u_conv_mac/g_lane[3].lane_out[30].  Did not re-place instance u_conv_mac/g_lane[3].lane_out_reg[30]
INFO: [Physopt 32-662] Processed net u_pool/p_r3[1]_i_190_n_0.  Did not re-place instance u_pool/p_r3[1]_i_190
INFO: [Physopt 32-662] Processed net u_conv_mac/g_lane[14].sum_carry__1_i_4_n_0.  Did not re-place instance u_conv_mac/g_lane[14].sum_carry__1_i_4
INFO: [Physopt 32-662] Processed net u_conv_mac/g_lane[14].sum_carry__2_i_4_n_0.  Did not re-place instance u_conv_mac/g_lane[14].sum_carry__2_i_4
INFO: [Physopt 32-662] Processed net u_input_buf/u_conv_mac/act[1].  Did not re-place instance u_input_buf/g_lane[9].prod__0_carry_i_8
INFO: [Physopt 32-662] Processed net u_input_buf/g_lane[0].prod__0_carry_i_16_n_0.  Did not re-place instance u_input_buf/g_lane[0].prod__0_carry_i_16
INFO: [Physopt 32-662] Processed net u_input_buf/conv_rdata[114][0].  Did not re-place instance u_input_buf/g_lane[14].prod__0_carry__0_i_4
INFO: [Physopt 32-662] Processed net u_input_buf/conv_rdata[113]_1[0].  Did not re-place instance u_input_buf/g_lane[14].prod__0_carry__0_i_8
INFO: [Physopt 32-662] Processed net u_pool/p_r3[1]_i_221_n_0.  Did not re-place instance u_pool/p_r3[1]_i_221
INFO: [Physopt 32-662] Processed net u_conv_mac/g_lane[9].lane_acc_reg[31].  Did not re-place instance u_conv_mac/g_lane[9].lane_acc_reg[31]
INFO: [Physopt 32-662] Processed net u_conv_mac/g_lane[10].lane_out[31].  Did not re-place instance u_conv_mac/g_lane[10].lane_out_reg[31]
INFO: [Physopt 32-662] Processed net u_conv_mac/g_lane[6].lane_acc_reg[31].  Did not re-place instance u_conv_mac/g_lane[6].lane_acc_reg[31]
INFO: [Physopt 32-662] Processed net u_conv_mac/g_lane[3].lane_out[28].  Did not re-place instance u_conv_mac/g_lane[3].lane_out_reg[28]
INFO: [Physopt 32-662] Processed net u_conv_mac/g_lane[14].sum_carry__3_i_4_n_0.  Did not re-place instance u_conv_mac/g_lane[14].sum_carry__3_i_4
INFO: [Physopt 32-662] Processed net u_pool/p_r3[1]_i_219_n_0.  Did not re-place instance u_pool/p_r3[1]_i_219
INFO: [Physopt 32-662] Processed net u_input_buf/g_lane[2].prod__0_carry_i_9_n_0_repN.  Did not re-place instance u_input_buf/g_lane[2].prod__0_carry_i_9_replica
INFO: [Physopt 32-662] Processed net u_input_buf/g_lane[0].prod__0_carry_i_17_n_0.  Did not re-place instance u_input_buf/g_lane[0].prod__0_carry_i_17
INFO: [Physopt 32-662] Processed net u_input_buf/conv_rdata[25]_1[1].  Did not re-place instance u_input_buf/g_lane[3].prod__0_carry__0_i_7
INFO: [Physopt 32-663] Processed net u_input_buf/g_lane[3].prod__0_carry__0_i_11_n_0.  Re-placed instance u_input_buf/g_lane[3].prod__0_carry__0_i_11
INFO: [Physopt 32-662] Processed net u_input_buf/u_conv_mac/act[0].  Did not re-place instance u_input_buf/g_lane[6].prod__0_carry_i_8
INFO: [Physopt 32-662] Processed net u_conv_mac/g_lane[9].sum_carry__3_i_8_n_0.  Did not re-place instance u_conv_mac/g_lane[9].sum_carry__3_i_8
INFO: [Physopt 32-662] Processed net u_input_buf/conv_rdata[113]_3[2].  Did not re-place instance u_input_buf/g_lane[14].prod__0_carry_i_5
INFO: [Physopt 32-662] Processed net u_conv_mac/g_lane[3].lane_out[25].  Did not re-place instance u_conv_mac/g_lane[3].lane_out_reg[25]
INFO: [Physopt 32-662] Processed net u_conv_mac/g_lane[9].lane_out[29].  Did not re-place instance u_conv_mac/g_lane[9].lane_out_reg[29]
INFO: [Physopt 32-662] Processed net u_input_buf/g_lane[0].prod__0_carry_i_11_n_0.  Did not re-place instance u_input_buf/g_lane[0].prod__0_carry_i_11
INFO: [Physopt 32-662] Processed net u_conv_mac/g_lane[4].prod__86_carry_i_1_n_0.  Did not re-place instance u_conv_mac/g_lane[4].prod__86_carry_i_1
INFO: [Physopt 32-663] Processed net u_input_buf/g_lane[0].prod__0_carry_i_20_n_0.  Re-placed instance u_input_buf/g_lane[0].prod__0_carry_i_20
INFO: [Physopt 32-662] Processed net u_conv_mac/g_lane[4].prod__86_carry_i_4_n_0.  Did not re-place instance u_conv_mac/g_lane[4].prod__86_carry_i_4
INFO: [Physopt 32-662] Processed net u_conv_mac/g_lane[4].sum_carry__1_i_4_n_0.  Did not re-place instance u_conv_mac/g_lane[4].sum_carry__1_i_4
INFO: [Physopt 32-662] Processed net u_conv_mac/g_lane[4].sum_carry__2_i_4_n_0.  Did not re-place instance u_conv_mac/g_lane[4].sum_carry__2_i_4
INFO: [Physopt 32-662] Processed net u_conv_mac/g_lane[4].sum_carry__3_i_8_n_0.  Did not re-place instance u_conv_mac/g_lane[4].sum_carry__3_i_8
INFO: [Physopt 32-662] Processed net u_input_buf/conv_rdata[33]_3[2].  Did not re-place instance u_input_buf/g_lane[4].prod__0_carry_i_5
INFO: [Physopt 32-662] Processed net u_pool/p_r3[1]_i_220_n_0.  Did not re-place instance u_pool/p_r3[1]_i_220
INFO: [Physopt 32-662] Processed net u_conv_mac/g_lane[4].lane_out[29].  Did not re-place instance u_conv_mac/g_lane[4].lane_out_reg[29]
INFO: [Physopt 32-662] Processed net u_enc_rq/rq[7]_i_1_n_0.  Did not re-place instance u_enc_rq/rq[7]_i_1
INFO: [Physopt 32-662] Processed net u_enc_rq/rq[7]_i_153_n_0.  Did not re-place instance u_enc_rq/rq[7]_i_153
INFO: [Physopt 32-662] Processed net u_enc_rq/rq[7]_i_827_n_0.  Did not re-place instance u_enc_rq/rq[7]_i_827
INFO: [Physopt 32-663] Processed net u_enc_rq/rq[7]_i_318_n_0.  Re-placed instance u_enc_rq/rq[7]_i_318
INFO: [Physopt 32-663] Processed net u_enc_rq/rq[7]_i_937_n_0.  Re-placed instance u_enc_rq/rq[7]_i_937
INFO: [Physopt 32-662] Processed net u_enc_rq/rq[7]_i_990_n_0.  Did not re-place instance u_enc_rq/rq[7]_i_990
INFO: [Physopt 32-662] Processed net u_enc_rq/rq[7]_i_322_n_0.  Did not re-place instance u_enc_rq/rq[7]_i_322
INFO: [Physopt 32-662] Processed net u_enc_rq/rq[7]_i_445_n_0.  Did not re-place instance u_enc_rq/rq[7]_i_445
INFO: [Physopt 32-662] Processed net u_enc_rq/rq[7]_i_708_n_0.  Did not re-place instance u_enc_rq/rq[7]_i_708
INFO: [Physopt 32-662] Processed net u_enc_rq/rq_reg[7]_0[4].  Did not re-place instance u_enc_rq/rq_reg[4]
INFO: [Physopt 32-662] Processed net u_enc_rq/rq_reg[7]_0[5].  Did not re-place instance u_enc_rq/rq_reg[5]
INFO: [Physopt 32-662] Processed net u_conv_mac/g_lane[3].sum_carry__3_i_4_n_0.  Did not re-place instance u_conv_mac/g_lane[3].sum_carry__3_i_4
INFO: [Physopt 32-662] Processed net u_pool/p_r3[1]_i_222_n_0.  Did not re-place instance u_pool/p_r3[1]_i_222
INFO: [Physopt 32-662] Processed net u_conv_mac/g_lane[15].lane_acc_reg[30].  Did not re-place instance u_conv_mac/g_lane[15].lane_acc_reg[30]
INFO: [Physopt 32-663] Processed net u_enc_rq/rq[7]_i_315_n_0.  Re-placed instance u_enc_rq/rq[7]_i_315
INFO: [Physopt 32-662] Processed net u_enc_rq/rq[0]_i_1_n_0.  Did not re-place instance u_enc_rq/rq[0]_i_1
INFO: [Physopt 32-662] Processed net u_enc_rq/rq[0]_i_4_n_0.  Did not re-place instance u_enc_rq/rq[0]_i_4
INFO: [Physopt 32-662] Processed net u_enc_rq/rq[7]_i_319_n_0.  Did not re-place instance u_enc_rq/rq[7]_i_319
INFO: [Physopt 32-662] Processed net u_enc_rq/rq[7]_i_911_n_0.  Did not re-place instance u_enc_rq/rq[7]_i_911
INFO: [Physopt 32-662] Processed net u_enc_rq/rq_reg[7]_0[0].  Did not re-place instance u_enc_rq/rq_reg[0]
INFO: [Physopt 32-662] Processed net u_conv_mac/g_lane[10].lane_acc[12]_i_5_n_0.  Did not re-place instance u_conv_mac/g_lane[10].lane_acc[12]_i_5
INFO: [Physopt 32-662] Processed net u_conv_mac/g_lane[10].lane_acc[8]_i_5_n_0.  Did not re-place instance u_conv_mac/g_lane[10].lane_acc[8]_i_5
INFO: [Physopt 32-662] Processed net u_conv_mac/g_lane[10].lane_acc_reg[29].  Did not re-place instance u_conv_mac/g_lane[10].lane_acc_reg[29]
INFO: [Physopt 32-662] Processed net u_conv_mac/g_lane[15].lane_acc[12]_i_4_n_0.  Did not re-place instance u_conv_mac/g_lane[15].lane_acc[12]_i_4
INFO: [Physopt 32-662] Processed net u_conv_mac/g_lane[15].lane_acc[8]_i_4_n_0.  Did not re-place instance u_conv_mac/g_lane[15].lane_acc[8]_i_4
INFO: [Physopt 32-662] Processed net u_pool/p_r3[14]_i_406_n_0.  Did not re-place instance u_pool/p_r3[14]_i_406
INFO: [Physopt 32-662] Processed net u_conv_mac/g_lane[6].lane_acc[12]_i_5_n_0.  Did not re-place instance u_conv_mac/g_lane[6].lane_acc[12]_i_5
INFO: [Physopt 32-662] Processed net u_conv_mac/g_lane[6].lane_acc[8]_i_5_n_0.  Did not re-place instance u_conv_mac/g_lane[6].lane_acc[8]_i_5
INFO: [Physopt 32-662] Processed net u_input_buf/conv_rdata[33][2].  Did not re-place instance u_input_buf/g_lane[4].prod__0_carry_i_1
INFO: [Physopt 32-662] Processed net u_input_buf/g_lane[0].prod__0_carry_i_15_n_0_repN.  Did not re-place instance u_input_buf/g_lane[0].prod__0_carry_i_15_replica
INFO: [Physopt 32-662] Processed net u_conv_mac/g_lane[9].lane_acc[12]_i_5_n_0.  Did not re-place instance u_conv_mac/g_lane[9].lane_acc[12]_i_5
INFO: [Physopt 32-662] Processed net u_conv_mac/g_lane[3].lane_out[27].  Did not re-place instance u_conv_mac/g_lane[3].lane_out_reg[27]
INFO: [Physopt 32-662] Processed net u_conv_mac/g_lane[9].lane_out[31].  Did not re-place instance u_conv_mac/g_lane[9].lane_out_reg[31]
INFO: [Physopt 32-662] Processed net u_conv_mac/g_lane[15].lane_acc_reg[28].  Did not re-place instance u_conv_mac/g_lane[15].lane_acc_reg[28]
INFO: [Physopt 32-662] Processed net u_conv_mac/g_lane[2].prod__86_carry_i_1_n_0.  Did not re-place instance u_conv_mac/g_lane[2].prod__86_carry_i_1
INFO: [Physopt 32-662] Processed net u_input_buf/conv_rdata[18][0].  Did not re-place instance u_input_buf/g_lane[2].prod__0_carry__0_i_4
INFO: [Physopt 32-662] Processed net u_conv_mac/g_lane[2].prod__86_carry_i_4_n_0.  Did not re-place instance u_conv_mac/g_lane[2].prod__86_carry_i_4
INFO: [Physopt 32-662] Processed net u_input_buf/conv_rdata[17]_1[0].  Did not re-place instance u_input_buf/g_lane[2].prod__0_carry__0_i_8
INFO: [Physopt 32-662] Processed net u_conv_mac/g_lane[2].lane_out[29].  Did not re-place instance u_conv_mac/g_lane[2].lane_out_reg[29]
INFO: [Physopt 32-663] Processed net p_r3[1]_i_227_n_0.  Re-placed instance p_r3[1]_i_227
INFO: [Physopt 32-662] Processed net u_conv_mac/g_lane[9].lane_acc[8]_i_5_n_0.  Did not re-place instance u_conv_mac/g_lane[9].lane_acc[8]_i_5
INFO: [Physopt 32-662] Processed net u_pool/p_r3[1]_i_173_n_0.  Did not re-place instance u_pool/p_r3[1]_i_173
INFO: [Physopt 32-662] Processed net u_conv_mac/g_lane[4].lane_out[31].  Did not re-place instance u_conv_mac/g_lane[4].lane_out_reg[31]
INFO: [Physopt 32-663] Processed net u_input_buf/conv_rdata[74][1].  Re-placed instance u_input_buf/g_lane[9].prod__0_carry__0_i_3
INFO: [Physopt 32-662] Processed net u_input_buf/conv_rdata[73]_1[1].  Did not re-place instance u_input_buf/g_lane[9].prod__0_carry__0_i_7
INFO: [Physopt 32-662] Processed net u_conv_mac/g_lane[15].lane_acc_reg[25].  Did not re-place instance u_conv_mac/g_lane[15].lane_acc_reg[25]
INFO: [Physopt 32-662] Processed net u_conv_mac/g_lane[10].sum_carry__3_i_4_n_0.  Did not re-place instance u_conv_mac/g_lane[10].sum_carry__3_i_4
INFO: [Physopt 32-662] Processed net u_conv_mac/g_lane[13].prod__86_carry_i_1_n_0.  Did not re-place instance u_conv_mac/g_lane[13].prod__86_carry_i_1
INFO: [Physopt 32-662] Processed net u_conv_mac/g_lane[13].prod__86_carry_i_4_n_0.  Did not re-place instance u_conv_mac/g_lane[13].prod__86_carry_i_4
INFO: [Physopt 32-662] Processed net u_conv_mac/g_lane[13].sum_carry__3_i_8_n_0.  Did not re-place instance u_conv_mac/g_lane[13].sum_carry__3_i_8
INFO: [Physopt 32-662] Processed net u_conv_mac/g_lane[2].sum_carry__3_i_8_n_0.  Did not re-place instance u_conv_mac/g_lane[2].sum_carry__3_i_8
INFO: [Physopt 32-662] Processed net u_input_buf/conv_rdata[105]_1[0].  Did not re-place instance u_input_buf/g_lane[13].prod__0_carry__0_i_8
INFO: [Physopt 32-663] Processed net u_input_buf/g_lane[13].prod__0_carry__0_i_12_n_0.  Re-placed instance u_input_buf/g_lane[13].prod__0_carry__0_i_12
INFO: [Physopt 32-662] Processed net u_conv_mac/g_lane[13].lane_out[29].  Did not re-place instance u_conv_mac/g_lane[13].lane_out_reg[29]
INFO: [Physopt 32-662] Processed net u_conv_mac/g_lane[6].sum_carry__1_i_4_n_0.  Did not re-place instance u_conv_mac/g_lane[6].sum_carry__1_i_4
INFO: [Physopt 32-662] Processed net u_conv_mac/g_lane[6].sum_carry__3_i_8_n_0.  Did not re-place instance u_conv_mac/g_lane[6].sum_carry__3_i_8
INFO: [Physopt 32-662] Processed net u_conv_mac/g_lane[6].lane_out[29].  Did not re-place instance u_conv_mac/g_lane[6].lane_out_reg[29]
INFO: [Physopt 32-662] Processed net u_pool/p_r3[1]_i_119_n_0.  Did not re-place instance u_pool/p_r3[1]_i_119
INFO: [Physopt 32-662] Processed net u_conv_mac/g_lane[6].sum_carry__2_i_4_n_0.  Did not re-place instance u_conv_mac/g_lane[6].sum_carry__2_i_4
INFO: [Physopt 32-663] Processed net u_input_buf/conv_rdata[33][1].  Re-placed instance u_input_buf/g_lane[4].prod__0_carry_i_2
INFO: [Physopt 32-663] Processed net u_enc_rq/rq[7]_i_317_n_0.  Re-placed instance u_enc_rq/rq[7]_i_317
INFO: [Physopt 32-662] Processed net u_input_buf/conv_rdata[26][1].  Did not re-place instance u_input_buf/g_lane[3].prod__0_carry__0_i_3
INFO: [Physopt 32-662] Processed net u_enc_rq/rq[7]_i_321_n_0.  Did not re-place instance u_enc_rq/rq[7]_i_321
INFO: [Physopt 32-662] Processed net u_input_buf/conv_rdata[113][2].  Did not re-place instance u_input_buf/g_lane[14].prod__0_carry_i_1
INFO: [Physopt 32-662] Processed net u_conv_mac/g_lane[6].lane_out[31].  Did not re-place instance u_conv_mac/g_lane[6].lane_out_reg[31]
INFO: [Physopt 32-662] Processed net u_input_buf/g_lane[0].prod__0_carry_i_18_n_0.  Did not re-place instance u_input_buf/g_lane[0].prod__0_carry_i_18
INFO: [Physopt 32-662] Processed net u_input_buf/conv_rdata[73]_3[2].  Did not re-place instance u_input_buf/g_lane[9].prod__0_carry_i_5
INFO: [Physopt 32-662] Processed net u_conv_mac/g_lane[10].lane_acc_reg[31].  Did not re-place instance u_conv_mac/g_lane[10].lane_acc_reg[31]
INFO: [Physopt 32-662] Processed net u_conv_mac/g_lane[14].lane_acc[8]_i_5_n_0.  Did not re-place instance u_conv_mac/g_lane[14].lane_acc[8]_i_5
INFO: [Physopt 32-662] Processed net u_conv_mac/g_lane[14].lane_acc_reg[29].  Did not re-place instance u_conv_mac/g_lane[14].lane_acc_reg[29]
INFO: [Physopt 32-662] Processed net u_conv_mac/g_lane[14].lane_out[30].  Did not re-place instance u_conv_mac/g_lane[14].lane_out_reg[30]
INFO: [Physopt 32-662] Processed net u_conv_mac/g_lane[10].lane_acc[12]_i_4_n_0.  Did not re-place instance u_conv_mac/g_lane[10].lane_acc[12]_i_4
INFO: [Physopt 32-662] Processed net u_conv_mac/g_lane[10].lane_acc[8]_i_4_n_0.  Did not re-place instance u_conv_mac/g_lane[10].lane_acc[8]_i_4
INFO: [Physopt 32-663] Processed net u_input_buf/conv_rdata[17][1].  Re-placed instance u_input_buf/g_lane[2].prod__0_carry_i_2
INFO: [Physopt 32-662] Processed net u_conv_mac/g_lane[7].prod__86_carry_i_1_n_0.  Did not re-place instance u_conv_mac/g_lane[7].prod__86_carry_i_1
INFO: [Physopt 32-663] Processed net u_input_buf/conv_rdata[58][0].  Re-placed instance u_input_buf/g_lane[7].prod__0_carry__0_i_4
INFO: [Physopt 32-662] Processed net u_conv_mac/g_lane[14].lane_acc[12]_i_5_n_0.  Did not re-place instance u_conv_mac/g_lane[14].lane_acc[12]_i_5
INFO: [Physopt 32-662] Processed net u_conv_mac/g_lane[3].lane_acc[8]_i_5_n_0.  Did not re-place instance u_conv_mac/g_lane[3].lane_acc[8]_i_5
INFO: [Physopt 32-662] Processed net u_conv_mac/g_lane[7].prod__86_carry_i_4_n_0.  Did not re-place instance u_conv_mac/g_lane[7].prod__86_carry_i_4
INFO: [Physopt 32-662] Processed net u_conv_mac/g_lane[7].sum_carry__3_i_8_n_0.  Did not re-place instance u_conv_mac/g_lane[7].sum_carry__3_i_8
INFO: [Physopt 32-663] Processed net u_input_buf/conv_rdata[49][1].  Re-placed instance u_input_buf/g_lane[6].prod__0_carry_i_2
INFO: [Physopt 32-662] Processed net u_input_buf/conv_rdata[57]_1[0].  Did not re-place instance u_input_buf/g_lane[7].prod__0_carry__0_i_8
INFO: [Physopt 32-662] Processed net u_conv_mac/g_lane[3].lane_acc_reg[29].  Did not re-place instance u_conv_mac/g_lane[3].lane_acc_reg[29]
INFO: [Physopt 32-662] Processed net u_conv_mac/g_lane[7].lane_out[29].  Did not re-place instance u_conv_mac/g_lane[7].lane_out_reg[29]
INFO: [Physopt 32-662] Processed net u_pool/p_r3[14]_i_667_n_0.  Did not re-place instance u_pool/p_r3[14]_i_667
INFO: [Physopt 32-662] Processed net u_conv_mac/g_lane[15].lane_acc[12]_i_2_n_0.  Did not re-place instance u_conv_mac/g_lane[15].lane_acc[12]_i_2
INFO: [Physopt 32-662] Processed net u_pool/p_r3[1]_i_174_n_0.  Did not re-place instance u_pool/p_r3[1]_i_174
INFO: [Physopt 32-662] Processed net u_conv_mac/g_lane[15].lane_out[30].  Did not re-place instance u_conv_mac/g_lane[15].lane_out_reg[30]
INFO: [Physopt 32-662] Processed net u_enc_rq/rq_reg[7]_0[6].  Did not re-place instance u_enc_rq/rq_reg[6]
INFO: [Physopt 32-662] Processed net u_input_buf/g_lane[2].prod__0_carry_i_9_n_0.  Did not re-place instance u_input_buf/g_lane[2].prod__0_carry_i_9
INFO: [Physopt 32-662] Processed net u_conv_mac/g_lane[9].sum_carry__2_i_4_n_0.  Did not re-place instance u_conv_mac/g_lane[9].sum_carry__2_i_4
INFO: [Physopt 32-662] Processed net u_input_buf/conv_rdata[17]_3[3].  Did not re-place instance u_input_buf/g_lane[2].prod__0_carry_i_4
INFO: [Physopt 32-663] Processed net u_input_buf/g_lane[2].prod__0_carry_i_10_n_0.  Re-placed instance u_input_buf/g_lane[2].prod__0_carry_i_10
INFO: [Physopt 32-663] Processed net u_enc_rq/rq[7]_i_316_n_0.  Re-placed instance u_enc_rq/rq[7]_i_316
INFO: [Physopt 32-662] Processed net u_conv_mac/g_lane[3].lane_acc[12]_i_5_n_0.  Did not re-place instance u_conv_mac/g_lane[3].lane_acc[12]_i_5
INFO: [Physopt 32-662] Processed net u_enc_rq/rq[7]_i_320_n_0.  Did not re-place instance u_enc_rq/rq[7]_i_320
INFO: [Physopt 32-662] Processed net u_pool/p_r3[1]_i_205_n_0.  Did not re-place instance u_pool/p_r3[1]_i_205
INFO: [Physopt 32-662] Processed net u_conv_mac/g_lane[2].lane_out[31].  Did not re-place instance u_conv_mac/g_lane[2].lane_out_reg[31]
INFO: [Physopt 32-662] Processed net u_conv_mac/g_lane[15].sum_carry__1_i_3_n_0.  Did not re-place instance u_conv_mac/g_lane[15].sum_carry__1_i_3
INFO: [Physopt 32-662] Processed net u_input_buf/conv_rdata[121]_3[2].  Did not re-place instance u_input_buf/g_lane[15].prod__0_carry_i_5
INFO: [Physopt 32-662] Processed net u_conv_mac/g_lane[9].sum_carry__1_i_4_n_0.  Did not re-place instance u_conv_mac/g_lane[9].sum_carry__1_i_4
INFO: [Physopt 32-662] Processed net u_conv_mac/g_lane[15].lane_acc_reg[27].  Did not re-place instance u_conv_mac/g_lane[15].lane_acc_reg[27]
INFO: [Physopt 32-662] Processed net u_conv_mac/g_lane[14].lane_acc_reg[31].  Did not re-place instance u_conv_mac/g_lane[14].lane_acc_reg[31]
INFO: [Physopt 32-662] Processed net u_enc_rq/rq[7]_i_150_n_0.  Did not re-place instance u_enc_rq/rq[7]_i_150
INFO: [Physopt 32-662] Processed net u_enc_rq/rq[0]_i_2_n_0.  Did not re-place instance u_enc_rq/rq[0]_i_2
INFO: [Physopt 32-662] Processed net u_enc_rq/rq[1]_i_4_n_0.  Did not re-place instance u_enc_rq/rq[1]_i_4
INFO: [Physopt 32-663] Processed net u_enc_rq/rq[1]_i_7_n_0.  Re-placed instance u_enc_rq/rq[1]_i_7
INFO: [Physopt 32-662] Processed net u_enc_rq/rq[7]_i_817_n_0.  Did not re-place instance u_enc_rq/rq[7]_i_817
INFO: [Physopt 32-662] Processed net u_enc_rq/rq[7]_i_725_n_0.  Did not re-place instance u_enc_rq/rq[7]_i_725
INFO: [Physopt 32-663] Processed net u_enc_rq/rq[7]_i_902_n_0.  Re-placed instance u_enc_rq/rq[7]_i_902
INFO: [Physopt 32-663] Processed net u_enc_rq/rq[7]_i_847_n_0.  Re-placed instance u_enc_rq/rq[7]_i_847
INFO: [Physopt 32-662] Processed net u_enc_rq/rq[7]_i_951_n_0.  Did not re-place instance u_enc_rq/rq[7]_i_951
INFO: [Physopt 32-662] Processed net u_conv_mac/g_lane[15].sum_carry__2_i_3_n_0.  Did not re-place instance u_conv_mac/g_lane[15].sum_carry__2_i_3
INFO: [Physopt 32-662] Processed net u_enc_rq/rq[7]_i_583_n_0.  Did not re-place instance u_enc_rq/rq[7]_i_583
INFO: [Physopt 32-662] Processed net u_conv_mac/g_lane[13].lane_out[31].  Did not re-place instance u_conv_mac/g_lane[13].lane_out_reg[31]
INFO: [Physopt 32-662] Processed net u_conv_mac/g_lane[3].lane_acc_reg[31].  Did not re-place instance u_conv_mac/g_lane[3].lane_acc_reg[31]
INFO: [Physopt 32-662] Processed net p_r3[1]_i_229_n_0.  Did not re-place instance p_r3[1]_i_229
INFO: [Physopt 32-662] Processed net u_pool/p_r3[1]_i_156_n_0.  Did not re-place instance u_pool/p_r3[1]_i_156
INFO: [Physopt 32-662] Processed net u_input_buf/u_conv_mac/act[4].  Did not re-place instance u_input_buf/g_lane[8].prod__0_carry__0_i_9
INFO: [Physopt 32-663] Processed net u_input_buf/conv_rdata[122][3].  Re-placed instance u_input_buf/g_lane[15].prod__0_carry__0_i_1
INFO: [Physopt 32-663] Processed net u_input_buf/conv_rdata[74][0].  Re-placed instance u_input_buf/g_lane[9].prod__0_carry__0_i_4
INFO: [Physopt 32-663] Processed net u_input_buf/g_lane[0].prod__0_carry__0_i_18_n_0.  Re-placed instance u_input_buf/g_lane[0].prod__0_carry__0_i_18
INFO: [Physopt 32-662] Processed net u_conv_mac/g_lane[10].lane_acc[12]_i_2_n_0.  Did not re-place instance u_conv_mac/g_lane[10].lane_acc[12]_i_2
INFO: [Physopt 32-663] Processed net u_conv_mac/g_lane[15].prod__86_carry__0_i_2_n_0.  Re-placed instance u_conv_mac/g_lane[15].prod__86_carry__0_i_2
INFO: [Physopt 32-662] Processed net u_input_buf/conv_rdata[121]_1[3].  Did not re-place instance u_input_buf/g_lane[15].prod__0_carry__0_i_5
INFO: [Physopt 32-661] Optimized 32 nets.  Re-placed 32 instances.
INFO: [Physopt 32-775] End 1 Pass. Optimized 32 nets or cells. Created 0 new cell, deleted 0 existing cell and moved 32 existing cells
INFO: [Physopt 32-619] Estimated Timing Summary | WNS=-2.840 | TNS=-1962.433 |
Netlist sorting complete. Time (s): cpu = 00:00:00 ; elapsed = 00:00:00.003 . Memory (MB): peak = 1898.480 ; gain = 0.000
Phase 9 Single Cell Placement Optimization | Checksum: 19a7012ce

Time (s): cpu = 00:00:50 ; elapsed = 00:00:30 . Memory (MB): peak = 1898.480 ; gain = 0.000

Phase 10 Multi Cell Placement Optimization
INFO: [Physopt 32-660] Identified 100 candidate nets for placement-based optimization.
INFO: [Physopt 32-662] Processed net u_input_buf/conv_rdata[26][0].  Did not re-place instance u_input_buf/g_lane[3].prod__0_carry__0_i_4/O
INFO: [Physopt 32-662] Processed net u_input_buf/g_lane[0].prod__0_carry_i_15_n_0_repN_1.  Did not re-place instance u_input_buf/g_lane[0].prod__0_carry_i_15_replica_1/O
INFO: [Physopt 32-662] Processed net u_input_buf/conv_rdata[122][0].  Did not re-place instance u_input_buf/g_lane[15].prod__0_carry__0_i_4/O
INFO: [Physopt 32-662] Processed net u_input_buf/g_lane[0].prod__0_carry_i_13_n_0.  Did not re-place instance u_input_buf/g_lane[0].prod__0_carry_i_13/O
INFO: [Physopt 32-662] Processed net u_input_buf/g_lane[2].prod__0_carry_i_9_n_0_repN.  Did not re-place instance u_input_buf/g_lane[2].prod__0_carry_i_9_replica/O
INFO: [Physopt 32-663] Processed net u_input_buf/g_lane[0].prod__0_carry_i_17_n_0.  Re-placed instance u_input_buf/g_lane[0].prod__0_carry_i_17/O
INFO: [Physopt 32-662] Processed net p_r3[1]_i_228_n_0.  Did not re-place instance p_r3[1]_i_228/O
INFO: [Physopt 32-662] Processed net u_pool/p_r3[14]_i_530_n_0.  Did not re-place instance u_pool/p_r3[14]_i_530/O
INFO: [Physopt 32-662] Processed net u_pool/p_r3[14]_i_699_n_0.  Did not re-place instance u_pool/p_r3[14]_i_699/O
INFO: [Physopt 32-662] Processed net u_pool/p_r3[14]_i_732_n_0.  Did not re-place instance u_pool/p_r3[14]_i_732/O
INFO: [Physopt 32-662] Processed net u_input_buf/conv_rdata[122][1].  Did not re-place instance u_input_buf/g_lane[15].prod__0_carry__0_i_3/O
INFO: [Physopt 32-662] Processed net u_pool/p_r3[14]_i_605_n_0_repN.  Did not re-place instance u_pool/p_r3[14]_i_605_replica/O
INFO: [Physopt 32-662] Processed net u_pool/p_r3_reg_n_0_[11].  Did not re-place instance u_pool/p_r3_reg[11]/Q
INFO: [Physopt 32-662] Processed net u_pool/p_r3_reg_n_0_[13].  Did not re-place instance u_pool/p_r3_reg[13]/Q
INFO: [Physopt 32-662] Processed net u_pool/p_r3_reg_n_0_[10].  Did not re-place instance u_pool/p_r3_reg[10]/Q
INFO: [Physopt 32-662] Processed net u_pool/p_r3_reg_n_0_[8].  Did not re-place instance u_pool/p_r3_reg[8]/Q
INFO: [Physopt 32-662] Processed net p_r3[1]_i_229_n_0_repN.  Did not re-place instance p_r3[1]_i_229_replica/O
INFO: [Physopt 32-662] Processed net u_pool/p_r3_reg_n_0_[2].  Did not re-place instance u_pool/p_r3_reg[2]/Q
INFO: [Physopt 32-662] Processed net u_pool/p_r3_reg_n_0_[5].  Did not re-place instance u_pool/p_r3_reg[5]/Q
INFO: [Physopt 32-662] Processed net u_pool/p_r3_reg_n_0_[7].  Did not re-place instance u_pool/p_r3_reg[7]/Q
INFO: [Physopt 32-662] Processed net u_pool/p_r3_reg_n_0_[9].  Did not re-place instance u_pool/p_r3_reg[9]/Q
INFO: [Physopt 32-662] Processed net u_pool/p_r3_reg_n_0_[3].  Did not re-place instance u_pool/p_r3_reg[3]/Q
INFO: [Physopt 32-662] Processed net u_pool/p_r3_reg_n_0_[12].  Did not re-place instance u_pool/p_r3_reg[12]/Q
INFO: [Physopt 32-662] Processed net u_pool/p_r3_reg_n_0_[1].  Did not re-place instance u_pool/p_r3_reg[1]/Q
INFO: [Physopt 32-662] Processed net u_input_buf/g_lane[0].prod__0_carry_i_16_n_0.  Did not re-place instance u_input_buf/g_lane[0].prod__0_carry_i_16/O
INFO: [Physopt 32-662] Processed net u_input_buf/conv_rdata[82][0].  Did not re-place instance u_input_buf/g_lane[10].prod__0_carry__0_i_4/O
INFO: [Physopt 32-662] Processed net u_input_buf/g_lane[0].prod__0_carry_i_14_n_0.  Did not re-place instance u_input_buf/g_lane[0].prod__0_carry_i_14/O
INFO: [Physopt 32-662] Processed net u_input_buf/conv_rdata[114][0].  Did not re-place instance u_input_buf/g_lane[14].prod__0_carry__0_i_4/O
INFO: [Physopt 32-662] Processed net u_input_buf/g_lane[0].prod__0_carry_i_18_n_0.  Did not re-place instance u_input_buf/g_lane[0].prod__0_carry_i_18/O
INFO: [Physopt 32-662] Processed net u_input_buf/g_lane[0].prod__0_carry_i_15_n_0_repN.  Did not re-place instance u_input_buf/g_lane[0].prod__0_carry_i_15_replica/O
INFO: [Physopt 32-662] Processed net u_input_buf/conv_rdata[114][1].  Did not re-place instance u_input_buf/g_lane[14].prod__0_carry__0_i_3/O
INFO: [Physopt 32-661] Optimized 1 net.  Re-placed 2 instances.
INFO: [Physopt 32-775] End 1 Pass. Optimized 1 net or cell. Created 0 new cell, deleted 0 existing cell and moved 2 existing cells
INFO: [Physopt 32-619] Estimated Timing Summary | WNS=-2.840 | TNS=-1962.433 |
Netlist sorting complete. Time (s): cpu = 00:00:00 ; elapsed = 00:00:00.002 . Memory (MB): peak = 1898.480 ; gain = 0.000
Phase 10 Multi Cell Placement Optimization | Checksum: 16dd02690

Time (s): cpu = 00:01:00 ; elapsed = 00:00:36 . Memory (MB): peak = 1898.480 ; gain = 0.000

Phase 11 Rewire
INFO: [Physopt 32-246] Starting Signal Push optimization...
INFO: [Physopt 32-77] Pass 1. Identified 3 candidate nets for rewire optimization.
INFO: [Physopt 32-134] Processed net p_r3[1]_i_228_n_0. Rewiring did not optimize the net.
INFO: [Physopt 32-134] Processed net p_r3[1]_i_229_n_0_repN. Rewiring did not optimize the net.
INFO: [Physopt 32-134] Processed net p_r3[1]_i_229_n_0. Rewiring did not optimize the net.
INFO: [Physopt 32-232] Optimized 0 net. Created 0 new instance.
INFO: [Physopt 32-775] End 1 Pass. Optimized 0 net or cell. Created 0 new cell, deleted 0 existing cell and moved 0 existing cell
Netlist sorting complete. Time (s): cpu = 00:00:00 ; elapsed = 00:00:00.010 . Memory (MB): peak = 1898.480 ; gain = 0.000
Netlist sorting complete. Time (s): cpu = 00:00:00 ; elapsed = 00:00:00.002 . Memory (MB): peak = 1898.480 ; gain = 0.000
Phase 11 Rewire | Checksum: 1662f88ab

Time (s): cpu = 00:01:00 ; elapsed = 00:00:36 . Memory (MB): peak = 1898.480 ; gain = 0.000

Phase 12 Critical Cell Optimization
INFO: [Physopt 32-46] Identified 30 candidate nets for critical-cell optimization.
INFO: [Physopt 32-572] Net u_input_buf/conv_rdata[26][0] was not replicated.
Resolution: phys_opt_design can be forced to replicate a net driver using the option -force_replication_on_nets <list of net objects>.
INFO: [Physopt 32-572] Net u_input_buf/conv_rdata[122][0] was not replicated.
Resolution: phys_opt_design can be forced to replicate a net driver using the option -force_replication_on_nets <list of net objects>.
INFO: [Physopt 32-81] Processed net u_input_buf/g_lane[2].prod__0_carry_i_9_n_0_repN. Replicated 1 times.
INFO: [Physopt 32-81] Processed net u_input_buf/g_lane[0].prod__0_carry_i_17_n_0. Replicated 1 times.
INFO: [Physopt 32-572] Net u_pool/p_r3[14]_i_1_n_0 was not replicated.
Resolution: phys_opt_design can be forced to replicate a net driver using the option -force_replication_on_nets <list of net objects>.
INFO: [Physopt 32-81] Processed net p_r3[1]_i_228_n_0. Replicated 3 times.
INFO: [Physopt 32-572] Net u_pool/p_r3[14]_i_530_n_0 was not replicated.
Resolution: phys_opt_design can be forced to replicate a net driver using the option -force_replication_on_nets <list of net objects>.
INFO: [Physopt 32-572] Net u_pool/p_r3[14]_i_699_n_0 was not replicated.
Resolution: phys_opt_design can be forced to replicate a net driver using the option -force_replication_on_nets <list of net objects>.
INFO: [Physopt 32-572] Net u_pool/p_r3[14]_i_732_n_0 was not replicated.
Resolution: phys_opt_design can be forced to replicate a net driver using the option -force_replication_on_nets <list of net objects>.
INFO: [Physopt 32-572] Net u_input_buf/conv_rdata[122][1] was not replicated.
Resolution: phys_opt_design can be forced to replicate a net driver using the option -force_replication_on_nets <list of net objects>.
INFO: [Physopt 32-572] Net p_r3[1]_i_229_n_0_repN was not replicated.
Resolution: phys_opt_design can be forced to replicate a net driver using the option -force_replication_on_nets <list of net objects>.
INFO: [Physopt 32-81] Processed net u_input_buf/g_lane[0].prod__0_carry_i_16_n_0. Replicated 2 times.
INFO: [Physopt 32-572] Net u_input_buf/conv_rdata[82][0] was not replicated.
Resolution: phys_opt_design can be forced to replicate a net driver using the option -force_replication_on_nets <list of net objects>.
INFO: [Physopt 32-572] Net u_input_buf/conv_rdata[114][0] was not replicated.
Resolution: phys_opt_design can be forced to replicate a net driver using the option -force_replication_on_nets <list of net objects>.
INFO: [Physopt 32-572] Net u_input_buf/conv_rdata[26][1] was not replicated.
Resolution: phys_opt_design can be forced to replicate a net driver using the option -force_replication_on_nets <list of net objects>.
INFO: [Physopt 32-81] Processed net u_input_buf/g_lane[0].prod__0_carry_i_18_n_0. Replicated 1 times.
INFO: [Physopt 32-572] Net u_input_buf/conv_rdata[114][1] was not replicated.
Resolution: phys_opt_design can be forced to replicate a net driver using the option -force_replication_on_nets <list of net objects>.
INFO: [Physopt 32-572] Net u_input_buf/conv_rdata[18][0] was not replicated.
Resolution: phys_opt_design can be forced to replicate a net driver using the option -force_replication_on_nets <list of net objects>.
INFO: [Physopt 32-572] Net u_pool/p_r3[14]_i_667_n_0 was not replicated.
Resolution: phys_opt_design can be forced to replicate a net driver using the option -force_replication_on_nets <list of net objects>.
INFO: [Physopt 32-572] Net u_input_buf/g_lane[0].prod__0_carry_i_19_n_0 was not replicated.
Resolution: phys_opt_design can be forced to replicate a net driver using the option -force_replication_on_nets <list of net objects>.
INFO: [Physopt 32-81] Processed net p_r3[1]_i_227_n_0. Replicated 1 times.
INFO: [Physopt 32-572] Net u_input_buf/conv_rdata[74][0] was not replicated.
Resolution: phys_opt_design can be forced to replicate a net driver using the option -force_replication_on_nets <list of net objects>.
INFO: [Physopt 32-572] Net u_pool/p_r3[14]_i_132_n_0 was not replicated.
Resolution: phys_opt_design can be forced to replicate a net driver using the option -force_replication_on_nets <list of net objects>.
INFO: [Physopt 32-232] Optimized 6 nets. Created 9 new instances.
INFO: [Physopt 32-775] End 1 Pass. Optimized 6 nets or cells. Created 9 new cells, deleted 0 existing cell and moved 0 existing cell
INFO: [Physopt 32-619] Estimated Timing Summary | WNS=-2.840 | TNS=-1957.576 |
Netlist sorting complete. Time (s): cpu = 00:00:00 ; elapsed = 00:00:00.027 . Memory (MB): peak = 1898.480 ; gain = 0.000
Phase 12 Critical Cell Optimization | Checksum: 11cedb3a4

Time (s): cpu = 00:01:07 ; elapsed = 00:00:40 . Memory (MB): peak = 1898.480 ; gain = 0.000

Phase 13 SLR Crossing Optimization
Phase 13 SLR Crossing Optimization | Checksum: 11cedb3a4

Time (s): cpu = 00:01:07 ; elapsed = 00:00:40 . Memory (MB): peak = 1898.480 ; gain = 0.000

Phase 14 Fanout Optimization
INFO: [Physopt 32-76] Pass 1. Identified 14 candidate nets for fanout optimization.
INFO: [Physopt 32-572] Net u_input_buf/g_lane[2].prod__0_carry_i_8_n_0 was not replicated.
Resolution: phys_opt_design can be forced to replicate a net driver using the option -force_replication_on_nets <list of net objects>.
INFO: [Physopt 32-572] Net u_input_buf/u_conv_mac/act[2] was not replicated.
Resolution: phys_opt_design can be forced to replicate a net driver using the option -force_replication_on_nets <list of net objects>.
INFO: [Physopt 32-572] Net u_input_buf/g_lane[0].prod__0_carry_i_8_n_0 was not replicated.
Resolution: phys_opt_design can be forced to replicate a net driver using the option -force_replication_on_nets <list of net objects>.
INFO: [Physopt 32-572] Net u_input_buf/u_conv_mac/act[0] was not replicated.
Resolution: phys_opt_design can be forced to replicate a net driver using the option -force_replication_on_nets <list of net objects>.
INFO: [Physopt 32-572] Net u_input_buf/u_conv_mac/act[1] was not replicated.
Resolution: phys_opt_design can be forced to replicate a net driver using the option -force_replication_on_nets <list of net objects>.
INFO: [Physopt 32-572] Net u_input_buf/g_lane[2].prod__0_carry_i_9_n_0 was not replicated.
Resolution: phys_opt_design can be forced to replicate a net driver using the option -force_replication_on_nets <list of net objects>.
INFO: [Physopt 32-572] Net u_input_buf/u_conv_mac/act[3] was not replicated.
Resolution: phys_opt_design can be forced to replicate a net driver using the option -force_replication_on_nets <list of net objects>.
INFO: [Physopt 32-572] Net u_input_buf/g_lane[0].prod__0_carry_i_11_n_0 was not replicated.
Resolution: phys_opt_design can be forced to replicate a net driver using the option -force_replication_on_nets <list of net objects>.
INFO: [Physopt 32-81] Processed net u_input_buf/g_lane[2].prod__0_carry__0_i_9_n_0. Replicated 4 times.
INFO: [Physopt 32-572] Net u_input_buf/g_lane[0].prod__0_carry__0_i_9_n_0 was not replicated.
Resolution: phys_opt_design can be forced to replicate a net driver using the option -force_replication_on_nets <list of net objects>.
INFO: [Physopt 32-81] Processed net u_input_buf/u_conv_mac/act[6]. Replicated 4 times.
INFO: [Physopt 32-572] Net u_input_buf/u_conv_mac/act[4] was not replicated.
Resolution: phys_opt_design can be forced to replicate a net driver using the option -force_replication_on_nets <list of net objects>.
INFO: [Physopt 32-572] Net u_enc_rq/p_0_in[1]_repN was not replicated.
Resolution: phys_opt_design can be forced to replicate a net driver using the option -force_replication_on_nets <list of net objects>.
INFO: [Physopt 32-232] Optimized 2 nets. Created 8 new instances.
INFO: [Physopt 32-775] End 1 Pass. Optimized 2 nets or cells. Created 8 new cells, deleted 0 existing cell and moved 0 existing cell
INFO: [Physopt 32-619] Estimated Timing Summary | WNS=-2.840 | TNS=-1957.576 |
Netlist sorting complete. Time (s): cpu = 00:00:00 ; elapsed = 00:00:00.016 . Memory (MB): peak = 1898.480 ; gain = 0.000
Phase 14 Fanout Optimization | Checksum: bb396fd6

Time (s): cpu = 00:01:14 ; elapsed = 00:00:44 . Memory (MB): peak = 1898.480 ; gain = 0.000

Phase 15 Single Cell Placement Optimization
INFO: [Physopt 32-660] Identified 250 candidate nets for placement-based optimization.
INFO: [Physopt 32-662] Processed net u_input_buf/g_lane[2].prod__0_carry_i_8_n_0.  Did not re-place instance u_input_buf/g_lane[2].prod__0_carry_i_8
INFO: [Physopt 32-662] Processed net u_conv_mac/g_lane[3].prod__86_carry_i_1_n_0.  Did not re-place instance u_conv_mac/g_lane[3].prod__86_carry_i_1
INFO: [Physopt 32-662] Processed net u_input_buf/conv_rdata[26][0].  Did not re-place instance u_input_buf/g_lane[3].prod__0_carry__0_i_4
INFO: [Physopt 32-662] Processed net u_conv_mac/g_lane[3].prod__86_carry_i_4_n_0.  Did not re-place instance u_conv_mac/g_lane[3].prod__86_carry_i_4
INFO: [Physopt 32-662] Processed net u_conv_mac/g_lane[3].sum_carry__3_i_8_n_0.  Did not re-place instance u_conv_mac/g_lane[3].sum_carry__3_i_8
INFO: [Physopt 32-662] Processed net u_input_buf/conv_rdata[25]_1[0].  Did not re-place instance u_input_buf/g_lane[3].prod__0_carry__0_i_8
INFO: [Physopt 32-662] Processed net u_input_buf/g_lane[0].prod__0_carry_i_15_n_0_repN_1.  Did not re-place instance u_input_buf/g_lane[0].prod__0_carry_i_15_replica_1
INFO: [Physopt 32-662] Processed net u_conv_mac/g_lane[3].lane_out[29].  Did not re-place instance u_conv_mac/g_lane[3].lane_out_reg[29]
INFO: [Physopt 32-662] Processed net u_input_buf/u_conv_mac/act[2].  Did not re-place instance u_input_buf/g_lane[8].prod__0_carry_i_8
INFO: [Physopt 32-662] Processed net u_conv_mac/g_lane[15].prod__86_carry_i_1_n_0.  Did not re-place instance u_conv_mac/g_lane[15].prod__86_carry_i_1
INFO: [Physopt 32-662] Processed net u_input_buf/conv_rdata[122][0].  Did not re-place instance u_input_buf/g_lane[15].prod__0_carry__0_i_4
INFO: [Physopt 32-662] Processed net u_input_buf/g_lane[0].prod__0_carry_i_13_n_0.  Did not re-place instance u_input_buf/g_lane[0].prod__0_carry_i_13
INFO: [Physopt 32-662] Processed net u_conv_mac/g_lane[15].lane_acc[12]_i_5_n_0.  Did not re-place instance u_conv_mac/g_lane[15].lane_acc[12]_i_5
INFO: [Physopt 32-662] Processed net u_conv_mac/g_lane[15].lane_acc[8]_i_5_n_0.  Did not re-place instance u_conv_mac/g_lane[15].lane_acc[8]_i_5
INFO: [Physopt 32-662] Processed net u_conv_mac/g_lane[15].prod__86_carry_i_4_n_0.  Did not re-place instance u_conv_mac/g_lane[15].prod__86_carry_i_4
INFO: [Physopt 32-662] Processed net u_input_buf/conv_rdata[121][2].  Did not re-place instance u_input_buf/g_lane[15].prod__0_carry_i_1
INFO: [Physopt 32-662] Processed net u_input_buf/conv_rdata[121]_1[0].  Did not re-place instance u_input_buf/g_lane[15].prod__0_carry__0_i_8
INFO: [Physopt 32-662] Processed net u_conv_mac/g_lane[15].lane_acc_reg[29].  Did not re-place instance u_conv_mac/g_lane[15].lane_acc_reg[29]
INFO: [Physopt 32-662] Processed net u_input_buf/g_lane[0].prod__0_carry_i_8_n_0.  Did not re-place instance u_input_buf/g_lane[0].prod__0_carry_i_8
INFO: [Physopt 32-662] Processed net u_conv_mac/g_lane[3].lane_out[31].  Did not re-place instance u_conv_mac/g_lane[3].lane_out_reg[31]
INFO: [Physopt 32-662] Processed net u_input_buf/conv_rdata[25][2].  Did not re-place instance u_input_buf/g_lane[3].prod__0_carry_i_1
INFO: [Physopt 32-662] Processed net u_conv_mac/g_lane[15].lane_acc_reg[31].  Did not re-place instance u_conv_mac/g_lane[15].lane_acc_reg[31]
INFO: [Physopt 32-662] Processed net u_input_buf/g_lane[2].prod__0_carry_i_9_n_0_repN.  Did not re-place instance u_input_buf/g_lane[2].prod__0_carry_i_9_replica
INFO: [Physopt 32-662] Processed net u_input_buf/g_lane[0].prod__0_carry_i_17_n_0.  Did not re-place instance u_input_buf/g_lane[0].prod__0_carry_i_17
INFO: [Physopt 32-662] Processed net u_input_buf/conv_rdata[122][1].  Did not re-place instance u_input_buf/g_lane[15].prod__0_carry__0_i_3
INFO: [Physopt 32-662] Processed net u_input_buf/conv_rdata[121]_1[1].  Did not re-place instance u_input_buf/g_lane[15].prod__0_carry__0_i_7
INFO: [Physopt 32-662] Processed net u_input_buf/conv_rdata[25]_3[3].  Did not re-place instance u_input_buf/g_lane[3].prod__0_carry_i_4
INFO: [Physopt 32-662] Processed net u_input_buf/g_lane[3].prod__0_carry_i_8_n_0.  Did not re-place instance u_input_buf/g_lane[3].prod__0_carry_i_8
INFO: [Physopt 32-662] Processed net u_conv_mac/g_lane[15].sum_carry__0_i_1_n_0.  Did not re-place instance u_conv_mac/g_lane[15].sum_carry__0_i_1
INFO: [Physopt 32-662] Processed net u_conv_mac/g_lane[15].lane_out[29].  Did not re-place instance u_conv_mac/g_lane[15].lane_out_reg[29]
INFO: [Physopt 32-662] Processed net u_pool/p_r3[14]_i_1_n_0.  Did not re-place instance u_pool/p_r3[14]_i_1
INFO: [Physopt 32-662] Processed net p_r3[1]_i_229_n_0_repN.  Did not re-place instance p_r3[1]_i_229_replica
INFO: [Physopt 32-662] Processed net u_pool/p_r3[14]_i_530_n_0.  Did not re-place instance u_pool/p_r3[14]_i_530
INFO: [Physopt 32-662] Processed net u_pool/p_r3[14]_i_699_n_0.  Did not re-place instance u_pool/p_r3[14]_i_699
INFO: [Physopt 32-662] Processed net u_pool/p_r3[14]_i_732_n_0.  Did not re-place instance u_pool/p_r3[14]_i_732
INFO: [Physopt 32-662] Processed net u_pool/p_r3[14]_i_410_n_0.  Did not re-place instance u_pool/p_r3[14]_i_410
INFO: [Physopt 32-662] Processed net u_pool/p_r3[14]_i_605_n_0_repN.  Did not re-place instance u_pool/p_r3[14]_i_605_replica
INFO: [Physopt 32-662] Processed net u_pool/p_r3[1]_i_189_n_0.  Did not re-place instance u_pool/p_r3[1]_i_189
INFO: [Physopt 32-662] Processed net u_pool/p_r3_reg[4]_inv_n_0.  Did not re-place instance u_pool/p_r3_reg[4]_inv
INFO: [Physopt 32-662] Processed net u_pool/p_r3_reg_n_0_[11].  Did not re-place instance u_pool/p_r3_reg[11]
INFO: [Physopt 32-662] Processed net u_pool/p_r3_reg_n_0_[13].  Did not re-place instance u_pool/p_r3_reg[13]
INFO: [Physopt 32-662] Processed net u_conv_mac/g_lane[15].lane_out[31].  Did not re-place instance u_conv_mac/g_lane[15].lane_out_reg[31]
INFO: [Physopt 32-662] Processed net u_pool/p_r3_reg_n_0_[10].  Did not re-place instance u_pool/p_r3_reg[10]
INFO: [Physopt 32-662] Processed net u_pool/p_r3_reg_n_0_[6].  Did not re-place instance u_pool/p_r3_reg[6]
INFO: [Physopt 32-662] Processed net u_pool/p_r3_reg_n_0_[8].  Did not re-place instance u_pool/p_r3_reg[8]
INFO: [Physopt 32-662] Processed net u_conv_mac/g_lane[9].prod__86_carry_i_1_n_0.  Did not re-place instance u_conv_mac/g_lane[9].prod__86_carry_i_1
INFO: [Physopt 32-662] Processed net u_conv_mac/g_lane[9].lane_acc[12]_i_4_n_0.  Did not re-place instance u_conv_mac/g_lane[9].lane_acc[12]_i_4
INFO: [Physopt 32-662] Processed net u_conv_mac/g_lane[9].prod__86_carry_i_4_n_0.  Did not re-place instance u_conv_mac/g_lane[9].prod__86_carry_i_4
INFO: [Physopt 32-662] Processed net u_input_buf/conv_rdata[73][2].  Did not re-place instance u_input_buf/g_lane[9].prod__0_carry_i_1
INFO: [Physopt 32-662] Processed net u_conv_mac/g_lane[9].lane_acc_reg[29].  Did not re-place instance u_conv_mac/g_lane[9].lane_acc_reg[29]
INFO: [Physopt 32-662] Processed net u_conv_mac/g_lane[9].lane_acc[8]_i_4_n_0.  Did not re-place instance u_conv_mac/g_lane[9].lane_acc[8]_i_4
INFO: [Physopt 32-662] Processed net u_pool/p_r3_reg_n_0_[2].  Did not re-place instance u_pool/p_r3_reg[2]
INFO: [Physopt 32-662] Processed net u_pool/p_r3_reg_n_0_[5].  Did not re-place instance u_pool/p_r3_reg[5]
INFO: [Physopt 32-662] Processed net u_pool/p_r3_reg_n_0_[7].  Did not re-place instance u_pool/p_r3_reg[7]
INFO: [Physopt 32-662] Processed net u_pool/p_r3_reg_n_0_[9].  Did not re-place instance u_pool/p_r3_reg[9]
INFO: [Physopt 32-662] Processed net u_pool/p_0_in.  Did not re-place instance u_pool/p_r3_reg[14]
INFO: [Physopt 32-662] Processed net u_input_buf/g_lane[0].prod__0_carry_i_14_n_0.  Did not re-place instance u_input_buf/g_lane[0].prod__0_carry_i_14
INFO: [Physopt 32-662] Processed net u_pool/p_r3_reg_n_0_[3].  Did not re-place instance u_pool/p_r3_reg[3]
INFO: [Physopt 32-662] Processed net u_pool/p_r3_reg_n_0_[12].  Did not re-place instance u_pool/p_r3_reg[12]
INFO: [Physopt 32-662] Processed net u_pool/p_r3_reg_n_0_[1].  Did not re-place instance u_pool/p_r3_reg[1]
INFO: [Physopt 32-662] Processed net u_pool/p_r3[1]_i_188_n_0.  Did not re-place instance u_pool/p_r3[1]_i_188
INFO: [Physopt 32-662] Processed net u_pool/p_r3[1]_i_190_n_0.  Did not re-place instance u_pool/p_r3[1]_i_190
INFO: [Physopt 32-662] Processed net u_input_buf/conv_rdata[26][1].  Did not re-place instance u_input_buf/g_lane[3].prod__0_carry__0_i_3
INFO: [Physopt 32-662] Processed net u_input_buf/conv_rdata[25]_1[1].  Did not re-place instance u_input_buf/g_lane[3].prod__0_carry__0_i_7
INFO: [Physopt 32-662] Processed net u_input_buf/g_lane[0].prod__0_carry_i_18_n_0.  Did not re-place instance u_input_buf/g_lane[0].prod__0_carry_i_18
INFO: [Physopt 32-662] Processed net u_pool/p_r3[1]_i_221_n_0.  Did not re-place instance u_pool/p_r3[1]_i_221
INFO: [Physopt 32-662] Processed net u_conv_mac/g_lane[9].lane_acc_reg[31].  Did not re-place instance u_conv_mac/g_lane[9].lane_acc_reg[31]
INFO: [Physopt 32-662] Processed net u_pool/p_r3[1]_i_219_n_0.  Did not re-place instance u_pool/p_r3[1]_i_219
INFO: [Physopt 32-662] Processed net u_conv_mac/g_lane[3].lane_out[30].  Did not re-place instance u_conv_mac/g_lane[3].lane_out_reg[30]
INFO: [Physopt 32-662] Processed net u_input_buf/u_conv_mac/act[0].  Did not re-place instance u_input_buf/g_lane[6].prod__0_carry_i_8
INFO: [Physopt 32-662] Processed net u_conv_mac/g_lane[14].prod__86_carry_i_1_n_0.  Did not re-place instance u_conv_mac/g_lane[14].prod__86_carry_i_1
INFO: [Physopt 32-662] Processed net u_conv_mac/g_lane[14].prod__86_carry_i_4_n_0.  Did not re-place instance u_conv_mac/g_lane[14].prod__86_carry_i_4
INFO: [Physopt 32-662] Processed net u_conv_mac/g_lane[14].sum_carry__3_i_8_n_0.  Did not re-place instance u_conv_mac/g_lane[14].sum_carry__3_i_8
INFO: [Physopt 32-662] Processed net u_conv_mac/g_lane[9].sum_carry__3_i_8_n_0.  Did not re-place instance u_conv_mac/g_lane[9].sum_carry__3_i_8
INFO: [Physopt 32-662] Processed net u_input_buf/conv_rdata[113]_3[2].  Did not re-place instance u_input_buf/g_lane[14].prod__0_carry_i_5
INFO: [Physopt 32-662] Processed net u_conv_mac/g_lane[14].lane_out[29].  Did not re-place instance u_conv_mac/g_lane[14].lane_out_reg[29]
INFO: [Physopt 32-662] Processed net u_conv_mac/g_lane[9].lane_out[29].  Did not re-place instance u_conv_mac/g_lane[9].lane_out_reg[29]
INFO: [Physopt 32-662] Processed net u_pool/p_r3[1]_i_220_n_0.  Did not re-place instance u_pool/p_r3[1]_i_220
INFO: [Physopt 32-662] Processed net u_pool/p_r3[1]_i_222_n_0.  Did not re-place instance u_pool/p_r3[1]_i_222
INFO: [Physopt 32-662] Processed net u_conv_mac/g_lane[15].lane_acc_reg[30].  Did not re-place instance u_conv_mac/g_lane[15].lane_acc_reg[30]
INFO: [Physopt 32-662] Processed net u_input_buf/u_conv_mac/act[1].  Did not re-place instance u_input_buf/g_lane[9].prod__0_carry_i_8
INFO: [Physopt 32-662] Processed net u_conv_mac/g_lane[10].prod__86_carry_i_1_n_0.  Did not re-place instance u_conv_mac/g_lane[10].prod__86_carry_i_1
INFO: [Physopt 32-663] Processed net u_input_buf/conv_rdata[82][0].  Re-placed instance u_input_buf/g_lane[10].prod__0_carry__0_i_4
INFO: [Physopt 32-662] Processed net u_conv_mac/g_lane[10].prod__86_carry_i_4_n_0.  Did not re-place instance u_conv_mac/g_lane[10].prod__86_carry_i_4
INFO: [Physopt 32-662] Processed net u_conv_mac/g_lane[10].sum_carry__3_i_8_n_0.  Did not re-place instance u_conv_mac/g_lane[10].sum_carry__3_i_8
INFO: [Physopt 32-662] Processed net u_input_buf/conv_rdata[81]_1[0].  Did not re-place instance u_input_buf/g_lane[10].prod__0_carry__0_i_8
INFO: [Physopt 32-662] Processed net u_input_buf/g_lane[0].prod__0_carry_i_15_n_0_repN.  Did not re-place instance u_input_buf/g_lane[0].prod__0_carry_i_15_replica
INFO: [Physopt 32-662] Processed net u_conv_mac/g_lane[10].lane_out[29].  Did not re-place instance u_conv_mac/g_lane[10].lane_out_reg[29]
INFO: [Physopt 32-662] Processed net u_input_buf/g_lane[0].prod__0_carry_i_16_n_0_repN_1.  Did not re-place instance u_input_buf/g_lane[0].prod__0_carry_i_16_replica_1
INFO: [Physopt 32-662] Processed net u_conv_mac/g_lane[3].lane_out[28].  Did not re-place instance u_conv_mac/g_lane[3].lane_out_reg[28]
INFO: [Physopt 32-662] Processed net u_conv_mac/g_lane[3].lane_out[25].  Did not re-place instance u_conv_mac/g_lane[3].lane_out_reg[25]
INFO: [Physopt 32-662] Processed net u_conv_mac/g_lane[15].lane_acc[12]_i_4_n_0.  Did not re-place instance u_conv_mac/g_lane[15].lane_acc[12]_i_4
INFO: [Physopt 32-662] Processed net u_conv_mac/g_lane[15].lane_acc[8]_i_4_n_0.  Did not re-place instance u_conv_mac/g_lane[15].lane_acc[8]_i_4
INFO: [Physopt 32-662] Processed net u_pool/p_r3[14]_i_406_n_0.  Did not re-place instance u_pool/p_r3[14]_i_406
INFO: [Physopt 32-662] Processed net u_input_buf/conv_rdata[114][1].  Did not re-place instance u_input_buf/g_lane[14].prod__0_carry__0_i_3
INFO: [Physopt 32-662] Processed net u_input_buf/conv_rdata[113]_1[1].  Did not re-place instance u_input_buf/g_lane[14].prod__0_carry__0_i_7
INFO: [Physopt 32-662] Processed net u_conv_mac/g_lane[4].prod__86_carry_i_1_n_0.  Did not re-place instance u_conv_mac/g_lane[4].prod__86_carry_i_1
INFO: [Physopt 32-662] Processed net u_input_buf/conv_rdata[114][0].  Did not re-place instance u_input_buf/g_lane[14].prod__0_carry__0_i_4
INFO: [Physopt 32-662] Processed net u_conv_mac/g_lane[4].prod__86_carry_i_4_n_0.  Did not re-place instance u_conv_mac/g_lane[4].prod__86_carry_i_4
INFO: [Physopt 32-662] Processed net u_conv_mac/g_lane[4].sum_carry__1_i_4_n_0.  Did not re-place instance u_conv_mac/g_lane[4].sum_carry__1_i_4
INFO: [Physopt 32-662] Processed net u_conv_mac/g_lane[4].sum_carry__2_i_4_n_0.  Did not re-place instance u_conv_mac/g_lane[4].sum_carry__2_i_4
INFO: [Physopt 32-662] Processed net u_conv_mac/g_lane[4].sum_carry__3_i_8_n_0.  Did not re-place instance u_conv_mac/g_lane[4].sum_carry__3_i_8
INFO: [Physopt 32-662] Processed net u_input_buf/conv_rdata[113]_1[0].  Did not re-place instance u_input_buf/g_lane[14].prod__0_carry__0_i_8
INFO: [Physopt 32-662] Processed net u_input_buf/conv_rdata[33][2].  Did not re-place instance u_input_buf/g_lane[4].prod__0_carry_i_1
INFO: [Physopt 32-662] Processed net u_conv_mac/g_lane[4].lane_out[29].  Did not re-place instance u_conv_mac/g_lane[4].lane_out_reg[29]
INFO: [Physopt 32-662] Processed net u_conv_mac/g_lane[9].lane_acc[12]_i_5_n_0.  Did not re-place instance u_conv_mac/g_lane[9].lane_acc[12]_i_5
INFO: [Physopt 32-662] Processed net u_conv_mac/g_lane[14].lane_out[31].  Did not re-place instance u_conv_mac/g_lane[14].lane_out_reg[31]
INFO: [Physopt 32-662] Processed net u_conv_mac/g_lane[9].lane_out[31].  Did not re-place instance u_conv_mac/g_lane[9].lane_out_reg[31]
INFO: [Physopt 32-662] Processed net u_conv_mac/g_lane[3].sum_carry__3_i_4_n_0.  Did not re-place instance u_conv_mac/g_lane[3].sum_carry__3_i_4
INFO: [Physopt 32-662] Processed net u_conv_mac/g_lane[15].lane_acc_reg[28].  Did not re-place instance u_conv_mac/g_lane[15].lane_acc_reg[28]
INFO: [Physopt 32-662] Processed net u_conv_mac/g_lane[9].lane_acc[8]_i_5_n_0.  Did not re-place instance u_conv_mac/g_lane[9].lane_acc[8]_i_5
INFO: [Physopt 32-662] Processed net u_conv_mac/g_lane[2].prod__86_carry_i_1_n_0.  Did not re-place instance u_conv_mac/g_lane[2].prod__86_carry_i_1
INFO: [Physopt 32-662] Processed net u_input_buf/conv_rdata[18][0].  Did not re-place instance u_input_buf/g_lane[2].prod__0_carry__0_i_4
INFO: [Physopt 32-662] Processed net u_conv_mac/g_lane[2].prod__86_carry_i_4_n_0.  Did not re-place instance u_conv_mac/g_lane[2].prod__86_carry_i_4
INFO: [Physopt 32-662] Processed net u_input_buf/conv_rdata[17]_1[0].  Did not re-place instance u_input_buf/g_lane[2].prod__0_carry__0_i_8
INFO: [Physopt 32-662] Processed net u_conv_mac/g_lane[15].lane_acc_reg[25].  Did not re-place instance u_conv_mac/g_lane[15].lane_acc_reg[25]
INFO: [Physopt 32-662] Processed net u_conv_mac/g_lane[2].lane_out[29].  Did not re-place instance u_conv_mac/g_lane[2].lane_out_reg[29]
INFO: [Physopt 32-662] Processed net u_conv_mac/g_lane[2].sum_carry__3_i_8_n_0.  Did not re-place instance u_conv_mac/g_lane[2].sum_carry__3_i_8
INFO: [Physopt 32-662] Processed net u_conv_mac/g_lane[10].lane_out[31].  Did not re-place instance u_conv_mac/g_lane[10].lane_out_reg[31]
INFO: [Physopt 32-662] Processed net u_input_buf/conv_rdata[113][2].  Did not re-place instance u_input_buf/g_lane[14].prod__0_carry_i_1
INFO: [Physopt 32-662] Processed net u_input_buf/conv_rdata[73]_3[2].  Did not re-place instance u_input_buf/g_lane[9].prod__0_carry_i_5
INFO: [Physopt 32-662] Processed net u_conv_mac/g_lane[3].lane_out[27].  Did not re-place instance u_conv_mac/g_lane[3].lane_out_reg[27]
INFO: [Physopt 32-662] Processed net u_conv_mac/g_lane[14].sum_carry__1_i_4_n_0.  Did not re-place instance u_conv_mac/g_lane[14].sum_carry__1_i_4
INFO: [Physopt 32-662] Processed net u_conv_mac/g_lane[14].sum_carry__2_i_4_n_0.  Did not re-place instance u_conv_mac/g_lane[14].sum_carry__2_i_4
INFO: [Physopt 32-662] Processed net u_conv_mac/g_lane[4].lane_out[31].  Did not re-place instance u_conv_mac/g_lane[4].lane_out_reg[31]
INFO: [Physopt 32-662] Processed net u_pool/p_r3[14]_i_667_n_0.  Did not re-place instance u_pool/p_r3[14]_i_667
INFO: [Physopt 32-662] Processed net u_conv_mac/g_lane[15].lane_acc[12]_i_2_n_0.  Did not re-place instance u_conv_mac/g_lane[15].lane_acc[12]_i_2
INFO: [Physopt 32-662] Processed net u_conv_mac/g_lane[15].lane_out[30].  Did not re-place instance u_conv_mac/g_lane[15].lane_out_reg[30]
INFO: [Physopt 32-662] Processed net u_conv_mac/g_lane[9].sum_carry__2_i_4_n_0.  Did not re-place instance u_conv_mac/g_lane[9].sum_carry__2_i_4
INFO: [Physopt 32-662] Processed net u_input_buf/g_lane[2].prod__0_carry_i_9_n_0.  Did not re-place instance u_input_buf/g_lane[2].prod__0_carry_i_9
INFO: [Physopt 32-662] Processed net u_conv_mac/g_lane[15].sum_carry__1_i_3_n_0.  Did not re-place instance u_conv_mac/g_lane[15].sum_carry__1_i_3
INFO: [Physopt 32-662] Processed net u_input_buf/conv_rdata[121]_3[2].  Did not re-place instance u_input_buf/g_lane[15].prod__0_carry_i_5
INFO: [Physopt 32-662] Processed net u_conv_mac/g_lane[9].sum_carry__1_i_4_n_0.  Did not re-place instance u_conv_mac/g_lane[9].sum_carry__1_i_4
INFO: [Physopt 32-662] Processed net u_conv_mac/g_lane[15].lane_acc_reg[27].  Did not re-place instance u_conv_mac/g_lane[15].lane_acc_reg[27]
INFO: [Physopt 32-662] Processed net u_conv_mac/g_lane[2].lane_out[31].  Did not re-place instance u_conv_mac/g_lane[2].lane_out_reg[31]
INFO: [Physopt 32-662] Processed net u_conv_mac/g_lane[15].sum_carry__2_i_3_n_0.  Did not re-place instance u_conv_mac/g_lane[15].sum_carry__2_i_3
INFO: [Physopt 32-662] Processed net u_input_buf/conv_rdata[121]_3[3].  Did not re-place instance u_input_buf/g_lane[15].prod__0_carry_i_4
INFO: [Physopt 32-662] Processed net u_input_buf/g_lane[0].prod__0_carry_i_19_n_0.  Did not re-place instance u_input_buf/g_lane[0].prod__0_carry_i_19
INFO: [Physopt 32-662] Processed net u_conv_mac/g_lane[14].sum_carry__3_i_4_n_0.  Did not re-place instance u_conv_mac/g_lane[14].sum_carry__3_i_4
INFO: [Physopt 32-662] Processed net u_conv_mac/g_lane[9].sum_carry__3_i_4_n_0.  Did not re-place instance u_conv_mac/g_lane[9].sum_carry__3_i_4
INFO: [Physopt 32-662] Processed net u_conv_mac/g_lane[10].lane_acc[12]_i_5_n_0.  Did not re-place instance u_conv_mac/g_lane[10].lane_acc[12]_i_5
INFO: [Physopt 32-662] Processed net u_conv_mac/g_lane[10].lane_acc[8]_i_5_n_0.  Did not re-place instance u_conv_mac/g_lane[10].lane_acc[8]_i_5
INFO: [Physopt 32-662] Processed net u_conv_mac/g_lane[10].lane_acc_reg[29].  Did not re-place instance u_conv_mac/g_lane[10].lane_acc_reg[29]
INFO: [Physopt 32-662] Processed net u_conv_mac/g_lane[3].lane_acc[8]_i_5_n_0.  Did not re-place instance u_conv_mac/g_lane[3].lane_acc[8]_i_5
INFO: [Physopt 32-662] Processed net u_conv_mac/g_lane[3].lane_acc_reg[29].  Did not re-place instance u_conv_mac/g_lane[3].lane_acc_reg[29]
INFO: [Physopt 32-662] Processed net u_input_buf/conv_rdata[81]_3[2].  Did not re-place instance u_input_buf/g_lane[10].prod__0_carry_i_5
INFO: [Physopt 32-662] Processed net u_input_buf/g_lane[0].prod__0_carry_i_14_n_0_repN.  Did not re-place instance u_input_buf/g_lane[0].prod__0_carry_i_14_replica
INFO: [Physopt 32-662] Processed net u_conv_mac/g_lane[3].lane_acc[12]_i_5_n_0.  Did not re-place instance u_conv_mac/g_lane[3].lane_acc[12]_i_5
INFO: [Physopt 32-662] Processed net u_conv_mac/g_lane[15].lane_out[28].  Did not re-place instance u_conv_mac/g_lane[15].lane_out_reg[28]
INFO: [Physopt 32-662] Processed net u_conv_mac/g_lane[9].lane_acc_reg[30].  Did not re-place instance u_conv_mac/g_lane[9].lane_acc_reg[30]
INFO: [Physopt 32-662] Processed net u_conv_mac/g_lane[3].lane_acc_reg[31].  Did not re-place instance u_conv_mac/g_lane[3].lane_acc_reg[31]
INFO: [Physopt 32-662] Processed net u_conv_mac/g_lane[10].sum_carry__3_i_4_n_0.  Did not re-place instance u_conv_mac/g_lane[10].sum_carry__3_i_4
INFO: [Physopt 32-662] Processed net u_conv_mac/g_lane[9].lane_acc[16]_i_4_n_0.  Did not re-place instance u_conv_mac/g_lane[9].lane_acc[16]_i_4
INFO: [Physopt 32-662] Processed net u_conv_mac/g_lane[6].prod__86_carry_i_1_n_0.  Did not re-place instance u_conv_mac/g_lane[6].prod__86_carry_i_1
INFO: [Physopt 32-663] Processed net u_input_buf/conv_rdata[50][1].  Re-placed instance u_input_buf/g_lane[6].prod__0_carry__0_i_3
INFO: [Physopt 32-662] Processed net u_conv_mac/g_lane[6].lane_acc[12]_i_4_n_0.  Did not re-place instance u_conv_mac/g_lane[6].lane_acc[12]_i_4
INFO: [Physopt 32-662] Processed net u_conv_mac/g_lane[6].lane_acc[8]_i_4_n_0.  Did not re-place instance u_conv_mac/g_lane[6].lane_acc[8]_i_4
INFO: [Physopt 32-662] Processed net u_conv_mac/g_lane[6].prod__86_carry_i_4_n_0.  Did not re-place instance u_conv_mac/g_lane[6].prod__86_carry_i_4
INFO: [Physopt 32-662] Processed net u_input_buf/conv_rdata[49]_1[1].  Did not re-place instance u_input_buf/g_lane[6].prod__0_carry__0_i_7
INFO: [Physopt 32-662] Processed net u_conv_mac/g_lane[6].lane_acc_reg[29].  Did not re-place instance u_conv_mac/g_lane[6].lane_acc_reg[29]
INFO: [Physopt 32-662] Processed net u_conv_mac/g_lane[15].sum_carry__2_i_1_n_0.  Did not re-place instance u_conv_mac/g_lane[15].sum_carry__2_i_1
INFO: [Physopt 32-662] Processed net u_input_buf/u_conv_mac/act[3].  Did not re-place instance u_input_buf/g_lane[9].prod__0_carry_i_9
INFO: [Physopt 32-662] Processed net u_conv_mac/g_lane[4].sum_carry__3_i_4_n_0.  Did not re-place instance u_conv_mac/g_lane[4].sum_carry__3_i_4
INFO: [Physopt 32-662] Processed net u_input_buf/conv_rdata[113]_3[3].  Did not re-place instance u_input_buf/g_lane[14].prod__0_carry_i_4
INFO: [Physopt 32-662] Processed net u_input_buf/conv_rdata[73]_3[3].  Did not re-place instance u_input_buf/g_lane[9].prod__0_carry_i_4
INFO: [Physopt 32-663] Processed net u_input_buf/g_lane[14].prod__0_carry_i_8_n_0.  Re-placed instance u_input_buf/g_lane[14].prod__0_carry_i_8
INFO: [Physopt 32-663] Processed net u_input_buf/g_lane[9].prod__0_carry_i_10_n_0.  Re-placed instance u_input_buf/g_lane[9].prod__0_carry_i_10
INFO: [Physopt 32-662] Processed net u_conv_mac/g_lane[15].lane_out[25].  Did not re-place instance u_conv_mac/g_lane[15].lane_out_reg[25]
INFO: [Physopt 32-662] Processed net u_conv_mac/g_lane[10].lane_acc_reg[31].  Did not re-place instance u_conv_mac/g_lane[10].lane_acc_reg[31]
INFO: [Physopt 32-662] Processed net u_input_buf/g_lane[0].prod__0_carry_i_11_n_0.  Did not re-place instance u_input_buf/g_lane[0].prod__0_carry_i_11
INFO: [Physopt 32-662] Processed net u_pool/p_r3[14]_i_132_n_0.  Did not re-place instance u_pool/p_r3[14]_i_132
INFO: [Physopt 32-662] Processed net u_pool/p_r3[14]_i_534_n_0.  Did not re-place instance u_pool/p_r3[14]_i_534
INFO: [Physopt 32-662] Processed net u_pool/p_r3[14]_i_707_n_0.  Did not re-place instance u_pool/p_r3[14]_i_707
INFO: [Physopt 32-662] Processed net u_pool/p_r3[14]_i_643_n_0.  Did not re-place instance u_pool/p_r3[14]_i_643
INFO: [Physopt 32-662] Processed net u_conv_mac/g_lane[3].lane_acc[8]_i_4_n_0.  Did not re-place instance u_conv_mac/g_lane[3].lane_acc[8]_i_4
INFO: [Physopt 32-662] Processed net u_input_buf/conv_rdata[33]_3[2].  Did not re-place instance u_input_buf/g_lane[4].prod__0_carry_i_5
INFO: [Physopt 32-662] Processed net u_pool/p_r3[14]_i_411_n_0.  Did not re-place instance u_pool/p_r3[14]_i_411
INFO: [Physopt 32-662] Processed net u_conv_mac/g_lane[10].lane_acc[12]_i_4_n_0.  Did not re-place instance u_conv_mac/g_lane[10].lane_acc[12]_i_4
INFO: [Physopt 32-662] Processed net u_conv_mac/g_lane[10].lane_acc[8]_i_4_n_0.  Did not re-place instance u_conv_mac/g_lane[10].lane_acc[8]_i_4
INFO: [Physopt 32-662] Processed net u_conv_mac/g_lane[9].lane_acc_reg[28].  Did not re-place instance u_conv_mac/g_lane[9].lane_acc_reg[28]
INFO: [Physopt 32-662] Processed net u_conv_mac/g_lane[3].lane_acc[12]_i_4_n_0.  Did not re-place instance u_conv_mac/g_lane[3].lane_acc[12]_i_4
INFO: [Physopt 32-662] Processed net u_conv_mac/g_lane[3].sum_carry__1_i_3_n_0.  Did not re-place instance u_conv_mac/g_lane[3].sum_carry__1_i_3
INFO: [Physopt 32-662] Processed net u_conv_mac/g_lane[3].sum_carry__2_i_3_n_0.  Did not re-place instance u_conv_mac/g_lane[3].sum_carry__2_i_3
INFO: [Physopt 32-662] Processed net u_conv_mac/g_lane[9].lane_acc[16]_i_5_n_0.  Did not re-place instance u_conv_mac/g_lane[9].lane_acc[16]_i_5
INFO: [Physopt 32-662] Processed net u_conv_mac/g_lane[15].lane_out[27].  Did not re-place instance u_conv_mac/g_lane[15].lane_out_reg[27]
INFO: [Physopt 32-663] Processed net u_conv_mac/g_lane[2].sum_carry__3_i_4_n_0.  Re-placed instance u_conv_mac/g_lane[2].sum_carry__3_i_4
INFO: [Physopt 32-662] Processed net u_conv_mac/g_lane[9].lane_acc_reg[25].  Did not re-place instance u_conv_mac/g_lane[9].lane_acc_reg[25]
INFO: [Physopt 32-662] Processed net u_input_buf/conv_rdata[74][1].  Did not re-place instance u_input_buf/g_lane[9].prod__0_carry__0_i_3
INFO: [Physopt 32-662] Processed net u_input_buf/conv_rdata[73]_1[1].  Did not re-place instance u_input_buf/g_lane[9].prod__0_carry__0_i_7
INFO: [Physopt 32-662] Processed net u_input_buf/conv_rdata[49]_3[2].  Did not re-place instance u_input_buf/g_lane[6].prod__0_carry_i_5
INFO: [Physopt 32-662] Processed net u_pool/p_r3[14]_i_636_n_0.  Did not re-place instance u_pool/p_r3[14]_i_636
INFO: [Physopt 32-662] Processed net u_conv_mac/g_lane[5].prod__86_carry_i_1_n_0.  Did not re-place instance u_conv_mac/g_lane[5].prod__86_carry_i_1
INFO: [Physopt 32-662] Processed net u_pool/p_r3[14]_i_692_n_0.  Did not re-place instance u_pool/p_r3[14]_i_692
INFO: [Physopt 32-662] Processed net u_pool/p_r3[14]_i_743_n_0.  Did not re-place instance u_pool/p_r3[14]_i_743
INFO: [Physopt 32-662] Processed net u_conv_mac/g_lane[4].lane_acc[12]_i_5_n_0.  Did not re-place instance u_conv_mac/g_lane[4].lane_acc[12]_i_5
INFO: [Physopt 32-662] Processed net u_conv_mac/g_lane[4].lane_acc[8]_i_5_n_0.  Did not re-place instance u_conv_mac/g_lane[4].lane_acc[8]_i_5
INFO: [Physopt 32-662] Processed net u_conv_mac/g_lane[5].prod__86_carry_i_4_n_0.  Did not re-place instance u_conv_mac/g_lane[5].prod__86_carry_i_4
INFO: [Physopt 32-662] Processed net u_conv_mac/g_lane[5].sum_carry__3_i_8_n_0.  Did not re-place instance u_conv_mac/g_lane[5].sum_carry__3_i_8
INFO: [Physopt 32-662] Processed net u_input_buf/conv_rdata[41]_1[0].  Did not re-place instance u_input_buf/g_lane[5].prod__0_carry__0_i_8
INFO: [Physopt 32-663] Processed net u_input_buf/g_lane[5].prod__0_carry__0_i_12_n_0.  Re-placed instance u_input_buf/g_lane[5].prod__0_carry__0_i_12
INFO: [Physopt 32-662] Processed net u_pool/p_r3[14]_i_526_n_0.  Did not re-place instance u_pool/p_r3[14]_i_526
INFO: [Physopt 32-662] Processed net u_conv_mac/g_lane[4].lane_acc_reg[29].  Did not re-place instance u_conv_mac/g_lane[4].lane_acc_reg[29]
INFO: [Physopt 32-662] Processed net u_conv_mac/g_lane[5].lane_out[29].  Did not re-place instance u_conv_mac/g_lane[5].lane_out_reg[29]
INFO: [Physopt 32-662] Processed net u_conv_mac/g_lane[10].lane_acc[12]_i_2_n_0.  Did not re-place instance u_conv_mac/g_lane[10].lane_acc[12]_i_2
INFO: [Physopt 32-662] Processed net u_conv_mac/g_lane[15].lane_acc[4]_i_2_n_0.  Did not re-place instance u_conv_mac/g_lane[15].lane_acc[4]_i_2
INFO: [Physopt 32-662] Processed net u_conv_mac/g_lane[15].lane_acc[8]_i_2_n_0.  Did not re-place instance u_conv_mac/g_lane[15].lane_acc[8]_i_2
INFO: [Physopt 32-662] Processed net u_conv_mac/g_lane[6].lane_acc_reg[31].  Did not re-place instance u_conv_mac/g_lane[6].lane_acc_reg[31]
INFO: [Physopt 32-662] Processed net u_conv_mac/g_lane[14].lane_acc[8]_i_5_n_0.  Did not re-place instance u_conv_mac/g_lane[14].lane_acc[8]_i_5
INFO: [Physopt 32-662] Processed net u_conv_mac/g_lane[14].lane_acc_reg[29].  Did not re-place instance u_conv_mac/g_lane[14].lane_acc_reg[29]
INFO: [Physopt 32-662] Processed net u_conv_mac/g_lane[14].lane_out[30].  Did not re-place instance u_conv_mac/g_lane[14].lane_out_reg[30]
INFO: [Physopt 32-662] Processed net u_conv_mac/g_lane[9].lane_out[30].  Did not re-place instance u_conv_mac/g_lane[9].lane_out_reg[30]
INFO: [Physopt 32-662] Processed net u_input_buf/conv_rdata[74][0].  Did not re-place instance u_input_buf/g_lane[9].prod__0_carry__0_i_4
INFO: [Physopt 32-662] Processed net u_conv_mac/g_lane[3].lane_acc[12]_i_2_n_0.  Did not re-place instance u_conv_mac/g_lane[3].lane_acc[12]_i_2
INFO: [Physopt 32-662] Processed net u_input_buf/conv_rdata[73]_1[0].  Did not re-place instance u_input_buf/g_lane[9].prod__0_carry__0_i_8
INFO: [Physopt 32-662] Processed net u_conv_mac/g_lane[14].lane_acc[12]_i_5_n_0.  Did not re-place instance u_conv_mac/g_lane[14].lane_acc[12]_i_5
INFO: [Physopt 32-662] Processed net u_pool/p_r3[14]_i_4_n_0.  Did not re-place instance u_pool/p_r3[14]_i_4
INFO: [Physopt 32-662] Processed net u_pool/p_r3[14]_i_125_n_0.  Did not re-place instance u_pool/p_r3[14]_i_125
INFO: [Physopt 32-662] Processed net u_pool/p_r3[14]_i_414_n_0.  Did not re-place instance u_pool/p_r3[14]_i_414
INFO: [Physopt 32-662] Processed net u_pool/p_r3[14]_i_564_n_0.  Did not re-place instance u_pool/p_r3[14]_i_564
INFO: [Physopt 32-662] Processed net u_pool/p_r3[14]_i_15_n_0.  Did not re-place instance u_pool/p_r3[14]_i_15
INFO: [Physopt 32-662] Processed net u_pool/p_r3[14]_i_499_n_0.  Did not re-place instance u_pool/p_r3[14]_i_499
INFO: [Physopt 32-662] Processed net u_pool/p_r3[14]_i_52_n_0.  Did not re-place instance u_pool/p_r3[14]_i_52
INFO: [Physopt 32-663] Processed net u_pool/p_r3[14]_i_610_n_0.  Re-placed instance u_pool/p_r3[14]_i_610
INFO: [Physopt 32-662] Processed net u_input_buf/conv_rdata[116]_3[2].  Did not re-place instance u_input_buf/g_lane[14].prod__30_carry_i_5
INFO: [Physopt 32-662] Processed net u_pool/p_r3[14]_i_280_n_0.  Did not re-place instance u_pool/p_r3[14]_i_280
INFO: [Physopt 32-662] Processed net u_pool/p_r3[14]_i_407_n_0.  Did not re-place instance u_pool/p_r3[14]_i_407
INFO: [Physopt 32-662] Processed net u_conv_mac/g_lane[14].lane_acc_reg[31].  Did not re-place instance u_conv_mac/g_lane[14].lane_acc_reg[31]
INFO: [Physopt 32-663] Processed net u_input_buf/g_lane[15].prod__0_carry__0_i_12_n_0.  Re-placed instance u_input_buf/g_lane[15].prod__0_carry__0_i_12
INFO: [Physopt 32-662] Processed net u_pool/p_r3[14]_i_136_n_0.  Did not re-place instance u_pool/p_r3[14]_i_136
INFO: [Physopt 32-663] Processed net u_pool/p_r3[3]_i_2_n_0.  Re-placed instance u_pool/p_r3[3]_i_2
INFO: [Physopt 32-663] Processed net u_pool/p_r3[3]_i_6_n_0.  Re-placed instance u_pool/p_r3[3]_i_6
INFO: [Physopt 32-663] Processed net u_pool/p_r3[6]_i_8_n_0.  Re-placed instance u_pool/p_r3[6]_i_8
INFO: [Physopt 32-662] Processed net u_conv_mac/g_lane[15].sum_carry__1_i_4_n_0.  Did not re-place instance u_conv_mac/g_lane[15].sum_carry__1_i_4
INFO: [Physopt 32-662] Processed net u_pool/p_r3[14]_i_676_n_0.  Did not re-place instance u_pool/p_r3[14]_i_676
INFO: [Physopt 32-662] Processed net u_pool/p_r3[1]_i_1_n_0.  Did not re-place instance u_pool/p_r3[1]_i_1
INFO: [Physopt 32-662] Processed net u_conv_mac/g_lane[9].lane_acc_reg[27].  Did not re-place instance u_conv_mac/g_lane[9].lane_acc_reg[27]
INFO: [Physopt 32-662] Processed net u_conv_mac/g_lane[15].sum_carry__3_i_8_n_0.  Did not re-place instance u_conv_mac/g_lane[15].sum_carry__3_i_8
INFO: [Physopt 32-662] Processed net u_conv_mac/g_lane[10].lane_out[30].  Did not re-place instance u_conv_mac/g_lane[10].lane_out_reg[30]
INFO: [Physopt 32-662] Processed net u_conv_mac/g_lane[15].sum_carry__2_i_4_n_0.  Did not re-place instance u_conv_mac/g_lane[15].sum_carry__2_i_4
INFO: [Physopt 32-662] Processed net u_conv_mac/g_lane[14].lane_out[28].  Did not re-place instance u_conv_mac/g_lane[14].lane_out_reg[28]
INFO: [Physopt 32-662] Processed net u_conv_mac/g_lane[9].lane_out[28].  Did not re-place instance u_conv_mac/g_lane[9].lane_out_reg[28]
INFO: [Physopt 32-662] Processed net u_conv_mac/g_lane[4].lane_acc_reg[31].  Did not re-place instance u_conv_mac/g_lane[4].lane_acc_reg[31]
INFO: [Physopt 32-662] Processed net u_conv_mac/g_lane[3].lane_out[26].  Did not re-place instance u_conv_mac/g_lane[3].lane_out_reg[26]
INFO: [Physopt 32-662] Processed net u_conv_mac/g_lane[5].lane_out[31].  Did not re-place instance u_conv_mac/g_lane[5].lane_out_reg[31]
INFO: [Physopt 32-662] Processed net u_conv_mac/g_lane[14].lane_out[25].  Did not re-place instance u_conv_mac/g_lane[14].lane_out_reg[25]
INFO: [Physopt 32-662] Processed net u_conv_mac/g_lane[9].lane_out[25].  Did not re-place instance u_conv_mac/g_lane[9].lane_out_reg[25]
INFO: [Physopt 32-662] Processed net u_conv_mac/g_lane[14].sum_carry__2_i_1_n_0.  Did not re-place instance u_conv_mac/g_lane[14].sum_carry__2_i_1
INFO: [Physopt 32-662] Processed net u_conv_mac/g_lane[9].sum_carry__2_i_1_n_0.  Did not re-place instance u_conv_mac/g_lane[9].sum_carry__2_i_1
INFO: [Physopt 32-662] Processed net u_conv_mac/g_lane[4].lane_out[30].  Did not re-place instance u_conv_mac/g_lane[4].lane_out_reg[30]
INFO: [Physopt 32-662] Processed net u_conv_mac/g_lane[6].lane_acc[12]_i_5_n_0.  Did not re-place instance u_conv_mac/g_lane[6].lane_acc[12]_i_5
INFO: [Physopt 32-661] Optimized 11 nets.  Re-placed 11 instances.
INFO: [Physopt 32-775] End 1 Pass. Optimized 11 nets or cells. Created 0 new cell, deleted 0 existing cell and moved 11 existing cells
INFO: [Physopt 32-619] Estimated Timing Summary | WNS=-2.840 | TNS=-1948.292 |
Netlist sorting complete. Time (s): cpu = 00:00:00 ; elapsed = 00:00:00.004 . Memory (MB): peak = 1898.480 ; gain = 0.000
Phase 15 Single Cell Placement Optimization | Checksum: 14a83fec9

Time (s): cpu = 00:01:24 ; elapsed = 00:00:51 . Memory (MB): peak = 1898.480 ; gain = 0.000

Phase 16 Multi Cell Placement Optimization
INFO: [Physopt 32-660] Identified 100 candidate nets for placement-based optimization.
INFO: [Physopt 32-662] Processed net u_input_buf/conv_rdata[26][0].  Did not re-place instance u_input_buf/g_lane[3].prod__0_carry__0_i_4/O
INFO: [Physopt 32-662] Processed net u_input_buf/g_lane[0].prod__0_carry_i_15_n_0_repN_1.  Did not re-place instance u_input_buf/g_lane[0].prod__0_carry_i_15_replica_1/O
INFO: [Physopt 32-662] Processed net u_input_buf/conv_rdata[122][0].  Did not re-place instance u_input_buf/g_lane[15].prod__0_carry__0_i_4/O
INFO: [Physopt 32-662] Processed net u_input_buf/g_lane[0].prod__0_carry_i_13_n_0.  Did not re-place instance u_input_buf/g_lane[0].prod__0_carry_i_13/O
INFO: [Physopt 32-662] Processed net u_input_buf/g_lane[2].prod__0_carry_i_9_n_0_repN.  Did not re-place instance u_input_buf/g_lane[2].prod__0_carry_i_9_replica/O
INFO: [Physopt 32-662] Processed net u_input_buf/g_lane[0].prod__0_carry_i_17_n_0.  Did not re-place instance u_input_buf/g_lane[0].prod__0_carry_i_17/O
INFO: [Physopt 32-662] Processed net u_input_buf/conv_rdata[122][1].  Did not re-place instance u_input_buf/g_lane[15].prod__0_carry__0_i_3/O
INFO: [Physopt 32-662] Processed net u_input_buf/g_lane[3].prod__0_carry_i_8_n_0.  Did not re-place instance u_input_buf/g_lane[3].prod__0_carry_i_8/O
INFO: [Physopt 32-662] Processed net p_r3[1]_i_229_n_0_repN.  Did not re-place instance p_r3[1]_i_229_replica/O
INFO: [Physopt 32-662] Processed net u_pool/p_r3[14]_i_530_n_0.  Did not re-place instance u_pool/p_r3[14]_i_530/O
INFO: [Physopt 32-662] Processed net u_pool/p_r3[14]_i_699_n_0.  Did not re-place instance u_pool/p_r3[14]_i_699/O
INFO: [Physopt 32-662] Processed net u_pool/p_r3[14]_i_732_n_0.  Did not re-place instance u_pool/p_r3[14]_i_732/O
INFO: [Physopt 32-662] Processed net u_pool/p_r3[14]_i_605_n_0_repN.  Did not re-place instance u_pool/p_r3[14]_i_605_replica/O
INFO: [Physopt 32-662] Processed net u_pool/p_r3_reg_n_0_[11].  Did not re-place instance u_pool/p_r3_reg[11]/Q
INFO: [Physopt 32-662] Processed net u_pool/p_r3_reg_n_0_[13].  Did not re-place instance u_pool/p_r3_reg[13]/Q
INFO: [Physopt 32-662] Processed net u_pool/p_r3_reg_n_0_[10].  Did not re-place instance u_pool/p_r3_reg[10]/Q
INFO: [Physopt 32-662] Processed net u_pool/p_r3_reg_n_0_[8].  Did not re-place instance u_pool/p_r3_reg[8]/Q
INFO: [Physopt 32-662] Processed net u_pool/p_r3_reg_n_0_[2].  Did not re-place instance u_pool/p_r3_reg[2]/Q
INFO: [Physopt 32-662] Processed net u_pool/p_r3_reg_n_0_[5].  Did not re-place instance u_pool/p_r3_reg[5]/Q
INFO: [Physopt 32-662] Processed net u_pool/p_r3_reg_n_0_[7].  Did not re-place instance u_pool/p_r3_reg[7]/Q
INFO: [Physopt 32-662] Processed net u_pool/p_r3_reg_n_0_[9].  Did not re-place instance u_pool/p_r3_reg[9]/Q
INFO: [Physopt 32-662] Processed net u_input_buf/g_lane[0].prod__0_carry_i_14_n_0.  Did not re-place instance u_input_buf/g_lane[0].prod__0_carry_i_14/O
INFO: [Physopt 32-662] Processed net u_pool/p_r3_reg_n_0_[3].  Did not re-place instance u_pool/p_r3_reg[3]/Q
INFO: [Physopt 32-662] Processed net u_pool/p_r3_reg_n_0_[12].  Did not re-place instance u_pool/p_r3_reg[12]/Q
INFO: [Physopt 32-662] Processed net u_pool/p_r3_reg_n_0_[1].  Did not re-place instance u_pool/p_r3_reg[1]/Q
INFO: [Physopt 32-662] Processed net u_input_buf/conv_rdata[26][1].  Did not re-place instance u_input_buf/g_lane[3].prod__0_carry__0_i_3/O
INFO: [Physopt 32-662] Processed net u_input_buf/g_lane[0].prod__0_carry_i_18_n_0.  Did not re-place instance u_input_buf/g_lane[0].prod__0_carry_i_18/O
INFO: [Physopt 32-662] Processed net u_input_buf/g_lane[0].prod__0_carry_i_16_n_0_repN_1.  Did not re-place instance u_input_buf/g_lane[0].prod__0_carry_i_16_replica_1/O
INFO: [Physopt 32-662] Processed net u_input_buf/conv_rdata[114][1].  Did not re-place instance u_input_buf/g_lane[14].prod__0_carry__0_i_3/O
INFO: [Physopt 32-662] Processed net u_input_buf/conv_rdata[114][0].  Did not re-place instance u_input_buf/g_lane[14].prod__0_carry__0_i_4/O
INFO: [Physopt 32-662] Processed net u_input_buf/g_lane[0].prod__0_carry_i_15_n_0_repN.  Did not re-place instance u_input_buf/g_lane[0].prod__0_carry_i_15_replica/O
INFO: [Physopt 32-661] Optimized 0 net.  Re-placed 0 instance.
INFO: [Physopt 32-775] End 1 Pass. Optimized 0 net or cell. Created 0 new cell, deleted 0 existing cell and moved 0 existing cell
Netlist sorting complete. Time (s): cpu = 00:00:00 ; elapsed = 00:00:00.003 . Memory (MB): peak = 1898.480 ; gain = 0.000
Phase 16 Multi Cell Placement Optimization | Checksum: 145138be7

Time (s): cpu = 00:01:34 ; elapsed = 00:00:56 . Memory (MB): peak = 1898.480 ; gain = 0.000

Phase 17 Rewire
INFO: [Physopt 32-246] Starting Signal Push optimization...
INFO: [Physopt 32-77] Pass 1. Identified 4 candidate nets for rewire optimization.
INFO: [Physopt 32-134] Processed net p_r3[1]_i_229_n_0. Rewiring did not optimize the net.
INFO: [Physopt 32-134] Processed net p_r3[1]_i_227_n_0_repN. Rewiring did not optimize the net.
INFO: [Physopt 32-134] Processed net p_r3[1]_i_228_n_0_repN. Rewiring did not optimize the net.
INFO: [Physopt 32-134] Processed net p_r3[1]_i_228_n_0_repN_1. Rewiring did not optimize the net.
INFO: [Physopt 32-232] Optimized 0 net. Created 0 new instance.
INFO: [Physopt 32-775] End 1 Pass. Optimized 0 net or cell. Created 0 new cell, deleted 0 existing cell and moved 0 existing cell
Netlist sorting complete. Time (s): cpu = 00:00:00 ; elapsed = 00:00:00.010 . Memory (MB): peak = 1898.480 ; gain = 0.000
Netlist sorting complete. Time (s): cpu = 00:00:00 ; elapsed = 00:00:00.002 . Memory (MB): peak = 1898.480 ; gain = 0.000
Phase 17 Rewire | Checksum: d49eac8b

Time (s): cpu = 00:01:34 ; elapsed = 00:00:57 . Memory (MB): peak = 1898.480 ; gain = 0.000

Phase 18 Critical Cell Optimization
INFO: [Physopt 32-46] Identified 30 candidate nets for critical-cell optimization.
INFO: [Physopt 32-572] Net u_input_buf/conv_rdata[26][0] was not replicated.
Resolution: phys_opt_design can be forced to replicate a net driver using the option -force_replication_on_nets <list of net objects>.
INFO: [Physopt 32-572] Net u_input_buf/conv_rdata[122][0] was not replicated.
Resolution: phys_opt_design can be forced to replicate a net driver using the option -force_replication_on_nets <list of net objects>.
INFO: [Physopt 32-572] Net u_input_buf/g_lane[0].prod__0_carry_i_13_n_0 was not replicated.
Resolution: phys_opt_design can be forced to replicate a net driver using the option -force_replication_on_nets <list of net objects>.
INFO: [Physopt 32-572] Net u_input_buf/g_lane[2].prod__0_carry_i_9_n_0_repN was not replicated.
Resolution: phys_opt_design can be forced to replicate a net driver using the option -force_replication_on_nets <list of net objects>.
INFO: [Physopt 32-572] Net u_input_buf/g_lane[0].prod__0_carry_i_17_n_0 was not replicated.
Resolution: phys_opt_design can be forced to replicate a net driver using the option -force_replication_on_nets <list of net objects>.
INFO: [Physopt 32-572] Net u_pool/p_r3[14]_i_1_n_0 was not replicated.
Resolution: phys_opt_design can be forced to replicate a net driver using the option -force_replication_on_nets <list of net objects>.
INFO: [Physopt 32-572] Net u_pool/p_r3[14]_i_530_n_0 was not replicated.
Resolution: phys_opt_design can be forced to replicate a net driver using the option -force_replication_on_nets <list of net objects>.
INFO: [Physopt 32-81] Processed net u_pool/p_r3[14]_i_534_n_0. Replicated 1 times.
INFO: [Physopt 32-572] Net u_pool/p_r3[14]_i_707_n_0 was not replicated.
Resolution: phys_opt_design can be forced to replicate a net driver using the option -force_replication_on_nets <list of net objects>.
INFO: [Physopt 32-572] Net u_pool/p_r3[14]_i_643_n_0 was not replicated.
Resolution: phys_opt_design can be forced to replicate a net driver using the option -force_replication_on_nets <list of net objects>.
INFO: [Physopt 32-572] Net u_input_buf/conv_rdata[74][1] was not replicated.
Resolution: phys_opt_design can be forced to replicate a net driver using the option -force_replication_on_nets <list of net objects>.
INFO: [Physopt 32-81] Processed net u_pool/p_r3[14]_i_636_n_0. Replicated 1 times.
INFO: [Physopt 32-81] Processed net u_pool/p_r3[14]_i_692_n_0. Replicated 1 times.
INFO: [Physopt 32-572] Net u_pool/p_r3[14]_i_743_n_0 was not replicated.
Resolution: phys_opt_design can be forced to replicate a net driver using the option -force_replication_on_nets <list of net objects>.
INFO: [Physopt 32-572] Net u_input_buf/conv_rdata[82][0] was not replicated.
Resolution: phys_opt_design can be forced to replicate a net driver using the option -force_replication_on_nets <list of net objects>.
INFO: [Physopt 32-572] Net u_pool/p_r3[14]_i_4_n_0 was not replicated.
Resolution: phys_opt_design can be forced to replicate a net driver using the option -force_replication_on_nets <list of net objects>.
INFO: [Physopt 32-572] Net u_pool/p_r3[14]_i_125_n_0 was not replicated.
Resolution: phys_opt_design can be forced to replicate a net driver using the option -force_replication_on_nets <list of net objects>.
INFO: [Physopt 32-81] Processed net u_pool/p_r3[14]_i_15_n_0. Replicated 1 times.
INFO: [Physopt 32-572] Net u_pool/p_r3[14]_i_52_n_0 was not replicated.
Resolution: phys_opt_design can be forced to replicate a net driver using the option -force_replication_on_nets <list of net objects>.
INFO: [Physopt 32-572] Net p_r3[1]_i_229_n_0 was not replicated.
Resolution: phys_opt_design can be forced to replicate a net driver using the option -force_replication_on_nets <list of net objects>.
INFO: [Physopt 32-572] Net u_pool/p_r3[1]_i_27_n_0 was not replicated.
Resolution: phys_opt_design can be forced to replicate a net driver using the option -force_replication_on_nets <list of net objects>.
INFO: [Physopt 32-81] Processed net u_pool/p_r3[3]_i_2_n_0. Replicated 1 times.
INFO: [Physopt 32-232] Optimized 5 nets. Created 5 new instances.
INFO: [Physopt 32-775] End 1 Pass. Optimized 5 nets or cells. Created 5 new cells, deleted 0 existing cell and moved 0 existing cell
INFO: [Physopt 32-619] Estimated Timing Summary | WNS=-2.840 | TNS=-1948.032 |
Netlist sorting complete. Time (s): cpu = 00:00:00 ; elapsed = 00:00:00.026 . Memory (MB): peak = 1898.480 ; gain = 0.000
Phase 18 Critical Cell Optimization | Checksum: 16e1dc9ac

Time (s): cpu = 00:01:40 ; elapsed = 00:01:00 . Memory (MB): peak = 1898.480 ; gain = 0.000

Phase 19 DSP Register Optimization
INFO: [Physopt 32-457] Pass 1. Identified 1 candidate cell for DSP register optimization.
INFO: [Physopt 32-665] Processed cell u_enc_rq/acc_mult. 13 registers were pushed out.
INFO: [Physopt 32-775] End 1 Pass. Optimized 1 net or cell. Created 13 new cells, deleted 0 existing cell and moved 0 existing cell
INFO: [Physopt 32-619] Estimated Timing Summary | WNS=-2.840 | TNS=-1947.342 |
Netlist sorting complete. Time (s): cpu = 00:00:00 ; elapsed = 00:00:00.009 . Memory (MB): peak = 1898.480 ; gain = 0.000
Phase 19 DSP Register Optimization | Checksum: 75ba73dd

Time (s): cpu = 00:01:42 ; elapsed = 00:01:01 . Memory (MB): peak = 1898.480 ; gain = 0.000

Phase 20 BRAM Register Optimization
INFO: [Physopt 32-526] No candidate cells for BRAM register optimization found in the design
INFO: [Physopt 32-775] End 1 Pass. Optimized 0 net or cell. Created 0 new cell, deleted 0 existing cell and moved 0 existing cell
Phase 20 BRAM Register Optimization | Checksum: 75ba73dd

Time (s): cpu = 00:01:42 ; elapsed = 00:01:01 . Memory (MB): peak = 1898.480 ; gain = 0.000

Phase 21 URAM Register Optimization
INFO: [Physopt 32-846] No candidate cells for URAM register optimization found in the design
INFO: [Physopt 32-775] End 2 Pass. Optimized 0 net or cell. Created 0 new cell, deleted 0 existing cell and moved 0 existing cell
Phase 21 URAM Register Optimization | Checksum: 75ba73dd

Time (s): cpu = 00:01:42 ; elapsed = 00:01:01 . Memory (MB): peak = 1898.480 ; gain = 0.000

Phase 22 Shift Register Optimization
INFO: [Physopt 32-677] No candidate cells for Shift Register optimization found in the design
INFO: [Physopt 32-775] End 1 Pass. Optimized 0 net or cell. Created 0 new cell, deleted 0 existing cell and moved 0 existing cell
Phase 22 Shift Register Optimization | Checksum: 75ba73dd

Time (s): cpu = 00:01:42 ; elapsed = 00:01:01 . Memory (MB): peak = 1898.480 ; gain = 0.000

Phase 23 DSP Register Optimization
INFO: [Physopt 32-456] No candidate cells for DSP register optimization found in the design.
INFO: [Physopt 32-775] End 1 Pass. Optimized 0 net or cell. Created 0 new cell, deleted 0 existing cell and moved 0 existing cell
Phase 23 DSP Register Optimization | Checksum: 75ba73dd

Time (s): cpu = 00:01:42 ; elapsed = 00:01:01 . Memory (MB): peak = 1898.480 ; gain = 0.000

Phase 24 BRAM Register Optimization
INFO: [Physopt 32-526] No candidate cells for BRAM register optimization found in the design
INFO: [Physopt 32-775] End 1 Pass. Optimized 0 net or cell. Created 0 new cell, deleted 0 existing cell and moved 0 existing cell
Phase 24 BRAM Register Optimization | Checksum: 75ba73dd

Time (s): cpu = 00:01:42 ; elapsed = 00:01:01 . Memory (MB): peak = 1898.480 ; gain = 0.000

Phase 25 URAM Register Optimization
INFO: [Physopt 32-846] No candidate cells for URAM register optimization found in the design
INFO: [Physopt 32-775] End 2 Pass. Optimized 0 net or cell. Created 0 new cell, deleted 0 existing cell and moved 0 existing cell
Phase 25 URAM Register Optimization | Checksum: 75ba73dd

Time (s): cpu = 00:01:42 ; elapsed = 00:01:01 . Memory (MB): peak = 1898.480 ; gain = 0.000

Phase 26 Shift Register Optimization
INFO: [Physopt 32-677] No candidate cells for Shift Register optimization found in the design
INFO: [Physopt 32-775] End 1 Pass. Optimized 0 net or cell. Created 0 new cell, deleted 0 existing cell and moved 0 existing cell
Phase 26 Shift Register Optimization | Checksum: 75ba73dd

Time (s): cpu = 00:01:42 ; elapsed = 00:01:01 . Memory (MB): peak = 1898.480 ; gain = 0.000

Phase 27 Critical Pin Optimization
INFO: [Physopt 32-606] Identified 100 candidate nets for critical-pin optimization.
INFO: [Physopt 32-608] Optimized 65 nets.  Swapped 1172 pins.
INFO: [Physopt 32-775] End 1 Pass. Optimized 65 nets or cells. Created 0 new cell, deleted 0 existing cell and moved 1172 existing cells
INFO: [Physopt 32-619] Estimated Timing Summary | WNS=-2.635 | TNS=-1710.683 |
Netlist sorting complete. Time (s): cpu = 00:00:00 ; elapsed = 00:00:00.003 . Memory (MB): peak = 1898.480 ; gain = 0.000
Phase 27 Critical Pin Optimization | Checksum: 75ba73dd

Time (s): cpu = 00:01:42 ; elapsed = 00:01:02 . Memory (MB): peak = 1898.480 ; gain = 0.000

Phase 28 Very High Fanout Optimization
INFO: [Physopt 32-65] No nets found for high-fanout optimization.
INFO: [Physopt 32-232] Optimized 0 net. Created 0 new instance.
INFO: [Physopt 32-775] End 1 Pass. Optimized 0 net or cell. Created 0 new cell, deleted 0 existing cell and moved 0 existing cell
Phase 28 Very High Fanout Optimization | Checksum: 75ba73dd

Time (s): cpu = 00:01:42 ; elapsed = 00:01:02 . Memory (MB): peak = 1898.480 ; gain = 0.000

Phase 29 Single Cell Placement Optimization
INFO: [Physopt 32-660] Identified 250 candidate nets for placement-based optimization.
INFO: [Physopt 32-662] Processed net u_pool/p_r3[14]_i_1_n_0.  Did not re-place instance u_pool/p_r3[14]_i_1
INFO: [Physopt 32-663] Processed net p_r3[1]_i_229_n_0_repN.  Re-placed instance p_r3[1]_i_229_replica
INFO: [Physopt 32-662] Processed net u_pool/p_r3[14]_i_132_n_0.  Did not re-place instance u_pool/p_r3[14]_i_132
INFO: [Physopt 32-662] Processed net u_pool/p_r3[14]_i_643_n_0.  Did not re-place instance u_pool/p_r3[14]_i_643
INFO: [Physopt 32-662] Processed net u_pool/p_r3[14]_i_707_n_0.  Did not re-place instance u_pool/p_r3[14]_i_707
INFO: [Physopt 32-663] Processed net u_pool/p_r3[14]_i_534_n_0_repN.  Re-placed instance u_pool/p_r3[14]_i_534_replica
INFO: [Physopt 32-662] Processed net u_pool/p_r3[14]_i_411_n_0.  Did not re-place instance u_pool/p_r3[14]_i_411
INFO: [Physopt 32-662] Processed net u_pool/p_r3[1]_i_221_n_0.  Did not re-place instance u_pool/p_r3[1]_i_221
INFO: [Physopt 32-662] Processed net u_pool/p_r3_reg[4]_inv_n_0.  Did not re-place instance u_pool/p_r3_reg[4]_inv
INFO: [Physopt 32-662] Processed net u_pool/p_r3_reg_n_0_[11].  Did not re-place instance u_pool/p_r3_reg[11]
INFO: [Physopt 32-662] Processed net u_pool/p_r3_reg_n_0_[13].  Did not re-place instance u_pool/p_r3_reg[13]
INFO: [Physopt 32-662] Processed net u_input_buf/u_conv_mac/act[0].  Did not re-place instance u_input_buf/g_lane[6].prod__0_carry_i_8
INFO: [Physopt 32-662] Processed net u_conv_mac/g_lane[10].prod__86_carry_i_1_n_0.  Did not re-place instance u_conv_mac/g_lane[10].prod__86_carry_i_1
INFO: [Physopt 32-662] Processed net u_input_buf/g_lane[0].prod__0_carry_i_19_n_0.  Did not re-place instance u_input_buf/g_lane[0].prod__0_carry_i_19
INFO: [Physopt 32-662] Processed net u_conv_mac/g_lane[10].prod__86_carry_i_4_n_0.  Did not re-place instance u_conv_mac/g_lane[10].prod__86_carry_i_4
INFO: [Physopt 32-662] Processed net u_conv_mac/g_lane[10].sum_carry__3_i_8_n_0.  Did not re-place instance u_conv_mac/g_lane[10].sum_carry__3_i_8
INFO: [Physopt 32-662] Processed net u_input_buf/conv_rdata[81]_3[2].  Did not re-place instance u_input_buf/g_lane[10].prod__0_carry_i_5
INFO: [Physopt 32-662] Processed net u_conv_mac/g_lane[10].lane_out[29].  Did not re-place instance u_conv_mac/g_lane[10].lane_out_reg[29]
INFO: [Physopt 32-662] Processed net u_pool/p_r3_reg_n_0_[10].  Did not re-place instance u_pool/p_r3_reg[10]
INFO: [Physopt 32-662] Processed net u_pool/p_r3_reg_n_0_[6].  Did not re-place instance u_pool/p_r3_reg[6]
INFO: [Physopt 32-662] Processed net u_pool/p_r3_reg_n_0_[8].  Did not re-place instance u_pool/p_r3_reg[8]
INFO: [Physopt 32-662] Processed net u_pool/p_r3_reg_n_0_[2].  Did not re-place instance u_pool/p_r3_reg[2]
INFO: [Physopt 32-662] Processed net u_pool/p_r3_reg_n_0_[5].  Did not re-place instance u_pool/p_r3_reg[5]
INFO: [Physopt 32-662] Processed net u_pool/p_r3_reg_n_0_[7].  Did not re-place instance u_pool/p_r3_reg[7]
INFO: [Physopt 32-662] Processed net u_pool/p_r3_reg_n_0_[9].  Did not re-place instance u_pool/p_r3_reg[9]
INFO: [Physopt 32-662] Processed net u_pool/p_0_in.  Did not re-place instance u_pool/p_r3_reg[14]
INFO: [Physopt 32-662] Processed net u_pool/p_r3_reg_n_0_[3].  Did not re-place instance u_pool/p_r3_reg[3]
INFO: [Physopt 32-662] Processed net u_pool/p_r3_reg_n_0_[12].  Did not re-place instance u_pool/p_r3_reg[12]
INFO: [Physopt 32-662] Processed net u_pool/p_r3_reg_n_0_[1].  Did not re-place instance u_pool/p_r3_reg[1]
INFO: [Physopt 32-662] Processed net u_pool/p_r3[1]_i_222_n_0.  Did not re-place instance u_pool/p_r3[1]_i_222
INFO: [Physopt 32-662] Processed net u_pool/p_r3[14]_i_407_n_0.  Did not re-place instance u_pool/p_r3[14]_i_407
INFO: [Physopt 32-662] Processed net u_conv_mac/g_lane[10].lane_out[31].  Did not re-place instance u_conv_mac/g_lane[10].lane_out_reg[31]
INFO: [Physopt 32-662] Processed net u_pool/p_r3[14]_i_125_n_0.  Did not re-place instance u_pool/p_r3[14]_i_125
INFO: [Physopt 32-662] Processed net u_pool/p_r3[14]_i_52_n_0.  Did not re-place instance u_pool/p_r3[14]_i_52
INFO: [Physopt 32-662] Processed net u_pool/p_r3[14]_i_15_n_0_repN.  Did not re-place instance u_pool/p_r3[14]_i_15_replica
INFO: [Physopt 32-663] Processed net u_pool/p_r3[14]_i_636_n_0_repN.  Re-placed instance u_pool/p_r3[14]_i_636_replica
INFO: [Physopt 32-662] Processed net u_pool/p_r3[14]_i_526_n_0.  Did not re-place instance u_pool/p_r3[14]_i_526
INFO: [Physopt 32-662] Processed net u_conv_mac/g_lane[6].prod__86_carry_i_1_n_0.  Did not re-place instance u_conv_mac/g_lane[6].prod__86_carry_i_1
INFO: [Physopt 32-662] Processed net u_conv_mac/g_lane[6].lane_acc[12]_i_4_n_0.  Did not re-place instance u_conv_mac/g_lane[6].lane_acc[12]_i_4
INFO: [Physopt 32-662] Processed net u_conv_mac/g_lane[6].lane_acc[8]_i_4_n_0.  Did not re-place instance u_conv_mac/g_lane[6].lane_acc[8]_i_4
INFO: [Physopt 32-662] Processed net u_conv_mac/g_lane[6].prod__86_carry_i_4_n_0.  Did not re-place instance u_conv_mac/g_lane[6].prod__86_carry_i_4
INFO: [Physopt 32-662] Processed net u_input_buf/conv_rdata[49]_3[2].  Did not re-place instance u_input_buf/g_lane[6].prod__0_carry_i_5
INFO: [Physopt 32-662] Processed net u_conv_mac/g_lane[6].lane_acc_reg[29].  Did not re-place instance u_conv_mac/g_lane[6].lane_acc_reg[29]
INFO: [Physopt 32-662] Processed net p_r3[1]_i_229_n_0.  Did not re-place instance p_r3[1]_i_229
INFO: [Physopt 32-662] Processed net u_pool/p_r3[14]_i_114_n_0.  Did not re-place instance u_pool/p_r3[14]_i_114
INFO: [Physopt 32-663] Processed net u_pool/p_r3[14]_i_644_n_0.  Re-placed instance u_pool/p_r3[14]_i_644
INFO: [Physopt 32-662] Processed net u_pool/p_r3[1]_i_27_n_0.  Did not re-place instance u_pool/p_r3[1]_i_27
INFO: [Physopt 32-662] Processed net u_pool/p_r3[3]_i_5_n_0.  Did not re-place instance u_pool/p_r3[3]_i_5
INFO: [Physopt 32-662] Processed net u_pool/p_r3[14]_i_725_n_0.  Did not re-place instance u_pool/p_r3[14]_i_725
INFO: [Physopt 32-663] Processed net u_pool/p_r3[5]_i_7_n_0.  Re-placed instance u_pool/p_r3[5]_i_7
INFO: [Physopt 32-662] Processed net u_pool/p_r3[14]_i_676_n_0.  Did not re-place instance u_pool/p_r3[14]_i_676
INFO: [Physopt 32-662] Processed net u_pool/p_r3[1]_i_156_n_0.  Did not re-place instance u_pool/p_r3[1]_i_156
INFO: [Physopt 32-662] Processed net u_pool/p_r3[1]_i_1_n_0.  Did not re-place instance u_pool/p_r3[1]_i_1
INFO: [Physopt 32-662] Processed net u_pool/p_r3[3]_i_2_n_0_repN.  Did not re-place instance u_pool/p_r3[3]_i_2_replica
INFO: [Physopt 32-662] Processed net u_conv_mac/g_lane[10].lane_acc[12]_i_5_n_0.  Did not re-place instance u_conv_mac/g_lane[10].lane_acc[12]_i_5
INFO: [Physopt 32-662] Processed net u_conv_mac/g_lane[10].lane_acc[8]_i_5_n_0.  Did not re-place instance u_conv_mac/g_lane[10].lane_acc[8]_i_5
INFO: [Physopt 32-662] Processed net u_conv_mac/g_lane[10].lane_acc_reg[29].  Did not re-place instance u_conv_mac/g_lane[10].lane_acc_reg[29]
INFO: [Physopt 32-662] Processed net u_pool/p_r3[14]_i_671_n_0.  Did not re-place instance u_pool/p_r3[14]_i_671
INFO: [Physopt 32-662] Processed net u_conv_mac/g_lane[6].lane_acc_reg[31].  Did not re-place instance u_conv_mac/g_lane[6].lane_acc_reg[31]
INFO: [Physopt 32-662] Processed net u_pool/p_r3[14]_i_708_n_0.  Did not re-place instance u_pool/p_r3[14]_i_708
INFO: [Physopt 32-662] Processed net u_pool/p_r3[14]_i_721_n_0.  Did not re-place instance u_pool/p_r3[14]_i_721
INFO: [Physopt 32-662] Processed net u_conv_mac/g_lane[10].sum_carry__3_i_4_n_0.  Did not re-place instance u_conv_mac/g_lane[10].sum_carry__3_i_4
INFO: [Physopt 32-663] Processed net u_pool/p_r3[14]_i_285_n_0.  Re-placed instance u_pool/p_r3[14]_i_285
INFO: [Common 17-14] Message 'Physopt 32-663' appears 100 times and further instances of the messages will be disabled. Use the Tcl command set_msg_config to change the current settings.
INFO: [Physopt 32-662] Processed net u_pool/p_r3[14]_i_485_n_0.  Did not re-place instance u_pool/p_r3[14]_i_485
INFO: [Physopt 32-662] Processed net u_pool/p_r3[14]_i_621_n_0.  Did not re-place instance u_pool/p_r3[14]_i_621
INFO: [Physopt 32-662] Processed net u_pool/p_r3[14]_i_635_n_0.  Did not re-place instance u_pool/p_r3[14]_i_635
INFO: [Physopt 32-662] Processed net u_pool/p_r3[14]_i_660_n_0.  Did not re-place instance u_pool/p_r3[14]_i_660
INFO: [Physopt 32-662] Processed net u_pool/p_r3[14]_i_178_n_0.  Did not re-place instance u_pool/p_r3[14]_i_178
INFO: [Physopt 32-662] Processed net u_pool/p_r3[14]_i_409_n_0.  Did not re-place instance u_pool/p_r3[14]_i_409
INFO: [Physopt 32-662] Processed net u_pool/p_r3[1]_i_157_n_0.  Did not re-place instance u_pool/p_r3[1]_i_157
INFO: [Physopt 32-662] Processed net u_pool/p_r3[14]_i_666_n_0.  Did not re-place instance u_pool/p_r3[14]_i_666
INFO: [Physopt 32-662] Processed net u_pool/p_r3[14]_i_607_n_0.  Did not re-place instance u_pool/p_r3[14]_i_607
INFO: [Physopt 32-662] Processed net u_pool/p_r3[14]_i_279_n_0.  Did not re-place instance u_pool/p_r3[14]_i_279
INFO: [Physopt 32-662] Processed net u_pool/p_r3[14]_i_482_n_0.  Did not re-place instance u_pool/p_r3[14]_i_482
INFO: [Physopt 32-662] Processed net u_pool/p_r3[14]_i_626_n_0.  Did not re-place instance u_pool/p_r3[14]_i_626
INFO: [Physopt 32-662] Processed net u_pool/p_r3[14]_i_408_n_0.  Did not re-place instance u_pool/p_r3[14]_i_408
INFO: [Physopt 32-662] Processed net u_pool/p_r3[14]_i_590_n_0.  Did not re-place instance u_pool/p_r3[14]_i_590
INFO: [Physopt 32-662] Processed net u_pool/p_r3[12]_i_1_n_0.  Did not re-place instance u_pool/p_r3[12]_i_1
INFO: [Physopt 32-662] Processed net u_pool/p_r3[14]_i_709_n_0.  Did not re-place instance u_pool/p_r3[14]_i_709
INFO: [Physopt 32-662] Processed net u_pool/p_r3[14]_i_717_n_0.  Did not re-place instance u_pool/p_r3[14]_i_717
INFO: [Physopt 32-662] Processed net u_conv_mac/g_lane[10].lane_acc_reg[31].  Did not re-place instance u_conv_mac/g_lane[10].lane_acc_reg[31]
INFO: [Physopt 32-662] Processed net u_conv_mac/g_lane[10].lane_acc[12]_i_4_n_0.  Did not re-place instance u_conv_mac/g_lane[10].lane_acc[12]_i_4
INFO: [Physopt 32-662] Processed net u_conv_mac/g_lane[10].lane_acc[8]_i_4_n_0.  Did not re-place instance u_conv_mac/g_lane[10].lane_acc[8]_i_4
INFO: [Physopt 32-662] Processed net u_pool/p_r3[14]_i_414_n_0.  Did not re-place instance u_pool/p_r3[14]_i_414
INFO: [Physopt 32-662] Processed net u_pool/p_r3[14]_i_564_n_0.  Did not re-place instance u_pool/p_r3[14]_i_564
INFO: [Physopt 32-662] Processed net u_pool/p_r3[14]_i_499_n_0.  Did not re-place instance u_pool/p_r3[14]_i_499
INFO: [Physopt 32-662] Processed net u_pool/p_r3[14]_i_610_n_0.  Did not re-place instance u_pool/p_r3[14]_i_610
INFO: [Physopt 32-662] Processed net u_pool/p_r3[14]_i_280_n_0.  Did not re-place instance u_pool/p_r3[14]_i_280
INFO: [Physopt 32-662] Processed net u_conv_mac/g_lane[6].lane_acc[12]_i_5_n_0.  Did not re-place instance u_conv_mac/g_lane[6].lane_acc[12]_i_5
INFO: [Physopt 32-662] Processed net u_conv_mac/g_lane[6].lane_acc[8]_i_5_n_0.  Did not re-place instance u_conv_mac/g_lane[6].lane_acc[8]_i_5
INFO: [Physopt 32-662] Processed net u_pool/p_r3[14]_i_405_n_0.  Did not re-place instance u_pool/p_r3[14]_i_405
INFO: [Physopt 32-662] Processed net u_pool/p_r3[14]_i_412_n_0.  Did not re-place instance u_pool/p_r3[14]_i_412
INFO: [Physopt 32-662] Processed net u_pool/p_r3[14]_i_570_n_0.  Did not re-place instance u_pool/p_r3[14]_i_570
INFO: [Physopt 32-662] Processed net u_pool/p_r3[14]_i_613_n_0.  Did not re-place instance u_pool/p_r3[14]_i_613
INFO: [Physopt 32-662] Processed net u_conv_mac/g_lane[10].lane_acc[12]_i_2_n_0.  Did not re-place instance u_conv_mac/g_lane[10].lane_acc[12]_i_2
INFO: [Physopt 32-662] Processed net u_pool/p_r3[14]_i_522_n_0.  Did not re-place instance u_pool/p_r3[14]_i_522
INFO: [Physopt 32-662] Processed net u_conv_mac/g_lane[6].sum_carry__1_i_4_n_0.  Did not re-place instance u_conv_mac/g_lane[6].sum_carry__1_i_4
INFO: [Physopt 32-662] Processed net u_conv_mac/g_lane[6].sum_carry__3_i_8_n_0.  Did not re-place instance u_conv_mac/g_lane[6].sum_carry__3_i_8
INFO: [Physopt 32-662] Processed net u_conv_mac/g_lane[6].lane_out[29].  Did not re-place instance u_conv_mac/g_lane[6].lane_out_reg[29]
INFO: [Physopt 32-662] Processed net u_pool/p_r3[14]_i_118_n_0.  Did not re-place instance u_pool/p_r3[14]_i_118
INFO: [Physopt 32-662] Processed net u_pool/p_r3[9]_i_4_n_0.  Did not re-place instance u_pool/p_r3[9]_i_4
INFO: [Physopt 32-662] Processed net u_pool/p_r3[11]_i_7_n_0.  Did not re-place instance u_pool/p_r3[11]_i_7
INFO: [Physopt 32-662] Processed net u_pool/p_r3[14]_i_579_n_0.  Did not re-place instance u_pool/p_r3[14]_i_579
INFO: [Physopt 32-662] Processed net u_pool/p_r3[8]_i_2_n_0_repN.  Did not re-place instance u_pool/p_r3[8]_i_2_replica
INFO: [Physopt 32-662] Processed net u_pool/p_r3[14]_i_404_n_0.  Did not re-place instance u_pool/p_r3[14]_i_404
INFO: [Physopt 32-662] Processed net u_conv_mac/g_lane[6].sum_carry__2_i_4_n_0.  Did not re-place instance u_conv_mac/g_lane[6].sum_carry__2_i_4
INFO: [Physopt 32-662] Processed net u_pool/p_r3[14]_i_113_n_0.  Did not re-place instance u_pool/p_r3[14]_i_113
INFO: [Physopt 32-662] Processed net u_pool/p_r3[7]_i_4_n_0.  Did not re-place instance u_pool/p_r3[7]_i_4
INFO: [Physopt 32-662] Processed net u_pool/p_r3[9]_i_7_n_0.  Did not re-place instance u_pool/p_r3[9]_i_7
INFO: [Physopt 32-662] Processed net u_pool/p_r3[14]_i_674_n_0.  Did not re-place instance u_pool/p_r3[14]_i_674
INFO: [Physopt 32-662] Processed net u_enc_rq/rq[7]_i_1_n_0.  Did not re-place instance u_enc_rq/rq[7]_i_1
INFO: [Physopt 32-662] Processed net u_enc_rq/rq[7]_i_146_n_0.  Did not re-place instance u_enc_rq/rq[7]_i_146
INFO: [Physopt 32-662] Processed net u_enc_rq/rq[0]_i_2_n_0.  Did not re-place instance u_enc_rq/rq[0]_i_2
INFO: [Physopt 32-662] Processed net u_enc_rq/rq[7]_i_445_n_0.  Did not re-place instance u_enc_rq/rq[7]_i_445
INFO: [Physopt 32-662] Processed net u_enc_rq/rq[7]_i_817_n_0.  Did not re-place instance u_enc_rq/rq[7]_i_817
INFO: [Physopt 32-662] Processed net u_enc_rq/rq_reg[7]_0[4].  Did not re-place instance u_enc_rq/rq_reg[4]
INFO: [Physopt 32-662] Processed net u_enc_rq/rq_reg[7]_0[5].  Did not re-place instance u_enc_rq/rq_reg[5]
INFO: [Physopt 32-662] Processed net u_conv_mac/g_lane[6].lane_out[31].  Did not re-place instance u_conv_mac/g_lane[6].lane_out_reg[31]
INFO: [Physopt 32-662] Processed net u_pool/p_r3[14]_i_532_n_0.  Did not re-place instance u_pool/p_r3[14]_i_532
INFO: [Physopt 32-662] Processed net u_conv_mac/g_lane[10].lane_out[30].  Did not re-place instance u_conv_mac/g_lane[10].lane_out_reg[30]
INFO: [Physopt 32-662] Processed net u_pool/p_r3[13]_i_3_n_0.  Did not re-place instance u_pool/p_r3[13]_i_3
INFO: [Physopt 32-662] Processed net u_pool/p_r3[14]_i_119_n_0.  Did not re-place instance u_pool/p_r3[14]_i_119
INFO: [Physopt 32-662] Processed net u_pool/p_r3[14]_i_14_n_0.  Did not re-place instance u_pool/p_r3[14]_i_14
INFO: [Physopt 32-662] Processed net u_pool/p_r3[14]_i_50_n_0.  Did not re-place instance u_pool/p_r3[14]_i_50
INFO: [Physopt 32-662] Processed net u_pool/rs[13].  Did not re-place instance u_pool/p_r3[14]_i_523
INFO: [Physopt 32-662] Processed net u_pool/p_r3[14]_i_115_n_0.  Did not re-place instance u_pool/p_r3[14]_i_115
INFO: [Physopt 32-662] Processed net u_pool/p_r3[14]_i_116_n_0.  Did not re-place instance u_pool/p_r3[14]_i_116
INFO: [Physopt 32-662] Processed net u_pool/p_r3[1]_i_23_n_0.  Did not re-place instance u_pool/p_r3[1]_i_23
INFO: [Physopt 32-662] Processed net u_pool/p_r3[4]_inv_i_2_n_0.  Did not re-place instance u_pool/p_r3[4]_inv_i_2
INFO: [Physopt 32-662] Processed net u_pool/p_r3[7]_i_7_n_0.  Did not re-place instance u_pool/p_r3[7]_i_7
INFO: [Physopt 32-662] Processed net u_pool/p_r3[14]_i_675_n_0.  Did not re-place instance u_pool/p_r3[14]_i_675
INFO: [Physopt 32-662] Processed net u_input_buf/u_conv_mac/act[5].  Did not re-place instance u_input_buf/g_lane[9].prod__0_carry__0_i_9
INFO: [Physopt 32-662] Processed net u_input_buf/conv_rdata[81]_1[3].  Did not re-place instance u_input_buf/g_lane[10].prod__0_carry__0_i_5
INFO: [Physopt 32-662] Processed net u_pool/p_r3[14]_i_123_n_0.  Did not re-place instance u_pool/p_r3[14]_i_123
INFO: [Physopt 32-662] Processed net u_pool/p_r3[6]_i_7_n_0.  Did not re-place instance u_pool/p_r3[6]_i_7
INFO: [Physopt 32-662] Processed net u_pool/p_r3[14]_i_124_n_0.  Did not re-place instance u_pool/p_r3[14]_i_124
INFO: [Physopt 32-662] Processed net u_pool/p_r3[8]_i_4_n_0.  Did not re-place instance u_pool/p_r3[8]_i_4
INFO: [Physopt 32-662] Processed net u_pool/p_r3[10]_i_7_n_0.  Did not re-place instance u_pool/p_r3[10]_i_7
INFO: [Physopt 32-662] Processed net u_enc_rq/rq[7]_i_322_n_0.  Did not re-place instance u_enc_rq/rq[7]_i_322
INFO: [Physopt 32-662] Processed net u_enc_rq/rq[7]_i_384_n_0.  Did not re-place instance u_enc_rq/rq[7]_i_384
INFO: [Physopt 32-662] Processed net u_enc_rq/rq[7]_i_662_n_0.  Did not re-place instance u_enc_rq/rq[7]_i_662
INFO: [Physopt 32-662] Processed net u_enc_rq/rq[0]_i_1_n_0.  Did not re-place instance u_enc_rq/rq[0]_i_1
INFO: [Physopt 32-662] Processed net u_enc_rq/rq[0]_i_4_n_0.  Did not re-place instance u_enc_rq/rq[0]_i_4
INFO: [Physopt 32-662] Processed net u_enc_rq/rq[7]_i_568_n_0.  Did not re-place instance u_enc_rq/rq[7]_i_568
INFO: [Physopt 32-662] Processed net u_enc_rq/rq_reg[7]_0[0].  Did not re-place instance u_enc_rq/rq_reg[0]
INFO: [Physopt 32-662] Processed net u_enc_rq/rq[7]_i_720_n_0.  Did not re-place instance u_enc_rq/rq[7]_i_720
INFO: [Physopt 32-662] Processed net u_enc_rq/rq[7]_i_950_n_0.  Did not re-place instance u_enc_rq/rq[7]_i_950
INFO: [Physopt 32-662] Processed net u_enc_rq/rq[7]_i_578_n_0.  Did not re-place instance u_enc_rq/rq[7]_i_578
INFO: [Physopt 32-662] Processed net u_pool/p_r3[14]_i_275_n_0.  Did not re-place instance u_pool/p_r3[14]_i_275
INFO: [Physopt 32-662] Processed net u_pool/p_r3[14]_i_530_n_0.  Did not re-place instance u_pool/p_r3[14]_i_530
INFO: [Physopt 32-662] Processed net u_pool/p_r3[14]_i_642_n_0.  Did not re-place instance u_pool/p_r3[14]_i_642
INFO: [Physopt 32-662] Processed net u_pool/p_r3[9]_i_2_n_0.  Did not re-place instance u_pool/p_r3[9]_i_2
INFO: [Physopt 32-662] Processed net u_pool/p_r3[14]_i_410_n_0.  Did not re-place instance u_pool/p_r3[14]_i_410
INFO: [Physopt 32-662] Processed net u_conv_mac/g_lane[10].lane_out[28].  Did not re-place instance u_conv_mac/g_lane[10].lane_out_reg[28]
INFO: [Physopt 32-662] Processed net u_enc_rq/rq[7]_i_599_n_0.  Did not re-place instance u_enc_rq/rq[7]_i_599
INFO: [Physopt 32-662] Processed net u_pool/p_r3[14]_i_120_n_0.  Did not re-place instance u_pool/p_r3[14]_i_120
INFO: [Physopt 32-662] Processed net u_pool/p_r3[6]_i_4_n_0.  Did not re-place instance u_pool/p_r3[6]_i_4
INFO: [Physopt 32-662] Processed net u_enc_rq/rq[7]_i_746_n_0.  Did not re-place instance u_enc_rq/rq[7]_i_746
INFO: [Physopt 32-662] Processed net u_enc_rq/rq[7]_i_871_n_0.  Did not re-place instance u_enc_rq/rq[7]_i_871
INFO: [Physopt 32-662] Processed net u_pool/p_r3[8]_i_7_n_0.  Did not re-place instance u_pool/p_r3[8]_i_7
INFO: [Physopt 32-662] Processed net u_enc_rq/rq[7]_i_700_n_0.  Did not re-place instance u_enc_rq/rq[7]_i_700
INFO: [Physopt 32-662] Processed net u_pool/p_r3[14]_i_346_n_0.  Did not re-place instance u_pool/p_r3[14]_i_346
INFO: [Physopt 32-662] Processed net u_pool/p_r3[1]_i_44_n_0.  Did not re-place instance u_pool/p_r3[1]_i_44
INFO: [Physopt 32-662] Processed net u_pool/p_r3[14]_i_431_n_0.  Did not re-place instance u_pool/p_r3[14]_i_431
INFO: [Physopt 32-662] Processed net u_pool/rs[0]_repN.  Did not re-place instance u_pool/p_r3[0]_i_2_replica
INFO: [Physopt 32-662] Processed net u_pool/p_r3[0]_i_10_n_0.  Did not re-place instance u_pool/p_r3[0]_i_10
INFO: [Physopt 32-662] Processed net u_pool/p_r3[14]_i_174_n_0.  Did not re-place instance u_pool/p_r3[14]_i_174
INFO: [Physopt 32-662] Processed net u_pool/p_r3[14]_i_278_n_0.  Did not re-place instance u_pool/p_r3[14]_i_278
INFO: [Physopt 32-662] Processed net u_pool/p_r3[14]_i_673_n_0.  Did not re-place instance u_pool/p_r3[14]_i_673
INFO: [Physopt 32-662] Processed net u_enc_rq/rq[7]_i_716_n_0.  Did not re-place instance u_enc_rq/rq[7]_i_716
INFO: [Physopt 32-662] Processed net u_enc_rq/rq[7]_i_883_n_0.  Did not re-place instance u_enc_rq/rq[7]_i_883
INFO: [Physopt 32-662] Processed net u_enc_rq/rq[7]_i_701_n_0.  Did not re-place instance u_enc_rq/rq[7]_i_701
INFO: [Physopt 32-662] Processed net u_conv_mac/g_lane[10].lane_out[25].  Did not re-place instance u_conv_mac/g_lane[10].lane_out_reg[25]
INFO: [Physopt 32-662] Processed net u_pool/p_r3[14]_i_663_n_0.  Did not re-place instance u_pool/p_r3[14]_i_663
INFO: [Physopt 32-662] Processed net u_pool/p_r3[14]_i_694_n_0.  Did not re-place instance u_pool/p_r3[14]_i_694
INFO: [Physopt 32-662] Processed net u_pool/p_r3[1]_i_10_n_0.  Did not re-place instance u_pool/p_r3[1]_i_10
INFO: [Physopt 32-662] Processed net u_pool/p_r3[1]_i_32_n_0.  Did not re-place instance u_pool/p_r3[1]_i_32
INFO: [Physopt 32-662] Processed net u_pool/p_r3[0]_i_3_n_0.  Did not re-place instance u_pool/p_r3[0]_i_3
INFO: [Physopt 32-662] Processed net u_pool/p_r3[5]_i_2_n_0.  Did not re-place instance u_pool/p_r3[5]_i_2
INFO: [Physopt 32-662] Processed net u_pool/p_r3[14]_i_344_n_0.  Did not re-place instance u_pool/p_r3[14]_i_344
INFO: [Physopt 32-662] Processed net u_pool/p_r3[14]_i_595_n_0.  Did not re-place instance u_pool/p_r3[14]_i_595
INFO: [Physopt 32-662] Processed net u_pool/p_r3[1]_i_22_n_0.  Did not re-place instance u_pool/p_r3[1]_i_22
INFO: [Physopt 32-662] Processed net u_pool/p_r3[1]_i_24_n_0.  Did not re-place instance u_pool/p_r3[1]_i_24
INFO: [Physopt 32-662] Processed net u_pool/p_r3[14]_i_652_n_0.  Did not re-place instance u_pool/p_r3[14]_i_652
INFO: [Physopt 32-662] Processed net u_pool/p_r3[10]_i_8_n_0.  Did not re-place instance u_pool/p_r3[10]_i_8
INFO: [Physopt 32-662] Processed net u_pool/p_r3[7]_i_2_n_0.  Did not re-place instance u_pool/p_r3[7]_i_2
INFO: [Physopt 32-662] Processed net u_enc_rq/rq[7]_i_895_n_0.  Did not re-place instance u_enc_rq/rq[7]_i_895
INFO: [Physopt 32-662] Processed net u_enc_rq/rq[7]_i_882_n_0.  Did not re-place instance u_enc_rq/rq[7]_i_882
INFO: [Physopt 32-662] Processed net u_pool/p_r3[14]_i_276_n_0.  Did not re-place instance u_pool/p_r3[14]_i_276
INFO: [Physopt 32-662] Processed net u_conv_mac/g_lane[6].lane_acc_reg[30].  Did not re-place instance u_conv_mac/g_lane[6].lane_acc_reg[30]
INFO: [Physopt 32-662] Processed net u_enc_rq/rq[7]_i_141_n_0.  Did not re-place instance u_enc_rq/rq[7]_i_141
INFO: [Physopt 32-662] Processed net u_enc_rq/rq[7]_i_17_n_0.  Did not re-place instance u_enc_rq/rq[7]_i_17
INFO: [Physopt 32-662] Processed net u_enc_rq/rq[7]_i_59_n_0.  Did not re-place instance u_enc_rq/rq[7]_i_59
INFO: [Physopt 32-662] Processed net u_enc_rq/rq[7]_i_808_n_0.  Did not re-place instance u_enc_rq/rq[7]_i_808
INFO: [Physopt 32-662] Processed net u_enc_rq/rq_reg[7]_0[6].  Did not re-place instance u_enc_rq/rq_reg[6]
INFO: [Physopt 32-662] Processed net u_pool/p_r3[1]_i_42_n_0.  Did not re-place instance u_pool/p_r3[1]_i_42
INFO: [Physopt 32-662] Processed net u_pool/p_r3[0]_i_11_n_0.  Did not re-place instance u_pool/p_r3[0]_i_11
INFO: [Physopt 32-662] Processed net u_pool/p_r3[14]_i_249_n_0.  Did not re-place instance u_pool/p_r3[14]_i_249
INFO: [Physopt 32-662] Processed net u_pool/p_r3[14]_i_502_n_0.  Did not re-place instance u_pool/p_r3[14]_i_502
INFO: [Physopt 32-662] Processed net u_pool/p_r3[14]_i_175_n_0.  Did not re-place instance u_pool/p_r3[14]_i_175
INFO: [Physopt 32-662] Processed net u_conv_mac/g_lane[10].lane_acc[4]_i_2_n_0.  Did not re-place instance u_conv_mac/g_lane[10].lane_acc[4]_i_2
INFO: [Physopt 32-662] Processed net u_conv_mac/g_lane[10].lane_acc[8]_i_2_n_0.  Did not re-place instance u_conv_mac/g_lane[10].lane_acc[8]_i_2
INFO: [Physopt 32-662] Processed net u_pool/p_r3[14]_i_730_n_0.  Did not re-place instance u_pool/p_r3[14]_i_730
INFO: [Physopt 32-662] Processed net u_conv_mac/g_lane[6].sum_carry__3_i_4_n_0.  Did not re-place instance u_conv_mac/g_lane[6].sum_carry__3_i_4
INFO: [Physopt 32-662] Processed net u_pool/p_r3[14]_i_453_n_0.  Did not re-place instance u_pool/p_r3[14]_i_453
INFO: [Physopt 32-662] Processed net u_pool/p_r3[14]_i_127_n_0.  Did not re-place instance u_pool/p_r3[14]_i_127
INFO: [Physopt 32-662] Processed net u_pool/p_r3[14]_i_160_n_0.  Did not re-place instance u_pool/p_r3[14]_i_160
INFO: [Physopt 32-662] Processed net u_pool/p_r3[14]_i_582_n_0.  Did not re-place instance u_pool/p_r3[14]_i_582
INFO: [Physopt 32-662] Processed net u_pool/p_r3[14]_i_727_n_0.  Did not re-place instance u_pool/p_r3[14]_i_727
INFO: [Physopt 32-661] Optimized 47 nets.  Re-placed 47 instances.
INFO: [Physopt 32-775] End 1 Pass. Optimized 47 nets or cells. Created 0 new cell, deleted 0 existing cell and moved 47 existing cells
INFO: [Physopt 32-619] Estimated Timing Summary | WNS=-2.632 | TNS=-1692.613 |
Netlist sorting complete. Time (s): cpu = 00:00:00 ; elapsed = 00:00:00.003 . Memory (MB): peak = 1898.480 ; gain = 0.000
Phase 29 Single Cell Placement Optimization | Checksum: 6010a997

Time (s): cpu = 00:01:51 ; elapsed = 00:01:07 . Memory (MB): peak = 1898.480 ; gain = 0.000

Phase 30 Multi Cell Placement Optimization
INFO: [Physopt 32-660] Identified 100 candidate nets for placement-based optimization.
INFO: [Physopt 32-662] Processed net u_input_buf/g_lane[0].prod__0_carry_i_19_n_0.  Did not re-place instance u_input_buf/g_lane[0].prod__0_carry_i_19/O
INFO: [Physopt 32-662] Processed net p_r3[1]_i_229_n_0.  Did not re-place instance p_r3[1]_i_229/O
INFO: [Physopt 32-662] Processed net u_pool/p_r3[14]_i_118_n_0.  Did not re-place instance u_pool/p_r3[14]_i_118/O
INFO: [Physopt 32-662] Processed net u_pool/p_r3[9]_i_4_n_0.  Did not re-place instance u_pool/p_r3[9]_i_4/O
INFO: [Physopt 32-662] Processed net u_pool/p_r3[11]_i_7_n_0.  Did not re-place instance u_pool/p_r3[11]_i_7/O
INFO: [Physopt 32-662] Processed net u_pool/p_r3[1]_i_1_n_0.  Did not re-place instance u_pool/p_r3[1]_i_1/O
INFO: [Physopt 32-662] Processed net u_pool/p_r3[8]_i_2_n_0_repN.  Did not re-place instance u_pool/p_r3[8]_i_2_replica/O
INFO: [Physopt 32-662] Processed net u_pool/p_r3_reg_n_0_[1].  Did not re-place instance u_pool/p_r3_reg[1]/Q
INFO: [Physopt 32-662] Processed net u_pool/p_r3[14]_i_113_n_0.  Did not re-place instance u_pool/p_r3[14]_i_113/O
INFO: [Physopt 32-662] Processed net u_pool/p_r3[7]_i_4_n_0.  Did not re-place instance u_pool/p_r3[7]_i_4/O
INFO: [Physopt 32-662] Processed net u_pool/p_r3[6]_i_2_n_0_repN.  Did not re-place instance u_pool/p_r3[6]_i_2_replica/O
INFO: [Physopt 32-662] Processed net u_pool/p_r3[13]_i_3_n_0.  Did not re-place instance u_pool/p_r3[13]_i_3/O
INFO: [Physopt 32-662] Processed net u_pool/p_r3[14]_i_119_n_0.  Did not re-place instance u_pool/p_r3[14]_i_119/O
INFO: [Physopt 32-662] Processed net u_pool/p_r3[14]_i_14_n_0.  Did not re-place instance u_pool/p_r3[14]_i_14/O
INFO: [Physopt 32-662] Processed net u_pool/p_r3[14]_i_50_n_0.  Did not re-place instance u_pool/p_r3[14]_i_50/O
INFO: [Physopt 32-662] Processed net u_pool/p_r3_reg_n_0_[11].  Did not re-place instance u_pool/p_r3_reg[11]/Q
INFO: [Physopt 32-662] Processed net u_pool/p_r3_reg_n_0_[13].  Did not re-place instance u_pool/p_r3_reg[13]/Q
INFO: [Physopt 32-662] Processed net u_pool/p_r3_reg_n_0_[10].  Did not re-place instance u_pool/p_r3_reg[10]/Q
INFO: [Physopt 32-662] Processed net u_pool/p_r3_reg_n_0_[8].  Did not re-place instance u_pool/p_r3_reg[8]/Q
INFO: [Physopt 32-662] Processed net u_pool/p_r3[14]_i_124_n_0.  Did not re-place instance u_pool/p_r3[14]_i_124/O
INFO: [Physopt 32-662] Processed net u_pool/p_r3[8]_i_4_n_0.  Did not re-place instance u_pool/p_r3[8]_i_4/O
INFO: [Physopt 32-662] Processed net u_pool/p_r3_reg_n_0_[2].  Did not re-place instance u_pool/p_r3_reg[2]/Q
INFO: [Physopt 32-662] Processed net u_pool/p_r3_reg_n_0_[5].  Did not re-place instance u_pool/p_r3_reg[5]/Q
INFO: [Physopt 32-662] Processed net u_pool/p_r3_reg_n_0_[7].  Did not re-place instance u_pool/p_r3_reg[7]/Q
INFO: [Physopt 32-662] Processed net u_pool/p_r3_reg_n_0_[9].  Did not re-place instance u_pool/p_r3_reg[9]/Q
INFO: [Physopt 32-662] Processed net u_pool/p_r3[12]_i_1_n_0.  Did not re-place instance u_pool/p_r3[12]_i_1/O
INFO: [Physopt 32-662] Processed net u_pool/p_r3_reg_n_0_[12].  Did not re-place instance u_pool/p_r3_reg[12]/Q
INFO: [Physopt 32-662] Processed net u_pool/p_r3[9]_i_2_n_0.  Did not re-place instance u_pool/p_r3[9]_i_2/O
INFO: [Physopt 32-662] Processed net u_pool/p_r3_reg_n_0_[3].  Did not re-place instance u_pool/p_r3_reg[3]/Q
INFO: [Physopt 32-662] Processed net u_pool/p_r3[14]_i_120_n_0.  Did not re-place instance u_pool/p_r3[14]_i_120/O
INFO: [Physopt 32-662] Processed net u_pool/p_r3[6]_i_4_n_0.  Did not re-place instance u_pool/p_r3[6]_i_4/O
INFO: [Physopt 32-662] Processed net u_pool/p_r3[5]_i_2_n_0.  Did not re-place instance u_pool/p_r3[5]_i_2/O
INFO: [Physopt 32-662] Processed net u_pool/p_r3[8]_i_7_n_0.  Did not re-place instance u_pool/p_r3[8]_i_7/O
INFO: [Physopt 32-662] Processed net u_pool/p_r3[1]_i_22_n_0.  Did not re-place instance u_pool/p_r3[1]_i_22/O
INFO: [Physopt 32-662] Processed net u_pool/p_r3[1]_i_24_n_0.  Did not re-place instance u_pool/p_r3[1]_i_24/O
INFO: [Physopt 32-662] Processed net u_pool/p_r3[7]_i_2_n_0.  Did not re-place instance u_pool/p_r3[7]_i_2/O
INFO: [Physopt 32-662] Processed net u_pool/p_r3[1]_i_23_n_0.  Did not re-place instance u_pool/p_r3[1]_i_23/O
INFO: [Physopt 32-662] Processed net u_pool/p_r3[4]_inv_i_2_n_0.  Did not re-place instance u_pool/p_r3[4]_inv_i_2/O
INFO: [Physopt 32-662] Processed net u_pool/p_r3[5]_i_4_n_0.  Did not re-place instance u_pool/p_r3[5]_i_4/O
INFO: [Physopt 32-662] Processed net u_pool/p_r3[7]_i_7_n_0.  Did not re-place instance u_pool/p_r3[7]_i_7/O
INFO: [Physopt 32-662] Processed net u_pool/p_r3[14]_i_160_n_0.  Did not re-place instance u_pool/p_r3[14]_i_160/O
INFO: [Physopt 32-662] Processed net u_pool/p_r3[14]_i_257_n_0.  Did not re-place instance u_pool/p_r3[14]_i_257/O
INFO: [Physopt 32-661] Optimized 4 nets.  Re-placed 8 instances.
INFO: [Physopt 32-775] End 1 Pass. Optimized 4 nets or cells. Created 0 new cell, deleted 0 existing cell and moved 8 existing cells
INFO: [Physopt 32-619] Estimated Timing Summary | WNS=-2.632 | TNS=-1692.613 |
Netlist sorting complete. Time (s): cpu = 00:00:00 ; elapsed = 00:00:00.002 . Memory (MB): peak = 1898.480 ; gain = 0.000
Phase 30 Multi Cell Placement Optimization | Checksum: 109418a11

Time (s): cpu = 00:01:57 ; elapsed = 00:01:11 . Memory (MB): peak = 1898.480 ; gain = 0.000

Phase 31 SLR Crossing Optimization
Phase 31 SLR Crossing Optimization | Checksum: 109418a11

Time (s): cpu = 00:01:57 ; elapsed = 00:01:11 . Memory (MB): peak = 1898.480 ; gain = 0.000

Phase 32 Critical Path Optimization
INFO: [Physopt 32-619] Estimated Timing Summary | WNS=-2.632 | TNS=-1692.613 |
INFO: [Physopt 32-702] Processed net u_conv_mac/g_lane[10].lane_out[29]. Optimizations did not improve timing on the net.
INFO: [Physopt 32-702] Processed net u_input_buf/gen_word_write.read_word_reg[16]. Optimizations did not improve timing on the net.
INFO: [Physopt 32-702] Processed net u_conv_mac/g_lane[10].sum_carry__5_n_0. Optimizations did not improve timing on the net.
INFO: [Physopt 32-702] Processed net u_conv_mac/g_lane[10].sum_carry__4_n_0. Optimizations did not improve timing on the net.
INFO: [Physopt 32-702] Processed net u_conv_mac/g_lane[10].sum_carry__3_n_0. Optimizations did not improve timing on the net.
INFO: [Physopt 32-702] Processed net u_conv_mac/g_lane[10].sum_carry__3_i_8_n_0. Optimizations did not improve timing on the net.
INFO: [Physopt 32-702] Processed net u_conv_mac/g_lane[10].prod[15]. Optimizations did not improve timing on the net.
INFO: [Physopt 32-702] Processed net u_conv_mac/g_lane[10].prod__86_carry__1_n_0. Optimizations did not improve timing on the net.
INFO: [Physopt 32-702] Processed net u_conv_mac/g_lane[10].prod__86_carry__0_n_0. Optimizations did not improve timing on the net.
INFO: [Physopt 32-702] Processed net u_conv_mac/g_lane[10].prod__86_carry_n_0. Optimizations did not improve timing on the net.
INFO: [Physopt 32-735] Processed net u_conv_mac/g_lane[10].prod__86_carry_i_4_n_0. Optimization improves timing on the net.
INFO: [Physopt 32-619] Estimated Timing Summary | WNS=-2.603 | TNS=-1674.881 |
INFO: [Physopt 32-702] Processed net u_conv_mac/g_lane[6].lane_acc_reg[29]. Optimizations did not improve timing on the net.
INFO: [Physopt 32-702] Processed net u_conv_mac/g_lane[6].lane_acc_reg[24]_i_1_n_0. Optimizations did not improve timing on the net.
INFO: [Physopt 32-702] Processed net u_conv_mac/g_lane[6].lane_acc_reg[20]_i_1_n_0. Optimizations did not improve timing on the net.
INFO: [Physopt 32-702] Processed net u_conv_mac/g_lane[6].lane_acc_reg[16]_i_1_n_0. Optimizations did not improve timing on the net.
INFO: [Physopt 32-702] Processed net u_conv_mac/g_lane[6].lane_acc_reg[12]_i_1_n_0. Optimizations did not improve timing on the net.
INFO: [Physopt 32-702] Processed net u_conv_mac/g_lane[6].lane_acc[12]_i_4_n_0. Optimizations did not improve timing on the net.
INFO: [Physopt 32-702] Processed net u_conv_mac/g_lane[6].prod[13]. Optimizations did not improve timing on the net.
INFO: [Physopt 32-702] Processed net u_conv_mac/g_lane[6].prod__86_carry__0_n_0. Optimizations did not improve timing on the net.
INFO: [Physopt 32-702] Processed net u_conv_mac/g_lane[6].prod__86_carry_n_0. Optimizations did not improve timing on the net.
INFO: [Physopt 32-735] Processed net u_conv_mac/g_lane[6].prod__86_carry_i_4_n_0. Optimization improves timing on the net.
INFO: [Physopt 32-619] Estimated Timing Summary | WNS=-2.549 | TNS=-1657.149 |
INFO: [Physopt 32-735] Processed net u_pool/p_r3_reg_n_0_[1]. Optimization improves timing on the net.
INFO: [Physopt 32-619] Estimated Timing Summary | WNS=-2.534 | TNS=-1657.138 |
INFO: [Physopt 32-662] Processed net u_pool/p_r3_reg_n_0_[1].  Did not re-place instance u_pool/p_r3_reg[1]
INFO: [Physopt 32-662] Processed net u_pool/p_r3_reg_n_0_[1].  Did not re-place instance u_pool/p_r3_reg[1]/Q
INFO: [Physopt 32-702] Processed net u_pool/p_r3_reg_n_0_[1]. Optimizations did not improve timing on the net.
INFO: [Physopt 32-662] Processed net u_pool/p_r3[1]_i_1_n_0.  Did not re-place instance u_pool/p_r3[1]_i_1
INFO: [Physopt 32-662] Processed net u_pool/p_r3[1]_i_1_n_0.  Did not re-place instance u_pool/p_r3[1]_i_1/O
INFO: [Physopt 32-702] Processed net u_pool/p_r3[1]_i_1_n_0. Optimizations did not improve timing on the net.
INFO: [Physopt 32-702] Processed net u_pool/p_sat2. Optimizations did not improve timing on the net.
INFO: [Physopt 32-702] Processed net u_pool/p_r3_reg[14]_i_26_n_0. Optimizations did not improve timing on the net.
INFO: [Physopt 32-702] Processed net u_pool/p_r3_reg[14]_i_76_n_0. Optimizations did not improve timing on the net.
INFO: [Physopt 32-702] Processed net u_pool/p_r3_reg[14]_i_149_n_0. Optimizations did not improve timing on the net.
INFO: [Physopt 32-702] Processed net u_pool/p_r3_reg[14]_i_238_n_0. Optimizations did not improve timing on the net.
INFO: [Physopt 32-702] Processed net u_pool/p_r3_reg[14]_i_337_n_0. Optimizations did not improve timing on the net.
INFO: [Physopt 32-702] Processed net u_pool/p_r3_reg[14]_i_473_n_0. Optimizations did not improve timing on the net.
INFO: [Physopt 32-702] Processed net u_pool/p_r3[14]_i_579_n_0. Optimizations did not improve timing on the net.
INFO: [Physopt 32-662] Processed net u_pool/p_r3[8]_i_2_n_0_repN.  Did not re-place instance u_pool/p_r3[8]_i_2_replica
INFO: [Physopt 32-662] Processed net u_pool/p_r3[8]_i_2_n_0_repN.  Did not re-place instance u_pool/p_r3[8]_i_2_replica/O
INFO: [Physopt 32-710] Processed net u_pool/p_r3[14]_i_579_n_0. Critical path length was reduced through logic transformation on cell u_pool/p_r3[14]_i_579_comp.
INFO: [Physopt 32-735] Processed net u_pool/p_r3[8]_i_2_n_0_repN. Optimization improves timing on the net.
INFO: [Physopt 32-619] Estimated Timing Summary | WNS=-2.534 | TNS=-1656.746 |
INFO: [Physopt 32-662] Processed net u_pool/p_r3_reg_n_0_[11].  Did not re-place instance u_pool/p_r3_reg[11]
INFO: [Physopt 32-662] Processed net u_pool/p_r3_reg_n_0_[11].  Did not re-place instance u_pool/p_r3_reg[11]/Q
INFO: [Physopt 32-702] Processed net u_pool/p_r3_reg_n_0_[11]. Optimizations did not improve timing on the net.
INFO: [Physopt 32-572] Net u_pool/p_r3[14]_i_1_n_0 was not replicated.
Resolution: phys_opt_design can be forced to replicate a net driver using the option -force_replication_on_nets <list of net objects>.
INFO: [Physopt 32-662] Processed net u_pool/p_r3[14]_i_1_n_0.  Did not re-place instance u_pool/p_r3[14]_i_1
INFO: [Physopt 32-572] Net u_pool/p_r3[14]_i_1_n_0 was not replicated.
Resolution: phys_opt_design can be forced to replicate a net driver using the option -force_replication_on_nets <list of net objects>.
INFO: [Physopt 32-702] Processed net u_pool/p_r3[14]_i_1_n_0. Optimizations did not improve timing on the net.
INFO: [Physopt 32-702] Processed net u_pool/p_sat1. Optimizations did not improve timing on the net.
INFO: [Physopt 32-702] Processed net u_pool/p_r3_reg[14]_i_8_n_0. Optimizations did not improve timing on the net.
INFO: [Physopt 32-702] Processed net u_pool/p_r3_reg[14]_i_35_n_0. Optimizations did not improve timing on the net.
INFO: [Physopt 32-702] Processed net u_pool/p_r3_reg[14]_i_89_n_0. Optimizations did not improve timing on the net.
INFO: [Physopt 32-702] Processed net u_pool/p_r3_reg[14]_i_170_n_0. Optimizations did not improve timing on the net.
INFO: [Physopt 32-702] Processed net u_pool/p_r3_reg[14]_i_273_n_0. Optimizations did not improve timing on the net.
INFO: [Physopt 32-702] Processed net u_pool/p_r3_reg[14]_i_403_n_0. Optimizations did not improve timing on the net.
INFO: [Physopt 32-662] Processed net u_pool/rs[13].  Did not re-place instance u_pool/p_r3[14]_i_523
INFO: [Physopt 32-702] Processed net u_pool/rs[13]. Optimizations did not improve timing on the net.
INFO: [Physopt 32-662] Processed net u_pool/p_r3[13]_i_3_n_0.  Did not re-place instance u_pool/p_r3[13]_i_3
INFO: [Physopt 32-662] Processed net u_pool/p_r3[13]_i_3_n_0.  Did not re-place instance u_pool/p_r3[13]_i_3/O
INFO: [Physopt 32-81] Processed net u_pool/p_r3[13]_i_3_n_0. Replicated 2 times.
INFO: [Physopt 32-735] Processed net u_pool/p_r3[13]_i_3_n_0. Optimization improves timing on the net.
INFO: [Physopt 32-619] Estimated Timing Summary | WNS=-2.530 | TNS=-1656.686 |
INFO: [Physopt 32-662] Processed net u_pool/p_r3[13]_i_3_n_0.  Did not re-place instance u_pool/p_r3[13]_i_3
INFO: [Physopt 32-662] Processed net u_pool/p_r3[13]_i_3_n_0.  Did not re-place instance u_pool/p_r3[13]_i_3/O
INFO: [Physopt 32-572] Net u_pool/p_r3[13]_i_3_n_0 was not replicated.
Resolution: phys_opt_design can be forced to replicate a net driver using the option -force_replication_on_nets <list of net objects>.
INFO: [Physopt 32-735] Processed net u_pool/p_r3[13]_i_3_n_0. Optimization improves timing on the net.
INFO: [Physopt 32-619] Estimated Timing Summary | WNS=-2.506 | TNS=-1656.041 |
INFO: [Physopt 32-662] Processed net u_pool/p_r3[9]_i_2_n_0.  Did not re-place instance u_pool/p_r3[9]_i_2
INFO: [Physopt 32-662] Processed net u_pool/p_r3[9]_i_2_n_0.  Did not re-place instance u_pool/p_r3[9]_i_2/O
INFO: [Physopt 32-710] Processed net u_pool/p_r3[14]_i_579_n_0. Critical path length was reduced through logic transformation on cell u_pool/p_r3[14]_i_579_comp_1.
INFO: [Physopt 32-735] Processed net u_pool/p_r3[9]_i_2_n_0. Optimization improves timing on the net.
INFO: [Physopt 32-619] Estimated Timing Summary | WNS=-2.501 | TNS=-1655.971 |
INFO: [Physopt 32-702] Processed net u_pool/p_r3_reg[14]_i_573_n_0. Optimizations did not improve timing on the net.
INFO: [Physopt 32-702] Processed net u_pool/p_r3[14]_i_674_n_0. Optimizations did not improve timing on the net.
INFO: [Physopt 32-735] Processed net u_pool/p_r3[6]_i_2_n_0_repN. Optimization improves timing on the net.
INFO: [Physopt 32-619] Estimated Timing Summary | WNS=-2.501 | TNS=-1655.971 |
INFO: [Physopt 32-702] Processed net u_pool/p_r3[14]_i_675_n_0. Optimizations did not improve timing on the net.
INFO: [Physopt 32-662] Processed net u_pool/p_r3[5]_i_2_n_0.  Did not re-place instance u_pool/p_r3[5]_i_2
INFO: [Physopt 32-662] Processed net u_pool/p_r3[5]_i_2_n_0.  Did not re-place instance u_pool/p_r3[5]_i_2/O
INFO: [Physopt 32-710] Processed net u_pool/p_r3[14]_i_675_n_0. Critical path length was reduced through logic transformation on cell u_pool/p_r3[14]_i_675_comp.
INFO: [Physopt 32-735] Processed net u_pool/p_r3[5]_i_2_n_0. Optimization improves timing on the net.
INFO: [Physopt 32-619] Estimated Timing Summary | WNS=-2.494 | TNS=-1655.873 |
INFO: [Physopt 32-662] Processed net u_pool/p_r3[6]_i_2_n_0_repN.  Did not re-place instance u_pool/p_r3[6]_i_2_replica
INFO: [Physopt 32-662] Processed net u_pool/p_r3[6]_i_2_n_0_repN.  Did not re-place instance u_pool/p_r3[6]_i_2_replica/O
INFO: [Physopt 32-710] Processed net u_pool/p_r3[14]_i_674_n_0. Critical path length was reduced through logic transformation on cell u_pool/p_r3[14]_i_674_comp.
INFO: [Physopt 32-735] Processed net u_pool/p_r3[6]_i_2_n_0_repN. Optimization improves timing on the net.
INFO: [Physopt 32-619] Estimated Timing Summary | WNS=-2.487 | TNS=-1655.775 |
INFO: [Physopt 32-662] Processed net u_pool/p_r3[13]_i_3_n_0.  Did not re-place instance u_pool/p_r3[13]_i_3
INFO: [Physopt 32-662] Processed net u_pool/p_r3[13]_i_3_n_0.  Did not re-place instance u_pool/p_r3[13]_i_3/O
INFO: [Physopt 32-572] Net u_pool/p_r3[13]_i_3_n_0 was not replicated.
Resolution: phys_opt_design can be forced to replicate a net driver using the option -force_replication_on_nets <list of net objects>.
INFO: [Physopt 32-702] Processed net u_pool/p_r3[13]_i_3_n_0. Optimizations did not improve timing on the net.
INFO: [Physopt 32-662] Processed net u_pool/p_r3[14]_i_16_n_0.  Did not re-place instance u_pool/p_r3[14]_i_16
INFO: [Physopt 32-662] Processed net u_pool/p_r3[14]_i_16_n_0.  Did not re-place instance u_pool/p_r3[14]_i_16/O
INFO: [Physopt 32-572] Net u_pool/p_r3[14]_i_16_n_0 was not replicated.
Resolution: phys_opt_design can be forced to replicate a net driver using the option -force_replication_on_nets <list of net objects>.
INFO: [Physopt 32-702] Processed net u_pool/p_r3[14]_i_16_n_0. Optimizations did not improve timing on the net.
INFO: [Physopt 32-662] Processed net u_pool/p_r3[14]_i_55_n_0.  Did not re-place instance u_pool/p_r3[14]_i_55
INFO: [Physopt 32-662] Processed net u_pool/p_r3[14]_i_55_n_0.  Did not re-place instance u_pool/p_r3[14]_i_55/O
INFO: [Physopt 32-710] Processed net u_pool/p_r3[14]_i_16_n_0. Critical path length was reduced through logic transformation on cell u_pool/p_r3[14]_i_16_comp.
INFO: [Physopt 32-735] Processed net u_pool/p_r3[14]_i_55_n_0. Optimization improves timing on the net.
INFO: [Physopt 32-619] Estimated Timing Summary | WNS=-2.487 | TNS=-1655.535 |
INFO: [Physopt 32-662] Processed net u_pool/p_r3[4]_inv_i_2_n_0.  Did not re-place instance u_pool/p_r3[4]_inv_i_2
INFO: [Physopt 32-662] Processed net u_pool/p_r3[4]_inv_i_2_n_0.  Did not re-place instance u_pool/p_r3[4]_inv_i_2/O
INFO: [Physopt 32-710] Processed net u_pool/p_r3[14]_i_675_n_0. Critical path length was reduced through logic transformation on cell u_pool/p_r3[14]_i_675_comp_1.
INFO: [Physopt 32-735] Processed net u_pool/p_r3[4]_inv_i_2_n_0. Optimization improves timing on the net.
INFO: [Physopt 32-619] Estimated Timing Summary | WNS=-2.476 | TNS=-1655.339 |
INFO: [Physopt 32-702] Processed net u_conv_mac/g_lane[7].lane_out[29]. Optimizations did not improve timing on the net.
INFO: [Physopt 32-702] Processed net u_input_buf/gen_word_write.read_word_reg[50]. Optimizations did not improve timing on the net.
INFO: [Physopt 32-702] Processed net u_conv_mac/g_lane[7].sum_carry__5_n_0. Optimizations did not improve timing on the net.
INFO: [Physopt 32-702] Processed net u_conv_mac/g_lane[7].sum_carry__4_n_0. Optimizations did not improve timing on the net.
INFO: [Physopt 32-702] Processed net u_conv_mac/g_lane[7].sum_carry__3_n_0. Optimizations did not improve timing on the net.
INFO: [Physopt 32-702] Processed net u_conv_mac/g_lane[7].sum_carry__3_i_8_n_0. Optimizations did not improve timing on the net.
INFO: [Physopt 32-702] Processed net u_conv_mac/g_lane[7].prod[15]. Optimizations did not improve timing on the net.
INFO: [Physopt 32-702] Processed net u_conv_mac/g_lane[7].prod__86_carry__1_n_0. Optimizations did not improve timing on the net.
INFO: [Physopt 32-702] Processed net u_conv_mac/g_lane[7].prod__86_carry__0_n_0. Optimizations did not improve timing on the net.
INFO: [Physopt 32-702] Processed net u_conv_mac/g_lane[7].prod__86_carry_n_0. Optimizations did not improve timing on the net.
INFO: [Physopt 32-735] Processed net u_conv_mac/g_lane[7].prod__86_carry_i_4_n_0. Optimization improves timing on the net.
INFO: [Physopt 32-619] Estimated Timing Summary | WNS=-2.473 | TNS=-1646.707 |
INFO: [Physopt 32-662] Processed net u_pool/p_r3[14]_i_673_n_0.  Did not re-place instance u_pool/p_r3[14]_i_673
INFO: [Physopt 32-702] Processed net u_pool/p_r3[14]_i_673_n_0. Optimizations did not improve timing on the net.
INFO: [Physopt 32-662] Processed net u_pool/rs[0]_repN.  Did not re-place instance u_pool/p_r3[0]_i_2_replica
INFO: [Physopt 32-662] Processed net u_pool/rs[0]_repN.  Did not re-place instance u_pool/p_r3[0]_i_2_replica/O
INFO: [Physopt 32-572] Net u_pool/rs[0]_repN was not replicated.
Resolution: phys_opt_design can be forced to replicate a net driver using the option -force_replication_on_nets <list of net objects>.
INFO: [Physopt 32-735] Processed net u_pool/rs[0]_repN. Optimization improves timing on the net.
INFO: [Physopt 32-619] Estimated Timing Summary | WNS=-2.471 | TNS=-1646.525 |
INFO: [Physopt 32-735] Processed net u_pool/p_r3[14]_i_281_n_0. Optimization improves timing on the net.
INFO: [Physopt 32-619] Estimated Timing Summary | WNS=-2.469 | TNS=-1646.495 |
INFO: [Physopt 32-702] Processed net u_pool/p_r3[14]_i_97_n_0. Optimizations did not improve timing on the net.
INFO: [Physopt 32-735] Processed net u_pool/p_r3[14]_i_181_n_0. Optimization improves timing on the net.
INFO: [Physopt 32-619] Estimated Timing Summary | WNS=-2.464 | TNS=-1646.420 |
INFO: [Physopt 32-702] Processed net u_pool/p_r3[14]_i_408_n_0. Optimizations did not improve timing on the net.
INFO: [Physopt 32-662] Processed net u_pool/p_r3[14]_i_484_n_0.  Did not re-place instance u_pool/p_r3[14]_i_484
INFO: [Physopt 32-662] Processed net u_pool/p_r3[14]_i_484_n_0.  Did not re-place instance u_pool/p_r3[14]_i_484/O
INFO: [Physopt 32-81] Processed net u_pool/p_r3[14]_i_484_n_0. Replicated 1 times.
INFO: [Physopt 32-735] Processed net u_pool/p_r3[14]_i_484_n_0. Optimization improves timing on the net.
INFO: [Physopt 32-619] Estimated Timing Summary | WNS=-2.460 | TNS=-1646.300 |
INFO: [Physopt 32-662] Processed net u_pool/rs[0]_repN.  Did not re-place instance u_pool/p_r3[0]_i_2_replica
INFO: [Physopt 32-662] Processed net u_pool/rs[0]_repN.  Did not re-place instance u_pool/p_r3[0]_i_2_replica/O
INFO: [Physopt 32-572] Net u_pool/rs[0]_repN was not replicated.
Resolution: phys_opt_design can be forced to replicate a net driver using the option -force_replication_on_nets <list of net objects>.
INFO: [Physopt 32-735] Processed net u_pool/rs[0]_repN. Optimization improves timing on the net.
INFO: [Physopt 32-619] Estimated Timing Summary | WNS=-2.456 | TNS=-1646.188 |
INFO: [Physopt 32-702] Processed net u_pool/p_r3[14]_i_95_n_0. Optimizations did not improve timing on the net.
INFO: [Physopt 32-735] Processed net u_pool/p_r3[14]_i_161_n_0. Optimization improves timing on the net.
INFO: [Physopt 32-619] Estimated Timing Summary | WNS=-2.455 | TNS=-1646.143 |
INFO: [Physopt 32-662] Processed net u_enc_rq/rq_reg[7]_0[4].  Did not re-place instance u_enc_rq/rq_reg[4]
INFO: [Physopt 32-702] Processed net u_enc_rq/rq_reg[7]_0[4]. Optimizations did not improve timing on the net.
INFO: [Physopt 32-735] Processed net u_enc_rq/p_0_in[5]. Optimization improves timing on the net.
INFO: [Physopt 32-619] Estimated Timing Summary | WNS=-2.453 | TNS=-1645.955 |
INFO: [Physopt 32-735] Processed net u_pool/p_r3[14]_i_411_n_0. Optimization improves timing on the net.
INFO: [Physopt 32-619] Estimated Timing Summary | WNS=-2.453 | TNS=-1645.955 |
INFO: [Physopt 32-662] Processed net u_pool/p_r3[14]_i_54_n_0.  Did not re-place instance u_pool/p_r3[14]_i_54
INFO: [Physopt 32-662] Processed net u_pool/p_r3[14]_i_54_n_0.  Did not re-place instance u_pool/p_r3[14]_i_54/O
INFO: [Physopt 32-572] Net u_pool/p_r3[14]_i_54_n_0 was not replicated.
Resolution: phys_opt_design can be forced to replicate a net driver using the option -force_replication_on_nets <list of net objects>.
INFO: [Physopt 32-735] Processed net u_pool/p_r3[14]_i_54_n_0. Optimization improves timing on the net.
INFO: [Physopt 32-619] Estimated Timing Summary | WNS=-2.452 | TNS=-1645.819 |
INFO: [Physopt 32-662] Processed net u_pool/p_r3[7]_i_2_n_0.  Did not re-place instance u_pool/p_r3[7]_i_2
INFO: [Physopt 32-662] Processed net u_pool/p_r3[7]_i_2_n_0.  Did not re-place instance u_pool/p_r3[7]_i_2/O
INFO: [Physopt 32-710] Processed net u_pool/p_r3[14]_i_674_n_0. Critical path length was reduced through logic transformation on cell u_pool/p_r3[14]_i_674_comp_1.
INFO: [Physopt 32-735] Processed net u_pool/p_r3[7]_i_2_n_0. Optimization improves timing on the net.
INFO: [Physopt 32-619] Estimated Timing Summary | WNS=-2.444 | TNS=-1645.539 |
INFO: [Physopt 32-702] Processed net u_pool/p_r3[14]_i_280_n_0. Optimizations did not improve timing on the net.
INFO: [Physopt 32-662] Processed net u_pool/p_r3[14]_i_414_n_0.  Did not re-place instance u_pool/p_r3[14]_i_414
INFO: [Physopt 32-662] Processed net u_pool/p_r3[14]_i_414_n_0.  Did not re-place instance u_pool/p_r3[14]_i_414/O
INFO: [Physopt 32-572] Net u_pool/p_r3[14]_i_414_n_0 was not replicated.
Resolution: phys_opt_design can be forced to replicate a net driver using the option -force_replication_on_nets <list of net objects>.
INFO: [Physopt 32-735] Processed net u_pool/p_r3[14]_i_414_n_0. Optimization improves timing on the net.
INFO: [Physopt 32-619] Estimated Timing Summary | WNS=-2.443 | TNS=-1645.524 |
INFO: [Physopt 32-735] Processed net u_pool/p_r3[14]_i_40_n_0. Optimization improves timing on the net.
INFO: [Physopt 32-619] Estimated Timing Summary | WNS=-2.441 | TNS=-1645.494 |
INFO: [Physopt 32-662] Processed net u_pool/p_r3[14]_i_482_n_0.  Did not re-place instance u_pool/p_r3[14]_i_482
INFO: [Physopt 32-662] Processed net u_pool/p_r3[14]_i_482_n_0.  Did not re-place instance u_pool/p_r3[14]_i_482/O
INFO: [Physopt 32-81] Processed net u_pool/p_r3[14]_i_482_n_0. Replicated 1 times.
INFO: [Physopt 32-735] Processed net u_pool/p_r3[14]_i_482_n_0. Optimization improves timing on the net.
INFO: [Physopt 32-619] Estimated Timing Summary | WNS=-2.439 | TNS=-1645.464 |
INFO: [Physopt 32-662] Processed net u_pool/p_r3[14]_i_482_n_0.  Did not re-place instance u_pool/p_r3[14]_i_482
INFO: [Physopt 32-662] Processed net u_pool/p_r3[14]_i_482_n_0.  Did not re-place instance u_pool/p_r3[14]_i_482/O
INFO: [Physopt 32-572] Net u_pool/p_r3[14]_i_482_n_0 was not replicated.
Resolution: phys_opt_design can be forced to replicate a net driver using the option -force_replication_on_nets <list of net objects>.
INFO: [Physopt 32-702] Processed net u_pool/p_r3[14]_i_482_n_0. Optimizations did not improve timing on the net.
INFO: [Physopt 32-662] Processed net u_pool/p_r3[14]_i_589_n_0.  Did not re-place instance u_pool/p_r3[14]_i_589
INFO: [Physopt 32-662] Processed net u_pool/p_r3[14]_i_589_n_0.  Did not re-place instance u_pool/p_r3[14]_i_589/O
INFO: [Physopt 32-81] Processed net u_pool/p_r3[14]_i_589_n_0. Replicated 1 times.
INFO: [Physopt 32-735] Processed net u_pool/p_r3[14]_i_589_n_0. Optimization improves timing on the net.
INFO: [Physopt 32-619] Estimated Timing Summary | WNS=-2.436 | TNS=-1645.419 |
INFO: [Physopt 32-702] Processed net u_pool/p_r3[14]_i_178_n_0. Optimizations did not improve timing on the net.
INFO: [Physopt 32-662] Processed net u_pool/p_r3[14]_i_287_n_0.  Did not re-place instance u_pool/p_r3[14]_i_287
INFO: [Physopt 32-662] Processed net u_pool/p_r3[14]_i_287_n_0.  Did not re-place instance u_pool/p_r3[14]_i_287/O
INFO: [Physopt 32-572] Net u_pool/p_r3[14]_i_287_n_0 was not replicated.
Resolution: phys_opt_design can be forced to replicate a net driver using the option -force_replication_on_nets <list of net objects>.
INFO: [Physopt 32-735] Processed net u_pool/p_r3[14]_i_287_n_0. Optimization improves timing on the net.
INFO: [Physopt 32-619] Estimated Timing Summary | WNS=-2.433 | TNS=-1645.374 |
INFO: [Physopt 32-662] Processed net u_pool/p_r3[14]_i_588_n_0.  Did not re-place instance u_pool/p_r3[14]_i_588
INFO: [Physopt 32-662] Processed net u_pool/p_r3[14]_i_588_n_0.  Did not re-place instance u_pool/p_r3[14]_i_588/O
INFO: [Physopt 32-572] Net u_pool/p_r3[14]_i_588_n_0 was not replicated.
Resolution: phys_opt_design can be forced to replicate a net driver using the option -force_replication_on_nets <list of net objects>.
INFO: [Physopt 32-735] Processed net u_pool/p_r3[14]_i_588_n_0. Optimization improves timing on the net.
INFO: [Physopt 32-619] Estimated Timing Summary | WNS=-2.432 | TNS=-1645.359 |
INFO: [Physopt 32-662] Processed net u_pool/p_r3[1]_i_3_n_0.  Did not re-place instance u_pool/p_r3[1]_i_3
INFO: [Physopt 32-662] Processed net u_pool/p_r3[1]_i_3_n_0.  Did not re-place instance u_pool/p_r3[1]_i_3/O
INFO: [Physopt 32-572] Net u_pool/p_r3[1]_i_3_n_0 was not replicated.
Resolution: phys_opt_design can be forced to replicate a net driver using the option -force_replication_on_nets <list of net objects>.
INFO: [Physopt 32-735] Processed net u_pool/p_r3[1]_i_3_n_0. Optimization improves timing on the net.
INFO: [Physopt 32-619] Estimated Timing Summary | WNS=-2.432 | TNS=-1645.345 |
INFO: [Physopt 32-662] Processed net u_pool/p_r3[14]_i_412_n_0.  Did not re-place instance u_pool/p_r3[14]_i_412
INFO: [Physopt 32-662] Processed net u_pool/p_r3[14]_i_412_n_0.  Did not re-place instance u_pool/p_r3[14]_i_412/O
INFO: [Physopt 32-572] Net u_pool/p_r3[14]_i_412_n_0 was not replicated.
Resolution: phys_opt_design can be forced to replicate a net driver using the option -force_replication_on_nets <list of net objects>.
INFO: [Physopt 32-735] Processed net u_pool/p_r3[14]_i_412_n_0. Optimization improves timing on the net.
INFO: [Physopt 32-619] Estimated Timing Summary | WNS=-2.432 | TNS=-1645.345 |
INFO: [Physopt 32-662] Processed net u_pool/p_r3[14]_i_589_n_0.  Did not re-place instance u_pool/p_r3[14]_i_589
INFO: [Physopt 32-662] Processed net u_pool/p_r3[14]_i_589_n_0.  Did not re-place instance u_pool/p_r3[14]_i_589/O
INFO: [Physopt 32-702] Processed net u_pool/p_r3[14]_i_589_n_0. Optimizations did not improve timing on the net.
INFO: [Physopt 32-662] Processed net u_pool/p_r3[14]_i_657_n_0.  Did not re-place instance u_pool/p_r3[14]_i_657
INFO: [Physopt 32-662] Processed net u_pool/p_r3[14]_i_657_n_0.  Did not re-place instance u_pool/p_r3[14]_i_657/O
INFO: [Physopt 32-710] Processed net u_pool/p_r3[14]_i_589_n_0. Critical path length was reduced through logic transformation on cell u_pool/p_r3[14]_i_589_comp.
INFO: [Physopt 32-735] Processed net u_pool/p_r3[14]_i_657_n_0. Optimization improves timing on the net.
INFO: [Physopt 32-619] Estimated Timing Summary | WNS=-2.431 | TNS=-1645.330 |
INFO: [Physopt 32-735] Processed net u_pool/p_r3[14]_i_676_n_0. Optimization improves timing on the net.
INFO: [Physopt 32-619] Estimated Timing Summary | WNS=-2.431 | TNS=-1645.078 |
INFO: [Physopt 32-662] Processed net u_pool/p_r3_reg_n_0_[11].  Did not re-place instance u_pool/p_r3_reg[11]
INFO: [Physopt 32-662] Processed net u_pool/p_r3_reg_n_0_[11].  Did not re-place instance u_pool/p_r3_reg[11]/Q
INFO: [Physopt 32-702] Processed net u_pool/p_r3_reg_n_0_[11]. Optimizations did not improve timing on the net.
INFO: [Physopt 32-662] Processed net u_pool/p_r3[14]_i_1_n_0.  Did not re-place instance u_pool/p_r3[14]_i_1
INFO: [Physopt 32-702] Processed net u_pool/p_r3[14]_i_1_n_0. Optimizations did not improve timing on the net.
INFO: [Physopt 32-702] Processed net u_pool/p_sat1. Optimizations did not improve timing on the net.
INFO: [Physopt 32-735] Processed net u_pool/p_r3[14]_i_42_n_0. Optimization improves timing on the net.
INFO: [Physopt 32-619] Estimated Timing Summary | WNS=-2.428 | TNS=-1644.988 |
INFO: [Physopt 32-662] Processed net u_enc_rq/rq_reg[7]_0[4].  Did not re-place instance u_enc_rq/rq_reg[4]
INFO: [Physopt 32-702] Processed net u_enc_rq/rq_reg[7]_0[4]. Optimizations did not improve timing on the net.
INFO: [Physopt 32-735] Processed net u_enc_rq/acc_r3_reg__0_n_86. Optimization improves timing on the net.
INFO: [Physopt 32-619] Estimated Timing Summary | WNS=-2.425 | TNS=-1644.960 |
INFO: [Physopt 32-735] Processed net u_pool/p_r3[14]_i_96_n_0. Optimization improves timing on the net.
INFO: [Physopt 32-619] Estimated Timing Summary | WNS=-2.424 | TNS=-1644.915 |
INFO: [Physopt 32-735] Processed net u_enc_rq/acc_r3_reg__0_n_69. Optimization improves timing on the net.
INFO: [Physopt 32-619] Estimated Timing Summary | WNS=-2.422 | TNS=-1644.615 |
INFO: [Physopt 32-702] Processed net u_pool/p_r3[14]_i_278_n_0. Optimizations did not improve timing on the net.
INFO: [Physopt 32-662] Processed net u_pool/p_r3[14]_i_346_n_0.  Did not re-place instance u_pool/p_r3[14]_i_346
INFO: [Physopt 32-662] Processed net u_pool/p_r3[14]_i_346_n_0.  Did not re-place instance u_pool/p_r3[14]_i_346/O
INFO: [Physopt 32-735] Processed net u_pool/p_r3[14]_i_346_n_0. Optimization improves timing on the net.
INFO: [Physopt 32-619] Estimated Timing Summary | WNS=-2.421 | TNS=-1644.600 |
INFO: [Physopt 32-702] Processed net u_pool/p_r3[14]_i_280_n_0. Optimizations did not improve timing on the net.
INFO: [Physopt 32-662] Processed net u_pool/p_r3[14]_i_414_n_0.  Did not re-place instance u_pool/p_r3[14]_i_414
INFO: [Physopt 32-662] Processed net u_pool/p_r3[14]_i_414_n_0.  Did not re-place instance u_pool/p_r3[14]_i_414/O
INFO: [Physopt 32-702] Processed net u_pool/p_r3[14]_i_414_n_0. Optimizations did not improve timing on the net.
INFO: [Physopt 32-735] Processed net u_pool/p_r3[14]_i_536_n_0. Optimization improves timing on the net.
INFO: [Physopt 32-619] Estimated Timing Summary | WNS=-2.420 | TNS=-1644.585 |
INFO: [Physopt 32-702] Processed net u_pool/p_r3[14]_i_281_n_0. Optimizations did not improve timing on the net.
INFO: [Physopt 32-662] Processed net u_pool/p_r3[14]_i_416_n_0.  Did not re-place instance u_pool/p_r3[14]_i_416
INFO: [Physopt 32-662] Processed net u_pool/p_r3[14]_i_416_n_0.  Did not re-place instance u_pool/p_r3[14]_i_416/O
INFO: [Physopt 32-702] Processed net u_pool/p_r3[14]_i_416_n_0. Optimizations did not improve timing on the net.
INFO: [Physopt 32-735] Processed net u_pool/p_r3[14]_i_544_n_0. Optimization improves timing on the net.
INFO: [Physopt 32-619] Estimated Timing Summary | WNS=-2.419 | TNS=-1644.570 |
INFO: [Physopt 32-702] Processed net u_pool/p_r3[14]_i_411_n_0. Optimizations did not improve timing on the net.
INFO: [Physopt 32-662] Processed net u_pool/p_r3[14]_i_532_n_0.  Did not re-place instance u_pool/p_r3[14]_i_532
INFO: [Physopt 32-662] Processed net u_pool/p_r3[14]_i_532_n_0.  Did not re-place instance u_pool/p_r3[14]_i_532/O
INFO: [Physopt 32-735] Processed net u_pool/p_r3[14]_i_532_n_0. Optimization improves timing on the net.
INFO: [Physopt 32-619] Estimated Timing Summary | WNS=-2.418 | TNS=-1644.555 |
INFO: [Physopt 32-735] Processed net u_pool/p_r3[14]_i_409_n_0. Optimization improves timing on the net.
INFO: [Physopt 32-619] Estimated Timing Summary | WNS=-2.413 | TNS=-1644.105 |
INFO: [Physopt 32-702] Processed net u_conv_mac/g_lane[5].lane_out[29]. Optimizations did not improve timing on the net.
INFO: [Physopt 32-702] Processed net u_input_buf/gen_word_write.read_word_reg[49]. Optimizations did not improve timing on the net.
INFO: [Physopt 32-702] Processed net u_conv_mac/g_lane[5].sum_carry__3_i_8_n_0. Optimizations did not improve timing on the net.
INFO: [Physopt 32-702] Processed net u_conv_mac/g_lane[5].prod[15]. Optimizations did not improve timing on the net.
INFO: [Physopt 32-735] Processed net u_conv_mac/g_lane[5].prod__86_carry_i_4_n_0. Optimization improves timing on the net.
INFO: [Physopt 32-619] Estimated Timing Summary | WNS=-2.413 | TNS=-1633.081 |
INFO: [Physopt 32-619] Estimated Timing Summary | WNS=-2.413 | TNS=-1633.081 |
Phase 32 Critical Path Optimization | Checksum: 13996e54b

Time (s): cpu = 00:02:08 ; elapsed = 00:01:18 . Memory (MB): peak = 1898.480 ; gain = 0.000

Phase 33 Critical Path Optimization
INFO: [Physopt 32-619] Estimated Timing Summary | WNS=-2.413 | TNS=-1633.081 |
INFO: [Physopt 32-662] Processed net u_pool/p_r3_reg_n_0_[1].  Did not re-place instance u_pool/p_r3_reg[1]
INFO: [Physopt 32-662] Processed net u_pool/p_r3_reg_n_0_[1].  Did not re-place instance u_pool/p_r3_reg[1]/Q
INFO: [Physopt 32-702] Processed net u_pool/p_r3_reg_n_0_[1]. Optimizations did not improve timing on the net.
INFO: [Physopt 32-662] Processed net u_pool/p_r3[1]_i_1_n_0.  Did not re-place instance u_pool/p_r3[1]_i_1
INFO: [Physopt 32-662] Processed net u_pool/p_r3[1]_i_1_n_0.  Did not re-place instance u_pool/p_r3[1]_i_1/O
INFO: [Physopt 32-702] Processed net u_pool/p_r3[1]_i_1_n_0. Optimizations did not improve timing on the net.
INFO: [Physopt 32-702] Processed net u_pool/p_sat2. Optimizations did not improve timing on the net.
INFO: [Physopt 32-702] Processed net u_pool/p_r3_reg[14]_i_26_n_0. Optimizations did not improve timing on the net.
INFO: [Physopt 32-702] Processed net u_pool/p_r3_reg[14]_i_76_n_0. Optimizations did not improve timing on the net.
INFO: [Physopt 32-702] Processed net u_pool/p_r3_reg[14]_i_149_n_0. Optimizations did not improve timing on the net.
INFO: [Physopt 32-702] Processed net u_pool/p_r3_reg[14]_i_238_n_0. Optimizations did not improve timing on the net.
INFO: [Physopt 32-702] Processed net u_pool/p_r3_reg[14]_i_337_n_0. Optimizations did not improve timing on the net.
INFO: [Physopt 32-702] Processed net u_pool/p_r3_reg[14]_i_473_n_0. Optimizations did not improve timing on the net.
INFO: [Physopt 32-702] Processed net u_pool/p_r3_reg[14]_i_573_n_0. Optimizations did not improve timing on the net.
INFO: [Physopt 32-702] Processed net u_pool/p_r3[14]_i_674_n_0. Optimizations did not improve timing on the net.
INFO: [Physopt 32-735] Processed net u_pool/p_r3[6]_i_2_n_0_repN. Optimization improves timing on the net.
INFO: [Physopt 32-619] Estimated Timing Summary | WNS=-2.405 | TNS=-1632.969 |
INFO: [Physopt 32-702] Processed net u_pool/p_r3[14]_i_676_n_0. Optimizations did not improve timing on the net.
INFO: [Physopt 32-662] Processed net u_pool/p_r3[2]_i_2_n_0.  Did not re-place instance u_pool/p_r3[2]_i_2
INFO: [Physopt 32-662] Processed net u_pool/p_r3[2]_i_2_n_0.  Did not re-place instance u_pool/p_r3[2]_i_2/O
INFO: [Physopt 32-710] Processed net u_pool/p_r3[14]_i_676_n_0. Critical path length was reduced through logic transformation on cell u_pool/p_r3[14]_i_676_comp.
INFO: [Physopt 32-735] Processed net u_pool/p_r3[2]_i_2_n_0. Optimization improves timing on the net.
INFO: [Physopt 32-619] Estimated Timing Summary | WNS=-2.404 | TNS=-1632.900 |
INFO: [Physopt 32-662] Processed net u_enc_rq/rq_reg[7]_0[4].  Did not re-place instance u_enc_rq/rq_reg[4]
INFO: [Physopt 32-702] Processed net u_enc_rq/rq_reg[7]_0[4]. Optimizations did not improve timing on the net.
INFO: [Physopt 32-735] Processed net u_enc_rq/acc_r3_reg_n_103. Optimization improves timing on the net.
INFO: [Physopt 32-619] Estimated Timing Summary | WNS=-2.400 | TNS=-1632.362 |
INFO: [Physopt 32-662] Processed net u_pool/p_r3[2]_i_2_n_0_repN_1.  Did not re-place instance u_pool/p_r3[2]_i_2_comp_1
INFO: [Physopt 32-662] Processed net u_pool/p_r3[2]_i_2_n_0_repN_1.  Did not re-place instance u_pool/p_r3[2]_i_2_comp_1/O
INFO: [Physopt 32-710] Processed net u_pool/p_r3[14]_i_676_n_0. Critical path length was reduced through logic transformation on cell u_pool/p_r3[14]_i_676_comp_1.
INFO: [Physopt 32-735] Processed net u_pool/p_r3[2]_i_2_n_0_repN_1. Optimization improves timing on the net.
INFO: [Physopt 32-619] Estimated Timing Summary | WNS=-2.393 | TNS=-1632.236 |
INFO: [Physopt 32-702] Processed net u_conv_mac/g_lane[0].lane_out[29]. Optimizations did not improve timing on the net.
INFO: [Physopt 32-702] Processed net u_input_buf/gen_word_write.read_word_reg[50]. Optimizations did not improve timing on the net.
INFO: [Physopt 32-702] Processed net u_conv_mac/g_lane[0].sum_carry__5_n_0. Optimizations did not improve timing on the net.
INFO: [Physopt 32-702] Processed net u_conv_mac/g_lane[0].sum_carry__4_n_0. Optimizations did not improve timing on the net.
INFO: [Physopt 32-702] Processed net u_conv_mac/g_lane[0].sum_carry__3_n_0. Optimizations did not improve timing on the net.
INFO: [Physopt 32-702] Processed net u_conv_mac/g_lane[0].sum_carry__3_i_8_n_0. Optimizations did not improve timing on the net.
INFO: [Physopt 32-702] Processed net u_conv_mac/g_lane[0].prod[15]. Optimizations did not improve timing on the net.
INFO: [Physopt 32-702] Processed net u_conv_mac/g_lane[0].prod__86_carry__1_n_0. Optimizations did not improve timing on the net.
INFO: [Physopt 32-702] Processed net u_conv_mac/g_lane[0].prod__86_carry__0_n_0. Optimizations did not improve timing on the net.
INFO: [Physopt 32-702] Processed net u_conv_mac/g_lane[0].prod__86_carry_n_0. Optimizations did not improve timing on the net.
INFO: [Physopt 32-735] Processed net u_conv_mac/g_lane[0].prod__86_carry_i_4_n_0. Optimization improves timing on the net.
INFO: [Physopt 32-619] Estimated Timing Summary | WNS=-2.391 | TNS=-1624.696 |
INFO: [Physopt 32-662] Processed net u_pool/p_r3[2]_i_2_n_0_repN_1.  Did not re-place instance u_pool/p_r3[2]_i_2_comp_2
INFO: [Physopt 32-662] Processed net u_pool/p_r3[2]_i_2_n_0_repN_1.  Did not re-place instance u_pool/p_r3[2]_i_2_comp_2/O
INFO: [Physopt 32-710] Processed net u_pool/p_r3[14]_i_676_n_0. Critical path length was reduced through logic transformation on cell u_pool/p_r3[14]_i_676_comp.
INFO: [Physopt 32-735] Processed net u_pool/p_r3[2]_i_2_n_0_repN_1. Optimization improves timing on the net.
INFO: [Physopt 32-619] Estimated Timing Summary | WNS=-2.388 | TNS=-1624.641 |
INFO: [Physopt 32-662] Processed net u_pool/p_r3_reg_n_0_[11].  Did not re-place instance u_pool/p_r3_reg[11]
INFO: [Physopt 32-662] Processed net u_pool/p_r3_reg_n_0_[11].  Did not re-place instance u_pool/p_r3_reg[11]/Q
INFO: [Physopt 32-702] Processed net u_pool/p_r3_reg_n_0_[11]. Optimizations did not improve timing on the net.
INFO: [Physopt 32-572] Net u_pool/p_r3[14]_i_1_n_0 was not replicated.
Resolution: phys_opt_design can be forced to replicate a net driver using the option -force_replication_on_nets <list of net objects>.
INFO: [Physopt 32-662] Processed net u_pool/p_r3[14]_i_1_n_0.  Did not re-place instance u_pool/p_r3[14]_i_1
INFO: [Physopt 32-572] Net u_pool/p_r3[14]_i_1_n_0 was not replicated.
Resolution: phys_opt_design can be forced to replicate a net driver using the option -force_replication_on_nets <list of net objects>.
INFO: [Common 17-14] Message 'Physopt 32-572' appears 100 times and further instances of the messages will be disabled. Use the Tcl command set_msg_config to change the current settings.
INFO: [Physopt 32-702] Processed net u_pool/p_r3[14]_i_1_n_0. Optimizations did not improve timing on the net.
INFO: [Physopt 32-702] Processed net u_pool/p_sat1. Optimizations did not improve timing on the net.
INFO: [Physopt 32-702] Processed net u_pool/p_r3_reg[14]_i_8_n_0. Optimizations did not improve timing on the net.
INFO: [Physopt 32-702] Processed net u_pool/p_r3_reg[14]_i_35_n_0. Optimizations did not improve timing on the net.
INFO: [Physopt 32-702] Processed net u_pool/p_r3_reg[14]_i_89_n_0. Optimizations did not improve timing on the net.
INFO: [Physopt 32-702] Processed net u_pool/p_r3[14]_i_177_n_0. Optimizations did not improve timing on the net.
INFO: [Physopt 32-662] Processed net u_pool/p_r3[14]_i_283_n_0.  Did not re-place instance u_pool/p_r3[14]_i_283
INFO: [Physopt 32-662] Processed net u_pool/p_r3[14]_i_283_n_0.  Did not re-place instance u_pool/p_r3[14]_i_283/O
INFO: [Physopt 32-81] Processed net u_pool/p_r3[14]_i_283_n_0. Replicated 1 times.
INFO: [Physopt 32-735] Processed net u_pool/p_r3[14]_i_283_n_0. Optimization improves timing on the net.
INFO: [Physopt 32-619] Estimated Timing Summary | WNS=-2.387 | TNS=-1624.580 |
INFO: [Physopt 32-735] Processed net u_pool/p_r3[14]_i_344_n_0. Optimization improves timing on the net.
INFO: [Physopt 32-619] Estimated Timing Summary | WNS=-2.384 | TNS=-1624.370 |
INFO: [Physopt 32-702] Processed net u_pool/p_r3[14]_i_176_n_0. Optimizations did not improve timing on the net.
INFO: [Physopt 32-662] Processed net u_pool/p_r3[14]_i_250_n_0.  Did not re-place instance u_pool/p_r3[14]_i_250
INFO: [Physopt 32-662] Processed net u_pool/p_r3[14]_i_250_n_0.  Did not re-place instance u_pool/p_r3[14]_i_250/O
INFO: [Physopt 32-735] Processed net u_pool/p_r3[14]_i_250_n_0. Optimization improves timing on the net.
INFO: [Physopt 32-619] Estimated Timing Summary | WNS=-2.382 | TNS=-1624.340 |
INFO: [Physopt 32-702] Processed net u_pool/p_r3_reg[14]_i_170_n_0. Optimizations did not improve timing on the net.
INFO: [Physopt 32-702] Processed net u_pool/p_r3_reg[14]_i_273_n_0. Optimizations did not improve timing on the net.
INFO: [Physopt 32-702] Processed net u_pool/p_r3[14]_i_408_n_0. Optimizations did not improve timing on the net.
INFO: [Physopt 32-735] Processed net u_pool/p_r3[14]_i_484_n_0_repN. Optimization improves timing on the net.
INFO: [Physopt 32-619] Estimated Timing Summary | WNS=-2.381 | TNS=-1624.311 |
INFO: [Physopt 32-735] Processed net u_enc_rq/acc_r3_reg__0_n_85. Optimization improves timing on the net.
INFO: [Physopt 32-619] Estimated Timing Summary | WNS=-2.380 | TNS=-1624.171 |
INFO: [Physopt 32-662] Processed net u_pool/p_r3[14]_i_482_n_0.  Did not re-place instance u_pool/p_r3[14]_i_482
INFO: [Physopt 32-662] Processed net u_pool/p_r3[14]_i_482_n_0.  Did not re-place instance u_pool/p_r3[14]_i_482/O
INFO: [Physopt 32-702] Processed net u_pool/p_r3[14]_i_482_n_0. Optimizations did not improve timing on the net.
INFO: [Physopt 32-662] Processed net u_pool/p_r3[14]_i_589_n_0.  Did not re-place instance u_pool/p_r3[14]_i_589_comp
INFO: [Physopt 32-662] Processed net u_pool/p_r3[14]_i_589_n_0.  Did not re-place instance u_pool/p_r3[14]_i_589_comp/O
INFO: [Physopt 32-702] Processed net u_pool/p_r3[14]_i_589_n_0. Optimizations did not improve timing on the net.
INFO: [Physopt 32-735] Processed net u_pool/p_r3[14]_i_694_n_0. Optimization improves timing on the net.
INFO: [Physopt 32-619] Estimated Timing Summary | WNS=-2.379 | TNS=-1624.156 |
INFO: [Physopt 32-662] Processed net u_pool/p_r3[14]_i_282_n_0.  Did not re-place instance u_pool/p_r3[14]_i_282
INFO: [Physopt 32-662] Processed net u_pool/p_r3[14]_i_282_n_0.  Did not re-place instance u_pool/p_r3[14]_i_282/O
INFO: [Physopt 32-81] Processed net u_pool/p_r3[14]_i_282_n_0. Replicated 1 times.
INFO: [Physopt 32-735] Processed net u_pool/p_r3[14]_i_282_n_0. Optimization improves timing on the net.
INFO: [Physopt 32-619] Estimated Timing Summary | WNS=-2.378 | TNS=-1624.141 |
INFO: [Physopt 32-702] Processed net u_pool/p_r3_reg[14]_i_403_n_0. Optimizations did not improve timing on the net.
INFO: [Physopt 32-702] Processed net u_pool/p_r3[14]_i_526_n_0. Optimizations did not improve timing on the net.
INFO: [Physopt 32-662] Processed net u_pool/p_r3[14]_i_636_n_0_repN.  Did not re-place instance u_pool/p_r3[14]_i_636_replica
INFO: [Physopt 32-662] Processed net u_pool/p_r3[14]_i_636_n_0_repN.  Did not re-place instance u_pool/p_r3[14]_i_636_replica/O
INFO: [Physopt 32-735] Processed net u_pool/p_r3[14]_i_636_n_0_repN. Optimization improves timing on the net.
INFO: [Physopt 32-619] Estimated Timing Summary | WNS=-2.374 | TNS=-1624.080 |
INFO: [Physopt 32-662] Processed net u_pool/p_r3_reg_n_0_[11].  Did not re-place instance u_pool/p_r3_reg[11]
INFO: [Physopt 32-662] Processed net u_pool/p_r3_reg_n_0_[11].  Did not re-place instance u_pool/p_r3_reg[11]/Q
INFO: [Physopt 32-702] Processed net u_pool/p_r3_reg_n_0_[11]. Optimizations did not improve timing on the net.
INFO: [Physopt 32-662] Processed net u_pool/p_r3[14]_i_1_n_0.  Did not re-place instance u_pool/p_r3[14]_i_1
INFO: [Physopt 32-702] Processed net u_pool/p_r3[14]_i_1_n_0. Optimizations did not improve timing on the net.
INFO: [Physopt 32-702] Processed net u_pool/p_sat1. Optimizations did not improve timing on the net.
INFO: [Physopt 32-702] Processed net u_pool/p_r3[14]_i_408_n_0. Optimizations did not improve timing on the net.
INFO: [Physopt 32-662] Processed net u_pool/p_r3[14]_i_482_n_0.  Did not re-place instance u_pool/p_r3[14]_i_482
INFO: [Physopt 32-662] Processed net u_pool/p_r3[14]_i_482_n_0.  Did not re-place instance u_pool/p_r3[14]_i_482/O
INFO: [Physopt 32-702] Processed net u_pool/p_r3[14]_i_482_n_0. Optimizations did not improve timing on the net.
INFO: [Physopt 32-662] Processed net u_pool/p_r3[14]_i_588_n_0.  Did not re-place instance u_pool/p_r3[14]_i_588
INFO: [Physopt 32-662] Processed net u_pool/p_r3[14]_i_588_n_0.  Did not re-place instance u_pool/p_r3[14]_i_588/O
INFO: [Physopt 32-702] Processed net u_pool/p_r3[14]_i_588_n_0. Optimizations did not improve timing on the net.
INFO: [Physopt 32-662] Processed net u_pool/p_r3[14]_i_651_n_0.  Did not re-place instance u_pool/p_r3[14]_i_651
INFO: [Physopt 32-662] Processed net u_pool/p_r3[14]_i_651_n_0.  Did not re-place instance u_pool/p_r3[14]_i_651/O
INFO: [Physopt 32-735] Processed net u_pool/p_r3[14]_i_651_n_0. Optimization improves timing on the net.
INFO: [Physopt 32-619] Estimated Timing Summary | WNS=-2.373 | TNS=-1623.961 |
INFO: [Physopt 32-702] Processed net u_conv_mac/g_lane[4].lane_out[29]. Optimizations did not improve timing on the net.
INFO: [Physopt 32-702] Processed net u_input_buf/gen_word_write.read_word_reg[53]. Optimizations did not improve timing on the net.
INFO: [Physopt 32-702] Processed net u_conv_mac/g_lane[4].sum_carry__3_i_8_n_0. Optimizations did not improve timing on the net.
INFO: [Physopt 32-702] Processed net u_conv_mac/g_lane[4].prod[15]. Optimizations did not improve timing on the net.
INFO: [Physopt 32-702] Processed net u_conv_mac/g_lane[4].prod__86_carry__1_i_6_n_0. Optimizations did not improve timing on the net.
INFO: [Physopt 32-702] Processed net u_conv_mac/g_lane[4].prod__30_carry__1_n_6. Optimizations did not improve timing on the net.
INFO: [Physopt 32-735] Processed net u_input_buf/conv_rdata[36]_1[3]. Optimization improves timing on the net.
INFO: [Physopt 32-619] Estimated Timing Summary | WNS=-2.373 | TNS=-1622.084 |
INFO: [Physopt 32-702] Processed net u_conv_mac/g_lane[9].lane_acc_reg[29]. Optimizations did not improve timing on the net.
INFO: [Physopt 32-702] Processed net u_input_buf/gen_word_write.read_word_reg[12]. Optimizations did not improve timing on the net.
INFO: [Physopt 32-702] Processed net u_conv_mac/g_lane[9].lane_acc[12]_i_4_n_0. Optimizations did not improve timing on the net.
INFO: [Physopt 32-702] Processed net u_conv_mac/g_lane[9].prod[13]. Optimizations did not improve timing on the net.
INFO: [Physopt 32-735] Processed net u_conv_mac/g_lane[9].prod__86_carry__0_i_1_n_0. Optimization improves timing on the net.
INFO: [Physopt 32-619] Estimated Timing Summary | WNS=-2.372 | TNS=-1619.929 |
INFO: [Physopt 32-662] Processed net u_pool/p_r3_reg_n_0_[1].  Did not re-place instance u_pool/p_r3_reg[1]
INFO: [Physopt 32-662] Processed net u_pool/p_r3_reg_n_0_[1].  Did not re-place instance u_pool/p_r3_reg[1]/Q
INFO: [Physopt 32-702] Processed net u_pool/p_r3_reg_n_0_[1]. Optimizations did not improve timing on the net.
INFO: [Physopt 32-662] Processed net u_pool/p_r3[1]_i_1_n_0.  Did not re-place instance u_pool/p_r3[1]_i_1
INFO: [Physopt 32-662] Processed net u_pool/p_r3[1]_i_1_n_0.  Did not re-place instance u_pool/p_r3[1]_i_1/O
INFO: [Physopt 32-702] Processed net u_pool/p_r3[1]_i_1_n_0. Optimizations did not improve timing on the net.
INFO: [Physopt 32-702] Processed net u_pool/p_sat2. Optimizations did not improve timing on the net.
INFO: [Physopt 32-735] Processed net u_pool/p_r3[14]_i_676_n_0. Optimization improves timing on the net.
INFO: [Physopt 32-619] Estimated Timing Summary | WNS=-2.366 | TNS=-1619.760 |
INFO: [Physopt 32-702] Processed net u_pool/p_r3[14]_i_280_n_0. Optimizations did not improve timing on the net.
INFO: [Physopt 32-662] Processed net u_pool/p_r3[14]_i_414_n_0.  Did not re-place instance u_pool/p_r3[14]_i_414
INFO: [Physopt 32-662] Processed net u_pool/p_r3[14]_i_414_n_0.  Did not re-place instance u_pool/p_r3[14]_i_414/O
INFO: [Physopt 32-735] Processed net u_pool/p_r3[14]_i_414_n_0. Optimization improves timing on the net.
INFO: [Physopt 32-619] Estimated Timing Summary | WNS=-2.366 | TNS=-1619.760 |
INFO: [Physopt 32-702] Processed net u_pool/p_r3[14]_i_409_n_0. Optimizations did not improve timing on the net.
INFO: [Physopt 32-662] Processed net u_pool/p_r3[14]_i_488_n_0.  Did not re-place instance u_pool/p_r3[14]_i_488
INFO: [Physopt 32-662] Processed net u_pool/p_r3[14]_i_488_n_0.  Did not re-place instance u_pool/p_r3[14]_i_488/O
INFO: [Physopt 32-735] Processed net u_pool/p_r3[14]_i_488_n_0. Optimization improves timing on the net.
INFO: [Physopt 32-619] Estimated Timing Summary | WNS=-2.363 | TNS=-1619.715 |
INFO: [Physopt 32-662] Processed net u_pool/rs[13].  Did not re-place instance u_pool/p_r3[14]_i_523
INFO: [Physopt 32-702] Processed net u_pool/rs[13]. Optimizations did not improve timing on the net.
INFO: [Physopt 32-662] Processed net u_pool/p_r3[13]_i_3_n_0.  Did not re-place instance u_pool/p_r3[13]_i_3
INFO: [Physopt 32-662] Processed net u_pool/p_r3[13]_i_3_n_0.  Did not re-place instance u_pool/p_r3[13]_i_3/O
INFO: [Physopt 32-702] Processed net u_pool/p_r3[13]_i_3_n_0. Optimizations did not improve timing on the net.
INFO: [Physopt 32-662] Processed net u_pool/p_r3[14]_i_16_n_0.  Did not re-place instance u_pool/p_r3[14]_i_16_comp
INFO: [Physopt 32-662] Processed net u_pool/p_r3[14]_i_16_n_0.  Did not re-place instance u_pool/p_r3[14]_i_16_comp/O
INFO: [Physopt 32-735] Processed net u_pool/p_r3[14]_i_16_n_0. Optimization improves timing on the net.
INFO: [Physopt 32-619] Estimated Timing Summary | WNS=-2.361 | TNS=-1619.626 |
INFO: [Physopt 32-702] Processed net u_conv_mac/g_lane[12].lane_out[29]. Optimizations did not improve timing on the net.
INFO: [Physopt 32-702] Processed net u_input_buf/gen_word_write.read_word_reg[2]. Optimizations did not improve timing on the net.
INFO: [Physopt 32-702] Processed net u_conv_mac/g_lane[12].sum_carry__2_i_3_n_0. Optimizations did not improve timing on the net.
INFO: [Physopt 32-702] Processed net u_conv_mac/g_lane[12].prod[13]. Optimizations did not improve timing on the net.
INFO: [Physopt 32-735] Processed net u_conv_mac/g_lane[12].prod__86_carry_i_4_n_0. Optimization improves timing on the net.
INFO: [Physopt 32-619] Estimated Timing Summary | WNS=-2.361 | TNS=-1601.893 |
INFO: [Physopt 32-662] Processed net u_enc_rq/rq_reg[7]_0[4].  Did not re-place instance u_enc_rq/rq_reg[4]
INFO: [Physopt 32-702] Processed net u_enc_rq/rq_reg[7]_0[4]. Optimizations did not improve timing on the net.
INFO: [Physopt 32-662] Processed net u_enc_rq/acc_r3_reg__0_n_88.  Did not re-place instance u_enc_rq/rq[7]_i_685_psdsp
INFO: [Physopt 32-735] Processed net u_enc_rq/acc_r3_reg__0_n_88. Optimization improves timing on the net.
INFO: [Physopt 32-619] Estimated Timing Summary | WNS=-2.360 | TNS=-1601.866 |
INFO: [Physopt 32-702] Processed net u_pool/p_r3[14]_i_579_n_0. Optimizations did not improve timing on the net.
INFO: [Physopt 32-735] Processed net u_pool/p_r3[8]_i_2_n_0_repN. Optimization improves timing on the net.
INFO: [Physopt 32-619] Estimated Timing Summary | WNS=-2.357 | TNS=-1601.530 |
INFO: [Physopt 32-619] Estimated Timing Summary | WNS=-2.357 | TNS=-1601.530 |
Phase 33 Critical Path Optimization | Checksum: 8a61cfae

Time (s): cpu = 00:02:14 ; elapsed = 00:01:22 . Memory (MB): peak = 1898.480 ; gain = 0.000

Phase 34 BRAM Enable Optimization
Phase 34 BRAM Enable Optimization | Checksum: 8a61cfae

Time (s): cpu = 00:02:14 ; elapsed = 00:01:22 . Memory (MB): peak = 1898.480 ; gain = 0.000
INFO: [Physopt 32-960] Skip hold-fix as initial WHS does not violate hold threshold 250 ps
Netlist sorting complete. Time (s): cpu = 00:00:00 ; elapsed = 00:00:00.018 . Memory (MB): peak = 1898.480 ; gain = 0.000
INFO: [Physopt 32-603] Post Physical Optimization Timing Summary | WNS=-2.357 | TNS=-1601.530 |

Summary of Physical Synthesis Optimizations
============================================


----------------------------------------------------------------------------------------------------------------------------------------------------------------------
|  Optimization            |  WNS Gain (ns)  |  TNS Gain (ns)  |  Added Cells  |  Removed Cells  |  Optimized Cells/Nets  |  Dont Touch  |  Iterations  |  Elapsed   |
----------------------------------------------------------------------------------------------------------------------------------------------------------------------
|  Fanout                  |          0.000  |          0.000  |           28  |              0  |                    10  |           0  |           3  |  00:00:11  |
|  Single Cell Placement   |          0.020  |         86.371  |            0  |              0  |                   138  |           0  |           4  |  00:00:25  |
|  Multi Cell Placement    |          0.000  |          0.027  |            0  |              0  |                     7  |           0  |           4  |  00:00:20  |
|  Rewire                  |          0.000  |          0.000  |            0  |              0  |                     0  |           0  |           3  |  00:00:00  |
|  Critical Cell           |          0.055  |         35.944  |           22  |              0  |                    19  |           0  |           3  |  00:00:12  |
|  SLR Crossing            |          0.000  |          0.000  |            0  |              0  |                     0  |           0  |           3  |  00:00:00  |
|  DSP Register            |          0.000  |          1.380  |           13  |              0  |                     1  |           0  |           2  |  00:00:01  |
|  BRAM Register           |          0.000  |          0.000  |            0  |              0  |                     0  |           0  |           2  |  00:00:00  |
|  URAM Register           |          0.000  |          0.000  |            0  |              0  |                     0  |           0  |           2  |  00:00:00  |
|  Shift Register          |          0.000  |          0.000  |            0  |              0  |                     0  |           0  |           2  |  00:00:00  |
|  Critical Pin            |          0.205  |        236.658  |            0  |              0  |                    65  |           0  |           1  |  00:00:01  |
|  Very High Fanout        |          0.000  |          0.000  |            0  |              0  |                     0  |           0  |           1  |  00:00:00  |
|  BRAM Enable             |          0.000  |          0.000  |            0  |              0  |                     0  |           0  |           1  |  00:00:00  |
|  Critical Path           |          0.275  |         91.084  |            7  |              0  |                    67  |           0  |           2  |  00:00:10  |
|  Total                   |          0.555  |        451.464  |           70  |              0  |                   307  |           0  |          33  |  00:01:21  |
----------------------------------------------------------------------------------------------------------------------------------------------------------------------


Netlist sorting complete. Time (s): cpu = 00:00:00 ; elapsed = 00:00:00.002 . Memory (MB): peak = 1898.480 ; gain = 0.000
Ending Physical Synthesis Task | Checksum: 17e853e8b

Time (s): cpu = 00:02:14 ; elapsed = 00:01:22 . Memory (MB): peak = 1898.480 ; gain = 0.000
INFO: [Common 17-83] Releasing license: Implementation
1893 Infos, 4 Warnings, 0 Critical Warnings and 0 Errors encountered.
phys_opt_design completed successfully
phys_opt_design: Time (s): cpu = 00:02:14 ; elapsed = 00:01:22 . Memory (MB): peak = 1898.480 ; gain = 0.000
WARNING: [Timing 38-242] The property HD.CLK_SRC of clock port "clk" is not set. In out-of-context mode, this prevents timing estimation for clock delay/skew
Resolution: Set the HD.CLK_SRC property of the out-of-context port to the location of the clock buffer instance in the top-level design
INFO: [Timing 38-78] ReportTimingParams: -max_paths 3 -nworst 1 -delay_type max -sort_by slack.
E02A_STAGE post_phys_opt	-2.357	0.124	pool_shift[5]	u_pool/p_r3_reg[11]/S
Command: route_design -directive Explore
Attempting to get a license for feature 'Implementation' and/or device 'xc7z020'
INFO: [Common 17-349] Got license for feature 'Implementation' and/or device 'xc7z020'
INFO: [DRC 23-27] Running DRC with 2 threads
INFO: [Vivado_Tcl 4-198] DRC finished with 0 Errors
INFO: [Vivado_Tcl 4-199] Please refer to the DRC report (report_drc) for more information.
Running DRC as a precondition to command route_design
INFO: [DRC 23-27] Running DRC with 2 threads
INFO: [Vivado_Tcl 4-198] DRC finished with 0 Errors
INFO: [Vivado_Tcl 4-199] Please refer to the DRC report (report_drc) for more information.


Starting Routing Task
INFO: [Route 35-270] Using Router directive 'Explore'.
INFO: [Route 35-254] Multithreading enabled for route_design using a maximum of 2 CPUs
Checksum: PlaceDB: 8bacd88f ConstDB: 0 ShapeSum: a15ffee9 RouteDB: 0

Phase 1 Build RT Design
WARNING: [Route 35-198] Port "pool_mult[16]" does not have an associated HD.PARTPIN_LOCS, which will prevent the partial routing of the signal "pool_mult[16]". Without this partial route, timing analysis to/from this port will not be accurate, and no routing information for this port can be exported.
WARNING: [Route 35-198] Port "pool_mult[15]" does not have an associated HD.PARTPIN_LOCS, which will prevent the partial routing of the signal "pool_mult[15]". Without this partial route, timing analysis to/from this port will not be accurate, and no routing information for this port can be exported.
WARNING: [Route 35-198] Port "pool_mult[14]" does not have an associated HD.PARTPIN_LOCS, which will prevent the partial routing of the signal "pool_mult[14]". Without this partial route, timing analysis to/from this port will not be accurate, and no routing information for this port can be exported.
WARNING: [Route 35-198] Port "pool_mult[13]" does not have an associated HD.PARTPIN_LOCS, which will prevent the partial routing of the signal "pool_mult[13]". Without this partial route, timing analysis to/from this port will not be accurate, and no routing information for this port can be exported.
WARNING: [Route 35-198] Port "pool_mult[12]" does not have an associated HD.PARTPIN_LOCS, which will prevent the partial routing of the signal "pool_mult[12]". Without this partial route, timing analysis to/from this port will not be accurate, and no routing information for this port can be exported.
WARNING: [Route 35-198] Port "pool_mult[11]" does not have an associated HD.PARTPIN_LOCS, which will prevent the partial routing of the signal "pool_mult[11]". Without this partial route, timing analysis to/from this port will not be accurate, and no routing information for this port can be exported.
WARNING: [Route 35-198] Port "pool_mult[10]" does not have an associated HD.PARTPIN_LOCS, which will prevent the partial routing of the signal "pool_mult[10]". Without this partial route, timing analysis to/from this port will not be accurate, and no routing information for this port can be exported.
WARNING: [Route 35-198] Port "pool_mult[9]" does not have an associated HD.PARTPIN_LOCS, which will prevent the partial routing of the signal "pool_mult[9]". Without this partial route, timing analysis to/from this port will not be accurate, and no routing information for this port can be exported.
WARNING: [Route 35-198] Port "pool_mult[8]" does not have an associated HD.PARTPIN_LOCS, which will prevent the partial routing of the signal "pool_mult[8]". Without this partial route, timing analysis to/from this port will not be accurate, and no routing information for this port can be exported.
WARNING: [Route 35-198] Port "pool_mult[7]" does not have an associated HD.PARTPIN_LOCS, which will prevent the partial routing of the signal "pool_mult[7]". Without this partial route, timing analysis to/from this port will not be accurate, and no routing information for this port can be exported.
WARNING: [Route 35-198] Port "pool_mult[6]" does not have an associated HD.PARTPIN_LOCS, which will prevent the partial routing of the signal "pool_mult[6]". Without this partial route, timing analysis to/from this port will not be accurate, and no routing information for this port can be exported.
WARNING: [Route 35-198] Port "pool_mult[5]" does not have an associated HD.PARTPIN_LOCS, which will prevent the partial routing of the signal "pool_mult[5]". Without this partial route, timing analysis to/from this port will not be accurate, and no routing information for this port can be exported.
WARNING: [Route 35-198] Port "pool_mult[4]" does not have an associated HD.PARTPIN_LOCS, which will prevent the partial routing of the signal "pool_mult[4]". Without this partial route, timing analysis to/from this port will not be accurate, and no routing information for this port can be exported.
WARNING: [Route 35-198] Port "pool_mult[3]" does not have an associated HD.PARTPIN_LOCS, which will prevent the partial routing of the signal "pool_mult[3]". Without this partial route, timing analysis to/from this port will not be accurate, and no routing information for this port can be exported.
WARNING: [Route 35-198] Port "pool_mult[2]" does not have an associated HD.PARTPIN_LOCS, which will prevent the partial routing of the signal "pool_mult[2]". Without this partial route, timing analysis to/from this port will not be accurate, and no routing information for this port can be exported.
WARNING: [Route 35-198] Port "pool_mult[1]" does not have an associated HD.PARTPIN_LOCS, which will prevent the partial routing of the signal "pool_mult[1]". Without this partial route, timing analysis to/from this port will not be accurate, and no routing information for this port can be exported.
WARNING: [Route 35-198] Port "pool_mult[0]" does not have an associated HD.PARTPIN_LOCS, which will prevent the partial routing of the signal "pool_mult[0]". Without this partial route, timing analysis to/from this port will not be accurate, and no routing information for this port can be exported.
WARNING: [Route 35-198] Port "rst_n" does not have an associated HD.PARTPIN_LOCS, which will prevent the partial routing of the signal "rst_n". Without this partial route, timing analysis to/from this port will not be accurate, and no routing information for this port can be exported.
WARNING: [Route 35-197] Clock port "clk" does not have an associated HD.CLK_SRC. Without this constraint, timing analysis may not be accurate and upstream checks cannot be done to ensure correct clock placement.
WARNING: [Route 35-198] Port "pool_mult[31]" does not have an associated HD.PARTPIN_LOCS, which will prevent the partial routing of the signal "pool_mult[31]". Without this partial route, timing analysis to/from this port will not be accurate, and no routing information for this port can be exported.
WARNING: [Route 35-198] Port "pool_mult[30]" does not have an associated HD.PARTPIN_LOCS, which will prevent the partial routing of the signal "pool_mult[30]". Without this partial route, timing analysis to/from this port will not be accurate, and no routing information for this port can be exported.
WARNING: [Route 35-198] Port "pool_mult[29]" does not have an associated HD.PARTPIN_LOCS, which will prevent the partial routing of the signal "pool_mult[29]". Without this partial route, timing analysis to/from this port will not be accurate, and no routing information for this port can be exported.
WARNING: [Route 35-198] Port "pool_mult[28]" does not have an associated HD.PARTPIN_LOCS, which will prevent the partial routing of the signal "pool_mult[28]". Without this partial route, timing analysis to/from this port will not be accurate, and no routing information for this port can be exported.
WARNING: [Route 35-198] Port "pool_mult[27]" does not have an associated HD.PARTPIN_LOCS, which will prevent the partial routing of the signal "pool_mult[27]". Without this partial route, timing analysis to/from this port will not be accurate, and no routing information for this port can be exported.
WARNING: [Route 35-198] Port "pool_mult[26]" does not have an associated HD.PARTPIN_LOCS, which will prevent the partial routing of the signal "pool_mult[26]". Without this partial route, timing analysis to/from this port will not be accurate, and no routing information for this port can be exported.
WARNING: [Route 35-198] Port "pool_mult[25]" does not have an associated HD.PARTPIN_LOCS, which will prevent the partial routing of the signal "pool_mult[25]". Without this partial route, timing analysis to/from this port will not be accurate, and no routing information for this port can be exported.
WARNING: [Route 35-198] Port "pool_mult[24]" does not have an associated HD.PARTPIN_LOCS, which will prevent the partial routing of the signal "pool_mult[24]". Without this partial route, timing analysis to/from this port will not be accurate, and no routing information for this port can be exported.
WARNING: [Route 35-198] Port "pool_mult[23]" does not have an associated HD.PARTPIN_LOCS, which will prevent the partial routing of the signal "pool_mult[23]". Without this partial route, timing analysis to/from this port will not be accurate, and no routing information for this port can be exported.
WARNING: [Route 35-198] Port "pool_mult[22]" does not have an associated HD.PARTPIN_LOCS, which will prevent the partial routing of the signal "pool_mult[22]". Without this partial route, timing analysis to/from this port will not be accurate, and no routing information for this port can be exported.
WARNING: [Route 35-198] Port "pool_mult[21]" does not have an associated HD.PARTPIN_LOCS, which will prevent the partial routing of the signal "pool_mult[21]". Without this partial route, timing analysis to/from this port will not be accurate, and no routing information for this port can be exported.
WARNING: [Route 35-198] Port "pool_mult[20]" does not have an associated HD.PARTPIN_LOCS, which will prevent the partial routing of the signal "pool_mult[20]". Without this partial route, timing analysis to/from this port will not be accurate, and no routing information for this port can be exported.
WARNING: [Route 35-198] Port "pool_mult[19]" does not have an associated HD.PARTPIN_LOCS, which will prevent the partial routing of the signal "pool_mult[19]". Without this partial route, timing analysis to/from this port will not be accurate, and no routing information for this port can be exported.
WARNING: [Route 35-198] Port "pool_mult[18]" does not have an associated HD.PARTPIN_LOCS, which will prevent the partial routing of the signal "pool_mult[18]". Without this partial route, timing analysis to/from this port will not be accurate, and no routing information for this port can be exported.
WARNING: [Route 35-198] Port "pool_mult[17]" does not have an associated HD.PARTPIN_LOCS, which will prevent the partial routing of the signal "pool_mult[17]". Without this partial route, timing analysis to/from this port will not be accurate, and no routing information for this port can be exported.
WARNING: [Route 35-198] Port "enc_param_rdata[63]" does not have an associated HD.PARTPIN_LOCS, which will prevent the partial routing of the signal "enc_param_rdata[63]". Without this partial route, timing analysis to/from this port will not be accurate, and no routing information for this port can be exported.
WARNING: [Route 35-198] Port "enc_param_rdata[62]" does not have an associated HD.PARTPIN_LOCS, which will prevent the partial routing of the signal "enc_param_rdata[62]". Without this partial route, timing analysis to/from this port will not be accurate, and no routing information for this port can be exported.
WARNING: [Route 35-198] Port "enc_param_rdata[61]" does not have an associated HD.PARTPIN_LOCS, which will prevent the partial routing of the signal "enc_param_rdata[61]". Without this partial route, timing analysis to/from this port will not be accurate, and no routing information for this port can be exported.
WARNING: [Route 35-198] Port "enc_param_rdata[60]" does not have an associated HD.PARTPIN_LOCS, which will prevent the partial routing of the signal "enc_param_rdata[60]". Without this partial route, timing analysis to/from this port will not be accurate, and no routing information for this port can be exported.
WARNING: [Route 35-198] Port "enc_param_rdata[59]" does not have an associated HD.PARTPIN_LOCS, which will prevent the partial routing of the signal "enc_param_rdata[59]". Without this partial route, timing analysis to/from this port will not be accurate, and no routing information for this port can be exported.
WARNING: [Route 35-198] Port "enc_param_rdata[58]" does not have an associated HD.PARTPIN_LOCS, which will prevent the partial routing of the signal "enc_param_rdata[58]". Without this partial route, timing analysis to/from this port will not be accurate, and no routing information for this port can be exported.
WARNING: [Route 35-198] Port "enc_param_rdata[57]" does not have an associated HD.PARTPIN_LOCS, which will prevent the partial routing of the signal "enc_param_rdata[57]". Without this partial route, timing analysis to/from this port will not be accurate, and no routing information for this port can be exported.
WARNING: [Route 35-198] Port "enc_param_rdata[56]" does not have an associated HD.PARTPIN_LOCS, which will prevent the partial routing of the signal "enc_param_rdata[56]". Without this partial route, timing analysis to/from this port will not be accurate, and no routing information for this port can be exported.
WARNING: [Route 35-198] Port "enc_param_rdata[55]" does not have an associated HD.PARTPIN_LOCS, which will prevent the partial routing of the signal "enc_param_rdata[55]". Without this partial route, timing analysis to/from this port will not be accurate, and no routing information for this port can be exported.
WARNING: [Route 35-198] Port "enc_param_rdata[54]" does not have an associated HD.PARTPIN_LOCS, which will prevent the partial routing of the signal "enc_param_rdata[54]". Without this partial route, timing analysis to/from this port will not be accurate, and no routing information for this port can be exported.
WARNING: [Route 35-198] Port "enc_param_rdata[53]" does not have an associated HD.PARTPIN_LOCS, which will prevent the partial routing of the signal "enc_param_rdata[53]". Without this partial route, timing analysis to/from this port will not be accurate, and no routing information for this port can be exported.
WARNING: [Route 35-198] Port "enc_param_rdata[52]" does not have an associated HD.PARTPIN_LOCS, which will prevent the partial routing of the signal "enc_param_rdata[52]". Without this partial route, timing analysis to/from this port will not be accurate, and no routing information for this port can be exported.
WARNING: [Route 35-198] Port "enc_param_rdata[51]" does not have an associated HD.PARTPIN_LOCS, which will prevent the partial routing of the signal "enc_param_rdata[51]". Without this partial route, timing analysis to/from this port will not be accurate, and no routing information for this port can be exported.
WARNING: [Route 35-198] Port "enc_param_rdata[50]" does not have an associated HD.PARTPIN_LOCS, which will prevent the partial routing of the signal "enc_param_rdata[50]". Without this partial route, timing analysis to/from this port will not be accurate, and no routing information for this port can be exported.
WARNING: [Route 35-198] Port "enc_param_rdata[49]" does not have an associated HD.PARTPIN_LOCS, which will prevent the partial routing of the signal "enc_param_rdata[49]". Without this partial route, timing analysis to/from this port will not be accurate, and no routing information for this port can be exported.
WARNING: [Route 35-198] Port "enc_param_rdata[48]" does not have an associated HD.PARTPIN_LOCS, which will prevent the partial routing of the signal "enc_param_rdata[48]". Without this partial route, timing analysis to/from this port will not be accurate, and no routing information for this port can be exported.
WARNING: [Route 35-198] Port "enc_param_rdata[47]" does not have an associated HD.PARTPIN_LOCS, which will prevent the partial routing of the signal "enc_param_rdata[47]". Without this partial route, timing analysis to/from this port will not be accurate, and no routing information for this port can be exported.
WARNING: [Route 35-198] Port "enc_param_rdata[46]" does not have an associated HD.PARTPIN_LOCS, which will prevent the partial routing of the signal "enc_param_rdata[46]". Without this partial route, timing analysis to/from this port will not be accurate, and no routing information for this port can be exported.
WARNING: [Route 35-198] Port "enc_param_rdata[45]" does not have an associated HD.PARTPIN_LOCS, which will prevent the partial routing of the signal "enc_param_rdata[45]". Without this partial route, timing analysis to/from this port will not be accurate, and no routing information for this port can be exported.
WARNING: [Route 35-198] Port "enc_param_rdata[44]" does not have an associated HD.PARTPIN_LOCS, which will prevent the partial routing of the signal "enc_param_rdata[44]". Without this partial route, timing analysis to/from this port will not be accurate, and no routing information for this port can be exported.
WARNING: [Route 35-198] Port "enc_param_rdata[43]" does not have an associated HD.PARTPIN_LOCS, which will prevent the partial routing of the signal "enc_param_rdata[43]". Without this partial route, timing analysis to/from this port will not be accurate, and no routing information for this port can be exported.
WARNING: [Route 35-198] Port "enc_param_rdata[42]" does not have an associated HD.PARTPIN_LOCS, which will prevent the partial routing of the signal "enc_param_rdata[42]". Without this partial route, timing analysis to/from this port will not be accurate, and no routing information for this port can be exported.
WARNING: [Route 35-198] Port "enc_param_rdata[41]" does not have an associated HD.PARTPIN_LOCS, which will prevent the partial routing of the signal "enc_param_rdata[41]". Without this partial route, timing analysis to/from this port will not be accurate, and no routing information for this port can be exported.
WARNING: [Route 35-198] Port "enc_param_rdata[40]" does not have an associated HD.PARTPIN_LOCS, which will prevent the partial routing of the signal "enc_param_rdata[40]". Without this partial route, timing analysis to/from this port will not be accurate, and no routing information for this port can be exported.
WARNING: [Route 35-198] Port "enc_param_rdata[39]" does not have an associated HD.PARTPIN_LOCS, which will prevent the partial routing of the signal "enc_param_rdata[39]". Without this partial route, timing analysis to/from this port will not be accurate, and no routing information for this port can be exported.
WARNING: [Route 35-198] Port "enc_param_rdata[38]" does not have an associated HD.PARTPIN_LOCS, which will prevent the partial routing of the signal "enc_param_rdata[38]". Without this partial route, timing analysis to/from this port will not be accurate, and no routing information for this port can be exported.
WARNING: [Route 35-198] Port "enc_param_rdata[37]" does not have an associated HD.PARTPIN_LOCS, which will prevent the partial routing of the signal "enc_param_rdata[37]". Without this partial route, timing analysis to/from this port will not be accurate, and no routing information for this port can be exported.
WARNING: [Route 35-198] Port "enc_param_rdata[36]" does not have an associated HD.PARTPIN_LOCS, which will prevent the partial routing of the signal "enc_param_rdata[36]". Without this partial route, timing analysis to/from this port will not be accurate, and no routing information for this port can be exported.
WARNING: [Route 35-198] Port "enc_param_rdata[35]" does not have an associated HD.PARTPIN_LOCS, which will prevent the partial routing of the signal "enc_param_rdata[35]". Without this partial route, timing analysis to/from this port will not be accurate, and no routing information for this port can be exported.
WARNING: [Route 35-198] Port "enc_param_rdata[34]" does not have an associated HD.PARTPIN_LOCS, which will prevent the partial routing of the signal "enc_param_rdata[34]". Without this partial route, timing analysis to/from this port will not be accurate, and no routing information for this port can be exported.
WARNING: [Route 35-198] Port "enc_param_rdata[33]" does not have an associated HD.PARTPIN_LOCS, which will prevent the partial routing of the signal "enc_param_rdata[33]". Without this partial route, timing analysis to/from this port will not be accurate, and no routing information for this port can be exported.
WARNING: [Route 35-198] Port "enc_param_rdata[32]" does not have an associated HD.PARTPIN_LOCS, which will prevent the partial routing of the signal "enc_param_rdata[32]". Without this partial route, timing analysis to/from this port will not be accurate, and no routing information for this port can be exported.
WARNING: [Route 35-198] Port "feat_raddr[8]" does not have an associated HD.PARTPIN_LOCS, which will prevent the partial routing of the signal "feat_raddr[8]". Without this partial route, timing analysis to/from this port will not be accurate, and no routing information for this port can be exported.
WARNING: [Route 35-198] Port "feat_raddr[7]" does not have an associated HD.PARTPIN_LOCS, which will prevent the partial routing of the signal "feat_raddr[7]". Without this partial route, timing analysis to/from this port will not be accurate, and no routing information for this port can be exported.
WARNING: [Route 35-198] Port "feat_raddr[6]" does not have an associated HD.PARTPIN_LOCS, which will prevent the partial routing of the signal "feat_raddr[6]". Without this partial route, timing analysis to/from this port will not be accurate, and no routing information for this port can be exported.
WARNING: [Route 35-198] Port "feat_raddr[5]" does not have an associated HD.PARTPIN_LOCS, which will prevent the partial routing of the signal "feat_raddr[5]". Without this partial route, timing analysis to/from this port will not be accurate, and no routing information for this port can be exported.
WARNING: [Route 35-198] Port "feat_raddr[4]" does not have an associated HD.PARTPIN_LOCS, which will prevent the partial routing of the signal "feat_raddr[4]". Without this partial route, timing analysis to/from this port will not be accurate, and no routing information for this port can be exported.
WARNING: [Route 35-198] Port "feat_raddr[3]" does not have an associated HD.PARTPIN_LOCS, which will prevent the partial routing of the signal "feat_raddr[3]". Without this partial route, timing analysis to/from this port will not be accurate, and no routing information for this port can be exported.
WARNING: [Route 35-198] Port "feat_raddr[2]" does not have an associated HD.PARTPIN_LOCS, which will prevent the partial routing of the signal "feat_raddr[2]". Without this partial route, timing analysis to/from this port will not be accurate, and no routing information for this port can be exported.
WARNING: [Route 35-198] Port "feat_raddr[1]" does not have an associated HD.PARTPIN_LOCS, which will prevent the partial routing of the signal "feat_raddr[1]". Without this partial route, timing analysis to/from this port will not be accurate, and no routing information for this port can be exported.
WARNING: [Route 35-198] Port "feat_raddr[0]" does not have an associated HD.PARTPIN_LOCS, which will prevent the partial routing of the signal "feat_raddr[0]". Without this partial route, timing analysis to/from this port will not be accurate, and no routing information for this port can be exported.
WARNING: [Route 35-198] Port "enc_lut_rdata[0]" does not have an associated HD.PARTPIN_LOCS, which will prevent the partial routing of the signal "enc_lut_rdata[0]". Without this partial route, timing analysis to/from this port will not be accurate, and no routing information for this port can be exported.
WARNING: [Route 35-198] Port "enc_lut_rdata[4]" does not have an associated HD.PARTPIN_LOCS, which will prevent the partial routing of the signal "enc_lut_rdata[4]". Without this partial route, timing analysis to/from this port will not be accurate, and no routing information for this port can be exported.
WARNING: [Route 35-198] Port "enc_lut_rdata[7]" does not have an associated HD.PARTPIN_LOCS, which will prevent the partial routing of the signal "enc_lut_rdata[7]". Without this partial route, timing analysis to/from this port will not be accurate, and no routing information for this port can be exported.
WARNING: [Route 35-198] Port "enc_lut_rdata[6]" does not have an associated HD.PARTPIN_LOCS, which will prevent the partial routing of the signal "enc_lut_rdata[6]". Without this partial route, timing analysis to/from this port will not be accurate, and no routing information for this port can be exported.
WARNING: [Route 35-198] Port "enc_lut_rdata[3]" does not have an associated HD.PARTPIN_LOCS, which will prevent the partial routing of the signal "enc_lut_rdata[3]". Without this partial route, timing analysis to/from this port will not be accurate, and no routing information for this port can be exported.
WARNING: [Route 35-198] Port "enc_lut_rdata[1]" does not have an associated HD.PARTPIN_LOCS, which will prevent the partial routing of the signal "enc_lut_rdata[1]". Without this partial route, timing analysis to/from this port will not be accurate, and no routing information for this port can be exported.
WARNING: [Route 35-198] Port "enc_lut_rdata[5]" does not have an associated HD.PARTPIN_LOCS, which will prevent the partial routing of the signal "enc_lut_rdata[5]". Without this partial route, timing analysis to/from this port will not be accurate, and no routing information for this port can be exported.
WARNING: [Route 35-198] Port "in_waddr[10]" does not have an associated HD.PARTPIN_LOCS, which will prevent the partial routing of the signal "in_waddr[10]". Without this partial route, timing analysis to/from this port will not be accurate, and no routing information for this port can be exported.
WARNING: [Route 35-198] Port "in_waddr[9]" does not have an associated HD.PARTPIN_LOCS, which will prevent the partial routing of the signal "in_waddr[9]". Without this partial route, timing analysis to/from this port will not be accurate, and no routing information for this port can be exported.
WARNING: [Route 35-198] Port "in_waddr[8]" does not have an associated HD.PARTPIN_LOCS, which will prevent the partial routing of the signal "in_waddr[8]". Without this partial route, timing analysis to/from this port will not be accurate, and no routing information for this port can be exported.
WARNING: [Route 35-198] Port "in_waddr[7]" does not have an associated HD.PARTPIN_LOCS, which will prevent the partial routing of the signal "in_waddr[7]". Without this partial route, timing analysis to/from this port will not be accurate, and no routing information for this port can be exported.
WARNING: [Route 35-198] Port "in_waddr[6]" does not have an associated HD.PARTPIN_LOCS, which will prevent the partial routing of the signal "in_waddr[6]". Without this partial route, timing analysis to/from this port will not be accurate, and no routing information for this port can be exported.
WARNING: [Route 35-198] Port "in_waddr[5]" does not have an associated HD.PARTPIN_LOCS, which will prevent the partial routing of the signal "in_waddr[5]". Without this partial route, timing analysis to/from this port will not be accurate, and no routing information for this port can be exported.
WARNING: [Route 35-198] Port "in_waddr[4]" does not have an associated HD.PARTPIN_LOCS, which will prevent the partial routing of the signal "in_waddr[4]". Without this partial route, timing analysis to/from this port will not be accurate, and no routing information for this port can be exported.
WARNING: [Route 35-198] Port "in_waddr[3]" does not have an associated HD.PARTPIN_LOCS, which will prevent the partial routing of the signal "in_waddr[3]". Without this partial route, timing analysis to/from this port will not be accurate, and no routing information for this port can be exported.
WARNING: [Route 35-198] Port "in_waddr[2]" does not have an associated HD.PARTPIN_LOCS, which will prevent the partial routing of the signal "in_waddr[2]". Without this partial route, timing analysis to/from this port will not be accurate, and no routing information for this port can be exported.
WARNING: [Route 35-198] Port "in_waddr[1]" does not have an associated HD.PARTPIN_LOCS, which will prevent the partial routing of the signal "in_waddr[1]". Without this partial route, timing analysis to/from this port will not be accurate, and no routing information for this port can be exported.
WARNING: [Route 35-198] Port "in_waddr[0]" does not have an associated HD.PARTPIN_LOCS, which will prevent the partial routing of the signal "in_waddr[0]". Without this partial route, timing analysis to/from this port will not be accurate, and no routing information for this port can be exported.
WARNING: [Route 35-198] Port "in_wdata[51]" does not have an associated HD.PARTPIN_LOCS, which will prevent the partial routing of the signal "in_wdata[51]". Without this partial route, timing analysis to/from this port will not be accurate, and no routing information for this port can be exported.
WARNING: [Route 35-198] Port "in_wdata[50]" does not have an associated HD.PARTPIN_LOCS, which will prevent the partial routing of the signal "in_wdata[50]". Without this partial route, timing analysis to/from this port will not be accurate, and no routing information for this port can be exported.
WARNING: [Route 35-198] Port "in_wdata[49]" does not have an associated HD.PARTPIN_LOCS, which will prevent the partial routing of the signal "in_wdata[49]". Without this partial route, timing analysis to/from this port will not be accurate, and no routing information for this port can be exported.
WARNING: [Route 35-198] Port "in_wdata[48]" does not have an associated HD.PARTPIN_LOCS, which will prevent the partial routing of the signal "in_wdata[48]". Without this partial route, timing analysis to/from this port will not be accurate, and no routing information for this port can be exported.
WARNING: [Route 35-198] Port "in_wdata[47]" does not have an associated HD.PARTPIN_LOCS, which will prevent the partial routing of the signal "in_wdata[47]". Without this partial route, timing analysis to/from this port will not be accurate, and no routing information for this port can be exported.
WARNING: [Route 35-198] Port "in_wdata[46]" does not have an associated HD.PARTPIN_LOCS, which will prevent the partial routing of the signal "in_wdata[46]". Without this partial route, timing analysis to/from this port will not be accurate, and no routing information for this port can be exported.
WARNING: [Route 35-198] Port "in_wdata[45]" does not have an associated HD.PARTPIN_LOCS, which will prevent the partial routing of the signal "in_wdata[45]". Without this partial route, timing analysis to/from this port will not be accurate, and no routing information for this port can be exported.
WARNING: [Route 35-198] Port "in_wdata[44]" does not have an associated HD.PARTPIN_LOCS, which will prevent the partial routing of the signal "in_wdata[44]". Without this partial route, timing analysis to/from this port will not be accurate, and no routing information for this port can be exported.
INFO: [Common 17-14] Message 'Route 35-198' appears 100 times and further instances of the messages will be disabled. Use the Tcl command set_msg_config to change the current settings.
Phase 1 Build RT Design | Checksum: e9d72abd

Time (s): cpu = 00:00:20 ; elapsed = 00:00:17 . Memory (MB): peak = 1898.480 ; gain = 0.000
Post Restoration Checksum: NetGraph: 87c5fa39 NumContArr: 62113084 Constraints: 0 Timing: 0

Phase 2 Router Initialization

Phase 2.1 Create Timer
Phase 2.1 Create Timer | Checksum: e9d72abd

Time (s): cpu = 00:00:21 ; elapsed = 00:00:17 . Memory (MB): peak = 1898.480 ; gain = 0.000

Phase 2.2 Fix Topology Constraints
Phase 2.2 Fix Topology Constraints | Checksum: e9d72abd

Time (s): cpu = 00:00:21 ; elapsed = 00:00:17 . Memory (MB): peak = 1898.480 ; gain = 0.000

Phase 2.3 Pre Route Cleanup
Phase 2.3 Pre Route Cleanup | Checksum: e9d72abd

Time (s): cpu = 00:00:21 ; elapsed = 00:00:17 . Memory (MB): peak = 1898.480 ; gain = 0.000
 Number of Nodes with overlaps = 0

Phase 2.4 Update Timing
Phase 2.4 Update Timing | Checksum: 1df7614fc

Time (s): cpu = 00:00:23 ; elapsed = 00:00:19 . Memory (MB): peak = 1898.480 ; gain = 0.000
INFO: [Route 35-416] Intermediate Timing Summary | WNS=-2.190 | TNS=-1380.083| WHS=0.109  | THS=0.000  |

Phase 2 Router Initialization | Checksum: 16a90d499

Time (s): cpu = 00:00:25 ; elapsed = 00:00:20 . Memory (MB): peak = 1904.188 ; gain = 5.707

Router Utilization Summary
  Global Vertical Routing Utilization    = 0 %
  Global Horizontal Routing Utilization  = 0 %
  Routable Net Status*
  *Does not include unroutable nets such as driverless and loadless.
  Run report_route_status for detailed report.
  Number of Failed Nets               = 8887
    (Failed Nets is the sum of unrouted and partially routed nets)
  Number of Unrouted Nets             = 8887
  Number of Partially Routed Nets     = 0
  Number of Node Overlaps             = 0


Phase 3 Initial Routing

Phase 3.1 Global Routing
Phase 3.1 Global Routing | Checksum: 16a90d499

Time (s): cpu = 00:00:26 ; elapsed = 00:00:20 . Memory (MB): peak = 1904.188 ; gain = 5.707
Phase 3 Initial Routing | Checksum: 1b965fd39

Time (s): cpu = 00:00:30 ; elapsed = 00:00:22 . Memory (MB): peak = 1904.188 ; gain = 5.707

Phase 4 Rip-up And Reroute

Phase 4.1 Global Iteration 0
 Number of Nodes with overlaps = 4344
 Number of Nodes with overlaps = 1689
 Number of Nodes with overlaps = 916
 Number of Nodes with overlaps = 577
 Number of Nodes with overlaps = 349
 Number of Nodes with overlaps = 148
 Number of Nodes with overlaps = 81
 Number of Nodes with overlaps = 36
 Number of Nodes with overlaps = 24
 Number of Nodes with overlaps = 5
 Number of Nodes with overlaps = 0
INFO: [Route 35-416] Intermediate Timing Summary | WNS=-3.431 | TNS=-2059.746| WHS=N/A    | THS=N/A    |

Phase 4.1 Global Iteration 0 | Checksum: 19dd459e0

Time (s): cpu = 00:01:05 ; elapsed = 00:00:52 . Memory (MB): peak = 1904.188 ; gain = 5.707

Phase 4.2 Global Iteration 1
 Number of Nodes with overlaps = 960
 Number of Nodes with overlaps = 649
 Number of Nodes with overlaps = 242
 Number of Nodes with overlaps = 156
 Number of Nodes with overlaps = 94
 Number of Nodes with overlaps = 46
 Number of Nodes with overlaps = 34
 Number of Nodes with overlaps = 29
 Number of Nodes with overlaps = 9
 Number of Nodes with overlaps = 3
 Number of Nodes with overlaps = 5
 Number of Nodes with overlaps = 6
 Number of Nodes with overlaps = 6
 Number of Nodes with overlaps = 1
 Number of Nodes with overlaps = 1
 Number of Nodes with overlaps = 0
INFO: [Route 35-416] Intermediate Timing Summary | WNS=-3.765 | TNS=-1966.153| WHS=N/A    | THS=N/A    |

Phase 4.2 Global Iteration 1 | Checksum: 15ce5ab5c

Time (s): cpu = 00:01:34 ; elapsed = 00:01:12 . Memory (MB): peak = 1904.188 ; gain = 5.707
Phase 4 Rip-up And Reroute | Checksum: 15ce5ab5c

Time (s): cpu = 00:01:34 ; elapsed = 00:01:12 . Memory (MB): peak = 1904.188 ; gain = 5.707

Phase 5 Delay and Skew Optimization

Phase 5.1 Delay CleanUp

Phase 5.1.1 Update Timing
Phase 5.1.1 Update Timing | Checksum: 15ce5ab5c

Time (s): cpu = 00:01:35 ; elapsed = 00:01:13 . Memory (MB): peak = 1904.188 ; gain = 5.707
INFO: [Route 35-416] Intermediate Timing Summary | WNS=-3.431 | TNS=-2059.746| WHS=N/A    | THS=N/A    |

 Number of Nodes with overlaps = 0
Phase 5.1 Delay CleanUp | Checksum: 157b197b3

Time (s): cpu = 00:01:35 ; elapsed = 00:01:13 . Memory (MB): peak = 1904.188 ; gain = 5.707

Phase 5.2 Clock Skew Optimization
Phase 5.2 Clock Skew Optimization | Checksum: 157b197b3

Time (s): cpu = 00:01:35 ; elapsed = 00:01:13 . Memory (MB): peak = 1904.188 ; gain = 5.707
Phase 5 Delay and Skew Optimization | Checksum: 157b197b3

Time (s): cpu = 00:01:35 ; elapsed = 00:01:13 . Memory (MB): peak = 1904.188 ; gain = 5.707

Phase 6 Post Hold Fix

Phase 6.1 Hold Fix Iter

Phase 6.1.1 Update Timing
Phase 6.1.1 Update Timing | Checksum: 1c259322c

Time (s): cpu = 00:01:36 ; elapsed = 00:01:13 . Memory (MB): peak = 1904.188 ; gain = 5.707
INFO: [Route 35-416] Intermediate Timing Summary | WNS=-3.433 | TNS=-2033.878| WHS=0.098  | THS=0.000  |

Phase 6.1 Hold Fix Iter | Checksum: 1c259322c

Time (s): cpu = 00:01:36 ; elapsed = 00:01:13 . Memory (MB): peak = 1904.188 ; gain = 5.707
Phase 6 Post Hold Fix | Checksum: 1c259322c

Time (s): cpu = 00:01:36 ; elapsed = 00:01:13 . Memory (MB): peak = 1904.188 ; gain = 5.707

Phase 7 Timing Verification

Phase 7.1 Update Timing
Phase 7.1 Update Timing | Checksum: 176ed3afe

Time (s): cpu = 00:01:38 ; elapsed = 00:01:14 . Memory (MB): peak = 1904.188 ; gain = 5.707
INFO: [Route 35-416] Intermediate Timing Summary | WNS=-3.433 | TNS=-2033.878| WHS=N/A    | THS=N/A    |

Phase 7 Timing Verification | Checksum: 176ed3afe

Time (s): cpu = 00:01:38 ; elapsed = 00:01:14 . Memory (MB): peak = 1904.188 ; gain = 5.707

Phase 8 Route finalize

Router Utilization Summary
  Global Vertical Routing Utilization    = 2.83856 %
  Global Horizontal Routing Utilization  = 4.11165 %
  Routable Net Status*
  *Does not include unroutable nets such as driverless and loadless.
  Run report_route_status for detailed report.
  Number of Failed Nets               = 0
    (Failed Nets is the sum of unrouted and partially routed nets)
  Number of Unrouted Nets             = 0
  Number of Partially Routed Nets     = 0
  Number of Node Overlaps             = 0

Congestion Report
North Dir 1x1 Area, Max Cong = 52.2523%, No Congested Regions.
South Dir 1x1 Area, Max Cong = 88.2883%, Congestion bounded by tiles (Lower Left Tile -> Upper Right Tile):
   INT_R_X39Y26 -> INT_R_X39Y26
East Dir 1x1 Area, Max Cong = 94.1176%, Congestion bounded by tiles (Lower Left Tile -> Upper Right Tile):
   INT_R_X45Y28 -> INT_R_X45Y28
   INT_R_X39Y27 -> INT_R_X39Y27
   INT_L_X40Y27 -> INT_L_X40Y27
   INT_R_X39Y26 -> INT_R_X39Y26
   INT_R_X51Y26 -> INT_R_X51Y26
West Dir 1x1 Area, Max Cong = 83.8235%, No Congested Regions.

------------------------------
Reporting congestion hotspots
------------------------------
Direction: North
----------------
Congested clusters found at Level 0
Effective congestion level: 0 Aspect Ratio: 1 Sparse Ratio: 0
Direction: South
----------------
Congested clusters found at Level 0
Effective congestion level: 0 Aspect Ratio: 1 Sparse Ratio: 1
Direction: East
----------------
Congested clusters found at Level 0
Effective congestion level: 1 Aspect Ratio: 0.666667 Sparse Ratio: 1
Direction: West
----------------
Congested clusters found at Level 0
Effective congestion level: 0 Aspect Ratio: 1 Sparse Ratio: 0

Phase 8 Route finalize | Checksum: 176ed3afe

Time (s): cpu = 00:01:38 ; elapsed = 00:01:14 . Memory (MB): peak = 1904.188 ; gain = 5.707

Phase 9 Verifying routed nets

 Verification completed successfully
Phase 9 Verifying routed nets | Checksum: 176ed3afe

Time (s): cpu = 00:01:38 ; elapsed = 00:01:14 . Memory (MB): peak = 1904.188 ; gain = 5.707

Phase 10 Depositing Routes
Phase 10 Depositing Routes | Checksum: 162be1f63

Time (s): cpu = 00:01:38 ; elapsed = 00:01:15 . Memory (MB): peak = 1904.188 ; gain = 5.707

Phase 11 Incr Placement Change
Netlist sorting complete. Time (s): cpu = 00:00:00 ; elapsed = 00:00:00.002 . Memory (MB): peak = 1904.188 ; gain = 0.000
INFO: [Place 30-746] Post Placement Timing Summary WNS=-2.854. For the most accurate timing information please run report_timing.
Ending IncrPlace Task | Checksum: 11833ab1f

Time (s): cpu = 00:00:12 ; elapsed = 00:00:11 . Memory (MB): peak = 1904.188 ; gain = 0.000
Google Cpuprofiler is only supported on Linux.
Phase 11 Incr Placement Change | Checksum: 162be1f63

Time (s): cpu = 00:01:50 ; elapsed = 00:01:27 . Memory (MB): peak = 1904.188 ; gain = 5.707

Phase 12 Build RT Design
WARNING: [Route 35-197] Clock port "clk" does not have an associated HD.CLK_SRC. Without this constraint, timing analysis may not be accurate and upstream checks cannot be done to ensure correct clock placement.
Phase 12 Build RT Design | Checksum: feb41adf

Time (s): cpu = 00:01:51 ; elapsed = 00:01:27 . Memory (MB): peak = 1904.188 ; gain = 5.707
Post Restoration Checksum: NetGraph: 1ed062c6 NumContArr: d632415d Constraints: 0 Timing: 0

Phase 13 Router Initialization

Phase 13.1 Create Timer
Phase 13.1 Create Timer | Checksum: f502a423

Time (s): cpu = 00:01:52 ; elapsed = 00:01:28 . Memory (MB): peak = 1904.188 ; gain = 5.707

Phase 13.2 Fix Topology Constraints
Phase 13.2 Fix Topology Constraints | Checksum: f502a423

Time (s): cpu = 00:01:52 ; elapsed = 00:01:28 . Memory (MB): peak = 1904.188 ; gain = 5.707

Phase 13.3 Pre Route Cleanup
Phase 13.3 Pre Route Cleanup | Checksum: 167c2c312

Time (s): cpu = 00:01:52 ; elapsed = 00:01:28 . Memory (MB): peak = 1904.188 ; gain = 5.707
 Number of Nodes with overlaps = 0

Phase 13.4 Update Timing
Phase 13.4 Update Timing | Checksum: 19effe592

Time (s): cpu = 00:01:54 ; elapsed = 00:01:29 . Memory (MB): peak = 1904.188 ; gain = 5.707
INFO: [Route 35-416] Intermediate Timing Summary | WNS=-2.842 | TNS=-1935.276| WHS=0.109  | THS=0.000  |

Phase 13 Router Initialization | Checksum: 1b57ed923

Time (s): cpu = 00:01:56 ; elapsed = 00:01:30 . Memory (MB): peak = 1916.832 ; gain = 18.352

Router Utilization Summary
  Global Vertical Routing Utilization    = 2.79605 %
  Global Horizontal Routing Utilization  = 4.05595 %
  Routable Net Status*
  *Does not include unroutable nets such as driverless and loadless.
  Run report_route_status for detailed report.
  Number of Failed Nets               = 268
    (Failed Nets is the sum of unrouted and partially routed nets)
  Number of Unrouted Nets             = 100
  Number of Partially Routed Nets     = 168
  Number of Node Overlaps             = 0


Phase 14 Initial Routing

Phase 14.1 Global Routing
Phase 14.1 Global Routing | Checksum: 1b57ed923

Time (s): cpu = 00:01:56 ; elapsed = 00:01:30 . Memory (MB): peak = 1916.832 ; gain = 18.352
Phase 14 Initial Routing | Checksum: 1a558be14

Time (s): cpu = 00:01:56 ; elapsed = 00:01:30 . Memory (MB): peak = 1916.832 ; gain = 18.352

Phase 15 Rip-up And Reroute

Phase 15.1 Global Iteration 0
 Number of Nodes with overlaps = 307
 Number of Nodes with overlaps = 197
 Number of Nodes with overlaps = 131
 Number of Nodes with overlaps = 134
 Number of Nodes with overlaps = 82
 Number of Nodes with overlaps = 27
 Number of Nodes with overlaps = 10
 Number of Nodes with overlaps = 5
 Number of Nodes with overlaps = 4
 Number of Nodes with overlaps = 2
 Number of Nodes with overlaps = 0
INFO: [Route 35-416] Intermediate Timing Summary | WNS=-3.171 | TNS=-1953.828| WHS=N/A    | THS=N/A    |

Phase 15.1 Global Iteration 0 | Checksum: bad2abf8

Time (s): cpu = 00:02:03 ; elapsed = 00:01:36 . Memory (MB): peak = 1916.832 ; gain = 18.352

Phase 15.2 Global Iteration 1
 Number of Nodes with overlaps = 946
 Number of Nodes with overlaps = 791
 Number of Nodes with overlaps = 669
 Number of Nodes with overlaps = 426
 Number of Nodes with overlaps = 293
 Number of Nodes with overlaps = 223
 Number of Nodes with overlaps = 156
 Number of Nodes with overlaps = 103
 Number of Nodes with overlaps = 29
 Number of Nodes with overlaps = 36
 Number of Nodes with overlaps = 29
 Number of Nodes with overlaps = 15
 Number of Nodes with overlaps = 17
 Number of Nodes with overlaps = 5
 Number of Nodes with overlaps = 6
 Number of Nodes with overlaps = 2
 Number of Nodes with overlaps = 4
 Number of Nodes with overlaps = 1
 Number of Nodes with overlaps = 10
 Number of Nodes with overlaps = 0
INFO: [Route 35-416] Intermediate Timing Summary | WNS=-3.215 | TNS=-1911.071| WHS=N/A    | THS=N/A    |

Phase 15.2 Global Iteration 1 | Checksum: 1256093a8

Time (s): cpu = 00:02:30 ; elapsed = 00:01:55 . Memory (MB): peak = 1916.832 ; gain = 18.352
Phase 15 Rip-up And Reroute | Checksum: 1256093a8

Time (s): cpu = 00:02:30 ; elapsed = 00:01:55 . Memory (MB): peak = 1916.832 ; gain = 18.352

Phase 16 Delay and Skew Optimization

Phase 16.1 Delay CleanUp

Phase 16.1.1 Update Timing
Phase 16.1.1 Update Timing | Checksum: 1256093a8

Time (s): cpu = 00:02:30 ; elapsed = 00:01:55 . Memory (MB): peak = 1916.832 ; gain = 18.352
INFO: [Route 35-416] Intermediate Timing Summary | WNS=-3.171 | TNS=-1953.828| WHS=N/A    | THS=N/A    |

 Number of Nodes with overlaps = 0
Phase 16.1 Delay CleanUp | Checksum: 1f2e9bde7

Time (s): cpu = 00:02:30 ; elapsed = 00:01:56 . Memory (MB): peak = 1916.832 ; gain = 18.352

Phase 16.2 Clock Skew Optimization
Phase 16.2 Clock Skew Optimization | Checksum: 1f2e9bde7

Time (s): cpu = 00:02:30 ; elapsed = 00:01:56 . Memory (MB): peak = 1916.832 ; gain = 18.352
Phase 16 Delay and Skew Optimization | Checksum: 1f2e9bde7

Time (s): cpu = 00:02:30 ; elapsed = 00:01:56 . Memory (MB): peak = 1916.832 ; gain = 18.352

Phase 17 Post Hold Fix

Phase 17.1 Hold Fix Iter

Phase 17.1.1 Update Timing
Phase 17.1.1 Update Timing | Checksum: 1496d9ecf

Time (s): cpu = 00:02:31 ; elapsed = 00:01:56 . Memory (MB): peak = 1916.832 ; gain = 18.352
INFO: [Route 35-416] Intermediate Timing Summary | WNS=-3.160 | TNS=-1939.208| WHS=0.098  | THS=0.000  |

Phase 17.1 Hold Fix Iter | Checksum: 1496d9ecf

Time (s): cpu = 00:02:31 ; elapsed = 00:01:56 . Memory (MB): peak = 1916.832 ; gain = 18.352
Phase 17 Post Hold Fix | Checksum: 1496d9ecf

Time (s): cpu = 00:02:31 ; elapsed = 00:01:56 . Memory (MB): peak = 1916.832 ; gain = 18.352

Phase 18 Timing Verification

Phase 18.1 Update Timing
Phase 18.1 Update Timing | Checksum: 1d79fe03c

Time (s): cpu = 00:02:32 ; elapsed = 00:01:57 . Memory (MB): peak = 1916.832 ; gain = 18.352
INFO: [Route 35-416] Intermediate Timing Summary | WNS=-3.160 | TNS=-1939.208| WHS=N/A    | THS=N/A    |

Phase 18 Timing Verification | Checksum: 1d79fe03c

Time (s): cpu = 00:02:32 ; elapsed = 00:01:57 . Memory (MB): peak = 1916.832 ; gain = 18.352

Phase 19 Route finalize

Router Utilization Summary
  Global Vertical Routing Utilization    = 2.85026 %
  Global Horizontal Routing Utilization  = 4.08131 %
  Routable Net Status*
  *Does not include unroutable nets such as driverless and loadless.
  Run report_route_status for detailed report.
  Number of Failed Nets               = 0
    (Failed Nets is the sum of unrouted and partially routed nets)
  Number of Unrouted Nets             = 0
  Number of Partially Routed Nets     = 0
  Number of Node Overlaps             = 0

Congestion Report
North Dir 1x1 Area, Max Cong = 52.2523%, No Congested Regions.
South Dir 1x1 Area, Max Cong = 88.2883%, Congestion bounded by tiles (Lower Left Tile -> Upper Right Tile):
   INT_R_X39Y26 -> INT_R_X39Y26
East Dir 1x1 Area, Max Cong = 94.1176%, Congestion bounded by tiles (Lower Left Tile -> Upper Right Tile):
   INT_R_X45Y28 -> INT_R_X45Y28
   INT_R_X39Y27 -> INT_R_X39Y27
   INT_L_X40Y27 -> INT_L_X40Y27
   INT_R_X39Y26 -> INT_R_X39Y26
   INT_R_X51Y26 -> INT_R_X51Y26
West Dir 1x1 Area, Max Cong = 83.8235%, No Congested Regions.

------------------------------
Reporting congestion hotspots
------------------------------
Direction: North
----------------
Congested clusters found at Level 0
Effective congestion level: 0 Aspect Ratio: 1 Sparse Ratio: 0
Direction: South
----------------
Congested clusters found at Level 0
Effective congestion level: 0 Aspect Ratio: 1 Sparse Ratio: 1
Direction: East
----------------
Congested clusters found at Level 0
Effective congestion level: 1 Aspect Ratio: 1 Sparse Ratio: 0.75
Direction: West
----------------
Congested clusters found at Level 0
Effective congestion level: 0 Aspect Ratio: 1 Sparse Ratio: 0

Phase 19 Route finalize | Checksum: 1d79fe03c

Time (s): cpu = 00:02:32 ; elapsed = 00:01:57 . Memory (MB): peak = 1916.832 ; gain = 18.352

Phase 20 Verifying routed nets

 Verification completed successfully
Phase 20 Verifying routed nets | Checksum: 1d79fe03c

Time (s): cpu = 00:02:32 ; elapsed = 00:01:57 . Memory (MB): peak = 1916.832 ; gain = 18.352

Phase 21 Depositing Routes
Phase 21 Depositing Routes | Checksum: 1296637f6

Time (s): cpu = 00:02:33 ; elapsed = 00:01:58 . Memory (MB): peak = 1916.832 ; gain = 18.352

Phase 22 Post Router Timing
WARNING: [Timing 38-242] The property HD.CLK_SRC of clock port "clk" is not set. In out-of-context mode, this prevents timing estimation for clock delay/skew
Resolution: Set the HD.CLK_SRC property of the out-of-context port to the location of the clock buffer instance in the top-level design
INFO: [Route 35-20] Post Routing Timing Summary | WNS=-3.160 | TNS=-1939.876| WHS=0.099  | THS=0.000  |

Phase 22 Post Router Timing | Checksum: d3dd08d9

Time (s): cpu = 00:02:35 ; elapsed = 00:01:59 . Memory (MB): peak = 1916.832 ; gain = 18.352
CRITICAL WARNING: [Route 35-39] The design did not meet timing requirements. Please run report_timing_summary for detailed reports.
Resolution: Verify that the timing was met or had small violations at all previous steps (synthesis, placement, power_opt, and phys_opt). Run report_timing_summary and analyze individual timing paths.
INFO: [Route 35-253] TNS is the sum of the worst slack violation on every endpoint in the design. Review the paths with the biggest WNS violations in the timing reports and modify your constraints or your design to improve both WNS and TNS.
INFO: [Route 72-16] Aggressive Explore Summary
+------+--------+-----------+-------+-----+--------+--------------+-------------------+
| Pass |  WNS   |    TNS    |  WHS  | THS | Status | Elapsed Time | Solution Selected |
+------+--------+-----------+-------+-----+--------+--------------+-------------------+
|  1   | -3.433 | -2033.878 | 0.098 |  -  |  Pass  |   00:00:58   |                   |
+------+--------+-----------+-------+-----+--------+--------------+-------------------+
|  2   | -3.160 | -1939.208 | 0.098 |  -  |  Pass  |   00:00:30   |         x         |
+------+--------+-----------+-------+-----+--------+--------------+-------------------+

INFO: [Route 35-16] Router Completed Successfully

Time (s): cpu = 00:02:35 ; elapsed = 00:01:59 . Memory (MB): peak = 1916.832 ; gain = 18.352

Routing Is Done.
INFO: [Common 17-83] Releasing license: Implementation
1922 Infos, 108 Warnings, 1 Critical Warnings and 0 Errors encountered.
route_design completed successfully
route_design: Time (s): cpu = 00:02:36 ; elapsed = 00:02:00 . Memory (MB): peak = 1916.832 ; gain = 18.352
WARNING: [Timing 38-242] The property HD.CLK_SRC of clock port "clk" is not set. In out-of-context mode, this prevents timing estimation for clock delay/skew
Resolution: Set the HD.CLK_SRC property of the out-of-context port to the location of the clock buffer instance in the top-level design
INFO: [Timing 38-78] ReportTimingParams: -max_paths 3 -nworst 1 -delay_type max -sort_by slack.
E02A_STAGE post_route	-3.160	0.099	pool_shift[5]	u_pool/p_r3_reg[9]/D
Command: report_drc -file D:/2609_final_project/cnn_rtl/docs/E-02a_runs/encoder_performance_10.000/drc.rpt
INFO: [IP_Flow 19-234] Refreshing IP repositories
INFO: [IP_Flow 19-1704] No user IP repositories specified
INFO: [IP_Flow 19-2313] Loaded Vivado IP repository 'C:/Xilinx/Vivado/2020.2/data/ip'.
INFO: [DRC 23-27] Running DRC with 2 threads
INFO: [Coretcl 2-168] The results of DRC are in file D:/2609_final_project/cnn_rtl/docs/E-02a_runs/encoder_performance_10.000/drc.rpt.
report_drc completed successfully
INFO: [Timing 38-480] Writing timing data to binary archive.
Writing placer database...
Writing XDEF routing.
Writing XDEF routing logical nets.
Writing XDEF routing special nets.
Write XDEF Complete: Time (s): cpu = 00:00:02 ; elapsed = 00:00:00.738 . Memory (MB): peak = 1946.801 ; gain = 0.000
INFO: [Common 17-1381] The checkpoint 'D:/2609_final_project/cnn_rtl/docs/E-02a_runs/encoder_performance_10.000/routed.dcp' has been generated.
E02A_IMPL_DONE top=CNN_Encoder period=10.000 mode=performance
# set status [catch {
#     puts "E02A_CONFIG top=$top part=$part period=$period mode=$mode"
#     puts "E02A_VERSION [version -short]"
#     foreach source $srcs {
#         # The optional E5 TB stub contains SystemVerilog, read unmodified.
#         if {[file tail $source] eq "fc_stub.v"} {read_verilog -sv $source} else {read_verilog $source}
#     }
#     read_xdc [file join [file dirname [info script]] timing_100mhz.xdc]
#     if {$period != 10.000} {
#         create_clock -period $period -name ACLK [get_ports -filter {NAME =~ *ACLK || NAME == clk}]
#     }
#     synth_design -top $top -part $part -mode out_of_context
#     report_clocks -file [file join $out_dir clocks.rpt]
#     e02a_stage post_synth $out_dir
#     if {$mode eq "performance"} {
#         opt_design -directive Explore
#         place_design -directive ExtraTimingOpt
#     } else {
#         opt_design
#         place_design
#     }
#     e02a_stage post_place $out_dir
#     if {$mode eq "performance"} {phys_opt_design -directive AggressiveExplore} else {phys_opt_design}
#     e02a_stage post_phys_opt $out_dir
#     if {$mode eq "performance"} {route_design -directive Explore} else {route_design}
#     e02a_stage post_route $out_dir
#     report_route_status -file [file join $out_dir route_status.rpt]
#     report_utilization -file [file join $out_dir utilization.rpt]
#     report_drc -file [file join $out_dir drc.rpt]
#     check_timing -verbose -file [file join $out_dir check_timing.rpt]
#     write_checkpoint -force [file join $out_dir routed.dcp]
#     write_verilog -force -mode funcsim [file join $out_dir routed_netlist.v]
#     # Preserve path properties for E6. Vivado 2020.2 has no TIMING_POINTS
#     # property; per-pin increments are in report_timing -input_pins above.
#     set p [lindex [get_timing_paths -delay_type max -max_paths 1] 0]
#     set f [open [file join $out_dir path_properties.txt] w]
#     foreach prop [list_property $p] {puts $f "$prop\t[get_property $prop $p]"}
#     close $f
#     puts "E02A_IMPL_DONE top=$top period=$period mode=$mode"
# } detail options]
# if {$status} {
#     puts "E02A_IMPL_FAILED $detail"
#     puts [dict get $options -errorinfo]
#     exit 1
# }
# exit 0
INFO: [Common 17-206] Exiting Vivado at Sat Sep 26 20:03:19 2026...

EXIT_CODE: 0
WALL_CLOCK_SECONDS: 404.815525
