CWD: D:\2609_final_project\cnn_rtl\syn
COMMAND: C:\Xilinx\Vivado\2020.2\bin\vivado.bat -mode batch -source D:/2609_final_project/cnn_rtl/syn/impl_check.tcl -nojournal -nolog -tclargs CNN_Encoder xc7z020clg400-1 13.500 performance D:/2609_final_project/cnn_rtl/docs/E-02a_runs/encoder_freq2_13.500 D:/2609_final_project/cnn_rtl/rtl/encoder/Buffer.v D:/2609_final_project/cnn_rtl/rtl/encoder/Conv_MAC.v D:/2609_final_project/cnn_rtl/rtl/encoder/requant_stage.v D:/2609_final_project/cnn_rtl/rtl/encoder/gelu_stage.v D:/2609_final_project/cnn_rtl/rtl/encoder/Pool.v D:/2609_final_project/cnn_rtl/rtl/encoder/CNN_Encoder.v

****** Vivado v2020.2 (64-bit)
  **** SW Build 3064766 on Wed Nov 18 09:12:45 MST 2020
  **** IP Build 3064653 on Wed Nov 18 14:17:31 MST 2020
    ** Copyright 1986-2020 Xilinx, Inc. All Rights Reserved.

CRITICAL WARNING: [Common 17-741] No write access right to the local Tcl store at 'C'. XilinxTclStore is reverted to the installation area. If you want to use local Tcl Store, please change the access right and relaunch Vivado.
source D:/2609_final_project/cnn_rtl/syn/impl_check.tcl
# if {$argc < 6} {error "Expected top part period mode output_directory source..."}
# set top [lindex $argv 0]
# set part [lindex $argv 1]
# set period [lindex $argv 2]
# set mode [lindex $argv 3]
# set out_dir [file normalize [lindex $argv 4]]
# set srcs [lrange $argv 5 end]
# if {$part ne "xc7z020clg400-1"} {error "E-02a part must be xc7z020clg400-1"}
# if {$mode ni {default performance}} {error "Unsupported implementation mode"}
# if {![string is double -strict $period] || $period <= 0} {error "Invalid period"}
# file mkdir $out_dir
# proc e02a_stage {stage out_dir} {
#     report_timing_summary -delay_type min_max -max_paths 3 -file [file join $out_dir ${stage}_summary.rpt]
#     report_timing -max_paths 3 -nworst 1 -input_pins -delay_type max -file [file join $out_dir ${stage}_paths.rpt]
#     set p [lindex [get_timing_paths -delay_type max -max_paths 1] 0]
#     set h [lindex [get_timing_paths -delay_type min -max_paths 1] 0]
#     if {$p eq ""} {error "No constrained setup timing path at $stage"}
#     set wns [get_property SLACK $p]
#     set whs [get_property SLACK $h]
#     set start [get_property STARTPOINT_PIN $p]
#     set end [get_property ENDPOINT_PIN $p]
#     set line "$stage\t$wns\t$whs\t$start\t$end"
#     set f [open [file join $out_dir stages.tsv] a]
#     puts $f $line
#     close $f
#     puts "E02A_STAGE $line"
#     flush stdout
# }
E02A_CONFIG top=CNN_Encoder part=xc7z020clg400-1 period=13.500 mode=performance
E02A_VERSION 2020.2
Command: synth_design -top CNN_Encoder -part xc7z020clg400-1 -mode out_of_context
Starting synth_design
Attempting to get a license for feature 'Synthesis' and/or device 'xc7z020'
INFO: [Common 17-349] Got license for feature 'Synthesis' and/or device 'xc7z020'
INFO: [Device 21-403] Loading part xc7z020clg400-1
INFO: [Synth 8-7079] Multithreading enabled for synth_design using a maximum of 2 processes.
INFO: [Synth 8-7078] Launching helper process for spawning children vivado processes
INFO: [Synth 8-7075] Helper process launched with PID 14272
---------------------------------------------------------------------------------
Starting RTL Elaboration : Time (s): cpu = 00:00:03 ; elapsed = 00:00:03 . Memory (MB): peak = 1104.398 ; gain = 0.000
---------------------------------------------------------------------------------
INFO: [Synth 8-6157] synthesizing module 'CNN_Encoder' [D:/2609_final_project/cnn_rtl/rtl/encoder/CNN_Encoder.v:3]
INFO: [Synth 8-6157] synthesizing module 'Buffer' [D:/2609_final_project/cnn_rtl/rtl/encoder/Buffer.v:3]
	Parameter W_DATA_WIDTH bound to: 64 - type: integer 
	Parameter R_DATA_WIDTH bound to: 8 - type: integer 
	Parameter DEPTH_BYTE bound to: 11520 - type: integer 
	Parameter W_ADDR_WIDTH bound to: 11 - type: integer 
	Parameter R_ADDR_WIDTH bound to: 14 - type: integer 
	Parameter MIN_DATA_W bound to: 8 - type: integer 
	Parameter MAX_DATA_W bound to: 64 - type: integer 
	Parameter DEPTH bound to: 11520 - type: integer 
	Parameter RATIO bound to: 8 - type: integer 
INFO: [Synth 8-6155] done synthesizing module 'Buffer' (1#1) [D:/2609_final_project/cnn_rtl/rtl/encoder/Buffer.v:3]
INFO: [Synth 8-6157] synthesizing module 'Conv_MAC' [D:/2609_final_project/cnn_rtl/rtl/encoder/Conv_MAC.v:3]
	Parameter IDLE bound to: 0 - type: integer 
	Parameter CONV1 bound to: 1 - type: integer 
	Parameter WAIT_FMAP1 bound to: 2 - type: integer 
	Parameter CONV2_0 bound to: 3 - type: integer 
	Parameter CONV2_1 bound to: 4 - type: integer 
	Parameter LANES bound to: 16 - type: integer 
	Parameter WIDTH bound to: 10 - type: integer 
	Parameter HEIGHT bound to: 128 - type: integer 
	Parameter C1_IC bound to: 3 - type: integer 
	Parameter C1_KH bound to: 5 - type: integer 
	Parameter C1_KW bound to: 3 - type: integer 
	Parameter C1_TAPS bound to: 45 - type: integer 
	Parameter C1_PAD_H bound to: 2 - type: integer 
	Parameter C1_PAD_W bound to: 1 - type: integer 
	Parameter C1_WBASE bound to: 0 - type: integer 
	Parameter C2_IC bound to: 16 - type: integer 
	Parameter C2_KH bound to: 3 - type: integer 
	Parameter C2_KW bound to: 3 - type: integer 
	Parameter C2_TAPS bound to: 144 - type: integer 
	Parameter C2_PAD_H bound to: 1 - type: integer 
	Parameter C2_PAD_W bound to: 1 - type: integer 
	Parameter C2_WBASE bound to: 45 - type: integer 
INFO: [Synth 8-6155] done synthesizing module 'Conv_MAC' (2#1) [D:/2609_final_project/cnn_rtl/rtl/encoder/Conv_MAC.v:3]
INFO: [Synth 8-6157] synthesizing module 'requant_stage' [D:/2609_final_project/cnn_rtl/rtl/encoder/requant_stage.v:3]
	Parameter TAG_WIDTH bound to: 19 - type: integer 
	Parameter FC_MODE bound to: 0 - type: integer 
	Parameter PARAM_BASE0 bound to: 9'b000000000 
	Parameter PARAM_BASE1 bound to: 9'b000010000 
	Parameter PARAM_BASE2 bound to: 9'b000000000 
INFO: [Synth 8-6155] done synthesizing module 'requant_stage' (3#1) [D:/2609_final_project/cnn_rtl/rtl/encoder/requant_stage.v:3]
INFO: [Synth 8-6157] synthesizing module 'gelu_stage' [D:/2609_final_project/cnn_rtl/rtl/encoder/gelu_stage.v:3]
INFO: [Synth 8-6155] done synthesizing module 'gelu_stage' (4#1) [D:/2609_final_project/cnn_rtl/rtl/encoder/gelu_stage.v:3]
INFO: [Synth 8-6157] synthesizing module 'Buffer__parameterized0' [D:/2609_final_project/cnn_rtl/rtl/encoder/Buffer.v:3]
	Parameter W_DATA_WIDTH bound to: 8 - type: integer 
	Parameter R_DATA_WIDTH bound to: 8 - type: integer 
	Parameter DEPTH_BYTE bound to: 20480 - type: integer 
	Parameter W_ADDR_WIDTH bound to: 15 - type: integer 
	Parameter R_ADDR_WIDTH bound to: 15 - type: integer 
	Parameter MIN_DATA_W bound to: 8 - type: integer 
	Parameter MAX_DATA_W bound to: 8 - type: integer 
	Parameter DEPTH bound to: 20480 - type: integer 
	Parameter RATIO bound to: 1 - type: integer 
INFO: [Synth 8-6155] done synthesizing module 'Buffer__parameterized0' (4#1) [D:/2609_final_project/cnn_rtl/rtl/encoder/Buffer.v:3]
INFO: [Synth 8-6157] synthesizing module 'Pool' [D:/2609_final_project/cnn_rtl/rtl/encoder/Pool.v:2]
INFO: [Synth 8-6155] done synthesizing module 'Pool' (5#1) [D:/2609_final_project/cnn_rtl/rtl/encoder/Pool.v:2]
INFO: [Synth 8-6155] done synthesizing module 'CNN_Encoder' (6#1) [D:/2609_final_project/cnn_rtl/rtl/encoder/CNN_Encoder.v:3]
---------------------------------------------------------------------------------
Finished RTL Elaboration : Time (s): cpu = 00:00:04 ; elapsed = 00:00:05 . Memory (MB): peak = 1108.414 ; gain = 4.016
---------------------------------------------------------------------------------
---------------------------------------------------------------------------------
Start Handling Custom Attributes
---------------------------------------------------------------------------------
---------------------------------------------------------------------------------
Finished Handling Custom Attributes : Time (s): cpu = 00:00:05 ; elapsed = 00:00:06 . Memory (MB): peak = 1108.414 ; gain = 4.016
---------------------------------------------------------------------------------
---------------------------------------------------------------------------------
Finished RTL Optimization Phase 1 : Time (s): cpu = 00:00:05 ; elapsed = 00:00:06 . Memory (MB): peak = 1108.414 ; gain = 4.016
---------------------------------------------------------------------------------
Netlist sorting complete. Time (s): cpu = 00:00:00 ; elapsed = 00:00:00.058 . Memory (MB): peak = 1108.414 ; gain = 0.000
INFO: [Project 1-570] Preparing netlist for logic optimization

Processing XDC Constraints
Initializing timing engine
Parsing XDC File [D:/2609_final_project/cnn_rtl/syn/timing_100mhz.xdc]
Finished Parsing XDC File [D:/2609_final_project/cnn_rtl/syn/timing_100mhz.xdc]
Parsing XDC File [D:/2609_final_project/cnn_rtl/docs/E-02a_runs/encoder_freq2_13.500/clock_period_override.xdc]
WARNING: [Constraints 18-619] A clock with name 'ACLK' already exists, overwriting the previous clock with the same name. [D:/2609_final_project/cnn_rtl/docs/E-02a_runs/encoder_freq2_13.500/clock_period_override.xdc:1]
Finished Parsing XDC File [D:/2609_final_project/cnn_rtl/docs/E-02a_runs/encoder_freq2_13.500/clock_period_override.xdc]
Completed Processing XDC Constraints

Netlist sorting complete. Time (s): cpu = 00:00:00 ; elapsed = 00:00:00.001 . Memory (MB): peak = 1240.324 ; gain = 0.000
INFO: [Project 1-111] Unisim Transformation Summary:
No Unisim elements were transformed.

Constraint Validation Runtime : Time (s): cpu = 00:00:00 ; elapsed = 00:00:00.042 . Memory (MB): peak = 1240.324 ; gain = 0.000
---------------------------------------------------------------------------------
Finished Constraint Validation : Time (s): cpu = 00:00:10 ; elapsed = 00:00:11 . Memory (MB): peak = 1240.324 ; gain = 135.926
---------------------------------------------------------------------------------
---------------------------------------------------------------------------------
Start Loading Part and Timing Information
---------------------------------------------------------------------------------
Loading part: xc7z020clg400-1
---------------------------------------------------------------------------------
Finished Loading Part and Timing Information : Time (s): cpu = 00:00:10 ; elapsed = 00:00:11 . Memory (MB): peak = 1240.324 ; gain = 135.926
---------------------------------------------------------------------------------
---------------------------------------------------------------------------------
Start Applying 'set_property' XDC Constraints
---------------------------------------------------------------------------------
---------------------------------------------------------------------------------
Finished applying 'set_property' XDC Constraints : Time (s): cpu = 00:00:10 ; elapsed = 00:00:11 . Memory (MB): peak = 1240.324 ; gain = 135.926
---------------------------------------------------------------------------------
---------------------------------------------------------------------------------
Finished RTL Optimization Phase 2 : Time (s): cpu = 00:00:12 ; elapsed = 00:00:13 . Memory (MB): peak = 1240.324 ; gain = 135.926
---------------------------------------------------------------------------------
---------------------------------------------------------------------------------
Start RTL Component Statistics 
---------------------------------------------------------------------------------
Detailed RTL Component Info : 
+---Adders : 
	   2 Input   64 Bit       Adders := 3     
	   3 Input   64 Bit       Adders := 2     
	   2 Input   17 Bit       Adders := 1     
	   2 Input   16 Bit       Adders := 2     
	   3 Input   15 Bit       Adders := 1     
	   2 Input   10 Bit       Adders := 1     
	   4 Input    9 Bit       Adders := 1     
	   3 Input    9 Bit       Adders := 1     
	   2 Input    8 Bit       Adders := 1     
	   2 Input    7 Bit       Adders := 1     
	   3 Input    6 Bit       Adders := 1     
	   2 Input    6 Bit       Adders := 4     
	   2 Input    4 Bit       Adders := 3     
	   2 Input    3 Bit       Adders := 1     
	   2 Input    2 Bit       Adders := 3     
+---Registers : 
	               96 Bit    Registers := 2     
	               64 Bit    Registers := 5     
	               48 Bit    Registers := 1     
	               32 Bit    Registers := 33    
	               19 Bit    Registers := 7     
	               16 Bit    Registers := 129   
	               15 Bit    Registers := 2     
	               14 Bit    Registers := 1     
	                9 Bit    Registers := 1     
	                8 Bit    Registers := 5     
	                7 Bit    Registers := 4     
	                6 Bit    Registers := 5     
	                4 Bit    Registers := 7     
	                3 Bit    Registers := 4     
	                2 Bit    Registers := 6     
	                1 Bit    Registers := 29    
+---Multipliers : 
	              32x64  Multipliers := 1     
	              16x32  Multipliers := 1     
+---RAMs : 
	             160K Bit	(20480 X 8 bit)          RAMs := 1     
	              90K Bit	(1440 X 64 bit)          RAMs := 1     
	              24K Bit	(384 X 64 bit)          RAMs := 1     
+---Muxes : 
	   2 Input   64 Bit        Muxes := 18    
	   2 Input   32 Bit        Muxes := 16    
	   2 Input   17 Bit        Muxes := 1     
	   2 Input   16 Bit        Muxes := 66    
	   3 Input   15 Bit        Muxes := 1     
	   2 Input   15 Bit        Muxes := 2     
	   2 Input   10 Bit        Muxes := 1     
	   2 Input    8 Bit        Muxes := 9     
	   4 Input    8 Bit        Muxes := 1     
	   3 Input    8 Bit        Muxes := 3     
	   4 Input    7 Bit        Muxes := 1     
	   2 Input    7 Bit        Muxes := 1     
	   4 Input    4 Bit        Muxes := 2     
	   2 Input    4 Bit        Muxes := 2     
	   4 Input    3 Bit        Muxes := 2     
	   2 Input    3 Bit        Muxes := 3     
	   3 Input    3 Bit        Muxes := 1     
	   4 Input    2 Bit        Muxes := 2     
	   2 Input    2 Bit        Muxes := 2     
	   3 Input    2 Bit        Muxes := 1     
	   4 Input    1 Bit        Muxes := 7     
	   2 Input    1 Bit        Muxes := 206   
	   3 Input    1 Bit        Muxes := 1     
	   5 Input    1 Bit        Muxes := 1     
---------------------------------------------------------------------------------
Finished RTL Component Statistics 
---------------------------------------------------------------------------------
---------------------------------------------------------------------------------
Start Part Resource Summary
---------------------------------------------------------------------------------
Part Resources:
DSPs: 220 (col length:60)
BRAMs: 280 (col length: RAMB18 60 RAMB36 30)
---------------------------------------------------------------------------------
Finished Part Resource Summary
---------------------------------------------------------------------------------
---------------------------------------------------------------------------------
Start Cross Boundary and Area Optimization
---------------------------------------------------------------------------------
DSP Report: Generating DSP acc_mult, operation Mode is: A2*B2.
DSP Report: register acc_mult is absorbed into DSP acc_mult.
DSP Report: register acc_mult is absorbed into DSP acc_mult.
DSP Report: operator acc_mult is absorbed into DSP acc_mult.
DSP Report: operator acc_mult is absorbed into DSP acc_mult.
DSP Report: Generating DSP acc_r3_reg, operation Mode is: (PCIN>>17)+A2*B2.
DSP Report: register acc_r3_reg is absorbed into DSP acc_r3_reg.
DSP Report: register acc_r3_reg is absorbed into DSP acc_r3_reg.
DSP Report: register acc_r3_reg is absorbed into DSP acc_r3_reg.
DSP Report: operator acc_mult is absorbed into DSP acc_r3_reg.
DSP Report: operator acc_mult is absorbed into DSP acc_r3_reg.
DSP Report: Generating DSP acc_mult, operation Mode is: A2*B2.
DSP Report: register acc_mult is absorbed into DSP acc_mult.
DSP Report: register acc_mult is absorbed into DSP acc_mult.
DSP Report: operator acc_mult is absorbed into DSP acc_mult.
DSP Report: operator acc_mult is absorbed into DSP acc_mult.
DSP Report: Generating DSP acc_mult, operation Mode is: PCIN+A2*B2.
DSP Report: register acc_mult is absorbed into DSP acc_mult.
DSP Report: register acc_mult is absorbed into DSP acc_mult.
DSP Report: operator acc_mult is absorbed into DSP acc_mult.
DSP Report: operator acc_mult is absorbed into DSP acc_mult.
DSP Report: Generating DSP acc_r3_reg, operation Mode is: (PCIN>>17)+A2*B2.
DSP Report: register acc_r3_reg is absorbed into DSP acc_r3_reg.
DSP Report: register acc_r3_reg is absorbed into DSP acc_r3_reg.
DSP Report: register acc_r3_reg is absorbed into DSP acc_r3_reg.
DSP Report: operator acc_mult is absorbed into DSP acc_r3_reg.
DSP Report: operator acc_mult is absorbed into DSP acc_r3_reg.
DSP Report: Generating DSP acc_mult, operation Mode is: A2*B2.
DSP Report: register acc_mult is absorbed into DSP acc_mult.
DSP Report: register acc_mult is absorbed into DSP acc_mult.
DSP Report: operator acc_mult is absorbed into DSP acc_mult.
DSP Report: operator acc_mult is absorbed into DSP acc_mult.
DSP Report: Generating DSP acc_mult, operation Mode is: (PCIN>>17)+A2*B2.
DSP Report: register acc_mult is absorbed into DSP acc_mult.
DSP Report: register acc_mult is absorbed into DSP acc_mult.
DSP Report: operator acc_mult is absorbed into DSP acc_mult.
DSP Report: operator acc_mult is absorbed into DSP acc_mult.
DSP Report: Generating DSP acc_r3_reg, operation Mode is: (PCIN+A2*B2)'.
DSP Report: register acc_r3_reg is absorbed into DSP acc_r3_reg.
DSP Report: register acc_r3_reg is absorbed into DSP acc_r3_reg.
DSP Report: register acc_r3_reg is absorbed into DSP acc_r3_reg.
DSP Report: operator acc_mult is absorbed into DSP acc_r3_reg.
DSP Report: operator acc_mult is absorbed into DSP acc_r3_reg.
DSP Report: Generating DSP prod_r20, operation Mode is: A*B2.
DSP Report: register sum_r1_reg is absorbed into DSP prod_r20.
DSP Report: operator prod_r20 is absorbed into DSP prod_r20.
DSP Report: operator prod_r20 is absorbed into DSP prod_r20.
DSP Report: Generating DSP prod_r2_reg, operation Mode is: (PCIN>>17)+A2*B.
DSP Report: register sum_r1_reg is absorbed into DSP prod_r2_reg.
DSP Report: register prod_r2_reg is absorbed into DSP prod_r2_reg.
DSP Report: operator prod_r20 is absorbed into DSP prod_r2_reg.
DSP Report: operator prod_r20 is absorbed into DSP prod_r2_reg.
DSP Report: Generating DSP dq0, operation Mode is: A*(B:0x1556).
DSP Report: operator dq0 is absorbed into DSP dq0.
---------------------------------------------------------------------------------
Finished Cross Boundary and Area Optimization : Time (s): cpu = 00:00:28 ; elapsed = 00:00:30 . Memory (MB): peak = 1307.891 ; gain = 203.492
---------------------------------------------------------------------------------
---------------------------------------------------------------------------------
Start ROM, RAM, DSP, Shift Register and Retiming Reporting
---------------------------------------------------------------------------------

Block RAM: Preliminary Mapping	Report (see note below)
+------------+------------------------------------+------------------------+---+---+------------------------+---+---+------------------+--------+--------+
|Module Name | RTL Object                         | PORT A (Depth x Width) | W | R | PORT B (Depth x Width) | W | R | Ports driving FF | RAMB18 | RAMB36 | 
+------------+------------------------------------+------------------------+---+---+------------------------+---+---+------------------+--------+--------+
|CNN_Encoder | u_input_buf/gen_word_write.mem_reg | 1 K x 64(READ_FIRST)   | W |   | 1 K x 64(WRITE_FIRST)  |   | R | Port A and B     | 0      | 4      | 
|CNN_Encoder | u_fmap1_buf/gen_legacy.mem_reg     | 20 K x 8(READ_FIRST)   | W |   | 20 K x 8(WRITE_FIRST)  |   | R | Port A and B     | 0      | 8      | 
|u_pool      | res_mem_reg                        | 384 x 64(READ_FIRST)   | W |   | 384 x 64(WRITE_FIRST)  |   | R | Port A and B     | 0      | 1      | 
+------------+------------------------------------+------------------------+---+---+------------------------+---+---+------------------+--------+--------+

Note: The table above is a preliminary report that shows the Block RAMs at the current stage of the synthesis flow. Some Block RAMs may be reimplemented as non Block RAM primitives later in the synthesis flow. Multiple instantiated Block RAMs are reported only once. 

DSP: Preliminary Mapping	Report (see note below)
+--------------+------------------+--------+--------+--------+--------+--------+------+------+------+------+-------+------+------+
|Module Name   | DSP Mapping      | A Size | B Size | C Size | D Size | P Size | AREG | BREG | CREG | DREG | ADREG | MREG | PREG | 
+--------------+------------------+--------+--------+--------+--------+--------+------+------+------+------+-------+------+------+
|requant_stage | A2*B2            | 18     | 13     | -      | -      | 48     | 1    | 1    | -    | -    | -     | 0    | 0    | 
|requant_stage | (PCIN>>17)+A2*B2 | 15     | 13     | -      | -      | 48     | 1    | 1    | -    | -    | -     | 0    | 1    | 
|requant_stage | A2*B2            | 18     | 15     | -      | -      | 48     | 1    | 1    | -    | -    | -     | 0    | 0    | 
|requant_stage | PCIN+A2*B2       | 18     | 18     | -      | -      | 48     | 1    | 1    | -    | -    | -     | 0    | 0    | 
|requant_stage | (PCIN>>17)+A2*B2 | 18     | 15     | -      | -      | 48     | 1    | 1    | -    | -    | -     | 0    | 1    | 
|requant_stage | A2*B2            | 18     | 18     | -      | -      | 48     | 1    | 1    | -    | -    | -     | 0    | 0    | 
|requant_stage | (PCIN>>17)+A2*B2 | 18     | 15     | -      | -      | 48     | 1    | 1    | -    | -    | -     | 0    | 0    | 
|requant_stage | (PCIN+A2*B2)'    | 18     | 18     | -      | -      | 48     | 1    | 1    | -    | -    | -     | 0    | 1    | 
|Pool          | A*B2             | 18     | 16     | -      | -      | 48     | 0    | 1    | -    | -    | -     | 0    | 0    | 
|Pool          | (PCIN>>17)+A2*B  | 16     | 15     | -      | -      | 48     | 1    | 0    | -    | -    | -     | 0    | 1    | 
|Pool          | A*(B:0x1556)     | 17     | 13     | -      | -      | 30     | 0    | 0    | -    | -    | -     | 0    | 0    | 
+--------------+------------------+--------+--------+--------+--------+--------+------+------+------+------+-------+------+------+

Note: The table above is a preliminary report that shows the DSPs inferred at the current stage of the synthesis flow. Some DSP may be reimplemented as non DSP primitives later in the synthesis flow. Multiple instantiated DSPs are reported only once.
---------------------------------------------------------------------------------
Finished ROM, RAM, DSP, Shift Register and Retiming Reporting
---------------------------------------------------------------------------------
---------------------------------------------------------------------------------
Start Applying XDC Timing Constraints
---------------------------------------------------------------------------------
WARNING: [Synth 8-565] redefining clock 'ACLK'
---------------------------------------------------------------------------------
Finished Applying XDC Timing Constraints : Time (s): cpu = 00:00:35 ; elapsed = 00:00:38 . Memory (MB): peak = 1307.891 ; gain = 203.492
---------------------------------------------------------------------------------
---------------------------------------------------------------------------------
Start Timing Optimization
---------------------------------------------------------------------------------
---------------------------------------------------------------------------------
Finished Timing Optimization : Time (s): cpu = 00:00:41 ; elapsed = 00:00:44 . Memory (MB): peak = 1533.891 ; gain = 429.492
---------------------------------------------------------------------------------
---------------------------------------------------------------------------------
Start ROM, RAM, DSP, Shift Register and Retiming Reporting
---------------------------------------------------------------------------------

Block RAM: Final Mapping	Report
+------------+------------------------------------+------------------------+---+---+------------------------+---+---+------------------+--------+--------+
|Module Name | RTL Object                         | PORT A (Depth x Width) | W | R | PORT B (Depth x Width) | W | R | Ports driving FF | RAMB18 | RAMB36 | 
+------------+------------------------------------+------------------------+---+---+------------------------+---+---+------------------+--------+--------+
|CNN_Encoder | u_input_buf/gen_word_write.mem_reg | 1 K x 64(READ_FIRST)   | W |   | 1 K x 64(WRITE_FIRST)  |   | R | Port A and B     | 0      | 4      | 
|CNN_Encoder | u_fmap1_buf/gen_legacy.mem_reg     | 20 K x 8(READ_FIRST)   | W |   | 20 K x 8(WRITE_FIRST)  |   | R | Port A and B     | 0      | 8      | 
|u_pool      | res_mem_reg                        | 384 x 64(READ_FIRST)   | W |   | 384 x 64(WRITE_FIRST)  |   | R | Port A and B     | 0      | 1      | 
+------------+------------------------------------+------------------------+---+---+------------------------+---+---+------------------+--------+--------+

---------------------------------------------------------------------------------
Finished ROM, RAM, DSP, Shift Register and Retiming Reporting
---------------------------------------------------------------------------------
---------------------------------------------------------------------------------
Start Technology Mapping
---------------------------------------------------------------------------------
INFO: [Synth 8-7052] The timing for the instance u_input_buf/gen_word_write.mem_reg_0 (implemented as a Block RAM) might be sub-optimal as no optional output register could be merged into the ram block. Providing additional output register may help in improving timing.
INFO: [Synth 8-7052] The timing for the instance u_input_buf/gen_word_write.mem_reg_1 (implemented as a Block RAM) might be sub-optimal as no optional output register could be merged into the ram block. Providing additional output register may help in improving timing.
INFO: [Synth 8-7052] The timing for the instance u_input_buf/gen_word_write.mem_reg_2 (implemented as a Block RAM) might be sub-optimal as no optional output register could be merged into the ram block. Providing additional output register may help in improving timing.
INFO: [Synth 8-7052] The timing for the instance u_input_buf/gen_word_write.mem_reg_3 (implemented as a Block RAM) might be sub-optimal as no optional output register could be merged into the ram block. Providing additional output register may help in improving timing.
INFO: [Synth 8-7052] The timing for the instance u_fmap1_buf/gen_legacy.mem_reg_0_0 (implemented as a Block RAM) might be sub-optimal as no optional output register could be merged into the ram block. Providing additional output register may help in improving timing.
INFO: [Synth 8-7052] The timing for the instance u_fmap1_buf/gen_legacy.mem_reg_0_1 (implemented as a Block RAM) might be sub-optimal as no optional output register could be merged into the ram block. Providing additional output register may help in improving timing.
INFO: [Synth 8-7052] The timing for the instance u_fmap1_buf/gen_legacy.mem_reg_0_2 (implemented as a Block RAM) might be sub-optimal as no optional output register could be merged into the ram block. Providing additional output register may help in improving timing.
INFO: [Synth 8-7052] The timing for the instance u_fmap1_buf/gen_legacy.mem_reg_0_3 (implemented as a Block RAM) might be sub-optimal as no optional output register could be merged into the ram block. Providing additional output register may help in improving timing.
INFO: [Synth 8-7052] The timing for the instance u_fmap1_buf/gen_legacy.mem_reg_0_4 (implemented as a Block RAM) might be sub-optimal as no optional output register could be merged into the ram block. Providing additional output register may help in improving timing.
INFO: [Synth 8-7052] The timing for the instance u_fmap1_buf/gen_legacy.mem_reg_0_5 (implemented as a Block RAM) might be sub-optimal as no optional output register could be merged into the ram block. Providing additional output register may help in improving timing.
INFO: [Synth 8-7052] The timing for the instance u_fmap1_buf/gen_legacy.mem_reg_0_6 (implemented as a Block RAM) might be sub-optimal as no optional output register could be merged into the ram block. Providing additional output register may help in improving timing.
INFO: [Synth 8-7052] The timing for the instance u_fmap1_buf/gen_legacy.mem_reg_0_7 (implemented as a Block RAM) might be sub-optimal as no optional output register could be merged into the ram block. Providing additional output register may help in improving timing.
INFO: [Synth 8-7052] The timing for the instance u_pool/res_mem_reg (implemented as a Block RAM) might be sub-optimal as no optional output register could be merged into the ram block. Providing additional output register may help in improving timing.
---------------------------------------------------------------------------------
Finished Technology Mapping : Time (s): cpu = 00:00:45 ; elapsed = 00:00:47 . Memory (MB): peak = 1533.891 ; gain = 429.492
---------------------------------------------------------------------------------
---------------------------------------------------------------------------------
Start IO Insertion
---------------------------------------------------------------------------------
---------------------------------------------------------------------------------
Start Flattening Before IO Insertion
---------------------------------------------------------------------------------
---------------------------------------------------------------------------------
Finished Flattening Before IO Insertion
---------------------------------------------------------------------------------
---------------------------------------------------------------------------------
Start Final Netlist Cleanup
---------------------------------------------------------------------------------
---------------------------------------------------------------------------------
Finished Final Netlist Cleanup
---------------------------------------------------------------------------------
---------------------------------------------------------------------------------
Finished IO Insertion : Time (s): cpu = 00:00:47 ; elapsed = 00:00:50 . Memory (MB): peak = 1533.891 ; gain = 429.492
---------------------------------------------------------------------------------
---------------------------------------------------------------------------------
Start Renaming Generated Instances
---------------------------------------------------------------------------------
---------------------------------------------------------------------------------
Finished Renaming Generated Instances : Time (s): cpu = 00:00:47 ; elapsed = 00:00:50 . Memory (MB): peak = 1533.891 ; gain = 429.492
---------------------------------------------------------------------------------
---------------------------------------------------------------------------------
Start Rebuilding User Hierarchy
---------------------------------------------------------------------------------
---------------------------------------------------------------------------------
Finished Rebuilding User Hierarchy : Time (s): cpu = 00:00:48 ; elapsed = 00:00:51 . Memory (MB): peak = 1533.891 ; gain = 429.492
---------------------------------------------------------------------------------
---------------------------------------------------------------------------------
Start Renaming Generated Ports
---------------------------------------------------------------------------------
---------------------------------------------------------------------------------
Finished Renaming Generated Ports : Time (s): cpu = 00:00:48 ; elapsed = 00:00:51 . Memory (MB): peak = 1533.891 ; gain = 429.492
---------------------------------------------------------------------------------
---------------------------------------------------------------------------------
Start Handling Custom Attributes
---------------------------------------------------------------------------------
---------------------------------------------------------------------------------
Finished Handling Custom Attributes : Time (s): cpu = 00:00:48 ; elapsed = 00:00:51 . Memory (MB): peak = 1533.891 ; gain = 429.492
---------------------------------------------------------------------------------
---------------------------------------------------------------------------------
Start Renaming Generated Nets
---------------------------------------------------------------------------------
---------------------------------------------------------------------------------
Finished Renaming Generated Nets : Time (s): cpu = 00:00:48 ; elapsed = 00:00:51 . Memory (MB): peak = 1533.891 ; gain = 429.492
---------------------------------------------------------------------------------
---------------------------------------------------------------------------------
Start ROM, RAM, DSP, Shift Register and Retiming Reporting
---------------------------------------------------------------------------------

Static Shift Register Report:
+------------+----------------------------+--------+-------+--------------+--------------------+-------------------+--------+---------+
|Module Name | RTL Name                   | Length | Width | Reset Signal | Pull out first Reg | Pull out last Reg | SRL16E | SRLC32E | 
+------------+----------------------------+--------+-------+--------------+--------------------+-------------------+--------+---------+
|CNN_Encoder | u_enc_rq/rq_tag_reg[18]    | 4      | 19    | NO           | NO                 | NO                | 19     | 0       | 
|CNN_Encoder | u_pool/idx_r4_reg[5]       | 4      | 6     | NO           | NO                 | YES               | 6      | 0       | 
|CNN_Encoder | u_pool/v_r4_reg            | 4      | 1     | YES          | NO                 | YES               | 1      | 0       | 
|CNN_Encoder | u_enc_gelu/rq_valid_r1_reg | 7      | 1     | YES          | NO                 | YES               | 1      | 0       | 
+------------+----------------------------+--------+-------+--------------+--------------------+-------------------+--------+---------+

---------------------------------------------------------------------------------
Finished ROM, RAM, DSP, Shift Register and Retiming Reporting
---------------------------------------------------------------------------------
---------------------------------------------------------------------------------
Start Writing Synthesis Report
---------------------------------------------------------------------------------

Report BlackBoxes: 
+-+--------------+----------+
| |BlackBox name |Instances |
+-+--------------+----------+
+-+--------------+----------+

Report Cell Usage: 
+------+---------+------+
|      |Cell     |Count |
+------+---------+------+
|1     |CARRY4   |   893|
|2     |DSP48E1  |    10|
|7     |LUT1     |    90|
|8     |LUT2     |   851|
|9     |LUT3     |  1484|
|10    |LUT4     |   603|
|11    |LUT5     |   700|
|12    |LUT6     |  3528|
|13    |MUXF7    |   344|
|14    |MUXF8    |   127|
|15    |RAMB36E1 |    13|
|18    |SRL16E   |    27|
|19    |FDRE     |  3512|
|20    |FDSE     |    18|
+------+---------+------+
---------------------------------------------------------------------------------
Finished Writing Synthesis Report : Time (s): cpu = 00:00:48 ; elapsed = 00:00:51 . Memory (MB): peak = 1533.891 ; gain = 429.492
---------------------------------------------------------------------------------
Synthesis finished with 0 errors, 0 critical warnings and 1 warnings.
Synthesis Optimization Runtime : Time (s): cpu = 00:00:42 ; elapsed = 00:00:49 . Memory (MB): peak = 1533.891 ; gain = 297.582
Synthesis Optimization Complete : Time (s): cpu = 00:00:49 ; elapsed = 00:00:51 . Memory (MB): peak = 1533.891 ; gain = 429.492
INFO: [Project 1-571] Translating synthesized netlist
Netlist sorting complete. Time (s): cpu = 00:00:00 ; elapsed = 00:00:00.086 . Memory (MB): peak = 1533.891 ; gain = 0.000
INFO: [Netlist 29-17] Analyzing 1387 Unisim elements for replacement
INFO: [Netlist 29-28] Unisim Transformation completed in 0 CPU seconds
INFO: [Project 1-570] Preparing netlist for logic optimization
Parsing XDC File [D:/2609_final_project/cnn_rtl/syn/timing_100mhz.xdc]
Finished Parsing XDC File [D:/2609_final_project/cnn_rtl/syn/timing_100mhz.xdc]
Parsing XDC File [D:/2609_final_project/cnn_rtl/docs/E-02a_runs/encoder_freq2_13.500/clock_period_override.xdc]
WARNING: [Constraints 18-619] A clock with name 'ACLK' already exists, overwriting the previous clock with the same name. [D:/2609_final_project/cnn_rtl/docs/E-02a_runs/encoder_freq2_13.500/clock_period_override.xdc:1]
Finished Parsing XDC File [D:/2609_final_project/cnn_rtl/docs/E-02a_runs/encoder_freq2_13.500/clock_period_override.xdc]
INFO: [Opt 31-138] Pushed 0 inverter(s) to 0 load pin(s).
Netlist sorting complete. Time (s): cpu = 00:00:00 ; elapsed = 00:00:00.001 . Memory (MB): peak = 1533.891 ; gain = 0.000
INFO: [Project 1-111] Unisim Transformation Summary:
No Unisim elements were transformed.

INFO: [Common 17-83] Releasing license: Synthesis
41 Infos, 3 Warnings, 0 Critical Warnings and 0 Errors encountered.
synth_design completed successfully
synth_design: Time (s): cpu = 00:00:55 ; elapsed = 00:00:59 . Memory (MB): peak = 1533.891 ; gain = 429.492
INFO: [Timing 38-35] Done setting XDC timing constraints.
INFO: [Timing 38-91] UpdateTimingParams: Speed grade: -1, Delay Type: min_max.
INFO: [Timing 38-191] Multithreading enabled for timing update using a maximum of 2 CPUs
WARNING: [Timing 38-242] The property HD.CLK_SRC of clock port "clk" is not set. In out-of-context mode, this prevents timing estimation for clock delay/skew
Resolution: Set the HD.CLK_SRC property of the out-of-context port to the location of the clock buffer instance in the top-level design
INFO: [Timing 38-91] UpdateTimingParams: Speed grade: -1, Delay Type: max.
INFO: [Timing 38-191] Multithreading enabled for timing update using a maximum of 2 CPUs
INFO: [Timing 38-78] ReportTimingParams: -max_paths 3 -nworst 1 -delay_type max -sort_by slack.
E02A_STAGE post_synth	-0.141	0.219	u_enc_rq/param3_reg[69]/C	u_enc_rq/rq_reg[1]/R
Command: opt_design -directive Explore
INFO: [Vivado_Tcl 4-136] Directive used for opt_design is: Explore
Attempting to get a license for feature 'Implementation' and/or device 'xc7z020'
INFO: [Common 17-349] Got license for feature 'Implementation' and/or device 'xc7z020'
Running DRC as a precondition to command opt_design

Starting DRC Task
INFO: [DRC 23-27] Running DRC with 2 threads
INFO: [Project 1-461] DRC finished with 0 Errors
INFO: [Project 1-462] Please refer to the DRC report (report_drc) for more information.

Time (s): cpu = 00:00:02 ; elapsed = 00:00:00.792 . Memory (MB): peak = 1610.656 ; gain = 23.367

Starting Cache Timing Information Task
Ending Cache Timing Information Task | Checksum: 1b4998ca6

Time (s): cpu = 00:00:00 ; elapsed = 00:00:00.002 . Memory (MB): peak = 1610.656 ; gain = 0.000

Starting Logic Optimization Task

Phase 1 Retarget
INFO: [Opt 31-138] Pushed 0 inverter(s) to 0 load pin(s).
INFO: [Opt 31-49] Retargeted 0 cell(s).
Phase 1 Retarget | Checksum: 3824707b

Time (s): cpu = 00:00:01 ; elapsed = 00:00:00.538 . Memory (MB): peak = 1780.527 ; gain = 0.000
INFO: [Opt 31-389] Phase Retarget created 0 cells and removed 1 cells

Phase 2 Constant propagation
INFO: [Opt 31-138] Pushed 0 inverter(s) to 0 load pin(s).
Phase 2 Constant propagation | Checksum: 3aae7a4f

Time (s): cpu = 00:00:01 ; elapsed = 00:00:00.621 . Memory (MB): peak = 1780.527 ; gain = 0.000
INFO: [Opt 31-389] Phase Constant propagation created 0 cells and removed 0 cells

Phase 3 Sweep
Phase 3 Sweep | Checksum: d9913144

Time (s): cpu = 00:00:01 ; elapsed = 00:00:00.787 . Memory (MB): peak = 1780.527 ; gain = 0.000
INFO: [Opt 31-389] Phase Sweep created 0 cells and removed 2 cells

Phase 4 BUFG optimization
Phase 4 BUFG optimization | Checksum: d9913144

Time (s): cpu = 00:00:01 ; elapsed = 00:00:00.825 . Memory (MB): peak = 1780.527 ; gain = 0.000
INFO: [Opt 31-662] Phase BUFG optimization created 0 cells of which 0 are BUFGs and removed 0 cells.

Phase 5 Shift Register Optimization
INFO: [Opt 31-1064] SRL Remap converted 0 SRLs to 0 registers and converted 0 registers of register chains to 0 SRLs
Phase 5 Shift Register Optimization | Checksum: d9913144

Time (s): cpu = 00:00:01 ; elapsed = 00:00:00.845 . Memory (MB): peak = 1780.527 ; gain = 0.000
INFO: [Opt 31-389] Phase Shift Register Optimization created 0 cells and removed 0 cells

Phase 6 Post Processing Netlist
Phase 6 Post Processing Netlist | Checksum: d9913144

Time (s): cpu = 00:00:01 ; elapsed = 00:00:00.883 . Memory (MB): peak = 1780.527 ; gain = 0.000
INFO: [Opt 31-389] Phase Post Processing Netlist created 0 cells and removed 0 cells
Opt_design Change Summary
=========================


-------------------------------------------------------------------------------------------------------------------------
|  Phase                        |  #Cells created  |  #Cells Removed  |  #Constrained objects preventing optimizations  |
-------------------------------------------------------------------------------------------------------------------------
|  Retarget                     |               0  |               1  |                                              0  |
|  Constant propagation         |               0  |               0  |                                              0  |
|  Sweep                        |               0  |               2  |                                              0  |
|  BUFG optimization            |               0  |               0  |                                              0  |
|  Shift Register Optimization  |               0  |               0  |                                              0  |
|  Post Processing Netlist      |               0  |               0  |                                              0  |
-------------------------------------------------------------------------------------------------------------------------



Starting Connectivity Check Task

Time (s): cpu = 00:00:00 ; elapsed = 00:00:00.016 . Memory (MB): peak = 1780.527 ; gain = 0.000
Ending Logic Optimization Task | Checksum: 140749aa5

Time (s): cpu = 00:00:01 ; elapsed = 00:00:01 . Memory (MB): peak = 1780.527 ; gain = 0.000

Starting Power Optimization Task
INFO: [Pwropt 34-132] Skipping clock gating for clocks with a period < 2.00 ns.
INFO: [Timing 38-35] Done setting XDC timing constraints.
Running Vector-less Activity Propagation...
INFO: [Pwropt 34-9] Applying IDT optimizations ...
INFO: [Pwropt 34-10] Applying ODC optimizations ...

Finished Running Vector-less Activity Propagation


Starting PowerOpt Patch Enables Task
INFO: [Pwropt 34-162] WRITE_MODE attribute of 0 BRAM(s) out of a total of 13 has been updated to save power. Run report_power_opt to get a complete listing of the BRAMs updated.
INFO: [Pwropt 34-201] Structural ODC has moved 0 WE to EN ports
Number of BRAM Ports augmented: 0 newly gated: 12 Total Ports: 26
Number of Flops added for Enable Generation: 5

Ending PowerOpt Patch Enables Task | Checksum: e4902f14

Time (s): cpu = 00:00:00 ; elapsed = 00:00:00.076 . Memory (MB): peak = 1897.938 ; gain = 0.000
Ending Power Optimization Task | Checksum: e4902f14

Time (s): cpu = 00:00:05 ; elapsed = 00:00:02 . Memory (MB): peak = 1897.938 ; gain = 117.410

Starting Final Cleanup Task

Starting Logic Optimization Task
INFO: [Timing 38-35] Done setting XDC timing constraints.
Ending Logic Optimization Task | Checksum: 1585ba989

Time (s): cpu = 00:00:01 ; elapsed = 00:00:00.639 . Memory (MB): peak = 1897.938 ; gain = 0.000
Ending Final Cleanup Task | Checksum: 1585ba989

Time (s): cpu = 00:00:02 ; elapsed = 00:00:02 . Memory (MB): peak = 1897.938 ; gain = 0.000

Starting Netlist Obfuscation Task
Netlist sorting complete. Time (s): cpu = 00:00:00 ; elapsed = 00:00:00.002 . Memory (MB): peak = 1897.938 ; gain = 0.000
Ending Netlist Obfuscation Task | Checksum: 1585ba989

Time (s): cpu = 00:00:00 ; elapsed = 00:00:00.002 . Memory (MB): peak = 1897.938 ; gain = 0.000
INFO: [Common 17-83] Releasing license: Implementation
70 Infos, 4 Warnings, 0 Critical Warnings and 0 Errors encountered.
opt_design completed successfully
opt_design: Time (s): cpu = 00:00:12 ; elapsed = 00:00:09 . Memory (MB): peak = 1897.938 ; gain = 326.582
Command: place_design -directive ExtraTimingOpt
Attempting to get a license for feature 'Implementation' and/or device 'xc7z020'
INFO: [Common 17-349] Got license for feature 'Implementation' and/or device 'xc7z020'
INFO: [Timing 38-35] Done setting XDC timing constraints.
WARNING: [Timing 38-242] The property HD.CLK_SRC of clock port "clk" is not set. In out-of-context mode, this prevents timing estimation for clock delay/skew
Resolution: Set the HD.CLK_SRC property of the out-of-context port to the location of the clock buffer instance in the top-level design
INFO: [DRC 23-27] Running DRC with 2 threads
INFO: [Vivado_Tcl 4-198] DRC finished with 0 Errors
INFO: [Vivado_Tcl 4-199] Please refer to the DRC report (report_drc) for more information.
Running DRC as a precondition to command place_design
INFO: [DRC 23-27] Running DRC with 2 threads
INFO: [Vivado_Tcl 4-198] DRC finished with 0 Errors
INFO: [Vivado_Tcl 4-199] Please refer to the DRC report (report_drc) for more information.

Starting Placer Task
INFO: [Place 46-5] The placer was invoked with the 'ExtraTimingOpt' directive.
INFO: [Place 30-611] Multithreading enabled for place_design using a maximum of 2 CPUs

Phase 1 Placer Initialization

Phase 1.1 Placer Initialization Netlist Sorting
Netlist sorting complete. Time (s): cpu = 00:00:00 ; elapsed = 00:00:00.003 . Memory (MB): peak = 1897.938 ; gain = 0.000
Phase 1.1 Placer Initialization Netlist Sorting | Checksum: 9387b4b6

Time (s): cpu = 00:00:00 ; elapsed = 00:00:00.013 . Memory (MB): peak = 1897.938 ; gain = 0.000
Netlist sorting complete. Time (s): cpu = 00:00:00 ; elapsed = 00:00:00.001 . Memory (MB): peak = 1897.938 ; gain = 0.000

Phase 1.2 IO Placement/ Clock Placement/ Build Placer Device
Phase 1.2 IO Placement/ Clock Placement/ Build Placer Device | Checksum: deaaea96

Time (s): cpu = 00:00:00 ; elapsed = 00:00:00.267 . Memory (MB): peak = 1897.938 ; gain = 0.000

Phase 1.3 Build Placer Netlist Model
Phase 1.3 Build Placer Netlist Model | Checksum: 171abc9c8

Time (s): cpu = 00:00:02 ; elapsed = 00:00:02 . Memory (MB): peak = 1897.938 ; gain = 0.000

Phase 1.4 Constrain Clocks/Macros
Phase 1.4 Constrain Clocks/Macros | Checksum: 171abc9c8

Time (s): cpu = 00:00:02 ; elapsed = 00:00:02 . Memory (MB): peak = 1897.938 ; gain = 0.000
Phase 1 Placer Initialization | Checksum: 171abc9c8

Time (s): cpu = 00:00:02 ; elapsed = 00:00:02 . Memory (MB): peak = 1897.938 ; gain = 0.000

Phase 2 Global Placement

Phase 2.1 Floorplanning
Phase 2.1 Floorplanning | Checksum: e0693ce9

Time (s): cpu = 00:00:03 ; elapsed = 00:00:02 . Memory (MB): peak = 1897.938 ; gain = 0.000

Phase 2.2 Update Timing before SLR Path Opt
Phase 2.2 Update Timing before SLR Path Opt | Checksum: 161ed7acc

Time (s): cpu = 00:00:03 ; elapsed = 00:00:02 . Memory (MB): peak = 1897.938 ; gain = 0.000

Phase 2.3 Global Placement Core

Phase 2.3.1 Physical Synthesis In Placer
INFO: [Physopt 32-1035] Found 111 LUTNM shape to break, 66 LUT instances to create LUTNM shape
INFO: [Physopt 32-1044] Break lutnm for timing: one critical 83, two critical 28, total 111, new lutff created 0
INFO: [Physopt 32-775] End 1 Pass. Optimized 140 nets or cells. Created 111 new cells, deleted 29 existing cells and moved 0 existing cell
INFO: [Physopt 32-65] No nets found for high-fanout optimization.
INFO: [Physopt 32-232] Optimized 0 net. Created 0 new instance.
INFO: [Physopt 32-775] End 1 Pass. Optimized 0 net or cell. Created 0 new cell, deleted 0 existing cell and moved 0 existing cell
INFO: [Physopt 32-457] Pass 1. Identified 3 candidate cells for DSP register optimization.
INFO: [Physopt 32-666] Processed cell u_enc_rq/acc_mult. No change.
INFO: [Physopt 32-665] Processed cell u_enc_rq/acc_r3_reg__0. 47 registers were pushed out.
INFO: [Physopt 32-666] Processed cell u_enc_rq/acc_r3_reg. No change.
INFO: [Physopt 32-457] Pass 2. Identified 2 candidate cells for DSP register optimization.
INFO: [Physopt 32-666] Processed cell u_enc_rq/acc_mult. No change.
INFO: [Physopt 32-666] Processed cell u_enc_rq/acc_r3_reg. No change.
INFO: [Physopt 32-775] End 2 Pass. Optimized 1 net or cell. Created 47 new cells, deleted 0 existing cell and moved 0 existing cell
Netlist sorting complete. Time (s): cpu = 00:00:00 ; elapsed = 00:00:00.008 . Memory (MB): peak = 1897.938 ; gain = 0.000
INFO: [Physopt 32-1123] No candidate cells found for Shift Register to Pipeline optimization
INFO: [Physopt 32-775] End 1 Pass. Optimized 0 net or cell. Created 0 new cell, deleted 0 existing cell and moved 0 existing cell
INFO: [Physopt 32-677] No candidate cells for Shift Register optimization found in the design
INFO: [Physopt 32-775] End 1 Pass. Optimized 0 net or cell. Created 0 new cell, deleted 0 existing cell and moved 0 existing cell
INFO: [Physopt 32-526] No candidate cells for BRAM register optimization found in the design
INFO: [Physopt 32-775] End 1 Pass. Optimized 0 net or cell. Created 0 new cell, deleted 0 existing cell and moved 0 existing cell
INFO: [Physopt 32-846] No candidate cells for URAM register optimization found in the design
INFO: [Physopt 32-775] End 2 Pass. Optimized 0 net or cell. Created 0 new cell, deleted 0 existing cell and moved 0 existing cell
INFO: [Physopt 32-949] No candidate nets found for dynamic/static region interface net replication
INFO: [Physopt 32-775] End 1 Pass. Optimized 0 net or cell. Created 0 new cell, deleted 0 existing cell and moved 0 existing cell
Netlist sorting complete. Time (s): cpu = 00:00:00 ; elapsed = 00:00:00.002 . Memory (MB): peak = 1897.938 ; gain = 0.000

Summary of Physical Synthesis Optimizations
============================================


-----------------------------------------------------------------------------------------------------------------------------------------------------------
|  Optimization                                     |  Added Cells  |  Removed Cells  |  Optimized Cells/Nets  |  Dont Touch  |  Iterations  |  Elapsed   |
-----------------------------------------------------------------------------------------------------------------------------------------------------------
|  LUT Combining                                    |          111  |             29  |                   140  |           0  |           1  |  00:00:00  |
|  Very High Fanout                                 |            0  |              0  |                     0  |           0  |           1  |  00:00:00  |
|  DSP Register                                     |           47  |              0  |                     1  |           0  |           1  |  00:00:00  |
|  Shift Register to Pipeline                       |            0  |              0  |                     0  |           0  |           1  |  00:00:00  |
|  Shift Register                                   |            0  |              0  |                     0  |           0  |           1  |  00:00:00  |
|  BRAM Register                                    |            0  |              0  |                     0  |           0  |           1  |  00:00:00  |
|  URAM Register                                    |            0  |              0  |                     0  |           0  |           1  |  00:00:00  |
|  Dynamic/Static Region Interface Net Replication  |            0  |              0  |                     0  |           0  |           1  |  00:00:00  |
|  Total                                            |          158  |             29  |                   141  |           0  |           8  |  00:00:01  |
-----------------------------------------------------------------------------------------------------------------------------------------------------------


Phase 2.3.1 Physical Synthesis In Placer | Checksum: 1e740d8ec

Time (s): cpu = 00:00:14 ; elapsed = 00:00:09 . Memory (MB): peak = 1897.938 ; gain = 0.000
Phase 2.3 Global Placement Core | Checksum: 24343d1bc

Time (s): cpu = 00:00:14 ; elapsed = 00:00:09 . Memory (MB): peak = 1897.938 ; gain = 0.000
Phase 2 Global Placement | Checksum: 24343d1bc

Time (s): cpu = 00:00:14 ; elapsed = 00:00:09 . Memory (MB): peak = 1897.938 ; gain = 0.000

Phase 3 Detail Placement

Phase 3.1 Commit Multi Column Macros
Phase 3.1 Commit Multi Column Macros | Checksum: 1dbd4a741

Time (s): cpu = 00:00:15 ; elapsed = 00:00:09 . Memory (MB): peak = 1897.938 ; gain = 0.000

Phase 3.2 Commit Most Macros & LUTRAMs
Phase 3.2 Commit Most Macros & LUTRAMs | Checksum: 21e626a8b

Time (s): cpu = 00:00:16 ; elapsed = 00:00:10 . Memory (MB): peak = 1897.938 ; gain = 0.000

Phase 3.3 Area Swap Optimization
Phase 3.3 Area Swap Optimization | Checksum: 2157b29a7

Time (s): cpu = 00:00:16 ; elapsed = 00:00:10 . Memory (MB): peak = 1897.938 ; gain = 0.000

Phase 3.4 Pipeline Register Optimization
Phase 3.4 Pipeline Register Optimization | Checksum: 212884208

Time (s): cpu = 00:00:16 ; elapsed = 00:00:10 . Memory (MB): peak = 1897.938 ; gain = 0.000

Phase 3.5 Fast Optimization
Phase 3.5 Fast Optimization | Checksum: 2505e8f53

Time (s): cpu = 00:00:18 ; elapsed = 00:00:12 . Memory (MB): peak = 1897.938 ; gain = 0.000

Phase 3.6 Small Shape Detail Placement
Phase 3.6 Small Shape Detail Placement | Checksum: 1d3e27e9c

Time (s): cpu = 00:00:19 ; elapsed = 00:00:13 . Memory (MB): peak = 1897.938 ; gain = 0.000

Phase 3.7 Re-assign LUT pins
Phase 3.7 Re-assign LUT pins | Checksum: 2352c1707

Time (s): cpu = 00:00:20 ; elapsed = 00:00:14 . Memory (MB): peak = 1897.938 ; gain = 0.000

Phase 3.8 Pipeline Register Optimization
Phase 3.8 Pipeline Register Optimization | Checksum: 1f881afef

Time (s): cpu = 00:00:20 ; elapsed = 00:00:14 . Memory (MB): peak = 1897.938 ; gain = 0.000

Phase 3.9 Fast Optimization
Phase 3.9 Fast Optimization | Checksum: 270f0dd6f

Time (s): cpu = 00:00:22 ; elapsed = 00:00:16 . Memory (MB): peak = 1897.938 ; gain = 0.000
Phase 3 Detail Placement | Checksum: 270f0dd6f

Time (s): cpu = 00:00:22 ; elapsed = 00:00:16 . Memory (MB): peak = 1897.938 ; gain = 0.000

Phase 4 Post Placement Optimization and Clean-Up

Phase 4.1 Post Commit Optimization
INFO: [Timing 38-35] Done setting XDC timing constraints.

Phase 4.1.1 Post Placement Optimization
Post Placement Optimization Initialization | Checksum: 260746a65

Phase 4.1.1.1 BUFG Insertion

Starting Physical Synthesis Task

Phase 1 Physical Synthesis Initialization
INFO: [Physopt 32-721] Multithreading enabled for phys_opt_design using a maximum of 2 CPUs
INFO: [Physopt 32-619] Estimated Timing Summary | WNS=-0.344 | TNS=-6.796 |
Phase 1 Physical Synthesis Initialization | Checksum: 23ff562ad

Time (s): cpu = 00:00:00 ; elapsed = 00:00:00.285 . Memory (MB): peak = 1897.938 ; gain = 0.000
INFO: [Place 46-33] Processed net u_pool/hold[0][15]_i_1_n_0, BUFG insertion was skipped due to placement/routing conflicts.
INFO: [Place 46-56] BUFG insertion identified 1 candidate nets. Inserted BUFG: 0, Replicated BUFG Driver: 0, Skipped due to Placement/Routing Conflicts: 1, Skipped due to Timing Degradation: 0, Skipped due to Illegal Netlist: 0.
Ending Physical Synthesis Task | Checksum: 21849726a

Time (s): cpu = 00:00:00 ; elapsed = 00:00:00.383 . Memory (MB): peak = 1897.938 ; gain = 0.000
Phase 4.1.1.1 BUFG Insertion | Checksum: 260746a65

Time (s): cpu = 00:00:25 ; elapsed = 00:00:18 . Memory (MB): peak = 1897.938 ; gain = 0.000
INFO: [Place 30-746] Post Placement Timing Summary WNS=-0.088. For the most accurate timing information please run report_timing.

Time (s): cpu = 00:00:47 ; elapsed = 00:00:40 . Memory (MB): peak = 1897.938 ; gain = 0.000
Phase 4.1 Post Commit Optimization | Checksum: 1fb583308

Time (s): cpu = 00:00:47 ; elapsed = 00:00:40 . Memory (MB): peak = 1897.938 ; gain = 0.000
Post Placement Optimization Initialization | Checksum: 23e8e695a

Starting Physical Synthesis Task

Phase 1 Physical Synthesis Initialization
INFO: [Physopt 32-721] Multithreading enabled for phys_opt_design using a maximum of 2 CPUs
INFO: [Physopt 32-619] Estimated Timing Summary | WNS=-0.088 | TNS=-0.408 |
Phase 1 Physical Synthesis Initialization | Checksum: 1f6486d10

Time (s): cpu = 00:00:00 ; elapsed = 00:00:00.212 . Memory (MB): peak = 1897.938 ; gain = 0.000
INFO: [Place 46-33] Processed net u_pool/hold[0][15]_i_1_n_0, BUFG insertion was skipped due to placement/routing conflicts.
INFO: [Place 46-56] BUFG insertion identified 1 candidate nets. Inserted BUFG: 0, Replicated BUFG Driver: 0, Skipped due to Placement/Routing Conflicts: 1, Skipped due to Timing Degradation: 0, Skipped due to Illegal Netlist: 0.
Ending Physical Synthesis Task | Checksum: 2401066fc

Time (s): cpu = 00:00:01 ; elapsed = 00:00:00.306 . Memory (MB): peak = 1897.938 ; gain = 0.000
INFO: [Place 30-746] Post Placement Timing Summary WNS=-0.088. For the most accurate timing information please run report_timing.

Phase 4.2 Post Placement Cleanup
Phase 4.2 Post Placement Cleanup | Checksum: 1c08d79c1

Time (s): cpu = 00:01:03 ; elapsed = 00:00:56 . Memory (MB): peak = 1897.938 ; gain = 0.000

Phase 4.3 Placer Reporting

Phase 4.3.1 Print Estimated Congestion
INFO: [Place 30-612] Post-Placement Estimated Congestion 
 ____________________________________________________
|           | Global Congestion | Short Congestion  |
| Direction | Region Size       | Region Size       |
|___________|___________________|___________________|
|      North|                1x1|                4x4|
|___________|___________________|___________________|
|      South|                1x1|                1x1|
|___________|___________________|___________________|
|       East|                1x1|                2x2|
|___________|___________________|___________________|
|       West|                1x1|                1x1|
|___________|___________________|___________________|

Phase 4.3.1 Print Estimated Congestion | Checksum: 1c08d79c1

Time (s): cpu = 00:01:03 ; elapsed = 00:00:56 . Memory (MB): peak = 1897.938 ; gain = 0.000
Phase 4.3 Placer Reporting | Checksum: 1c08d79c1

Time (s): cpu = 00:01:03 ; elapsed = 00:00:56 . Memory (MB): peak = 1897.938 ; gain = 0.000

Phase 4.4 Final Placement Cleanup
Netlist sorting complete. Time (s): cpu = 00:00:00 ; elapsed = 00:00:00.009 . Memory (MB): peak = 1897.938 ; gain = 0.000

Time (s): cpu = 00:01:03 ; elapsed = 00:00:56 . Memory (MB): peak = 1897.938 ; gain = 0.000
Phase 4 Post Placement Optimization and Clean-Up | Checksum: 1ace7ae13

Time (s): cpu = 00:01:03 ; elapsed = 00:00:56 . Memory (MB): peak = 1897.938 ; gain = 0.000
Ending Placer Task | Checksum: 174eee6f2

Time (s): cpu = 00:01:03 ; elapsed = 00:00:56 . Memory (MB): peak = 1897.938 ; gain = 0.000
INFO: [Common 17-83] Releasing license: Implementation
117 Infos, 5 Warnings, 0 Critical Warnings and 0 Errors encountered.
place_design completed successfully
place_design: Time (s): cpu = 00:01:07 ; elapsed = 00:00:58 . Memory (MB): peak = 1897.938 ; gain = 0.000
WARNING: [Timing 38-242] The property HD.CLK_SRC of clock port "clk" is not set. In out-of-context mode, this prevents timing estimation for clock delay/skew
Resolution: Set the HD.CLK_SRC property of the out-of-context port to the location of the clock buffer instance in the top-level design
INFO: [Timing 38-78] ReportTimingParams: -max_paths 3 -nworst 1 -delay_type max -sort_by slack.
E02A_STAGE post_place	-0.088	0.125	u_input_buf/gen_word_write.mem_reg_1/CLKBWRCLK	u_conv_mac/g_lane[3].lane_out_reg[29]/D
Command: phys_opt_design -directive AggressiveExplore
Attempting to get a license for feature 'Implementation' and/or device 'xc7z020'
INFO: [Common 17-349] Got license for feature 'Implementation' and/or device 'xc7z020'
INFO: [Vivado_Tcl 4-137] Directive used for phys_opt_design is: AggressiveExplore
Netlist sorting complete. Time (s): cpu = 00:00:00 ; elapsed = 00:00:00.002 . Memory (MB): peak = 1897.938 ; gain = 0.000

Starting Physical Synthesis Task

Phase 1 Physical Synthesis Initialization
INFO: [Physopt 32-721] Multithreading enabled for phys_opt_design using a maximum of 2 CPUs
WARNING: [Timing 38-242] The property HD.CLK_SRC of clock port "clk" is not set. In out-of-context mode, this prevents timing estimation for clock delay/skew
Resolution: Set the HD.CLK_SRC property of the out-of-context port to the location of the clock buffer instance in the top-level design
INFO: [Physopt 32-619] Estimated Timing Summary | WNS=-0.088 | TNS=-0.408 |
Phase 1 Physical Synthesis Initialization | Checksum: 1f199edce

Time (s): cpu = 00:00:02 ; elapsed = 00:00:00.872 . Memory (MB): peak = 1897.938 ; gain = 0.000

Phase 2 SLR Crossing Optimization
Phase 2 SLR Crossing Optimization | Checksum: 1f199edce

Time (s): cpu = 00:00:02 ; elapsed = 00:00:00.890 . Memory (MB): peak = 1897.938 ; gain = 0.000
INFO: [Physopt 32-619] Estimated Timing Summary | WNS=-0.088 | TNS=-0.408 |

Phase 3 Fanout Optimization
INFO: [Physopt 32-76] Pass 1. Identified 3 candidate nets for fanout optimization.
INFO: [Physopt 32-572] Net u_input_buf/g_lane[0].prod__0_carry_i_8_n_0 was not replicated.
Resolution: phys_opt_design can be forced to replicate a net driver using the option -force_replication_on_nets <list of net objects>.
INFO: [Physopt 32-572] Net u_input_buf/g_lane[2].prod__0_carry_i_8_n_0 was not replicated.
Resolution: phys_opt_design can be forced to replicate a net driver using the option -force_replication_on_nets <list of net objects>.
INFO: [Physopt 32-572] Net u_input_buf/g_lane[0].prod__0_carry__0_i_9_n_0 was not replicated.
Resolution: phys_opt_design can be forced to replicate a net driver using the option -force_replication_on_nets <list of net objects>.
INFO: [Physopt 32-232] Optimized 0 net. Created 0 new instance.
INFO: [Physopt 32-775] End 1 Pass. Optimized 0 net or cell. Created 0 new cell, deleted 0 existing cell and moved 0 existing cell
Netlist sorting complete. Time (s): cpu = 00:00:00 ; elapsed = 00:00:00.004 . Memory (MB): peak = 1897.938 ; gain = 0.000
Phase 3 Fanout Optimization | Checksum: 1f199edce

Time (s): cpu = 00:00:03 ; elapsed = 00:00:02 . Memory (MB): peak = 1897.938 ; gain = 0.000

Phase 4 Single Cell Placement Optimization
INFO: [Physopt 32-660] Identified 250 candidate nets for placement-based optimization.
INFO: [Physopt 32-662] Processed net u_input_buf/g_lane[0].prod__0_carry_i_8_n_0.  Did not re-place instance u_input_buf/g_lane[0].prod__0_carry_i_8
INFO: [Physopt 32-662] Processed net u_conv_mac/g_lane[3].prod__86_carry__0_i_1_n_0.  Did not re-place instance u_conv_mac/g_lane[3].prod__86_carry__0_i_1
INFO: [Physopt 32-662] Processed net u_input_buf/conv_rdata[26][1].  Did not re-place instance u_input_buf/g_lane[3].prod__0_carry__0_i_3
INFO: [Physopt 32-662] Processed net u_input_buf/g_lane[0].prod__0_carry_i_13_n_0.  Did not re-place instance u_input_buf/g_lane[0].prod__0_carry_i_13
INFO: [Physopt 32-662] Processed net u_conv_mac/g_lane[3].prod__86_carry__0_i_5_n_0.  Did not re-place instance u_conv_mac/g_lane[3].prod__86_carry__0_i_5
INFO: [Physopt 32-662] Processed net u_conv_mac/g_lane[3].sum_carry__3_i_8_n_0.  Did not re-place instance u_conv_mac/g_lane[3].sum_carry__3_i_8
INFO: [Physopt 32-662] Processed net u_input_buf/conv_rdata[25]_1[1].  Did not re-place instance u_input_buf/g_lane[3].prod__0_carry__0_i_7
INFO: [Physopt 32-662] Processed net u_conv_mac/g_lane[3].lane_out[29].  Did not re-place instance u_conv_mac/g_lane[3].lane_out_reg[29]
INFO: [Physopt 32-662] Processed net u_conv_mac/g_lane[3].lane_out[31].  Did not re-place instance u_conv_mac/g_lane[3].lane_out_reg[31]
INFO: [Physopt 32-663] Processed net p_r3[1]_i_229_n_0.  Re-placed instance p_r3[1]_i_229
INFO: [Physopt 32-662] Processed net u_pool/p_r3[14]_i_1_n_0.  Did not re-place instance u_pool/p_r3[14]_i_1
INFO: [Physopt 32-663] Processed net u_pool/p_r3[14]_i_287_n_0.  Re-placed instance u_pool/p_r3[14]_i_287
INFO: [Physopt 32-663] Processed net u_pool/p_r3[14]_i_508_n_0.  Re-placed instance u_pool/p_r3[14]_i_508
INFO: [Physopt 32-662] Processed net u_pool/p_r3[14]_i_568_n_0.  Did not re-place instance u_pool/p_r3[14]_i_568
INFO: [Physopt 32-663] Processed net u_pool/p_r3[14]_i_178_n_0.  Re-placed instance u_pool/p_r3[14]_i_178
INFO: [Physopt 32-663] Processed net u_pool/p_r3[14]_i_435_n_0.  Re-placed instance u_pool/p_r3[14]_i_435
INFO: [Physopt 32-662] Processed net u_pool/p_r3[1]_i_153_n_0.  Did not re-place instance u_pool/p_r3[1]_i_153
INFO: [Physopt 32-662] Processed net u_pool/p_r3_reg[4]_inv_n_0.  Did not re-place instance u_pool/p_r3_reg[4]_inv
INFO: [Physopt 32-662] Processed net u_pool/p_r3_reg_n_0_[13].  Did not re-place instance u_pool/p_r3_reg[13]
INFO: [Physopt 32-662] Processed net u_pool/p_r3[14]_i_174_n_0.  Did not re-place instance u_pool/p_r3[14]_i_174
INFO: [Physopt 32-662] Processed net u_pool/p_r3_reg_n_0_[12].  Did not re-place instance u_pool/p_r3_reg[12]
INFO: [Physopt 32-662] Processed net u_pool/p_r3_reg_n_0_[2].  Did not re-place instance u_pool/p_r3_reg[2]
INFO: [Physopt 32-662] Processed net u_pool/p_r3_reg_n_0_[3].  Did not re-place instance u_pool/p_r3_reg[3]
INFO: [Physopt 32-662] Processed net u_pool/p_r3_reg_n_0_[7].  Did not re-place instance u_pool/p_r3_reg[7]
INFO: [Physopt 32-663] Processed net u_conv_mac/g_lane[3].sum_carry__3_i_4_n_0.  Re-placed instance u_conv_mac/g_lane[3].sum_carry__3_i_4
INFO: [Physopt 32-662] Processed net u_conv_mac/g_lane[3].lane_acc[16]_i_4_n_0.  Did not re-place instance u_conv_mac/g_lane[3].lane_acc[16]_i_4
INFO: [Physopt 32-662] Processed net u_conv_mac/g_lane[3].lane_acc_reg[29].  Did not re-place instance u_conv_mac/g_lane[3].lane_acc_reg[29]
INFO: [Physopt 32-662] Processed net u_conv_mac/g_lane[3].lane_out[30].  Did not re-place instance u_conv_mac/g_lane[3].lane_out_reg[30]
INFO: [Physopt 32-662] Processed net u_conv_mac/g_lane[3].lane_acc[16]_i_5_n_0.  Did not re-place instance u_conv_mac/g_lane[3].lane_acc[16]_i_5
INFO: [Physopt 32-662] Processed net u_pool/p_r3[14]_i_711_n_0.  Did not re-place instance u_pool/p_r3[14]_i_711
INFO: [Physopt 32-662] Processed net u_pool/p_r3[14]_i_476_n_0.  Did not re-place instance u_pool/p_r3[14]_i_476
INFO: [Physopt 32-662] Processed net u_pool/p_r3[14]_i_651_n_0.  Did not re-place instance u_pool/p_r3[14]_i_651
INFO: [Physopt 32-662] Processed net u_pool/p_r3[14]_i_408_n_0.  Did not re-place instance u_pool/p_r3[14]_i_408
INFO: [Physopt 32-662] Processed net u_pool/p_r3[14]_i_588_n_0.  Did not re-place instance u_pool/p_r3[14]_i_588
INFO: [Physopt 32-662] Processed net u_conv_mac/g_lane[3].lane_acc_reg[31].  Did not re-place instance u_conv_mac/g_lane[3].lane_acc_reg[31]
INFO: [Physopt 32-662] Processed net u_pool/p_r3[14]_i_527_n_0.  Did not re-place instance u_pool/p_r3[14]_i_527
INFO: [Physopt 32-662] Processed net u_pool/p_r3[14]_i_668_n_0.  Did not re-place instance u_pool/p_r3[14]_i_668
INFO: [Physopt 32-663] Processed net u_pool/p_r3[14]_i_640_n_0.  Re-placed instance u_pool/p_r3[14]_i_640
INFO: [Physopt 32-662] Processed net u_pool/p_r3[14]_i_700_n_0.  Did not re-place instance u_pool/p_r3[14]_i_700
INFO: [Physopt 32-662] Processed net u_pool/p_r3[14]_i_410_n_0.  Did not re-place instance u_pool/p_r3[14]_i_410
INFO: [Physopt 32-662] Processed net u_conv_mac/g_lane[3].lane_out[28].  Did not re-place instance u_conv_mac/g_lane[3].lane_out_reg[28]
INFO: [Physopt 32-662] Processed net u_conv_mac/g_lane[3].lane_out[25].  Did not re-place instance u_conv_mac/g_lane[3].lane_out_reg[25]
INFO: [Physopt 32-662] Processed net u_pool/p_r3[14]_i_404_n_0.  Did not re-place instance u_pool/p_r3[14]_i_404
INFO: [Physopt 32-662] Processed net u_pool/p_r3[14]_i_694_n_0.  Did not re-place instance u_pool/p_r3[14]_i_694
INFO: [Physopt 32-662] Processed net u_pool/p_r3[14]_i_729_n_0.  Did not re-place instance u_pool/p_r3[14]_i_729
INFO: [Physopt 32-662] Processed net u_pool/p_r3[14]_i_589_n_0.  Did not re-place instance u_pool/p_r3[14]_i_589
INFO: [Physopt 32-662] Processed net u_pool/p_r3[14]_i_112_n_0.  Did not re-place instance u_pool/p_r3[14]_i_112
INFO: [Physopt 32-662] Processed net u_conv_mac/g_lane[3].lane_acc[12]_i_4_n_0.  Did not re-place instance u_conv_mac/g_lane[3].lane_acc[12]_i_4
INFO: [Physopt 32-662] Processed net u_pool/p_r3[14]_i_119_n_0.  Did not re-place instance u_pool/p_r3[14]_i_119
INFO: [Physopt 32-662] Processed net u_pool/p_r3[13]_i_3_n_0.  Did not re-place instance u_pool/p_r3[13]_i_3
INFO: [Physopt 32-663] Processed net u_pool/p_r3[14]_i_14_n_0.  Re-placed instance u_pool/p_r3[14]_i_14
INFO: [Physopt 32-663] Processed net u_pool/p_r3[14]_i_50_n_0.  Re-placed instance u_pool/p_r3[14]_i_50
INFO: [Physopt 32-662] Processed net u_pool/p_r3[14]_i_525_n_0.  Did not re-place instance u_pool/p_r3[14]_i_525
INFO: [Physopt 32-662] Processed net u_pool/p_r3[14]_i_584_n_0.  Did not re-place instance u_pool/p_r3[14]_i_584
INFO: [Physopt 32-662] Processed net u_pool/p_r3[14]_i_716_n_0.  Did not re-place instance u_pool/p_r3[14]_i_716
INFO: [Physopt 32-662] Processed net u_pool/p_r3[14]_i_685_n_0.  Did not re-place instance u_pool/p_r3[14]_i_685
INFO: [Physopt 32-663] Processed net u_pool/p_r3[14]_i_726_n_0.  Re-placed instance u_pool/p_r3[14]_i_726
INFO: [Physopt 32-662] Processed net u_pool/p_r3[14]_i_523_n_0.  Did not re-place instance u_pool/p_r3[14]_i_523
INFO: [Physopt 32-662] Processed net u_pool/p_r3_reg_n_0_[10].  Did not re-place instance u_pool/p_r3_reg[10]
INFO: [Physopt 32-662] Processed net u_pool/p_r3_reg_n_0_[6].  Did not re-place instance u_pool/p_r3_reg[6]
INFO: [Physopt 32-662] Processed net u_pool/p_r3_reg_n_0_[8].  Did not re-place instance u_pool/p_r3_reg[8]
INFO: [Physopt 32-662] Processed net u_conv_mac/g_lane[3].lane_out[27].  Did not re-place instance u_conv_mac/g_lane[3].lane_out_reg[27]
INFO: [Physopt 32-662] Processed net u_pool/p_0_in.  Did not re-place instance u_pool/p_r3_reg[14]
INFO: [Physopt 32-662] Processed net u_pool/rs[13].  Did not re-place instance u_pool/p_r3[14]_i_521
INFO: [Physopt 32-662] Processed net u_pool/p_r3_reg_n_0_[11].  Did not re-place instance u_pool/p_r3_reg[11]
INFO: [Physopt 32-662] Processed net u_pool/p_r3_reg_n_0_[1].  Did not re-place instance u_pool/p_r3_reg[1]
INFO: [Physopt 32-662] Processed net u_pool/p_r3_reg_n_0_[5].  Did not re-place instance u_pool/p_r3_reg[5]
INFO: [Physopt 32-662] Processed net u_pool/p_r3_reg_n_0_[9].  Did not re-place instance u_pool/p_r3_reg[9]
INFO: [Physopt 32-662] Processed net u_pool/p_r3[14]_i_519_n_0.  Did not re-place instance u_pool/p_r3[14]_i_519
INFO: [Physopt 32-662] Processed net u_input_buf/g_lane[2].prod__0_carry_i_8_n_0.  Did not re-place instance u_input_buf/g_lane[2].prod__0_carry_i_8
INFO: [Physopt 32-662] Processed net u_input_buf/g_lane[0].prod__0_carry_i_15_n_0.  Did not re-place instance u_input_buf/g_lane[0].prod__0_carry_i_15
INFO: [Physopt 32-662] Processed net u_input_buf/conv_rdata[26][0].  Did not re-place instance u_input_buf/g_lane[3].prod__0_carry__0_i_4
INFO: [Physopt 32-662] Processed net u_input_buf/conv_rdata[25]_1[0].  Did not re-place instance u_input_buf/g_lane[3].prod__0_carry__0_i_8
INFO: [Physopt 32-663] Processed net u_pool/p_r3[14]_i_708_n_0.  Re-placed instance u_pool/p_r3[14]_i_708
INFO: [Physopt 32-662] Processed net u_pool/p_r3[14]_i_530_n_0.  Did not re-place instance u_pool/p_r3[14]_i_530
INFO: [Physopt 32-663] Processed net u_pool/p_r3[14]_i_644_n_0.  Re-placed instance u_pool/p_r3[14]_i_644
INFO: [Physopt 32-662] Processed net u_pool/p_r3[14]_i_721_n_0.  Did not re-place instance u_pool/p_r3[14]_i_721
INFO: [Physopt 32-662] Processed net u_pool/p_r3[14]_i_411_n_0.  Did not re-place instance u_pool/p_r3[14]_i_411
INFO: [Physopt 32-663] Processed net u_pool/p_r3[14]_i_586_n_0.  Re-placed instance u_pool/p_r3[14]_i_586
INFO: [Physopt 32-663] Processed net u_pool/p_r3[14]_i_688_n_0.  Re-placed instance u_pool/p_r3[14]_i_688
INFO: [Physopt 32-663] Processed net u_pool/p_r3[14]_i_740_n_0.  Re-placed instance u_pool/p_r3[14]_i_740
INFO: [Physopt 32-662] Processed net u_conv_mac/g_lane[3].lane_acc[12]_i_2_n_0.  Did not re-place instance u_conv_mac/g_lane[3].lane_acc[12]_i_2
INFO: [Physopt 32-662] Processed net u_conv_mac/g_lane[3].sum_carry__2_i_3_n_0.  Did not re-place instance u_conv_mac/g_lane[3].sum_carry__2_i_3
INFO: [Physopt 32-662] Processed net u_conv_mac/g_lane[3].sum_carry__2_i_1_n_0.  Did not re-place instance u_conv_mac/g_lane[3].sum_carry__2_i_1
INFO: [Physopt 32-662] Processed net u_pool/p_r3[14]_i_548_n_0.  Did not re-place instance u_pool/p_r3[14]_i_548
INFO: [Physopt 32-662] Processed net u_pool/p_r3[14]_i_624_n_0.  Did not re-place instance u_pool/p_r3[14]_i_624
INFO: [Physopt 32-662] Processed net u_conv_mac/g_lane[3].lane_acc_reg[30].  Did not re-place instance u_conv_mac/g_lane[3].lane_acc_reg[30]
INFO: [Physopt 32-662] Processed net u_pool/p_r3[14]_i_567_n_0.  Did not re-place instance u_pool/p_r3[14]_i_567
INFO: [Physopt 32-662] Processed net u_conv_mac/g_lane[3].lane_acc[12]_i_5_n_0.  Did not re-place instance u_conv_mac/g_lane[3].lane_acc[12]_i_5
INFO: [Physopt 32-662] Processed net u_pool/p_r3[14]_i_636_n_0.  Did not re-place instance u_pool/p_r3[14]_i_636
INFO: [Physopt 32-663] Processed net u_pool/p_r3[14]_i_691_n_0.  Re-placed instance u_pool/p_r3[14]_i_691
INFO: [Physopt 32-662] Processed net u_pool/p_r3[14]_i_742_n_0.  Did not re-place instance u_pool/p_r3[14]_i_742
INFO: [Physopt 32-662] Processed net u_pool/p_r3[14]_i_124_n_0.  Did not re-place instance u_pool/p_r3[14]_i_124
INFO: [Physopt 32-662] Processed net u_pool/p_r3[14]_i_524_n_0.  Did not re-place instance u_pool/p_r3[14]_i_524
INFO: [Physopt 32-662] Processed net u_pool/p_r3[14]_i_532_n_0.  Did not re-place instance u_pool/p_r3[14]_i_532
INFO: [Physopt 32-662] Processed net u_conv_mac/g_lane[3].lane_acc_reg[28].  Did not re-place instance u_conv_mac/g_lane[3].lane_acc_reg[28]
INFO: [Physopt 32-662] Processed net u_pool/p_r3[14]_i_283_n_0.  Did not re-place instance u_pool/p_r3[14]_i_283
INFO: [Physopt 32-663] Processed net u_pool/p_r3[14]_i_547_n_0.  Re-placed instance u_pool/p_r3[14]_i_547
INFO: [Physopt 32-662] Processed net u_pool/p_r3[14]_i_662_n_0.  Did not re-place instance u_pool/p_r3[14]_i_662
INFO: [Physopt 32-662] Processed net u_pool/p_r3[14]_i_177_n_0.  Did not re-place instance u_pool/p_r3[14]_i_177
INFO: [Physopt 32-662] Processed net u_pool/p_r3[14]_i_406_n_0.  Did not re-place instance u_pool/p_r3[14]_i_406
INFO: [Physopt 32-663] Processed net u_pool/p_r3[14]_i_423_n_0.  Re-placed instance u_pool/p_r3[14]_i_423
INFO: [Physopt 32-662] Processed net u_conv_mac/g_lane[3].lane_acc_reg[25].  Did not re-place instance u_conv_mac/g_lane[3].lane_acc_reg[25]
INFO: [Physopt 32-662] Processed net u_conv_mac/g_lane[3].lane_acc[12]_i_3_n_0.  Did not re-place instance u_conv_mac/g_lane[3].lane_acc[12]_i_3
INFO: [Physopt 32-662] Processed net u_input_buf/conv_rdata[29][1].  Did not re-place instance u_input_buf/g_lane[3].prod__30_carry__0_i_3
INFO: [Physopt 32-662] Processed net u_input_buf/conv_rdata[28]_1[1].  Did not re-place instance u_input_buf/g_lane[3].prod__30_carry__0_i_7
INFO: [Physopt 32-662] Processed net u_conv_mac/g_lane[5].prod__86_carry__0_i_1_n_0.  Did not re-place instance u_conv_mac/g_lane[5].prod__86_carry__0_i_1
INFO: [Physopt 32-663] Processed net u_input_buf/conv_rdata[45][1].  Re-placed instance u_input_buf/g_lane[5].prod__30_carry__0_i_3
INFO: [Physopt 32-662] Processed net u_conv_mac/g_lane[5].prod__86_carry__0_i_5_n_0.  Did not re-place instance u_conv_mac/g_lane[5].prod__86_carry__0_i_5
INFO: [Physopt 32-662] Processed net u_conv_mac/g_lane[5].sum_carry__3_i_8_n_0.  Did not re-place instance u_conv_mac/g_lane[5].sum_carry__3_i_8
INFO: [Physopt 32-662] Processed net u_input_buf/conv_rdata[44]_1[1].  Did not re-place instance u_input_buf/g_lane[5].prod__30_carry__0_i_7
INFO: [Physopt 32-662] Processed net u_pool/p_r3[14]_i_407_n_0.  Did not re-place instance u_pool/p_r3[14]_i_407
INFO: [Physopt 32-662] Processed net u_conv_mac/g_lane[5].lane_out[29].  Did not re-place instance u_conv_mac/g_lane[5].lane_out_reg[29]
INFO: [Physopt 32-662] Processed net u_pool/p_r3[14]_i_618_n_0.  Did not re-place instance u_pool/p_r3[14]_i_618
INFO: [Physopt 32-662] Processed net u_input_buf/g_lane[0].prod__0_carry__0_i_9_n_0.  Did not re-place instance u_input_buf/g_lane[0].prod__0_carry__0_i_9
INFO: [Physopt 32-662] Processed net u_input_buf/conv_rdata[26][3].  Did not re-place instance u_input_buf/g_lane[3].prod__0_carry__0_i_1
INFO: [Physopt 32-663] Processed net u_input_buf/g_lane[0].prod__0_carry__0_i_17_n_0.  Re-placed instance u_input_buf/g_lane[0].prod__0_carry__0_i_17
INFO: [Physopt 32-662] Processed net u_input_buf/conv_rdata[25]_1[3].  Did not re-place instance u_input_buf/g_lane[3].prod__0_carry__0_i_5
INFO: [Physopt 32-662] Processed net u_conv_mac/g_lane[3].lane_out[26].  Did not re-place instance u_conv_mac/g_lane[3].lane_out_reg[26]
INFO: [Physopt 32-662] Processed net u_conv_mac/g_lane[3].lane_acc_reg[27].  Did not re-place instance u_conv_mac/g_lane[3].lane_acc_reg[27]
INFO: [Physopt 32-662] Processed net u_conv_mac/g_lane[3].lane_acc[8]_i_2_n_0.  Did not re-place instance u_conv_mac/g_lane[3].lane_acc[8]_i_2
INFO: [Physopt 32-662] Processed net u_conv_mac/g_lane[3].sum_carry__1_i_1_n_0.  Did not re-place instance u_conv_mac/g_lane[3].sum_carry__1_i_1
INFO: [Physopt 32-662] Processed net u_conv_mac/g_lane[5].lane_out[31].  Did not re-place instance u_conv_mac/g_lane[5].lane_out_reg[31]
INFO: [Physopt 32-662] Processed net u_pool/p_r3[14]_i_730_n_0.  Did not re-place instance u_pool/p_r3[14]_i_730
INFO: [Physopt 32-662] Processed net u_conv_mac/g_lane[3].lane_out[24].  Did not re-place instance u_conv_mac/g_lane[3].lane_out_reg[24]
INFO: [Physopt 32-662] Processed net u_conv_mac/g_lane[5].lane_acc[12]_i_5_n_0.  Did not re-place instance u_conv_mac/g_lane[5].lane_acc[12]_i_5
INFO: [Physopt 32-662] Processed net u_conv_mac/g_lane[5].lane_acc_reg[29].  Did not re-place instance u_conv_mac/g_lane[5].lane_acc_reg[29]
INFO: [Physopt 32-662] Processed net u_conv_mac/g_lane[3].lane_out[21].  Did not re-place instance u_conv_mac/g_lane[3].lane_out_reg[21]
INFO: [Physopt 32-662] Processed net u_conv_mac/g_lane[3].prod__86_carry__0_i_4_n_0.  Did not re-place instance u_conv_mac/g_lane[3].prod__86_carry__0_i_4
INFO: [Physopt 32-662] Processed net u_conv_mac/g_lane[7].prod__86_carry__0_i_1_n_0.  Did not re-place instance u_conv_mac/g_lane[7].prod__86_carry__0_i_1
INFO: [Physopt 32-663] Processed net u_input_buf/conv_rdata[58][1].  Re-placed instance u_input_buf/g_lane[7].prod__0_carry__0_i_3
INFO: [Physopt 32-662] Processed net u_conv_mac/g_lane[3].prod__86_carry__0_i_8_n_0.  Did not re-place instance u_conv_mac/g_lane[3].prod__86_carry__0_i_8
INFO: [Physopt 32-662] Processed net u_conv_mac/g_lane[3].sum_carry__2_i_4_n_0.  Did not re-place instance u_conv_mac/g_lane[3].sum_carry__2_i_4
INFO: [Physopt 32-662] Processed net u_conv_mac/g_lane[7].prod__86_carry__0_i_5_n_0.  Did not re-place instance u_conv_mac/g_lane[7].prod__86_carry__0_i_5
INFO: [Physopt 32-662] Processed net u_conv_mac/g_lane[7].sum_carry__3_i_8_n_0.  Did not re-place instance u_conv_mac/g_lane[7].sum_carry__3_i_8
INFO: [Physopt 32-662] Processed net u_input_buf/conv_rdata[57]_1[1].  Did not re-place instance u_input_buf/g_lane[7].prod__0_carry__0_i_7
INFO: [Physopt 32-662] Processed net u_conv_mac/g_lane[7].lane_out[29].  Did not re-place instance u_conv_mac/g_lane[7].lane_out_reg[29]
INFO: [Physopt 32-662] Processed net u_conv_mac/g_lane[1].prod__86_carry__0_i_1_n_0.  Did not re-place instance u_conv_mac/g_lane[1].prod__86_carry__0_i_1
INFO: [Physopt 32-663] Processed net u_input_buf/conv_rdata[10][0].  Re-placed instance u_input_buf/g_lane[1].prod__0_carry__0_i_4
INFO: [Physopt 32-662] Processed net u_conv_mac/g_lane[1].lane_acc[12]_i_5_n_0.  Did not re-place instance u_conv_mac/g_lane[1].lane_acc[12]_i_5
INFO: [Physopt 32-662] Processed net u_conv_mac/g_lane[1].prod__86_carry__0_i_5_n_0.  Did not re-place instance u_conv_mac/g_lane[1].prod__86_carry__0_i_5
INFO: [Physopt 32-662] Processed net u_input_buf/conv_rdata[9]_1[0].  Did not re-place instance u_input_buf/g_lane[1].prod__0_carry__0_i_8
INFO: [Physopt 32-662] Processed net u_pool/p_r3[1]_i_152_n_0.  Did not re-place instance u_pool/p_r3[1]_i_152
INFO: [Physopt 32-662] Processed net u_conv_mac/g_lane[1].lane_acc_reg[29].  Did not re-place instance u_conv_mac/g_lane[1].lane_acc_reg[29]
INFO: [Physopt 32-663] Processed net u_pool/p_r3[13]_i_14_n_0.  Re-placed instance u_pool/p_r3[13]_i_14
INFO: [Physopt 32-663] Processed net u_pool/p_r3[13]_i_8_n_0.  Re-placed instance u_pool/p_r3[13]_i_8
INFO: [Physopt 32-662] Processed net u_pool/p_r3[14]_i_127_n_0.  Did not re-place instance u_pool/p_r3[14]_i_127
INFO: [Physopt 32-662] Processed net u_pool/p_r3[12]_i_2_n_0.  Did not re-place instance u_pool/p_r3[12]_i_2
INFO: [Physopt 32-662] Processed net u_conv_mac/g_lane[5].sum_carry__2_i_4_n_0.  Did not re-place instance u_conv_mac/g_lane[5].sum_carry__2_i_4
INFO: [Physopt 32-662] Processed net u_pool/p_r3[1]_i_221_n_0.  Did not re-place instance u_pool/p_r3[1]_i_221
INFO: [Physopt 32-662] Processed net u_pool/p_r3[14]_i_520_n_0.  Did not re-place instance u_pool/p_r3[14]_i_520
INFO: [Physopt 32-662] Processed net u_pool/p_r3[14]_i_528_n_0.  Did not re-place instance u_pool/p_r3[14]_i_528
INFO: [Physopt 32-662] Processed net u_conv_mac/g_lane[3].sum_carry__2_i_2_n_0.  Did not re-place instance u_conv_mac/g_lane[3].sum_carry__2_i_2
INFO: [Physopt 32-662] Processed net u_input_buf/g_lane[0].prod__0_carry__0_i_10_n_0.  Did not re-place instance u_input_buf/g_lane[0].prod__0_carry__0_i_10
INFO: [Physopt 32-662] Processed net u_input_buf/g_lane[0].prod__0_carry__0_i_19_n_0.  Did not re-place instance u_input_buf/g_lane[0].prod__0_carry__0_i_19
INFO: [Physopt 32-662] Processed net u_input_buf/conv_rdata[9]_1[3].  Did not re-place instance u_input_buf/g_lane[1].prod__0_carry__0_i_5
INFO: [Physopt 32-663] Processed net u_input_buf/g_lane[1].prod__0_carry__0_i_9_n_0.  Re-placed instance u_input_buf/g_lane[1].prod__0_carry__0_i_9
INFO: [Physopt 32-663] Processed net u_input_buf/g_lane[1].prod__0_carry__0_i_12_n_0.  Re-placed instance u_input_buf/g_lane[1].prod__0_carry__0_i_12
INFO: [Physopt 32-662] Processed net u_pool/p_r3[14]_i_121_n_0.  Did not re-place instance u_pool/p_r3[14]_i_121
INFO: [Physopt 32-662] Processed net u_input_buf/u_conv_mac/act[2].  Did not re-place instance u_input_buf/g_lane[8].prod__0_carry_i_8
INFO: [Physopt 32-663] Processed net u_input_buf/conv_rdata[66][1].  Re-placed instance u_input_buf/g_lane[8].prod__0_carry__0_i_3
INFO: [Physopt 32-662] Processed net u_input_buf/g_lane[0].prod__0_carry_i_14_n_0.  Did not re-place instance u_input_buf/g_lane[0].prod__0_carry_i_14
INFO: [Physopt 32-662] Processed net u_conv_mac/g_lane[8].prod__86_carry__0_i_1_n_0.  Did not re-place instance u_conv_mac/g_lane[8].prod__86_carry__0_i_1
INFO: [Physopt 32-662] Processed net u_conv_mac/g_lane[8].prod__86_carry__0_i_5_n_0.  Did not re-place instance u_conv_mac/g_lane[8].prod__86_carry__0_i_5
INFO: [Physopt 32-662] Processed net u_conv_mac/g_lane[8].sum_carry__3_i_8_n_0.  Did not re-place instance u_conv_mac/g_lane[8].sum_carry__3_i_8
INFO: [Physopt 32-662] Processed net u_input_buf/conv_rdata[65]_1[1].  Did not re-place instance u_input_buf/g_lane[8].prod__0_carry__0_i_7
INFO: [Physopt 32-662] Processed net u_pool/p_r3[14]_i_173_n_0.  Did not re-place instance u_pool/p_r3[14]_i_173
INFO: [Physopt 32-662] Processed net u_conv_mac/g_lane[5].lane_acc_reg[31].  Did not re-place instance u_conv_mac/g_lane[5].lane_acc_reg[31]
INFO: [Physopt 32-662] Processed net u_conv_mac/g_lane[8].lane_out[29].  Did not re-place instance u_conv_mac/g_lane[8].lane_out_reg[29]
INFO: [Physopt 32-662] Processed net u_input_buf/g_lane[2].prod__0_carry__0_i_9_n_0.  Did not re-place instance u_input_buf/g_lane[2].prod__0_carry__0_i_9
INFO: [Physopt 32-662] Processed net u_conv_mac/g_lane[3].lane_out[23].  Did not re-place instance u_conv_mac/g_lane[3].lane_out_reg[23]
INFO: [Physopt 32-662] Processed net u_conv_mac/g_lane[7].lane_out[31].  Did not re-place instance u_conv_mac/g_lane[7].lane_out_reg[31]
INFO: [Physopt 32-662] Processed net u_conv_mac/g_lane[1].lane_acc_reg[31].  Did not re-place instance u_conv_mac/g_lane[1].lane_acc_reg[31]
INFO: [Physopt 32-662] Processed net u_conv_mac/g_lane[1].sum_carry__3_i_8_n_0.  Did not re-place instance u_conv_mac/g_lane[1].sum_carry__3_i_8
INFO: [Physopt 32-662] Processed net u_conv_mac/g_lane[1].lane_out[29].  Did not re-place instance u_conv_mac/g_lane[1].lane_out_reg[29]
INFO: [Physopt 32-662] Processed net u_pool/p_r3[1]_i_222_n_0.  Did not re-place instance u_pool/p_r3[1]_i_222
INFO: [Physopt 32-662] Processed net u_conv_mac/g_lane[5].sum_carry__3_i_4_n_0.  Did not re-place instance u_conv_mac/g_lane[5].sum_carry__3_i_4
INFO: [Physopt 32-663] Processed net u_input_buf/g_lane[0].prod__0_carry_i_16_n_0.  Re-placed instance u_input_buf/g_lane[0].prod__0_carry_i_16
INFO: [Physopt 32-662] Processed net u_pool/p_r3[1]_i_156_n_0.  Did not re-place instance u_pool/p_r3[1]_i_156
INFO: [Physopt 32-662] Processed net u_conv_mac/g_lane[1].lane_out[31].  Did not re-place instance u_conv_mac/g_lane[1].lane_out_reg[31]
INFO: [Physopt 32-663] Processed net u_input_buf/g_lane[3].prod__0_carry__0_i_9_n_0.  Re-placed instance u_input_buf/g_lane[3].prod__0_carry__0_i_9
INFO: [Physopt 32-662] Processed net u_conv_mac/g_lane[8].lane_out[31].  Did not re-place instance u_conv_mac/g_lane[8].lane_out_reg[31]
INFO: [Physopt 32-662] Processed net u_pool/p_r3[1]_i_154_n_0.  Did not re-place instance u_pool/p_r3[1]_i_154
INFO: [Physopt 32-662] Processed net u_input_buf/g_lane[2].prod__0_carry_i_9_n_0.  Did not re-place instance u_input_buf/g_lane[2].prod__0_carry_i_9
INFO: [Physopt 32-662] Processed net u_input_buf/g_lane[0].prod__0_carry_i_17_n_0.  Did not re-place instance u_input_buf/g_lane[0].prod__0_carry_i_17
INFO: [Physopt 32-662] Processed net u_input_buf/conv_rdata[26][2].  Did not re-place instance u_input_buf/g_lane[3].prod__0_carry__0_i_2
INFO: [Physopt 32-662] Processed net u_input_buf/conv_rdata[25]_1[2].  Did not re-place instance u_input_buf/g_lane[3].prod__0_carry__0_i_6
INFO: [Physopt 32-662] Processed net u_conv_mac/g_lane[8].sum_carry__2_i_4_n_0.  Did not re-place instance u_conv_mac/g_lane[8].sum_carry__2_i_4
INFO: [Physopt 32-662] Processed net u_pool/p_r3[1]_i_155_n_0.  Did not re-place instance u_pool/p_r3[1]_i_155
INFO: [Physopt 32-663] Processed net u_enc_rq/rq[7]_i_696_n_0.  Re-placed instance u_enc_rq/rq[7]_i_696
INFO: [Physopt 32-663] Processed net u_enc_rq/p_0_in[5].  Re-placed instance u_enc_rq/param3_reg[69]
INFO: [Physopt 32-662] Processed net u_enc_rq/rq[7]_i_835_n_0.  Did not re-place instance u_enc_rq/rq[7]_i_835
INFO: [Physopt 32-663] Processed net u_enc_rq/rq[7]_i_946_n_0.  Re-placed instance u_enc_rq/rq[7]_i_946
INFO: [Physopt 32-662] Processed net u_enc_rq/rq[7]_i_1000_n_0.  Did not re-place instance u_enc_rq/rq[7]_i_1000
INFO: [Physopt 32-662] Processed net u_enc_rq/rq[7]_i_998_n_0.  Did not re-place instance u_enc_rq/rq[7]_i_998
INFO: [Physopt 32-662] Processed net u_enc_rq/rq[0]_i_1_n_0.  Did not re-place instance u_enc_rq/rq[0]_i_1
INFO: [Physopt 32-663] Processed net u_enc_rq/rq[0]_i_4_n_0.  Re-placed instance u_enc_rq/rq[0]_i_4
INFO: [Physopt 32-662] Processed net u_enc_rq/rq[3]_i_15_n_0.  Did not re-place instance u_enc_rq/rq[3]_i_15
INFO: [Physopt 32-662] Processed net u_enc_rq/rq[7]_i_913_n_0.  Did not re-place instance u_enc_rq/rq[7]_i_913
INFO: [Physopt 32-662] Processed net u_enc_rq/rq_reg[7]_0[0].  Did not re-place instance u_enc_rq/rq_reg[0]
INFO: [Physopt 32-662] Processed net u_pool/p_r3[14]_i_479_n_0.  Did not re-place instance u_pool/p_r3[14]_i_479
INFO: [Physopt 32-663] Processed net u_pool/p_r3[14]_i_658_n_0.  Re-placed instance u_pool/p_r3[14]_i_658
INFO: [Physopt 32-662] Processed net u_pool/p_r3[14]_i_409_n_0.  Did not re-place instance u_pool/p_r3[14]_i_409
INFO: [Physopt 32-663] Processed net u_pool/p_r3[14]_i_597_n_0.  Re-placed instance u_pool/p_r3[14]_i_597
INFO: [Physopt 32-662] Processed net u_input_buf/conv_rdata[29][0].  Did not re-place instance u_input_buf/g_lane[3].prod__30_carry__0_i_4
INFO: [Physopt 32-663] Processed net u_input_buf/conv_rdata[28][2].  Re-placed instance u_input_buf/g_lane[3].prod__30_carry_i_1
INFO: [Physopt 32-662] Processed net u_input_buf/conv_rdata[28]_1[0].  Did not re-place instance u_input_buf/g_lane[3].prod__30_carry__0_i_8
INFO: [Physopt 32-663] Processed net u_input_buf/conv_rdata[58][0].  Re-placed instance u_input_buf/g_lane[7].prod__0_carry__0_i_4
INFO: [Physopt 32-662] Processed net u_input_buf/conv_rdata[57]_1[0].  Did not re-place instance u_input_buf/g_lane[7].prod__0_carry__0_i_8
INFO: [Physopt 32-662] Processed net u_pool/p_r3[1]_i_157_n_0.  Did not re-place instance u_pool/p_r3[1]_i_157
INFO: [Physopt 32-662] Processed net u_conv_mac/g_lane[1].sum_carry__2_i_4_n_0.  Did not re-place instance u_conv_mac/g_lane[1].sum_carry__2_i_4
INFO: [Physopt 32-662] Processed net u_conv_mac/g_lane[7].sum_carry__3_i_4_n_0.  Did not re-place instance u_conv_mac/g_lane[7].sum_carry__3_i_4
INFO: [Physopt 32-663] Processed net p_r3[1]_i_228_n_0.  Re-placed instance p_r3[1]_i_228
INFO: [Physopt 32-662] Processed net u_pool/p_r3[1]_i_150_n_0.  Did not re-place instance u_pool/p_r3[1]_i_150
INFO: [Physopt 32-662] Processed net u_pool/p_r3[14]_i_732_n_0.  Did not re-place instance u_pool/p_r3[14]_i_732
INFO: [Physopt 32-662] Processed net u_pool/p_r3[14]_i_692_n_0.  Did not re-place instance u_pool/p_r3[14]_i_692
INFO: [Physopt 32-663] Processed net u_pool/p_r3[14]_i_743_n_0.  Re-placed instance u_pool/p_r3[14]_i_743
INFO: [Physopt 32-662] Processed net u_conv_mac/g_lane[3].lane_acc_reg[26].  Did not re-place instance u_conv_mac/g_lane[3].lane_acc_reg[26]
INFO: [Physopt 32-662] Processed net u_enc_rq/rq[3]_i_16_n_0.  Did not re-place instance u_enc_rq/rq[3]_i_16
INFO: [Physopt 32-662] Processed net u_pool/p_r3[14]_i_580_n_0.  Did not re-place instance u_pool/p_r3[14]_i_580
INFO: [Physopt 32-662] Processed net u_pool/p_r3[14]_i_645_n_0.  Did not re-place instance u_pool/p_r3[14]_i_645
INFO: [Physopt 32-662] Processed net u_pool/p_r3[14]_i_722_n_0.  Did not re-place instance u_pool/p_r3[14]_i_722
INFO: [Physopt 32-662] Processed net u_pool/p_r3[14]_i_522_n_0.  Did not re-place instance u_pool/p_r3[14]_i_522
INFO: [Physopt 32-663] Processed net u_input_buf/g_lane[0].prod__0_carry_i_18_n_0.  Re-placed instance u_input_buf/g_lane[0].prod__0_carry_i_18
INFO: [Physopt 32-662] Processed net u_input_buf/conv_rdata[34][1].  Did not re-place instance u_input_buf/g_lane[4].prod__0_carry__0_i_3
INFO: [Physopt 32-662] Processed net u_conv_mac/g_lane[4].prod__86_carry__0_i_1_n_0.  Did not re-place instance u_conv_mac/g_lane[4].prod__86_carry__0_i_1
INFO: [Physopt 32-662] Processed net u_conv_mac/g_lane[4].prod__86_carry__0_i_5_n_0.  Did not re-place instance u_conv_mac/g_lane[4].prod__86_carry__0_i_5
INFO: [Physopt 32-662] Processed net u_conv_mac/g_lane[4].sum_carry__2_i_4_n_0.  Did not re-place instance u_conv_mac/g_lane[4].sum_carry__2_i_4
INFO: [Physopt 32-662] Processed net u_input_buf/conv_rdata[33]_1[1].  Did not re-place instance u_input_buf/g_lane[4].prod__0_carry__0_i_7
INFO: [Physopt 32-662] Processed net u_conv_mac/g_lane[4].lane_out[29].  Did not re-place instance u_conv_mac/g_lane[4].lane_out_reg[29]
INFO: [Physopt 32-662] Processed net u_pool/p_r3[14]_i_709_n_0.  Did not re-place instance u_pool/p_r3[14]_i_709
INFO: [Physopt 32-662] Processed net u_pool/p_r3[14]_i_412_n_0.  Did not re-place instance u_pool/p_r3[14]_i_412
INFO: [Physopt 32-663] Processed net u_pool/p_r3[14]_i_536_n_0.  Re-placed instance u_pool/p_r3[14]_i_536
INFO: [Physopt 32-663] Processed net u_pool/p_r3[14]_i_652_n_0.  Re-placed instance u_pool/p_r3[14]_i_652
INFO: [Physopt 32-662] Processed net u_conv_mac/g_lane[1].lane_acc[12]_i_4_n_0.  Did not re-place instance u_conv_mac/g_lane[1].lane_acc[12]_i_4
INFO: [Physopt 32-662] Processed net u_pool/p_r3[14]_i_280_n_0.  Did not re-place instance u_pool/p_r3[14]_i_280
INFO: [Physopt 32-662] Processed net u_conv_mac/g_lane[5].lane_out[30].  Did not re-place instance u_conv_mac/g_lane[5].lane_out_reg[30]
INFO: [Physopt 32-663] Processed net p_r3[1]_i_227_n_0.  Re-placed instance p_r3[1]_i_227
INFO: [Physopt 32-662] Processed net u_pool/p_r3[1]_i_205_n_0.  Did not re-place instance u_pool/p_r3[1]_i_205
INFO: [Physopt 32-662] Processed net u_conv_mac/g_lane[4].lane_acc[12]_i_5_n_0.  Did not re-place instance u_conv_mac/g_lane[4].lane_acc[12]_i_5
INFO: [Physopt 32-662] Processed net u_conv_mac/g_lane[8].sum_carry__3_i_4_n_0.  Did not re-place instance u_conv_mac/g_lane[8].sum_carry__3_i_4
INFO: [Physopt 32-662] Processed net u_pool/p_r3[14]_i_405_n_0.  Did not re-place instance u_pool/p_r3[14]_i_405
INFO: [Physopt 32-662] Processed net u_conv_mac/g_lane[4].lane_acc_reg[29].  Did not re-place instance u_conv_mac/g_lane[4].lane_acc_reg[29]
INFO: [Physopt 32-662] Processed net u_pool/p_r3[14]_i_414_n_0.  Did not re-place instance u_pool/p_r3[14]_i_414
INFO: [Physopt 32-662] Processed net u_pool/p_r3[14]_i_671_n_0.  Did not re-place instance u_pool/p_r3[14]_i_671
INFO: [Physopt 32-662] Processed net u_pool/p_r3[14]_i_493_n_0.  Did not re-place instance u_pool/p_r3[14]_i_493
INFO: [Physopt 32-663] Processed net u_pool/p_r3[14]_i_616_n_0.  Re-placed instance u_pool/p_r3[14]_i_616
INFO: [Physopt 32-662] Processed net u_conv_mac/g_lane[1].sum_carry__3_i_4_n_0.  Did not re-place instance u_conv_mac/g_lane[1].sum_carry__3_i_4
INFO: [Physopt 32-662] Processed net u_conv_mac/g_lane[3].lane_acc_reg[24].  Did not re-place instance u_conv_mac/g_lane[3].lane_acc_reg[24]
INFO: [Physopt 32-662] Processed net u_pool/p_r3[14]_i_518_n_0.  Did not re-place instance u_pool/p_r3[14]_i_518
INFO: [Physopt 32-661] Optimized 44 nets.  Re-placed 44 instances.
INFO: [Physopt 32-775] End 1 Pass. Optimized 44 nets or cells. Created 0 new cell, deleted 0 existing cell and moved 44 existing cells
INFO: [Physopt 32-619] Estimated Timing Summary | WNS=-0.088 | TNS=-0.162 |
Netlist sorting complete. Time (s): cpu = 00:00:00 ; elapsed = 00:00:00.005 . Memory (MB): peak = 1897.938 ; gain = 0.000
Phase 4 Single Cell Placement Optimization | Checksum: 20e812b71

Time (s): cpu = 00:00:09 ; elapsed = 00:00:06 . Memory (MB): peak = 1897.938 ; gain = 0.000

Phase 5 Multi Cell Placement Optimization
INFO: [Physopt 32-660] Identified 100 candidate nets for placement-based optimization.
INFO: [Physopt 32-662] Processed net u_input_buf/g_lane[0].prod__0_carry_i_8_n_0.  Did not re-place instance u_input_buf/g_lane[0].prod__0_carry_i_8/O
INFO: [Physopt 32-662] Processed net u_input_buf/conv_rdata[26][1].  Did not re-place instance u_input_buf/g_lane[3].prod__0_carry__0_i_3/O
INFO: [Physopt 32-662] Processed net u_input_buf/g_lane[0].prod__0_carry_i_13_n_0.  Did not re-place instance u_input_buf/g_lane[0].prod__0_carry_i_13/O
INFO: [Physopt 32-661] Optimized 0 net.  Re-placed 0 instance.
INFO: [Physopt 32-775] End 1 Pass. Optimized 0 net or cell. Created 0 new cell, deleted 0 existing cell and moved 0 existing cell
Netlist sorting complete. Time (s): cpu = 00:00:00 ; elapsed = 00:00:00.002 . Memory (MB): peak = 1897.938 ; gain = 0.000
Phase 5 Multi Cell Placement Optimization | Checksum: 17695f7f2

Time (s): cpu = 00:00:10 ; elapsed = 00:00:06 . Memory (MB): peak = 1897.938 ; gain = 0.000

Phase 6 Rewire
INFO: [Physopt 32-246] Starting Signal Push optimization...
INFO: [Physopt 32-241] No nets found for rewiring () optimization.
INFO: [Physopt 32-232] Optimized 0 net. Created 0 new instance.
INFO: [Physopt 32-775] End 1 Pass. Optimized 0 net or cell. Created 0 new cell, deleted 0 existing cell and moved 0 existing cell
Netlist sorting complete. Time (s): cpu = 00:00:00 ; elapsed = 00:00:00.002 . Memory (MB): peak = 1897.938 ; gain = 0.000
Phase 6 Rewire | Checksum: 17695f7f2

Time (s): cpu = 00:00:10 ; elapsed = 00:00:06 . Memory (MB): peak = 1897.938 ; gain = 0.000

Phase 7 Critical Cell Optimization
INFO: [Physopt 32-46] Identified 30 candidate nets for critical-cell optimization.
INFO: [Physopt 32-572] Net u_input_buf/conv_rdata[26][1] was not replicated.
Resolution: phys_opt_design can be forced to replicate a net driver using the option -force_replication_on_nets <list of net objects>.
INFO: [Physopt 32-572] Net u_input_buf/g_lane[0].prod__0_carry_i_13_n_0 was not replicated.
Resolution: phys_opt_design can be forced to replicate a net driver using the option -force_replication_on_nets <list of net objects>.
INFO: [Physopt 32-571] Net u_input_buf/g_lane[2].prod__0_carry_i_8_n_0 was not replicated.
INFO: [Physopt 32-571] Net u_input_buf/g_lane[0].prod__0_carry_i_15_n_0 was not replicated.
INFO: [Physopt 32-571] Net u_input_buf/conv_rdata[26][0] was not replicated.
INFO: [Physopt 32-571] Net p_r3[1]_i_229_n_0 was not replicated.
INFO: [Physopt 32-571] Net u_pool/p_r3[14]_i_1_n_0 was not replicated.
INFO: [Physopt 32-571] Net u_pool/p_r3[14]_i_711_n_0 was not replicated.
INFO: [Physopt 32-571] Net u_pool/p_r3[14]_i_476_n_0 was not replicated.
INFO: [Physopt 32-571] Net u_pool/p_r3[14]_i_651_n_0 was not replicated.
INFO: [Physopt 32-571] Net u_pool/p_r3[14]_i_729_n_0 was not replicated.
INFO: [Physopt 32-571] Net u_pool/p_r3[14]_i_694_n_0 was not replicated.
INFO: [Physopt 32-571] Net u_input_buf/conv_rdata[29][1] was not replicated.
INFO: [Physopt 32-571] Net u_input_buf/conv_rdata[26][3] was not replicated.
INFO: [Physopt 32-571] Net u_input_buf/g_lane[0].prod__0_carry__0_i_17_n_0 was not replicated.
INFO: [Physopt 32-571] Net u_conv_mac/g_lane[3].prod__86_carry__0_i_4_n_0 was not replicated.
INFO: [Physopt 32-571] Net u_input_buf/g_lane[2].prod__0_carry__0_i_9_n_0 was not replicated.
INFO: [Physopt 32-571] Net u_input_buf/g_lane[0].prod__0_carry__0_i_19_n_0 was not replicated.
INFO: [Physopt 32-571] Net u_input_buf/g_lane[0].prod__0_carry_i_14_n_0 was not replicated.
INFO: [Physopt 32-571] Net u_pool/p_r3[14]_i_636_n_0 was not replicated.
INFO: [Physopt 32-571] Net u_pool/p_r3[14]_i_732_n_0 was not replicated.
INFO: [Physopt 32-571] Net u_pool/p_r3[14]_i_692_n_0 was not replicated.
INFO: [Physopt 32-571] Net u_pool/p_r3[14]_i_743_n_0 was not replicated.
INFO: [Physopt 32-571] Net u_pool/p_r3[14]_i_119_n_0 was not replicated.
INFO: [Physopt 32-571] Net u_pool/p_r3[14]_i_50_n_0 was not replicated.
INFO: [Physopt 32-571] Net u_pool/p_r3[14]_i_691_n_0 was not replicated.
INFO: [Physopt 32-571] Net u_input_buf/g_lane[2].prod__0_carry_i_9_n_0 was not replicated.
INFO: [Physopt 32-571] Net u_input_buf/g_lane[0].prod__0_carry_i_17_n_0 was not replicated.
INFO: [Physopt 32-571] Net u_input_buf/conv_rdata[26][2] was not replicated.
INFO: [Physopt 32-232] Optimized 0 net. Created 0 new instance.
INFO: [Physopt 32-775] End 1 Pass. Optimized 0 net or cell. Created 0 new cell, deleted 0 existing cell and moved 0 existing cell
Netlist sorting complete. Time (s): cpu = 00:00:00 ; elapsed = 00:00:00.004 . Memory (MB): peak = 1897.938 ; gain = 0.000
Phase 7 Critical Cell Optimization | Checksum: 1d1db45d5

Time (s): cpu = 00:00:10 ; elapsed = 00:00:06 . Memory (MB): peak = 1897.938 ; gain = 0.000

Phase 8 Fanout Optimization
INFO: [Physopt 32-76] Pass 1. Identified 1 candidate net for fanout optimization.
INFO: [Physopt 32-572] Net u_input_buf/g_lane[0].prod__0_carry__0_i_9_n_0 was not replicated.
Resolution: phys_opt_design can be forced to replicate a net driver using the option -force_replication_on_nets <list of net objects>.
INFO: [Physopt 32-232] Optimized 0 net. Created 0 new instance.
INFO: [Physopt 32-775] End 1 Pass. Optimized 0 net or cell. Created 0 new cell, deleted 0 existing cell and moved 0 existing cell
Netlist sorting complete. Time (s): cpu = 00:00:00 ; elapsed = 00:00:00.004 . Memory (MB): peak = 1897.938 ; gain = 0.000
Phase 8 Fanout Optimization | Checksum: 1662f0446

Time (s): cpu = 00:00:11 ; elapsed = 00:00:06 . Memory (MB): peak = 1897.938 ; gain = 0.000

Phase 9 Single Cell Placement Optimization
INFO: [Physopt 32-660] Identified 250 candidate nets for placement-based optimization.
INFO: [Physopt 32-662] Processed net u_input_buf/g_lane[0].prod__0_carry_i_8_n_0.  Did not re-place instance u_input_buf/g_lane[0].prod__0_carry_i_8
INFO: [Physopt 32-662] Processed net u_conv_mac/g_lane[3].prod__86_carry__0_i_1_n_0.  Did not re-place instance u_conv_mac/g_lane[3].prod__86_carry__0_i_1
INFO: [Physopt 32-662] Processed net u_input_buf/conv_rdata[26][1].  Did not re-place instance u_input_buf/g_lane[3].prod__0_carry__0_i_3
INFO: [Physopt 32-662] Processed net u_input_buf/g_lane[0].prod__0_carry_i_13_n_0.  Did not re-place instance u_input_buf/g_lane[0].prod__0_carry_i_13
INFO: [Physopt 32-662] Processed net u_conv_mac/g_lane[3].prod__86_carry__0_i_5_n_0.  Did not re-place instance u_conv_mac/g_lane[3].prod__86_carry__0_i_5
INFO: [Physopt 32-662] Processed net u_conv_mac/g_lane[3].sum_carry__3_i_8_n_0.  Did not re-place instance u_conv_mac/g_lane[3].sum_carry__3_i_8
INFO: [Physopt 32-662] Processed net u_input_buf/conv_rdata[25]_1[1].  Did not re-place instance u_input_buf/g_lane[3].prod__0_carry__0_i_7
INFO: [Physopt 32-662] Processed net u_conv_mac/g_lane[3].lane_out[29].  Did not re-place instance u_conv_mac/g_lane[3].lane_out_reg[29]
INFO: [Physopt 32-662] Processed net u_conv_mac/g_lane[3].lane_out[31].  Did not re-place instance u_conv_mac/g_lane[3].lane_out_reg[31]
INFO: [Physopt 32-662] Processed net u_conv_mac/g_lane[3].lane_acc[16]_i_4_n_0.  Did not re-place instance u_conv_mac/g_lane[3].lane_acc[16]_i_4
INFO: [Physopt 32-662] Processed net u_conv_mac/g_lane[3].lane_acc_reg[29].  Did not re-place instance u_conv_mac/g_lane[3].lane_acc_reg[29]
INFO: [Physopt 32-662] Processed net u_conv_mac/g_lane[3].lane_out[30].  Did not re-place instance u_conv_mac/g_lane[3].lane_out_reg[30]
INFO: [Physopt 32-662] Processed net u_conv_mac/g_lane[3].lane_acc[16]_i_5_n_0.  Did not re-place instance u_conv_mac/g_lane[3].lane_acc[16]_i_5
INFO: [Physopt 32-662] Processed net u_conv_mac/g_lane[3].sum_carry__3_i_4_n_0.  Did not re-place instance u_conv_mac/g_lane[3].sum_carry__3_i_4
INFO: [Physopt 32-662] Processed net u_conv_mac/g_lane[3].lane_acc_reg[31].  Did not re-place instance u_conv_mac/g_lane[3].lane_acc_reg[31]
INFO: [Physopt 32-662] Processed net u_conv_mac/g_lane[3].lane_out[28].  Did not re-place instance u_conv_mac/g_lane[3].lane_out_reg[28]
INFO: [Physopt 32-662] Processed net u_conv_mac/g_lane[3].lane_out[25].  Did not re-place instance u_conv_mac/g_lane[3].lane_out_reg[25]
INFO: [Physopt 32-662] Processed net u_conv_mac/g_lane[3].lane_acc[12]_i_4_n_0.  Did not re-place instance u_conv_mac/g_lane[3].lane_acc[12]_i_4
INFO: [Physopt 32-662] Processed net u_conv_mac/g_lane[3].lane_out[27].  Did not re-place instance u_conv_mac/g_lane[3].lane_out_reg[27]
INFO: [Physopt 32-662] Processed net u_input_buf/g_lane[2].prod__0_carry_i_8_n_0.  Did not re-place instance u_input_buf/g_lane[2].prod__0_carry_i_8
INFO: [Physopt 32-662] Processed net u_input_buf/g_lane[0].prod__0_carry_i_15_n_0.  Did not re-place instance u_input_buf/g_lane[0].prod__0_carry_i_15
INFO: [Physopt 32-662] Processed net u_input_buf/conv_rdata[26][0].  Did not re-place instance u_input_buf/g_lane[3].prod__0_carry__0_i_4
INFO: [Physopt 32-662] Processed net u_input_buf/conv_rdata[25]_1[0].  Did not re-place instance u_input_buf/g_lane[3].prod__0_carry__0_i_8
INFO: [Physopt 32-662] Processed net p_r3[1]_i_229_n_0.  Did not re-place instance p_r3[1]_i_229
INFO: [Physopt 32-662] Processed net u_pool/p_r3[14]_i_1_n_0.  Did not re-place instance u_pool/p_r3[14]_i_1
INFO: [Physopt 32-663] Processed net u_pool/p_r3[14]_i_711_n_0.  Re-placed instance u_pool/p_r3[14]_i_711
INFO: [Physopt 32-662] Processed net u_pool/p_r3[14]_i_476_n_0.  Did not re-place instance u_pool/p_r3[14]_i_476
INFO: [Physopt 32-662] Processed net u_pool/p_r3[14]_i_651_n_0.  Did not re-place instance u_pool/p_r3[14]_i_651
INFO: [Physopt 32-662] Processed net u_pool/p_r3[14]_i_408_n_0.  Did not re-place instance u_pool/p_r3[14]_i_408
INFO: [Physopt 32-663] Processed net u_pool/p_r3[14]_i_588_n_0.  Re-placed instance u_pool/p_r3[14]_i_588
INFO: [Physopt 32-663] Processed net u_pool/p_r3[1]_i_153_n_0.  Re-placed instance u_pool/p_r3[1]_i_153
INFO: [Physopt 32-662] Processed net u_pool/p_r3_reg[4]_inv_n_0.  Did not re-place instance u_pool/p_r3_reg[4]_inv
INFO: [Physopt 32-662] Processed net u_pool/p_r3_reg_n_0_[13].  Did not re-place instance u_pool/p_r3_reg[13]
INFO: [Physopt 32-662] Processed net u_pool/p_r3[14]_i_404_n_0.  Did not re-place instance u_pool/p_r3[14]_i_404
INFO: [Physopt 32-662] Processed net u_conv_mac/g_lane[3].lane_acc[12]_i_2_n_0.  Did not re-place instance u_conv_mac/g_lane[3].lane_acc[12]_i_2
INFO: [Physopt 32-662] Processed net u_conv_mac/g_lane[3].sum_carry__2_i_3_n_0.  Did not re-place instance u_conv_mac/g_lane[3].sum_carry__2_i_3
INFO: [Physopt 32-662] Processed net u_conv_mac/g_lane[3].sum_carry__2_i_1_n_0.  Did not re-place instance u_conv_mac/g_lane[3].sum_carry__2_i_1
INFO: [Physopt 32-662] Processed net u_pool/p_r3[14]_i_729_n_0.  Did not re-place instance u_pool/p_r3[14]_i_729
INFO: [Physopt 32-663] Processed net u_pool/p_r3[14]_i_694_n_0.  Re-placed instance u_pool/p_r3[14]_i_694
INFO: [Physopt 32-663] Processed net u_pool/p_r3[14]_i_589_n_0.  Re-placed instance u_pool/p_r3[14]_i_589
INFO: [Physopt 32-662] Processed net u_pool/p_r3[1]_i_156_n_0.  Did not re-place instance u_pool/p_r3[1]_i_156
INFO: [Physopt 32-662] Processed net u_pool/p_r3_reg_n_0_[12].  Did not re-place instance u_pool/p_r3_reg[12]
INFO: [Physopt 32-662] Processed net u_pool/p_r3_reg_n_0_[2].  Did not re-place instance u_pool/p_r3_reg[2]
INFO: [Physopt 32-662] Processed net u_pool/p_r3_reg_n_0_[3].  Did not re-place instance u_pool/p_r3_reg[3]
INFO: [Physopt 32-662] Processed net u_pool/p_r3_reg_n_0_[7].  Did not re-place instance u_pool/p_r3_reg[7]
INFO: [Physopt 32-662] Processed net u_conv_mac/g_lane[3].lane_acc_reg[30].  Did not re-place instance u_conv_mac/g_lane[3].lane_acc_reg[30]
INFO: [Physopt 32-662] Processed net u_conv_mac/g_lane[3].lane_acc[12]_i_5_n_0.  Did not re-place instance u_conv_mac/g_lane[3].lane_acc[12]_i_5
INFO: [Physopt 32-662] Processed net u_conv_mac/g_lane[3].lane_acc_reg[28].  Did not re-place instance u_conv_mac/g_lane[3].lane_acc_reg[28]
INFO: [Physopt 32-662] Processed net u_conv_mac/g_lane[3].lane_acc_reg[25].  Did not re-place instance u_conv_mac/g_lane[3].lane_acc_reg[25]
INFO: [Physopt 32-662] Processed net u_conv_mac/g_lane[3].lane_acc[12]_i_3_n_0.  Did not re-place instance u_conv_mac/g_lane[3].lane_acc[12]_i_3
INFO: [Physopt 32-662] Processed net u_input_buf/conv_rdata[29][1].  Did not re-place instance u_input_buf/g_lane[3].prod__30_carry__0_i_3
INFO: [Physopt 32-662] Processed net u_input_buf/conv_rdata[28]_1[1].  Did not re-place instance u_input_buf/g_lane[3].prod__30_carry__0_i_7
INFO: [Physopt 32-662] Processed net u_pool/p_r3[1]_i_157_n_0.  Did not re-place instance u_pool/p_r3[1]_i_157
INFO: [Physopt 32-662] Processed net u_conv_mac/g_lane[3].lane_out[26].  Did not re-place instance u_conv_mac/g_lane[3].lane_out_reg[26]
INFO: [Physopt 32-662] Processed net u_conv_mac/g_lane[3].lane_acc_reg[27].  Did not re-place instance u_conv_mac/g_lane[3].lane_acc_reg[27]
INFO: [Physopt 32-662] Processed net u_input_buf/g_lane[0].prod__0_carry__0_i_9_n_0.  Did not re-place instance u_input_buf/g_lane[0].prod__0_carry__0_i_9
INFO: [Physopt 32-662] Processed net u_input_buf/conv_rdata[26][3].  Did not re-place instance u_input_buf/g_lane[3].prod__0_carry__0_i_1
INFO: [Physopt 32-662] Processed net u_input_buf/g_lane[0].prod__0_carry__0_i_17_n_0.  Did not re-place instance u_input_buf/g_lane[0].prod__0_carry__0_i_17
INFO: [Physopt 32-662] Processed net u_input_buf/conv_rdata[25]_1[3].  Did not re-place instance u_input_buf/g_lane[3].prod__0_carry__0_i_5
INFO: [Physopt 32-662] Processed net u_conv_mac/g_lane[3].lane_acc[8]_i_2_n_0.  Did not re-place instance u_conv_mac/g_lane[3].lane_acc[8]_i_2
INFO: [Physopt 32-662] Processed net u_conv_mac/g_lane[3].sum_carry__1_i_1_n_0.  Did not re-place instance u_conv_mac/g_lane[3].sum_carry__1_i_1
INFO: [Physopt 32-662] Processed net u_conv_mac/g_lane[3].lane_out[24].  Did not re-place instance u_conv_mac/g_lane[3].lane_out_reg[24]
INFO: [Physopt 32-662] Processed net u_conv_mac/g_lane[3].lane_out[21].  Did not re-place instance u_conv_mac/g_lane[3].lane_out_reg[21]
INFO: [Physopt 32-662] Processed net u_conv_mac/g_lane[3].prod__86_carry__0_i_4_n_0.  Did not re-place instance u_conv_mac/g_lane[3].prod__86_carry__0_i_4
INFO: [Physopt 32-662] Processed net u_conv_mac/g_lane[3].prod__86_carry__0_i_8_n_0.  Did not re-place instance u_conv_mac/g_lane[3].prod__86_carry__0_i_8
INFO: [Physopt 32-662] Processed net u_conv_mac/g_lane[3].sum_carry__2_i_4_n_0.  Did not re-place instance u_conv_mac/g_lane[3].sum_carry__2_i_4
INFO: [Physopt 32-662] Processed net u_conv_mac/g_lane[3].sum_carry__2_i_2_n_0.  Did not re-place instance u_conv_mac/g_lane[3].sum_carry__2_i_2
INFO: [Physopt 32-662] Processed net u_input_buf/g_lane[2].prod__0_carry__0_i_9_n_0.  Did not re-place instance u_input_buf/g_lane[2].prod__0_carry__0_i_9
INFO: [Physopt 32-662] Processed net u_input_buf/g_lane[0].prod__0_carry__0_i_19_n_0.  Did not re-place instance u_input_buf/g_lane[0].prod__0_carry__0_i_19
INFO: [Physopt 32-662] Processed net u_pool/p_r3[1]_i_152_n_0.  Did not re-place instance u_pool/p_r3[1]_i_152
INFO: [Physopt 32-662] Processed net u_conv_mac/g_lane[3].lane_out[23].  Did not re-place instance u_conv_mac/g_lane[3].lane_out_reg[23]
INFO: [Physopt 32-662] Processed net u_pool/p_r3_reg_n_0_[10].  Did not re-place instance u_pool/p_r3_reg[10]
INFO: [Physopt 32-662] Processed net u_pool/p_r3_reg_n_0_[6].  Did not re-place instance u_pool/p_r3_reg[6]
INFO: [Physopt 32-662] Processed net u_pool/p_r3_reg_n_0_[8].  Did not re-place instance u_pool/p_r3_reg[8]
INFO: [Physopt 32-663] Processed net u_input_buf/g_lane[0].prod__0_carry_i_14_n_0.  Re-placed instance u_input_buf/g_lane[0].prod__0_carry_i_14
INFO: [Physopt 32-662] Processed net u_pool/p_0_in.  Did not re-place instance u_pool/p_r3_reg[14]
INFO: [Physopt 32-662] Processed net u_pool/p_r3[14]_i_636_n_0.  Did not re-place instance u_pool/p_r3[14]_i_636
INFO: [Physopt 32-662] Processed net u_pool/p_r3[14]_i_732_n_0.  Did not re-place instance u_pool/p_r3[14]_i_732
INFO: [Physopt 32-663] Processed net u_pool/p_r3[14]_i_692_n_0.  Re-placed instance u_pool/p_r3[14]_i_692
INFO: [Physopt 32-663] Processed net u_pool/p_r3[14]_i_743_n_0.  Re-placed instance u_pool/p_r3[14]_i_743
INFO: [Physopt 32-662] Processed net u_pool/p_r3[14]_i_524_n_0.  Did not re-place instance u_pool/p_r3[14]_i_524
INFO: [Physopt 32-662] Processed net u_pool/p_r3[1]_i_220_n_0.  Did not re-place instance u_pool/p_r3[1]_i_220
INFO: [Physopt 32-662] Processed net u_pool/p_r3[14]_i_119_n_0.  Did not re-place instance u_pool/p_r3[14]_i_119
INFO: [Physopt 32-663] Processed net u_pool/p_r3[14]_i_50_n_0.  Re-placed instance u_pool/p_r3[14]_i_50
INFO: [Physopt 32-662] Processed net u_pool/p_r3[14]_i_691_n_0.  Did not re-place instance u_pool/p_r3[14]_i_691
INFO: [Physopt 32-662] Processed net u_pool/p_r3[1]_i_219_n_0.  Did not re-place instance u_pool/p_r3[1]_i_219
INFO: [Physopt 32-662] Processed net u_pool/p_r3_reg_n_0_[11].  Did not re-place instance u_pool/p_r3_reg[11]
INFO: [Physopt 32-662] Processed net u_pool/p_r3_reg_n_0_[1].  Did not re-place instance u_pool/p_r3_reg[1]
INFO: [Physopt 32-662] Processed net u_pool/p_r3_reg_n_0_[5].  Did not re-place instance u_pool/p_r3_reg[5]
INFO: [Physopt 32-662] Processed net u_pool/p_r3_reg_n_0_[9].  Did not re-place instance u_pool/p_r3_reg[9]
INFO: [Physopt 32-662] Processed net u_input_buf/g_lane[2].prod__0_carry_i_9_n_0.  Did not re-place instance u_input_buf/g_lane[2].prod__0_carry_i_9
INFO: [Physopt 32-662] Processed net u_input_buf/g_lane[0].prod__0_carry_i_17_n_0.  Did not re-place instance u_input_buf/g_lane[0].prod__0_carry_i_17
INFO: [Physopt 32-662] Processed net u_input_buf/conv_rdata[26][2].  Did not re-place instance u_input_buf/g_lane[3].prod__0_carry__0_i_2
INFO: [Physopt 32-662] Processed net u_input_buf/conv_rdata[25]_1[2].  Did not re-place instance u_input_buf/g_lane[3].prod__0_carry__0_i_6
INFO: [Physopt 32-662] Processed net u_pool/p_r3[14]_i_125_n_0.  Did not re-place instance u_pool/p_r3[14]_i_125
INFO: [Physopt 32-662] Processed net u_pool/p_r3[14]_i_15_n_0.  Did not re-place instance u_pool/p_r3[14]_i_15
INFO: [Physopt 32-663] Processed net u_pool/p_r3[14]_i_52_n_0.  Re-placed instance u_pool/p_r3[14]_i_52
INFO: [Physopt 32-662] Processed net u_input_buf/conv_rdata[29][0].  Did not re-place instance u_input_buf/g_lane[3].prod__30_carry__0_i_4
INFO: [Physopt 32-662] Processed net u_input_buf/conv_rdata[28]_1[0].  Did not re-place instance u_input_buf/g_lane[3].prod__30_carry__0_i_8
INFO: [Physopt 32-662] Processed net u_conv_mac/g_lane[3].lane_acc_reg[26].  Did not re-place instance u_conv_mac/g_lane[3].lane_acc_reg[26]
INFO: [Physopt 32-662] Processed net u_pool/p_r3[14]_i_530_n_0.  Did not re-place instance u_pool/p_r3[14]_i_530
INFO: [Physopt 32-662] Processed net u_pool/p_r3[14]_i_709_n_0.  Did not re-place instance u_pool/p_r3[14]_i_709
INFO: [Physopt 32-663] Processed net u_pool/p_r3[14]_i_646_n_0.  Re-placed instance u_pool/p_r3[14]_i_646
INFO: [Physopt 32-663] Processed net u_pool/p_r3[14]_i_723_n_0.  Re-placed instance u_pool/p_r3[14]_i_723
INFO: [Physopt 32-662] Processed net u_pool/p_r3[14]_i_411_n_0.  Did not re-place instance u_pool/p_r3[14]_i_411
INFO: [Physopt 32-662] Processed net u_input_buf/u_conv_mac/act[2].  Did not re-place instance u_input_buf/g_lane[8].prod__0_carry_i_8
INFO: [Physopt 32-662] Processed net u_input_buf/conv_rdata[34][1].  Did not re-place instance u_input_buf/g_lane[4].prod__0_carry__0_i_3
INFO: [Physopt 32-662] Processed net u_conv_mac/g_lane[4].prod__86_carry__0_i_1_n_0.  Did not re-place instance u_conv_mac/g_lane[4].prod__86_carry__0_i_1
INFO: [Physopt 32-662] Processed net u_conv_mac/g_lane[8].prod__86_carry__0_i_1_n_0.  Did not re-place instance u_conv_mac/g_lane[8].prod__86_carry__0_i_1
INFO: [Physopt 32-662] Processed net u_input_buf/conv_rdata[66][1].  Did not re-place instance u_input_buf/g_lane[8].prod__0_carry__0_i_3
INFO: [Physopt 32-662] Processed net u_conv_mac/g_lane[4].prod__86_carry__0_i_5_n_0.  Did not re-place instance u_conv_mac/g_lane[4].prod__86_carry__0_i_5
INFO: [Physopt 32-662] Processed net u_conv_mac/g_lane[4].sum_carry__2_i_4_n_0.  Did not re-place instance u_conv_mac/g_lane[4].sum_carry__2_i_4
INFO: [Physopt 32-662] Processed net u_conv_mac/g_lane[8].prod__86_carry__0_i_5_n_0.  Did not re-place instance u_conv_mac/g_lane[8].prod__86_carry__0_i_5
INFO: [Physopt 32-662] Processed net u_conv_mac/g_lane[8].sum_carry__3_i_8_n_0.  Did not re-place instance u_conv_mac/g_lane[8].sum_carry__3_i_8
INFO: [Physopt 32-662] Processed net u_input_buf/conv_rdata[33]_1[1].  Did not re-place instance u_input_buf/g_lane[4].prod__0_carry__0_i_7
INFO: [Physopt 32-662] Processed net u_input_buf/conv_rdata[65]_1[1].  Did not re-place instance u_input_buf/g_lane[8].prod__0_carry__0_i_7
INFO: [Physopt 32-662] Processed net u_conv_mac/g_lane[4].lane_out[29].  Did not re-place instance u_conv_mac/g_lane[4].lane_out_reg[29]
INFO: [Physopt 32-662] Processed net u_conv_mac/g_lane[8].lane_out[29].  Did not re-place instance u_conv_mac/g_lane[8].lane_out_reg[29]
INFO: [Physopt 32-662] Processed net u_pool/p_r3[14]_i_137_n_0.  Did not re-place instance u_pool/p_r3[14]_i_137
INFO: [Physopt 32-662] Processed net u_pool/p_r3[14]_i_4_n_0.  Did not re-place instance u_pool/p_r3[14]_i_4
INFO: [Physopt 32-662] Processed net u_conv_mac/g_lane[4].lane_acc[12]_i_5_n_0.  Did not re-place instance u_conv_mac/g_lane[4].lane_acc[12]_i_5
INFO: [Physopt 32-662] Processed net u_conv_mac/g_lane[4].lane_acc_reg[29].  Did not re-place instance u_conv_mac/g_lane[4].lane_acc_reg[29]
INFO: [Physopt 32-662] Processed net u_conv_mac/g_lane[3].lane_acc_reg[24].  Did not re-place instance u_conv_mac/g_lane[3].lane_acc_reg[24]
INFO: [Physopt 32-662] Processed net u_pool/p_r3[1]_i_221_n_0.  Did not re-place instance u_pool/p_r3[1]_i_221
INFO: [Physopt 32-662] Processed net u_conv_mac/g_lane[3].lane_acc_reg[21].  Did not re-place instance u_conv_mac/g_lane[3].lane_acc_reg[21]
INFO: [Physopt 32-662] Processed net u_input_buf/u_conv_mac/act[4].  Did not re-place instance u_input_buf/g_lane[8].prod__0_carry__0_i_9
INFO: [Physopt 32-663] Processed net u_input_buf/g_lane[0].prod__0_carry__0_i_18_n_0.  Re-placed instance u_input_buf/g_lane[0].prod__0_carry__0_i_18
INFO: [Physopt 32-662] Processed net u_conv_mac/g_lane[9].prod__86_carry__0_i_1_n_0.  Did not re-place instance u_conv_mac/g_lane[9].prod__86_carry__0_i_1
INFO: [Physopt 32-663] Processed net u_input_buf/conv_rdata[74][3].  Re-placed instance u_input_buf/g_lane[9].prod__0_carry__0_i_1
INFO: [Physopt 32-662] Processed net u_conv_mac/g_lane[9].prod__86_carry__0_i_5_n_0.  Did not re-place instance u_conv_mac/g_lane[9].prod__86_carry__0_i_5
INFO: [Physopt 32-662] Processed net u_input_buf/conv_rdata[73]_1[3].  Did not re-place instance u_input_buf/g_lane[9].prod__0_carry__0_i_5
INFO: [Physopt 32-662] Processed net u_conv_mac/g_lane[9].lane_acc_reg[29].  Did not re-place instance u_conv_mac/g_lane[9].lane_acc_reg[29]
INFO: [Physopt 32-662] Processed net u_conv_mac/g_lane[4].lane_out[31].  Did not re-place instance u_conv_mac/g_lane[4].lane_out_reg[31]
INFO: [Physopt 32-662] Processed net u_conv_mac/g_lane[8].lane_out[31].  Did not re-place instance u_conv_mac/g_lane[8].lane_out_reg[31]
INFO: [Physopt 32-662] Processed net u_pool/p_r3[14]_i_584_n_0.  Did not re-place instance u_pool/p_r3[14]_i_584
INFO: [Physopt 32-662] Processed net u_pool/p_r3[14]_i_716_n_0.  Did not re-place instance u_pool/p_r3[14]_i_716
INFO: [Physopt 32-662] Processed net u_pool/p_r3[14]_i_685_n_0.  Did not re-place instance u_pool/p_r3[14]_i_685
INFO: [Physopt 32-662] Processed net u_pool/p_r3[14]_i_726_n_0.  Did not re-place instance u_pool/p_r3[14]_i_726
INFO: [Physopt 32-662] Processed net u_pool/p_r3[14]_i_523_n_0.  Did not re-place instance u_pool/p_r3[14]_i_523
INFO: [Physopt 32-662] Processed net u_conv_mac/g_lane[4].sum_carry__2_i_3_n_0.  Did not re-place instance u_conv_mac/g_lane[4].sum_carry__2_i_3
INFO: [Physopt 32-662] Processed net u_pool/p_r3[14]_i_520_n_0.  Did not re-place instance u_pool/p_r3[14]_i_520
INFO: [Physopt 32-662] Processed net u_conv_mac/g_lane[8].sum_carry__2_i_4_n_0.  Did not re-place instance u_conv_mac/g_lane[8].sum_carry__2_i_4
INFO: [Physopt 32-662] Processed net u_input_buf/u_conv_mac/act[5].  Did not re-place instance u_input_buf/g_lane[9].prod__0_carry__0_i_9
INFO: [Physopt 32-662] Processed net u_conv_mac/g_lane[4].lane_acc_reg[31].  Did not re-place instance u_conv_mac/g_lane[4].lane_acc_reg[31]
INFO: [Physopt 32-662] Processed net u_conv_mac/g_lane[3].lane_out[22].  Did not re-place instance u_conv_mac/g_lane[3].lane_out_reg[22]
INFO: [Physopt 32-662] Processed net u_pool/p_r3[14]_i_527_n_0.  Did not re-place instance u_pool/p_r3[14]_i_527
INFO: [Physopt 32-662] Processed net u_pool/p_r3[14]_i_640_n_0.  Did not re-place instance u_pool/p_r3[14]_i_640
INFO: [Physopt 32-662] Processed net u_pool/p_r3[14]_i_700_n_0.  Did not re-place instance u_pool/p_r3[14]_i_700
INFO: [Physopt 32-662] Processed net u_pool/p_r3[14]_i_668_n_0.  Did not re-place instance u_pool/p_r3[14]_i_668
INFO: [Physopt 32-662] Processed net u_pool/p_r3[14]_i_410_n_0.  Did not re-place instance u_pool/p_r3[14]_i_410
INFO: [Physopt 32-662] Processed net u_input_buf/g_lane[0].prod__0_carry_i_10_n_0.  Did not re-place instance u_input_buf/g_lane[0].prod__0_carry_i_10
INFO: [Physopt 32-662] Processed net u_conv_mac/g_lane[1].prod__86_carry__0_i_1_n_0.  Did not re-place instance u_conv_mac/g_lane[1].prod__86_carry__0_i_1
INFO: [Physopt 32-662] Processed net u_conv_mac/g_lane[1].lane_acc[12]_i_5_n_0.  Did not re-place instance u_conv_mac/g_lane[1].lane_acc[12]_i_5
INFO: [Physopt 32-662] Processed net u_conv_mac/g_lane[1].prod__86_carry__0_i_5_n_0.  Did not re-place instance u_conv_mac/g_lane[1].prod__86_carry__0_i_5
INFO: [Physopt 32-662] Processed net u_input_buf/conv_rdata[9]_1[1].  Did not re-place instance u_input_buf/g_lane[1].prod__0_carry__0_i_7
INFO: [Physopt 32-663] Processed net u_input_buf/g_lane[1].prod__0_carry__0_i_11_n_0.  Re-placed instance u_input_buf/g_lane[1].prod__0_carry__0_i_11
INFO: [Physopt 32-662] Processed net u_conv_mac/g_lane[1].lane_acc_reg[29].  Did not re-place instance u_conv_mac/g_lane[1].lane_acc_reg[29]
INFO: [Physopt 32-662] Processed net u_conv_mac/g_lane[4].sum_carry__2_i_1_n_0.  Did not re-place instance u_conv_mac/g_lane[4].sum_carry__2_i_1
INFO: [Physopt 32-662] Processed net u_pool/p_r3[1]_i_222_n_0.  Did not re-place instance u_pool/p_r3[1]_i_222
INFO: [Physopt 32-662] Processed net u_conv_mac/g_lane[3].lane_acc_reg[23].  Did not re-place instance u_conv_mac/g_lane[3].lane_acc_reg[23]
INFO: [Physopt 32-662] Processed net u_conv_mac/g_lane[9].lane_acc_reg[31].  Did not re-place instance u_conv_mac/g_lane[9].lane_acc_reg[31]
INFO: [Physopt 32-663] Processed net u_input_buf/conv_rdata[34][3].  Re-placed instance u_input_buf/g_lane[4].prod__0_carry__0_i_1
INFO: [Physopt 32-662] Processed net u_input_buf/conv_rdata[33]_1[3].  Did not re-place instance u_input_buf/g_lane[4].prod__0_carry__0_i_5
INFO: [Physopt 32-663] Processed net u_input_buf/g_lane[9].prod__0_carry__0_i_11_n_0.  Re-placed instance u_input_buf/g_lane[9].prod__0_carry__0_i_11
INFO: [Physopt 32-663] Processed net u_pool/p_r3[14]_i_247_n_0.  Re-placed instance u_pool/p_r3[14]_i_247
INFO: [Physopt 32-663] Processed net u_pool/p_r3[14]_i_448_n_0.  Re-placed instance u_pool/p_r3[14]_i_448
INFO: [Physopt 32-662] Processed net u_pool/p_r3[14]_i_571_n_0.  Did not re-place instance u_pool/p_r3[14]_i_571
INFO: [Physopt 32-662] Processed net u_pool/p_r3[14]_i_175_n_0.  Did not re-place instance u_pool/p_r3[14]_i_175
INFO: [Physopt 32-663] Processed net u_pool/p_r3[14]_i_356_n_0.  Re-placed instance u_pool/p_r3[14]_i_356
INFO: [Physopt 32-663] Processed net u_pool/p_r3[14]_i_283_n_0.  Re-placed instance u_pool/p_r3[14]_i_283
INFO: [Physopt 32-663] Processed net u_pool/p_r3[14]_i_665_n_0.  Re-placed instance u_pool/p_r3[14]_i_665
INFO: [Physopt 32-662] Processed net u_pool/p_r3[14]_i_549_n_0.  Did not re-place instance u_pool/p_r3[14]_i_549
INFO: [Physopt 32-662] Processed net u_pool/p_r3[14]_i_177_n_0.  Did not re-place instance u_pool/p_r3[14]_i_177
INFO: [Physopt 32-663] Processed net u_pool/p_r3[14]_i_425_n_0.  Re-placed instance u_pool/p_r3[14]_i_425
INFO: [Physopt 32-662] Processed net u_conv_mac/g_lane[3].lane_out[20].  Did not re-place instance u_conv_mac/g_lane[3].lane_out_reg[20]
INFO: [Physopt 32-662] Processed net u_pool/p_r3[14]_i_112_n_0.  Did not re-place instance u_pool/p_r3[14]_i_112
INFO: [Physopt 32-662] Processed net u_conv_mac/g_lane[5].prod__86_carry__0_i_1_n_0.  Did not re-place instance u_conv_mac/g_lane[5].prod__86_carry__0_i_1
INFO: [Physopt 32-662] Processed net u_conv_mac/g_lane[5].prod__86_carry__0_i_5_n_0.  Did not re-place instance u_conv_mac/g_lane[5].prod__86_carry__0_i_5
INFO: [Physopt 32-662] Processed net u_conv_mac/g_lane[5].sum_carry__3_i_8_n_0.  Did not re-place instance u_conv_mac/g_lane[5].sum_carry__3_i_8
INFO: [Physopt 32-662] Processed net u_input_buf/conv_rdata[41]_1[0].  Did not re-place instance u_input_buf/g_lane[5].prod__0_carry__0_i_8
INFO: [Physopt 32-663] Processed net u_input_buf/g_lane[5].prod__0_carry__0_i_12_n_0.  Re-placed instance u_input_buf/g_lane[5].prod__0_carry__0_i_12
INFO: [Physopt 32-662] Processed net u_conv_mac/g_lane[5].lane_out[29].  Did not re-place instance u_conv_mac/g_lane[5].lane_out_reg[29]
INFO: [Physopt 32-662] Processed net u_pool/p_r3[14]_i_519_n_0.  Did not re-place instance u_pool/p_r3[14]_i_519
INFO: [Physopt 32-662] Processed net u_pool/p_r3[14]_i_121_n_0.  Did not re-place instance u_pool/p_r3[14]_i_121
INFO: [Physopt 32-662] Processed net u_pool/p_r3[14]_i_407_n_0.  Did not re-place instance u_pool/p_r3[14]_i_407
INFO: [Physopt 32-662] Processed net u_pool/p_r3[1]_i_154_n_0.  Did not re-place instance u_pool/p_r3[1]_i_154
INFO: [Physopt 32-662] Processed net u_pool/p_r3[14]_i_171_n_0.  Did not re-place instance u_pool/p_r3[14]_i_171
INFO: [Physopt 32-662] Processed net u_pool/p_r3[14]_i_580_n_0.  Did not re-place instance u_pool/p_r3[14]_i_580
INFO: [Physopt 32-662] Processed net u_pool/p_r3[14]_i_645_n_0.  Did not re-place instance u_pool/p_r3[14]_i_645
INFO: [Physopt 32-662] Processed net u_pool/p_r3[14]_i_442_n_0.  Did not re-place instance u_pool/p_r3[14]_i_442
INFO: [Physopt 32-662] Processed net u_pool/p_r3[14]_i_513_n_0.  Did not re-place instance u_pool/p_r3[14]_i_513
INFO: [Physopt 32-662] Processed net u_pool/p_r3[14]_i_722_n_0.  Did not re-place instance u_pool/p_r3[14]_i_722
INFO: [Physopt 32-662] Processed net u_pool/p_r3[14]_i_522_n_0.  Did not re-place instance u_pool/p_r3[14]_i_522
INFO: [Physopt 32-662] Processed net u_pool/p_r3[1]_i_155_n_0.  Did not re-place instance u_pool/p_r3[1]_i_155
INFO: [Physopt 32-662] Processed net u_pool/p_r3[14]_i_528_n_0.  Did not re-place instance u_pool/p_r3[14]_i_528
INFO: [Physopt 32-662] Processed net u_input_buf/conv_rdata[10][1].  Did not re-place instance u_input_buf/g_lane[1].prod__0_carry__0_i_3
INFO: [Physopt 32-663] Processed net u_pool/p_r3[14]_i_712_n_0.  Re-placed instance u_pool/p_r3[14]_i_712
INFO: [Physopt 32-663] Processed net u_pool/p_r3[14]_i_653_n_0.  Re-placed instance u_pool/p_r3[14]_i_653
INFO: [Physopt 32-662] Processed net u_conv_mac/g_lane[8].sum_carry__3_i_4_n_0.  Did not re-place instance u_conv_mac/g_lane[8].sum_carry__3_i_4
INFO: [Physopt 32-662] Processed net u_pool/p_r3[14]_i_590_n_0.  Did not re-place instance u_pool/p_r3[14]_i_590
INFO: [Physopt 32-662] Processed net u_conv_mac/g_lane[1].lane_acc_reg[31].  Did not re-place instance u_conv_mac/g_lane[1].lane_acc_reg[31]
INFO: [Physopt 32-662] Processed net u_conv_mac/g_lane[3].lane_acc[20]_i_2_n_0.  Did not re-place instance u_conv_mac/g_lane[3].lane_acc[20]_i_2
INFO: [Physopt 32-662] Processed net u_conv_mac/g_lane[1].sum_carry__3_i_8_n_0.  Did not re-place instance u_conv_mac/g_lane[1].sum_carry__3_i_8
INFO: [Physopt 32-662] Processed net u_conv_mac/g_lane[1].lane_out[29].  Did not re-place instance u_conv_mac/g_lane[1].lane_out_reg[29]
INFO: [Physopt 32-662] Processed net u_conv_mac/g_lane[3].lane_acc[20]_i_3_n_0.  Did not re-place instance u_conv_mac/g_lane[3].lane_acc[20]_i_3
INFO: [Physopt 32-663] Processed net u_enc_rq/rq[7]_i_696_n_0.  Re-placed instance u_enc_rq/rq[7]_i_696
INFO: [Physopt 32-663] Processed net u_enc_rq/rq[7]_i_1_n_0.  Re-placed instance u_enc_rq/rq[7]_i_1
INFO: [Physopt 32-662] Processed net u_enc_rq/param3_reg[66]_rep_n_0.  Did not re-place instance u_enc_rq/param3_reg[66]_rep
INFO: [Physopt 32-662] Processed net u_enc_rq/rq[7]_i_175_n_0.  Did not re-place instance u_enc_rq/rq[7]_i_175
INFO: [Physopt 32-662] Processed net u_enc_rq/rq[0]_i_2_n_0.  Did not re-place instance u_enc_rq/rq[0]_i_2
INFO: [Physopt 32-662] Processed net u_enc_rq/rq[1]_i_5_n_0.  Did not re-place instance u_enc_rq/rq[1]_i_5
INFO: [Physopt 32-663] Processed net u_enc_rq/rq[1]_i_9_n_0.  Re-placed instance u_enc_rq/rq[1]_i_9
INFO: [Physopt 32-662] Processed net u_enc_rq/rq[3]_i_19_n_0.  Did not re-place instance u_enc_rq/rq[3]_i_19
INFO: [Physopt 32-662] Processed net u_enc_rq/rq[7]_i_817_n_0.  Did not re-place instance u_enc_rq/rq[7]_i_817
INFO: [Physopt 32-662] Processed net u_enc_rq/rq_reg[7]_0[1].  Did not re-place instance u_enc_rq/rq_reg[1]
INFO: [Physopt 32-662] Processed net u_enc_rq/rq_reg[7]_0[6].  Did not re-place instance u_enc_rq/rq_reg[6]
INFO: [Physopt 32-663] Processed net u_input_buf/conv_rdata[25][1].  Re-placed instance u_input_buf/g_lane[3].prod__0_carry_i_2
INFO: [Physopt 32-662] Processed net u_conv_mac/g_lane[1].lane_out[31].  Did not re-place instance u_conv_mac/g_lane[1].lane_out_reg[31]
INFO: [Physopt 32-662] Processed net u_pool/p_r3[14]_i_518_n_0.  Did not re-place instance u_pool/p_r3[14]_i_518
INFO: [Physopt 32-662] Processed net u_conv_mac/g_lane[5].lane_out[31].  Did not re-place instance u_conv_mac/g_lane[5].lane_out_reg[31]
INFO: [Physopt 32-662] Processed net u_pool/p_r3[14]_i_731_n_0.  Did not re-place instance u_pool/p_r3[14]_i_731
INFO: [Physopt 32-662] Processed net u_conv_mac/g_lane[5].lane_acc[12]_i_5_n_0.  Did not re-place instance u_conv_mac/g_lane[5].lane_acc[12]_i_5
INFO: [Physopt 32-662] Processed net u_conv_mac/g_lane[5].lane_acc_reg[29].  Did not re-place instance u_conv_mac/g_lane[5].lane_acc_reg[29]
INFO: [Physopt 32-662] Processed net u_pool/p_r3[14]_i_132_n_0.  Did not re-place instance u_pool/p_r3[14]_i_132
INFO: [Physopt 32-662] Processed net u_pool/p_r3[13]_i_3_n_0.  Did not re-place instance u_pool/p_r3[13]_i_3
INFO: [Physopt 32-662] Processed net u_pool/p_r3[14]_i_54_n_0.  Did not re-place instance u_pool/p_r3[14]_i_54
INFO: [Physopt 32-662] Processed net u_conv_mac/g_lane[7].prod__86_carry__0_i_1_n_0.  Did not re-place instance u_conv_mac/g_lane[7].prod__86_carry__0_i_1
INFO: [Physopt 32-662] Processed net u_input_buf/conv_rdata[58][1].  Did not re-place instance u_input_buf/g_lane[7].prod__0_carry__0_i_3
INFO: [Physopt 32-662] Processed net u_pool/p_r3[14]_i_16_n_0.  Did not re-place instance u_pool/p_r3[14]_i_16
INFO: [Physopt 32-662] Processed net u_conv_mac/g_lane[7].prod__86_carry__0_i_5_n_0.  Did not re-place instance u_conv_mac/g_lane[7].prod__86_carry__0_i_5
INFO: [Physopt 32-662] Processed net u_conv_mac/g_lane[7].sum_carry__3_i_8_n_0.  Did not re-place instance u_conv_mac/g_lane[7].sum_carry__3_i_8
INFO: [Physopt 32-662] Processed net u_input_buf/conv_rdata[57]_1[1].  Did not re-place instance u_input_buf/g_lane[7].prod__0_carry__0_i_7
INFO: [Physopt 32-662] Processed net u_pool/p_r3[14]_i_525_n_0.  Did not re-place instance u_pool/p_r3[14]_i_525
INFO: [Physopt 32-662] Processed net u_conv_mac/g_lane[7].lane_out[29].  Did not re-place instance u_conv_mac/g_lane[7].lane_out_reg[29]
INFO: [Physopt 32-662] Processed net u_conv_mac/g_lane[0].prod__86_carry__0_i_1_n_0.  Did not re-place instance u_conv_mac/g_lane[0].prod__86_carry__0_i_1
INFO: [Physopt 32-663] Processed net u_input_buf/conv_rdata[2][1].  Re-placed instance u_input_buf/g_lane[0].prod__0_carry__0_i_3
INFO: [Physopt 32-662] Processed net u_conv_mac/g_lane[0].lane_acc[12]_i_5_n_0.  Did not re-place instance u_conv_mac/g_lane[0].lane_acc[12]_i_5
INFO: [Physopt 32-662] Processed net u_conv_mac/g_lane[0].prod__86_carry__0_i_5_n_0.  Did not re-place instance u_conv_mac/g_lane[0].prod__86_carry__0_i_5
INFO: [Physopt 32-662] Processed net u_input_buf/conv_rdata[1]_0[1].  Did not re-place instance u_input_buf/g_lane[0].prod__0_carry__0_i_7
INFO: [Physopt 32-662] Processed net u_conv_mac/g_lane[0].lane_acc_reg[29].  Did not re-place instance u_conv_mac/g_lane[0].lane_acc_reg[29]
INFO: [Physopt 32-662] Processed net u_conv_mac/g_lane[5].sum_carry__2_i_4_n_0.  Did not re-place instance u_conv_mac/g_lane[5].sum_carry__2_i_4
INFO: [Physopt 32-662] Processed net u_conv_mac/g_lane[4].lane_acc[12]_i_4_n_0.  Did not re-place instance u_conv_mac/g_lane[4].lane_acc[12]_i_4
INFO: [Physopt 32-662] Processed net u_conv_mac/g_lane[9].sum_carry__3_i_8_n_0.  Did not re-place instance u_conv_mac/g_lane[9].sum_carry__3_i_8
INFO: [Physopt 32-662] Processed net u_conv_mac/g_lane[9].lane_out[29].  Did not re-place instance u_conv_mac/g_lane[9].lane_out_reg[29]
INFO: [Physopt 32-662] Processed net u_pool/p_r3[14]_i_671_n_0.  Did not re-place instance u_pool/p_r3[14]_i_671
INFO: [Physopt 32-662] Processed net u_pool/p_r3[14]_i_414_n_0.  Did not re-place instance u_pool/p_r3[14]_i_414
INFO: [Physopt 32-663] Processed net u_pool/p_r3[14]_i_586_n_0.  Re-placed instance u_pool/p_r3[14]_i_586
INFO: [Physopt 32-662] Processed net u_pool/p_r3[14]_i_14_n_0.  Did not re-place instance u_pool/p_r3[14]_i_14
INFO: [Physopt 32-662] Processed net u_pool/p_r3[14]_i_741_n_0.  Did not re-place instance u_pool/p_r3[14]_i_741
INFO: [Physopt 32-662] Processed net u_pool/p_r3[14]_i_493_n_0.  Did not re-place instance u_pool/p_r3[14]_i_493
INFO: [Physopt 32-661] Optimized 32 nets.  Re-placed 32 instances.
INFO: [Physopt 32-775] End 1 Pass. Optimized 32 nets or cells. Created 0 new cell, deleted 0 existing cell and moved 32 existing cells
INFO: [Physopt 32-619] Estimated Timing Summary | WNS=-0.088 | TNS=-0.162 |
Netlist sorting complete. Time (s): cpu = 00:00:00 ; elapsed = 00:00:00.004 . Memory (MB): peak = 1897.938 ; gain = 0.000
Phase 9 Single Cell Placement Optimization | Checksum: 15db6da39

Time (s): cpu = 00:00:16 ; elapsed = 00:00:10 . Memory (MB): peak = 1897.938 ; gain = 0.000

Phase 10 Multi Cell Placement Optimization
INFO: [Physopt 32-660] Identified 100 candidate nets for placement-based optimization.
INFO: [Physopt 32-662] Processed net u_input_buf/g_lane[0].prod__0_carry_i_8_n_0.  Did not re-place instance u_input_buf/g_lane[0].prod__0_carry_i_8/O
INFO: [Physopt 32-662] Processed net u_input_buf/conv_rdata[26][1].  Did not re-place instance u_input_buf/g_lane[3].prod__0_carry__0_i_3/O
INFO: [Physopt 32-662] Processed net u_input_buf/g_lane[0].prod__0_carry_i_13_n_0.  Did not re-place instance u_input_buf/g_lane[0].prod__0_carry_i_13/O
INFO: [Physopt 32-661] Optimized 0 net.  Re-placed 0 instance.
INFO: [Physopt 32-775] End 1 Pass. Optimized 0 net or cell. Created 0 new cell, deleted 0 existing cell and moved 0 existing cell
Netlist sorting complete. Time (s): cpu = 00:00:00 ; elapsed = 00:00:00.002 . Memory (MB): peak = 1897.938 ; gain = 0.000
Phase 10 Multi Cell Placement Optimization | Checksum: 19ac65e64

Time (s): cpu = 00:00:17 ; elapsed = 00:00:10 . Memory (MB): peak = 1897.938 ; gain = 0.000

Phase 11 Rewire
INFO: [Physopt 32-246] Starting Signal Push optimization...
INFO: [Physopt 32-241] No nets found for rewiring () optimization.
INFO: [Physopt 32-232] Optimized 0 net. Created 0 new instance.
INFO: [Physopt 32-775] End 1 Pass. Optimized 0 net or cell. Created 0 new cell, deleted 0 existing cell and moved 0 existing cell
Netlist sorting complete. Time (s): cpu = 00:00:00 ; elapsed = 00:00:00.001 . Memory (MB): peak = 1897.938 ; gain = 0.000
Phase 11 Rewire | Checksum: 19ac65e64

Time (s): cpu = 00:00:17 ; elapsed = 00:00:10 . Memory (MB): peak = 1897.938 ; gain = 0.000

Phase 12 Critical Cell Optimization
INFO: [Physopt 32-46] Identified 30 candidate nets for critical-cell optimization.
INFO: [Physopt 32-571] Net u_input_buf/conv_rdata[29][0] was not replicated.
INFO: [Physopt 32-571] Net u_input_buf/conv_rdata[34][1] was not replicated.
INFO: [Physopt 32-571] Net u_pool/p_r3[14]_i_1_n_0 was not replicated.
INFO: [Physopt 32-571] Net p_r3[1]_i_229_n_0 was not replicated.
INFO: [Physopt 32-571] Net u_pool/p_r3[14]_i_119_n_0 was not replicated.
INFO: [Physopt 32-571] Net u_pool/p_r3[13]_i_3_n_0 was not replicated.
INFO: [Physopt 32-571] Net u_pool/p_r3[14]_i_14_n_0 was not replicated.
INFO: [Physopt 32-571] Net u_pool/p_r3[14]_i_50_n_0 was not replicated.
INFO: [Physopt 32-571] Net u_input_buf/u_conv_mac/act[2] was not replicated.
INFO: [Physopt 32-571] Net u_input_buf/conv_rdata[66][1] was not replicated.
INFO: [Physopt 32-571] Net u_pool/p_r3[14]_i_530_n_0 was not replicated.
INFO: [Physopt 32-571] Net u_pool/p_r3[14]_i_709_n_0 was not replicated.
INFO: [Physopt 32-571] Net u_pool/p_r3[14]_i_723_n_0 was not replicated.
INFO: [Physopt 32-571] Net u_pool/p_r3[14]_i_646_n_0 was not replicated.
INFO: [Physopt 32-571] Net u_pool/p_r3[14]_i_584_n_0 was not replicated.
INFO: [Physopt 32-571] Net u_pool/p_r3[14]_i_716_n_0 was not replicated.
INFO: [Physopt 32-571] Net u_pool/p_r3[14]_i_685_n_0 was not replicated.
INFO: [Physopt 32-571] Net u_pool/p_r3[14]_i_726_n_0 was not replicated.
INFO: [Physopt 32-571] Net u_pool/p_r3[14]_i_4_n_0 was not replicated.
INFO: [Physopt 32-571] Net u_pool/p_r3[14]_i_527_n_0 was not replicated.
INFO: [Physopt 32-571] Net u_pool/p_r3[14]_i_640_n_0 was not replicated.
INFO: [Physopt 32-571] Net u_pool/p_r3[14]_i_700_n_0 was not replicated.
INFO: [Physopt 32-571] Net u_pool/p_r3[14]_i_668_n_0 was not replicated.
INFO: [Physopt 32-571] Net u_pool/p_r3[14]_i_636_n_0 was not replicated.
INFO: [Physopt 32-571] Net u_pool/p_r3[14]_i_732_n_0 was not replicated.
INFO: [Physopt 32-571] Net u_input_buf/conv_rdata[10][1] was not replicated.
INFO: [Physopt 32-232] Optimized 0 net. Created 0 new instance.
INFO: [Physopt 32-775] End 1 Pass. Optimized 0 net or cell. Created 0 new cell, deleted 0 existing cell and moved 0 existing cell
Phase 12 Critical Cell Optimization | Checksum: 19ac65e64

Time (s): cpu = 00:00:17 ; elapsed = 00:00:10 . Memory (MB): peak = 1897.938 ; gain = 0.000

Phase 13 SLR Crossing Optimization
Phase 13 SLR Crossing Optimization | Checksum: 19ac65e64

Time (s): cpu = 00:00:17 ; elapsed = 00:00:10 . Memory (MB): peak = 1897.938 ; gain = 0.000

Phase 14 Fanout Optimization
INFO: [Physopt 32-76] Pass 1. Identified 2 candidate nets for fanout optimization.
INFO: [Physopt 32-572] Net u_input_buf/g_lane[0].prod__0_carry_i_8_n_0 was not replicated.
Resolution: phys_opt_design can be forced to replicate a net driver using the option -force_replication_on_nets <list of net objects>.
INFO: [Physopt 32-572] Net u_input_buf/g_lane[0].prod__0_carry__0_i_9_n_0 was not replicated.
Resolution: phys_opt_design can be forced to replicate a net driver using the option -force_replication_on_nets <list of net objects>.
INFO: [Physopt 32-232] Optimized 0 net. Created 0 new instance.
INFO: [Physopt 32-775] End 1 Pass. Optimized 0 net or cell. Created 0 new cell, deleted 0 existing cell and moved 0 existing cell
Netlist sorting complete. Time (s): cpu = 00:00:00 ; elapsed = 00:00:00.005 . Memory (MB): peak = 1897.938 ; gain = 0.000
Phase 14 Fanout Optimization | Checksum: 17e1a3871

Time (s): cpu = 00:00:18 ; elapsed = 00:00:11 . Memory (MB): peak = 1897.938 ; gain = 0.000

Phase 15 Single Cell Placement Optimization
INFO: [Physopt 32-660] Identified 250 candidate nets for placement-based optimization.
INFO: [Physopt 32-662] Processed net u_input_buf/g_lane[0].prod__0_carry_i_8_n_0.  Did not re-place instance u_input_buf/g_lane[0].prod__0_carry_i_8
INFO: [Physopt 32-662] Processed net u_conv_mac/g_lane[3].prod__86_carry__0_i_1_n_0.  Did not re-place instance u_conv_mac/g_lane[3].prod__86_carry__0_i_1
INFO: [Physopt 32-662] Processed net u_input_buf/conv_rdata[26][1].  Did not re-place instance u_input_buf/g_lane[3].prod__0_carry__0_i_3
INFO: [Physopt 32-662] Processed net u_input_buf/g_lane[0].prod__0_carry_i_13_n_0.  Did not re-place instance u_input_buf/g_lane[0].prod__0_carry_i_13
INFO: [Physopt 32-662] Processed net u_conv_mac/g_lane[3].prod__86_carry__0_i_5_n_0.  Did not re-place instance u_conv_mac/g_lane[3].prod__86_carry__0_i_5
INFO: [Physopt 32-662] Processed net u_conv_mac/g_lane[3].sum_carry__3_i_8_n_0.  Did not re-place instance u_conv_mac/g_lane[3].sum_carry__3_i_8
INFO: [Physopt 32-662] Processed net u_input_buf/conv_rdata[25]_1[1].  Did not re-place instance u_input_buf/g_lane[3].prod__0_carry__0_i_7
INFO: [Physopt 32-662] Processed net u_conv_mac/g_lane[3].lane_out[29].  Did not re-place instance u_conv_mac/g_lane[3].lane_out_reg[29]
INFO: [Physopt 32-662] Processed net u_conv_mac/g_lane[3].lane_out[31].  Did not re-place instance u_conv_mac/g_lane[3].lane_out_reg[31]
INFO: [Physopt 32-662] Processed net u_conv_mac/g_lane[3].lane_acc[16]_i_4_n_0.  Did not re-place instance u_conv_mac/g_lane[3].lane_acc[16]_i_4
INFO: [Physopt 32-662] Processed net u_conv_mac/g_lane[3].lane_acc_reg[29].  Did not re-place instance u_conv_mac/g_lane[3].lane_acc_reg[29]
INFO: [Physopt 32-662] Processed net u_conv_mac/g_lane[3].lane_out[30].  Did not re-place instance u_conv_mac/g_lane[3].lane_out_reg[30]
INFO: [Physopt 32-662] Processed net u_conv_mac/g_lane[3].lane_acc[16]_i_5_n_0.  Did not re-place instance u_conv_mac/g_lane[3].lane_acc[16]_i_5
INFO: [Physopt 32-662] Processed net u_conv_mac/g_lane[3].sum_carry__3_i_4_n_0.  Did not re-place instance u_conv_mac/g_lane[3].sum_carry__3_i_4
INFO: [Physopt 32-662] Processed net u_conv_mac/g_lane[3].lane_acc_reg[31].  Did not re-place instance u_conv_mac/g_lane[3].lane_acc_reg[31]
INFO: [Physopt 32-662] Processed net u_conv_mac/g_lane[3].lane_out[28].  Did not re-place instance u_conv_mac/g_lane[3].lane_out_reg[28]
INFO: [Physopt 32-662] Processed net u_conv_mac/g_lane[3].lane_out[25].  Did not re-place instance u_conv_mac/g_lane[3].lane_out_reg[25]
INFO: [Physopt 32-662] Processed net u_conv_mac/g_lane[3].lane_acc[12]_i_4_n_0.  Did not re-place instance u_conv_mac/g_lane[3].lane_acc[12]_i_4
INFO: [Physopt 32-662] Processed net u_conv_mac/g_lane[3].lane_out[27].  Did not re-place instance u_conv_mac/g_lane[3].lane_out_reg[27]
INFO: [Physopt 32-662] Processed net u_input_buf/g_lane[2].prod__0_carry_i_8_n_0.  Did not re-place instance u_input_buf/g_lane[2].prod__0_carry_i_8
INFO: [Physopt 32-662] Processed net u_input_buf/g_lane[0].prod__0_carry_i_15_n_0.  Did not re-place instance u_input_buf/g_lane[0].prod__0_carry_i_15
INFO: [Physopt 32-662] Processed net u_input_buf/conv_rdata[26][0].  Did not re-place instance u_input_buf/g_lane[3].prod__0_carry__0_i_4
INFO: [Physopt 32-662] Processed net u_input_buf/conv_rdata[25]_1[0].  Did not re-place instance u_input_buf/g_lane[3].prod__0_carry__0_i_8
INFO: [Physopt 32-662] Processed net u_conv_mac/g_lane[3].lane_acc[12]_i_2_n_0.  Did not re-place instance u_conv_mac/g_lane[3].lane_acc[12]_i_2
INFO: [Physopt 32-662] Processed net u_conv_mac/g_lane[3].sum_carry__2_i_3_n_0.  Did not re-place instance u_conv_mac/g_lane[3].sum_carry__2_i_3
INFO: [Physopt 32-662] Processed net u_conv_mac/g_lane[3].sum_carry__2_i_1_n_0.  Did not re-place instance u_conv_mac/g_lane[3].sum_carry__2_i_1
INFO: [Physopt 32-662] Processed net u_conv_mac/g_lane[3].lane_acc_reg[30].  Did not re-place instance u_conv_mac/g_lane[3].lane_acc_reg[30]
INFO: [Physopt 32-662] Processed net u_conv_mac/g_lane[3].lane_acc[12]_i_5_n_0.  Did not re-place instance u_conv_mac/g_lane[3].lane_acc[12]_i_5
INFO: [Physopt 32-662] Processed net u_conv_mac/g_lane[3].lane_acc_reg[28].  Did not re-place instance u_conv_mac/g_lane[3].lane_acc_reg[28]
INFO: [Physopt 32-662] Processed net u_conv_mac/g_lane[3].lane_acc_reg[25].  Did not re-place instance u_conv_mac/g_lane[3].lane_acc_reg[25]
INFO: [Physopt 32-662] Processed net u_conv_mac/g_lane[3].lane_acc[12]_i_3_n_0.  Did not re-place instance u_conv_mac/g_lane[3].lane_acc[12]_i_3
INFO: [Physopt 32-662] Processed net u_input_buf/conv_rdata[29][1].  Did not re-place instance u_input_buf/g_lane[3].prod__30_carry__0_i_3
INFO: [Physopt 32-662] Processed net u_input_buf/conv_rdata[28]_1[1].  Did not re-place instance u_input_buf/g_lane[3].prod__30_carry__0_i_7
INFO: [Physopt 32-662] Processed net u_conv_mac/g_lane[3].lane_out[26].  Did not re-place instance u_conv_mac/g_lane[3].lane_out_reg[26]
INFO: [Physopt 32-662] Processed net u_conv_mac/g_lane[3].lane_acc_reg[27].  Did not re-place instance u_conv_mac/g_lane[3].lane_acc_reg[27]
INFO: [Physopt 32-662] Processed net u_input_buf/g_lane[0].prod__0_carry__0_i_9_n_0.  Did not re-place instance u_input_buf/g_lane[0].prod__0_carry__0_i_9
INFO: [Physopt 32-662] Processed net u_input_buf/conv_rdata[26][3].  Did not re-place instance u_input_buf/g_lane[3].prod__0_carry__0_i_1
INFO: [Physopt 32-663] Processed net u_input_buf/g_lane[0].prod__0_carry__0_i_17_n_0.  Re-placed instance u_input_buf/g_lane[0].prod__0_carry__0_i_17
INFO: [Physopt 32-662] Processed net u_input_buf/conv_rdata[25]_1[3].  Did not re-place instance u_input_buf/g_lane[3].prod__0_carry__0_i_5
INFO: [Physopt 32-662] Processed net u_conv_mac/g_lane[3].lane_acc[8]_i_2_n_0.  Did not re-place instance u_conv_mac/g_lane[3].lane_acc[8]_i_2
INFO: [Physopt 32-662] Processed net u_conv_mac/g_lane[3].sum_carry__1_i_1_n_0.  Did not re-place instance u_conv_mac/g_lane[3].sum_carry__1_i_1
INFO: [Physopt 32-662] Processed net u_conv_mac/g_lane[3].lane_out[24].  Did not re-place instance u_conv_mac/g_lane[3].lane_out_reg[24]
INFO: [Physopt 32-662] Processed net u_conv_mac/g_lane[3].lane_out[21].  Did not re-place instance u_conv_mac/g_lane[3].lane_out_reg[21]
INFO: [Physopt 32-662] Processed net u_conv_mac/g_lane[3].prod__86_carry__0_i_4_n_0.  Did not re-place instance u_conv_mac/g_lane[3].prod__86_carry__0_i_4
INFO: [Physopt 32-662] Processed net u_conv_mac/g_lane[3].prod__86_carry__0_i_8_n_0.  Did not re-place instance u_conv_mac/g_lane[3].prod__86_carry__0_i_8
INFO: [Physopt 32-662] Processed net u_conv_mac/g_lane[3].sum_carry__2_i_4_n_0.  Did not re-place instance u_conv_mac/g_lane[3].sum_carry__2_i_4
INFO: [Physopt 32-662] Processed net u_conv_mac/g_lane[3].sum_carry__2_i_2_n_0.  Did not re-place instance u_conv_mac/g_lane[3].sum_carry__2_i_2
INFO: [Physopt 32-662] Processed net u_input_buf/g_lane[2].prod__0_carry__0_i_9_n_0.  Did not re-place instance u_input_buf/g_lane[2].prod__0_carry__0_i_9
INFO: [Physopt 32-662] Processed net u_input_buf/g_lane[0].prod__0_carry__0_i_19_n_0.  Did not re-place instance u_input_buf/g_lane[0].prod__0_carry__0_i_19
INFO: [Physopt 32-662] Processed net u_conv_mac/g_lane[3].lane_out[23].  Did not re-place instance u_conv_mac/g_lane[3].lane_out_reg[23]
INFO: [Physopt 32-662] Processed net u_input_buf/g_lane[2].prod__0_carry_i_9_n_0.  Did not re-place instance u_input_buf/g_lane[2].prod__0_carry_i_9
INFO: [Physopt 32-662] Processed net u_input_buf/g_lane[0].prod__0_carry_i_17_n_0.  Did not re-place instance u_input_buf/g_lane[0].prod__0_carry_i_17
INFO: [Physopt 32-662] Processed net u_input_buf/conv_rdata[26][2].  Did not re-place instance u_input_buf/g_lane[3].prod__0_carry__0_i_2
INFO: [Physopt 32-662] Processed net u_input_buf/conv_rdata[25]_1[2].  Did not re-place instance u_input_buf/g_lane[3].prod__0_carry__0_i_6
INFO: [Physopt 32-662] Processed net u_input_buf/conv_rdata[29][0].  Did not re-place instance u_input_buf/g_lane[3].prod__30_carry__0_i_4
INFO: [Physopt 32-662] Processed net u_input_buf/conv_rdata[28]_1[0].  Did not re-place instance u_input_buf/g_lane[3].prod__30_carry__0_i_8
INFO: [Physopt 32-662] Processed net u_conv_mac/g_lane[3].lane_acc_reg[26].  Did not re-place instance u_conv_mac/g_lane[3].lane_acc_reg[26]
INFO: [Physopt 32-662] Processed net u_input_buf/conv_rdata[34][1].  Did not re-place instance u_input_buf/g_lane[4].prod__0_carry__0_i_3
INFO: [Physopt 32-662] Processed net u_conv_mac/g_lane[4].prod__86_carry__0_i_1_n_0.  Did not re-place instance u_conv_mac/g_lane[4].prod__86_carry__0_i_1
INFO: [Physopt 32-662] Processed net u_conv_mac/g_lane[4].prod__86_carry__0_i_5_n_0.  Did not re-place instance u_conv_mac/g_lane[4].prod__86_carry__0_i_5
INFO: [Physopt 32-662] Processed net u_conv_mac/g_lane[4].sum_carry__2_i_4_n_0.  Did not re-place instance u_conv_mac/g_lane[4].sum_carry__2_i_4
INFO: [Physopt 32-662] Processed net u_input_buf/conv_rdata[33]_1[1].  Did not re-place instance u_input_buf/g_lane[4].prod__0_carry__0_i_7
INFO: [Physopt 32-662] Processed net u_conv_mac/g_lane[4].lane_out[29].  Did not re-place instance u_conv_mac/g_lane[4].lane_out_reg[29]
INFO: [Physopt 32-662] Processed net u_conv_mac/g_lane[4].lane_acc[12]_i_5_n_0.  Did not re-place instance u_conv_mac/g_lane[4].lane_acc[12]_i_5
INFO: [Physopt 32-662] Processed net u_conv_mac/g_lane[4].lane_acc_reg[29].  Did not re-place instance u_conv_mac/g_lane[4].lane_acc_reg[29]
INFO: [Physopt 32-662] Processed net u_pool/p_r3[14]_i_1_n_0.  Did not re-place instance u_pool/p_r3[14]_i_1
INFO: [Physopt 32-663] Processed net p_r3[1]_i_229_n_0.  Re-placed instance p_r3[1]_i_229
INFO: [Physopt 32-662] Processed net u_pool/p_r3[14]_i_119_n_0.  Did not re-place instance u_pool/p_r3[14]_i_119
INFO: [Physopt 32-662] Processed net u_pool/p_r3[13]_i_3_n_0.  Did not re-place instance u_pool/p_r3[13]_i_3
INFO: [Physopt 32-662] Processed net u_pool/p_r3[14]_i_14_n_0.  Did not re-place instance u_pool/p_r3[14]_i_14
INFO: [Physopt 32-662] Processed net u_pool/p_r3[14]_i_50_n_0.  Did not re-place instance u_pool/p_r3[14]_i_50
INFO: [Physopt 32-662] Processed net u_pool/p_r3[14]_i_525_n_0.  Did not re-place instance u_pool/p_r3[14]_i_525
INFO: [Physopt 32-662] Processed net u_pool/p_r3[1]_i_156_n_0.  Did not re-place instance u_pool/p_r3[1]_i_156
INFO: [Physopt 32-662] Processed net u_pool/p_r3_reg[4]_inv_n_0.  Did not re-place instance u_pool/p_r3_reg[4]_inv
INFO: [Physopt 32-662] Processed net u_pool/p_r3_reg_n_0_[13].  Did not re-place instance u_pool/p_r3_reg[13]
INFO: [Physopt 32-662] Processed net u_conv_mac/g_lane[3].lane_acc_reg[24].  Did not re-place instance u_conv_mac/g_lane[3].lane_acc_reg[24]
INFO: [Physopt 32-662] Processed net u_conv_mac/g_lane[3].lane_acc_reg[21].  Did not re-place instance u_conv_mac/g_lane[3].lane_acc_reg[21]
INFO: [Physopt 32-662] Processed net u_conv_mac/g_lane[4].lane_out[31].  Did not re-place instance u_conv_mac/g_lane[4].lane_out_reg[31]
INFO: [Physopt 32-662] Processed net u_conv_mac/g_lane[4].sum_carry__2_i_3_n_0.  Did not re-place instance u_conv_mac/g_lane[4].sum_carry__2_i_3
INFO: [Physopt 32-662] Processed net u_input_buf/u_conv_mac/act[2].  Did not re-place instance u_input_buf/g_lane[8].prod__0_carry_i_8
INFO: [Physopt 32-662] Processed net u_conv_mac/g_lane[8].prod__86_carry__0_i_1_n_0.  Did not re-place instance u_conv_mac/g_lane[8].prod__86_carry__0_i_1
INFO: [Physopt 32-662] Processed net u_input_buf/conv_rdata[66][1].  Did not re-place instance u_input_buf/g_lane[8].prod__0_carry__0_i_3
INFO: [Physopt 32-662] Processed net u_conv_mac/g_lane[8].prod__86_carry__0_i_5_n_0.  Did not re-place instance u_conv_mac/g_lane[8].prod__86_carry__0_i_5
INFO: [Physopt 32-662] Processed net u_conv_mac/g_lane[8].sum_carry__3_i_8_n_0.  Did not re-place instance u_conv_mac/g_lane[8].sum_carry__3_i_8
INFO: [Physopt 32-662] Processed net u_input_buf/conv_rdata[65]_1[1].  Did not re-place instance u_input_buf/g_lane[8].prod__0_carry__0_i_7
INFO: [Physopt 32-662] Processed net u_conv_mac/g_lane[8].lane_out[29].  Did not re-place instance u_conv_mac/g_lane[8].lane_out_reg[29]
INFO: [Physopt 32-662] Processed net u_conv_mac/g_lane[4].lane_acc_reg[31].  Did not re-place instance u_conv_mac/g_lane[4].lane_acc_reg[31]
INFO: [Physopt 32-662] Processed net u_conv_mac/g_lane[3].lane_out[22].  Did not re-place instance u_conv_mac/g_lane[3].lane_out_reg[22]
INFO: [Physopt 32-662] Processed net u_pool/p_r3_reg_n_0_[12].  Did not re-place instance u_pool/p_r3_reg[12]
INFO: [Physopt 32-662] Processed net u_pool/p_r3_reg_n_0_[2].  Did not re-place instance u_pool/p_r3_reg[2]
INFO: [Physopt 32-662] Processed net u_pool/p_r3_reg_n_0_[3].  Did not re-place instance u_pool/p_r3_reg[3]
INFO: [Physopt 32-662] Processed net u_pool/p_r3_reg_n_0_[7].  Did not re-place instance u_pool/p_r3_reg[7]
INFO: [Physopt 32-662] Processed net u_pool/rs[13].  Did not re-place instance u_pool/p_r3[14]_i_521
INFO: [Physopt 32-663] Processed net u_pool/p_r3[14]_i_530_n_0.  Re-placed instance u_pool/p_r3[14]_i_530
INFO: [Physopt 32-662] Processed net u_pool/p_r3[14]_i_709_n_0.  Did not re-place instance u_pool/p_r3[14]_i_709
INFO: [Physopt 32-662] Processed net u_pool/p_r3[14]_i_723_n_0.  Did not re-place instance u_pool/p_r3[14]_i_723
INFO: [Physopt 32-662] Processed net u_pool/p_r3[14]_i_646_n_0.  Did not re-place instance u_pool/p_r3[14]_i_646
INFO: [Physopt 32-662] Processed net u_pool/p_r3[14]_i_411_n_0.  Did not re-place instance u_pool/p_r3[14]_i_411
INFO: [Physopt 32-662] Processed net u_pool/p_r3[1]_i_220_n_0.  Did not re-place instance u_pool/p_r3[1]_i_220
INFO: [Physopt 32-662] Processed net u_pool/p_r3[1]_i_219_n_0.  Did not re-place instance u_pool/p_r3[1]_i_219
INFO: [Physopt 32-662] Processed net u_conv_mac/g_lane[4].sum_carry__2_i_1_n_0.  Did not re-place instance u_conv_mac/g_lane[4].sum_carry__2_i_1
INFO: [Physopt 32-662] Processed net u_conv_mac/g_lane[3].lane_acc_reg[23].  Did not re-place instance u_conv_mac/g_lane[3].lane_acc_reg[23]
INFO: [Physopt 32-662] Processed net u_pool/p_r3[14]_i_584_n_0.  Did not re-place instance u_pool/p_r3[14]_i_584
INFO: [Physopt 32-662] Processed net u_pool/p_r3[14]_i_716_n_0.  Did not re-place instance u_pool/p_r3[14]_i_716
INFO: [Physopt 32-662] Processed net u_pool/p_r3[14]_i_685_n_0.  Did not re-place instance u_pool/p_r3[14]_i_685
INFO: [Physopt 32-662] Processed net u_pool/p_r3[14]_i_726_n_0.  Did not re-place instance u_pool/p_r3[14]_i_726
INFO: [Physopt 32-662] Processed net u_pool/p_r3[14]_i_523_n_0.  Did not re-place instance u_pool/p_r3[14]_i_523
INFO: [Physopt 32-662] Processed net u_pool/p_r3[1]_i_157_n_0.  Did not re-place instance u_pool/p_r3[1]_i_157
INFO: [Physopt 32-662] Processed net u_pool/p_r3[14]_i_4_n_0.  Did not re-place instance u_pool/p_r3[14]_i_4
INFO: [Physopt 32-662] Processed net u_pool/p_r3[14]_i_524_n_0.  Did not re-place instance u_pool/p_r3[14]_i_524
INFO: [Physopt 32-662] Processed net u_conv_mac/g_lane[3].lane_out[20].  Did not re-place instance u_conv_mac/g_lane[3].lane_out_reg[20]
INFO: [Physopt 32-662] Processed net u_conv_mac/g_lane[8].lane_out[31].  Did not re-place instance u_conv_mac/g_lane[8].lane_out_reg[31]
INFO: [Physopt 32-662] Processed net u_pool/p_r3[14]_i_527_n_0.  Did not re-place instance u_pool/p_r3[14]_i_527
INFO: [Physopt 32-663] Processed net u_pool/p_r3[14]_i_640_n_0.  Re-placed instance u_pool/p_r3[14]_i_640
INFO: [Physopt 32-662] Processed net u_pool/p_r3[14]_i_700_n_0.  Did not re-place instance u_pool/p_r3[14]_i_700
INFO: [Physopt 32-662] Processed net u_pool/p_r3[14]_i_668_n_0.  Did not re-place instance u_pool/p_r3[14]_i_668
INFO: [Physopt 32-662] Processed net u_pool/p_r3[14]_i_410_n_0.  Did not re-place instance u_pool/p_r3[14]_i_410
INFO: [Physopt 32-662] Processed net u_conv_mac/g_lane[8].sum_carry__2_i_4_n_0.  Did not re-place instance u_conv_mac/g_lane[8].sum_carry__2_i_4
INFO: [Physopt 32-662] Processed net u_pool/p_r3[14]_i_636_n_0.  Did not re-place instance u_pool/p_r3[14]_i_636
INFO: [Physopt 32-662] Processed net u_pool/p_r3[14]_i_732_n_0.  Did not re-place instance u_pool/p_r3[14]_i_732
INFO: [Physopt 32-662] Processed net u_conv_mac/g_lane[1].prod__86_carry__0_i_1_n_0.  Did not re-place instance u_conv_mac/g_lane[1].prod__86_carry__0_i_1
INFO: [Physopt 32-662] Processed net u_input_buf/conv_rdata[10][1].  Did not re-place instance u_input_buf/g_lane[1].prod__0_carry__0_i_3
INFO: [Physopt 32-662] Processed net u_pool/p_r3[14]_i_692_n_0.  Did not re-place instance u_pool/p_r3[14]_i_692
INFO: [Physopt 32-663] Processed net u_pool/p_r3[14]_i_743_n_0.  Re-placed instance u_pool/p_r3[14]_i_743
INFO: [Physopt 32-662] Processed net u_conv_mac/g_lane[1].lane_acc[12]_i_5_n_0.  Did not re-place instance u_conv_mac/g_lane[1].lane_acc[12]_i_5
INFO: [Physopt 32-662] Processed net u_conv_mac/g_lane[1].prod__86_carry__0_i_5_n_0.  Did not re-place instance u_conv_mac/g_lane[1].prod__86_carry__0_i_5
INFO: [Physopt 32-662] Processed net u_input_buf/conv_rdata[9]_1[1].  Did not re-place instance u_input_buf/g_lane[1].prod__0_carry__0_i_7
INFO: [Physopt 32-662] Processed net u_conv_mac/g_lane[1].lane_acc_reg[29].  Did not re-place instance u_conv_mac/g_lane[1].lane_acc_reg[29]
INFO: [Physopt 32-662] Processed net u_conv_mac/g_lane[3].lane_acc[20]_i_2_n_0.  Did not re-place instance u_conv_mac/g_lane[3].lane_acc[20]_i_2
INFO: [Physopt 32-662] Processed net u_conv_mac/g_lane[3].lane_acc[20]_i_3_n_0.  Did not re-place instance u_conv_mac/g_lane[3].lane_acc[20]_i_3
INFO: [Physopt 32-662] Processed net u_pool/p_r3[14]_i_112_n_0.  Did not re-place instance u_pool/p_r3[14]_i_112
INFO: [Physopt 32-662] Processed net u_pool/p_r3[14]_i_519_n_0.  Did not re-place instance u_pool/p_r3[14]_i_519
INFO: [Physopt 32-662] Processed net u_pool/p_r3[14]_i_121_n_0.  Did not re-place instance u_pool/p_r3[14]_i_121
INFO: [Physopt 32-663] Processed net u_pool/p_r3[14]_i_283_n_0.  Re-placed instance u_pool/p_r3[14]_i_283
INFO: [Physopt 32-663] Processed net u_pool/p_r3[14]_i_504_n_0.  Re-placed instance u_pool/p_r3[14]_i_504
INFO: [Physopt 32-662] Processed net u_pool/p_r3[14]_i_566_n_0.  Did not re-place instance u_pool/p_r3[14]_i_566
INFO: [Physopt 32-662] Processed net u_pool/p_r3[14]_i_177_n_0.  Did not re-place instance u_pool/p_r3[14]_i_177
INFO: [Physopt 32-662] Processed net u_pool/p_r3[14]_i_423_n_0.  Did not re-place instance u_pool/p_r3[14]_i_423
INFO: [Physopt 32-662] Processed net u_pool/p_r3[1]_i_221_n_0.  Did not re-place instance u_pool/p_r3[1]_i_221
INFO: [Physopt 32-662] Processed net u_pool/p_r3[14]_i_132_n_0.  Did not re-place instance u_pool/p_r3[14]_i_132
INFO: [Physopt 32-662] Processed net u_pool/p_r3[14]_i_54_n_0.  Did not re-place instance u_pool/p_r3[14]_i_54
INFO: [Physopt 32-662] Processed net u_conv_mac/g_lane[7].prod__86_carry__0_i_1_n_0.  Did not re-place instance u_conv_mac/g_lane[7].prod__86_carry__0_i_1
INFO: [Physopt 32-662] Processed net u_input_buf/conv_rdata[58][1].  Did not re-place instance u_input_buf/g_lane[7].prod__0_carry__0_i_3
INFO: [Physopt 32-662] Processed net u_pool/p_r3[14]_i_16_n_0.  Did not re-place instance u_pool/p_r3[14]_i_16
INFO: [Physopt 32-662] Processed net u_conv_mac/g_lane[7].prod__86_carry__0_i_5_n_0.  Did not re-place instance u_conv_mac/g_lane[7].prod__86_carry__0_i_5
INFO: [Physopt 32-662] Processed net u_conv_mac/g_lane[7].sum_carry__3_i_8_n_0.  Did not re-place instance u_conv_mac/g_lane[7].sum_carry__3_i_8
INFO: [Physopt 32-662] Processed net u_input_buf/conv_rdata[57]_1[1].  Did not re-place instance u_input_buf/g_lane[7].prod__0_carry__0_i_7
INFO: [Physopt 32-662] Processed net u_conv_mac/g_lane[7].lane_out[29].  Did not re-place instance u_conv_mac/g_lane[7].lane_out_reg[29]
INFO: [Physopt 32-662] Processed net u_pool/p_r3[14]_i_528_n_0.  Did not re-place instance u_pool/p_r3[14]_i_528
INFO: [Physopt 32-662] Processed net u_conv_mac/g_lane[1].lane_acc_reg[31].  Did not re-place instance u_conv_mac/g_lane[1].lane_acc_reg[31]
INFO: [Physopt 32-662] Processed net u_conv_mac/g_lane[1].sum_carry__3_i_8_n_0.  Did not re-place instance u_conv_mac/g_lane[1].sum_carry__3_i_8
INFO: [Physopt 32-662] Processed net u_conv_mac/g_lane[1].lane_out[29].  Did not re-place instance u_conv_mac/g_lane[1].lane_out_reg[29]
INFO: [Physopt 32-662] Processed net u_pool/p_r3[14]_i_691_n_0.  Did not re-place instance u_pool/p_r3[14]_i_691
INFO: [Physopt 32-662] Processed net u_conv_mac/g_lane[4].lane_acc[12]_i_4_n_0.  Did not re-place instance u_conv_mac/g_lane[4].lane_acc[12]_i_4
INFO: [Physopt 32-662] Processed net u_pool/p_r3[14]_i_407_n_0.  Did not re-place instance u_pool/p_r3[14]_i_407
INFO: [Physopt 32-662] Processed net u_pool/p_r3[14]_i_671_n_0.  Did not re-place instance u_pool/p_r3[14]_i_671
INFO: [Physopt 32-662] Processed net u_pool/p_r3[14]_i_414_n_0.  Did not re-place instance u_pool/p_r3[14]_i_414
INFO: [Physopt 32-662] Processed net u_pool/p_r3[14]_i_493_n_0.  Did not re-place instance u_pool/p_r3[14]_i_493
INFO: [Physopt 32-662] Processed net u_pool/p_r3[14]_i_616_n_0.  Did not re-place instance u_pool/p_r3[14]_i_616
INFO: [Physopt 32-662] Processed net u_conv_mac/g_lane[3].lane_acc[16]_i_2_n_0.  Did not re-place instance u_conv_mac/g_lane[3].lane_acc[16]_i_2
INFO: [Physopt 32-662] Processed net u_conv_mac/g_lane[8].sum_carry__3_i_4_n_0.  Did not re-place instance u_conv_mac/g_lane[8].sum_carry__3_i_4
INFO: [Physopt 32-662] Processed net u_pool/p_r3[14]_i_280_n_0.  Did not re-place instance u_pool/p_r3[14]_i_280
INFO: [Physopt 32-662] Processed net u_input_buf/g_lane[0].prod__0_carry_i_14_n_0.  Did not re-place instance u_input_buf/g_lane[0].prod__0_carry_i_14
INFO: [Physopt 32-663] Processed net u_input_buf/conv_rdata[37][1].  Re-placed instance u_input_buf/g_lane[4].prod__30_carry__0_i_3
INFO: [Physopt 32-662] Processed net u_input_buf/conv_rdata[33]_1[3].  Did not re-place instance u_input_buf/g_lane[4].prod__0_carry__0_i_5
INFO: [Physopt 32-662] Processed net u_input_buf/conv_rdata[36]_1[1].  Did not re-place instance u_input_buf/g_lane[4].prod__30_carry__0_i_7
INFO: [Physopt 32-663] Processed net u_input_buf/g_lane[4].prod__0_carry__0_i_9_n_0.  Re-placed instance u_input_buf/g_lane[4].prod__0_carry__0_i_9
INFO: [Physopt 32-662] Processed net u_pool/p_r3[1]_i_152_n_0.  Did not re-place instance u_pool/p_r3[1]_i_152
INFO: [Physopt 32-662] Processed net u_conv_mac/g_lane[1].lane_out[31].  Did not re-place instance u_conv_mac/g_lane[1].lane_out_reg[31]
INFO: [Physopt 32-662] Processed net u_conv_mac/g_lane[4].sum_carry__1_i_1_n_0.  Did not re-place instance u_conv_mac/g_lane[4].sum_carry__1_i_1
INFO: [Physopt 32-662] Processed net u_conv_mac/g_lane[3].lane_acc[16]_i_3_n_0.  Did not re-place instance u_conv_mac/g_lane[3].lane_acc[16]_i_3
INFO: [Physopt 32-662] Processed net u_pool/p_r3[14]_i_731_n_0.  Did not re-place instance u_pool/p_r3[14]_i_731
INFO: [Physopt 32-663] Processed net u_pool/p_r3[14]_i_586_n_0.  Re-placed instance u_pool/p_r3[14]_i_586
INFO: [Physopt 32-663] Processed net u_pool/p_r3[14]_i_741_n_0.  Re-placed instance u_pool/p_r3[14]_i_741
INFO: [Physopt 32-662] Processed net u_pool/p_r3[14]_i_689_n_0.  Did not re-place instance u_pool/p_r3[14]_i_689
INFO: [Physopt 32-662] Processed net u_input_buf/conv_rdata[33]_1[0].  Did not re-place instance u_input_buf/g_lane[4].prod__0_carry__0_i_8
INFO: [Physopt 32-663] Processed net u_input_buf/g_lane[4].prod__0_carry__0_i_12_n_0.  Re-placed instance u_input_buf/g_lane[4].prod__0_carry__0_i_12
INFO: [Physopt 32-662] Processed net u_pool/p_r3[14]_i_479_n_0.  Did not re-place instance u_pool/p_r3[14]_i_479
INFO: [Physopt 32-662] Processed net u_pool/p_r3[14]_i_667_n_0.  Did not re-place instance u_pool/p_r3[14]_i_667
INFO: [Physopt 32-662] Processed net u_pool/p_r3[14]_i_699_n_0.  Did not re-place instance u_pool/p_r3[14]_i_699
INFO: [Physopt 32-662] Processed net u_pool/p_r3[14]_i_409_n_0.  Did not re-place instance u_pool/p_r3[14]_i_409
INFO: [Physopt 32-663] Processed net u_pool/p_r3[14]_i_599_n_0.  Re-placed instance u_pool/p_r3[14]_i_599
INFO: [Physopt 32-662] Processed net u_conv_mac/g_lane[4].sum_carry__3_i_8_n_0.  Did not re-place instance u_conv_mac/g_lane[4].sum_carry__3_i_8
INFO: [Physopt 32-662] Processed net u_conv_mac/g_lane[7].lane_out[31].  Did not re-place instance u_conv_mac/g_lane[7].lane_out_reg[31]
INFO: [Physopt 32-662] Processed net u_pool/p_r3[1]_i_222_n_0.  Did not re-place instance u_pool/p_r3[1]_i_222
INFO: [Physopt 32-662] Processed net u_conv_mac/g_lane[4].lane_out[30].  Did not re-place instance u_conv_mac/g_lane[4].lane_out_reg[30]
INFO: [Physopt 32-662] Processed net u_conv_mac/g_lane[4].sum_carry__2_i_2_n_0.  Did not re-place instance u_conv_mac/g_lane[4].sum_carry__2_i_2
INFO: [Physopt 32-662] Processed net u_conv_mac/g_lane[3].lane_acc[20]_i_4_n_0.  Did not re-place instance u_conv_mac/g_lane[3].lane_acc[20]_i_4
INFO: [Physopt 32-663] Processed net u_input_buf/conv_rdata[10][3].  Re-placed instance u_input_buf/g_lane[1].prod__0_carry__0_i_1
INFO: [Physopt 32-662] Processed net u_input_buf/conv_rdata[9]_1[3].  Did not re-place instance u_input_buf/g_lane[1].prod__0_carry__0_i_5
INFO: [Physopt 32-663] Processed net u_pool/p_r3[14]_i_247_n_0.  Re-placed instance u_pool/p_r3[14]_i_247
INFO: [Physopt 32-663] Processed net u_pool/p_r3[14]_i_496_n_0.  Re-placed instance u_pool/p_r3[14]_i_496
INFO: [Physopt 32-662] Processed net u_pool/p_r3[14]_i_620_n_0.  Did not re-place instance u_pool/p_r3[14]_i_620
INFO: [Physopt 32-662] Processed net u_pool/p_r3[14]_i_175_n_0.  Did not re-place instance u_pool/p_r3[14]_i_175
INFO: [Physopt 32-663] Processed net u_pool/p_r3[14]_i_357_n_0.  Re-placed instance u_pool/p_r3[14]_i_357
INFO: [Physopt 32-662] Processed net u_conv_mac/g_lane[4].lane_acc_reg[30].  Did not re-place instance u_conv_mac/g_lane[4].lane_acc_reg[30]
INFO: [Physopt 32-662] Processed net u_pool/p_r3_reg_n_0_[10].  Did not re-place instance u_pool/p_r3_reg[10]
INFO: [Physopt 32-662] Processed net u_pool/p_r3_reg_n_0_[6].  Did not re-place instance u_pool/p_r3_reg[6]
INFO: [Physopt 32-662] Processed net u_pool/p_r3_reg_n_0_[8].  Did not re-place instance u_pool/p_r3_reg[8]
INFO: [Physopt 32-662] Processed net u_input_buf/g_lane[0].prod__0_carry_i_16_n_0.  Did not re-place instance u_input_buf/g_lane[0].prod__0_carry_i_16
INFO: [Physopt 32-662] Processed net u_conv_mac/g_lane[1].sum_carry__2_i_4_n_0.  Did not re-place instance u_conv_mac/g_lane[1].sum_carry__2_i_4
INFO: [Physopt 32-662] Processed net u_pool/p_r3[14]_i_520_n_0.  Did not re-place instance u_pool/p_r3[14]_i_520
INFO: [Physopt 32-662] Processed net u_input_buf/conv_rdata[65]_1[3].  Did not re-place instance u_input_buf/g_lane[8].prod__0_carry__0_i_5
INFO: [Physopt 32-663] Processed net u_input_buf/g_lane[8].prod__0_carry__0_i_10_n_0.  Re-placed instance u_input_buf/g_lane[8].prod__0_carry__0_i_10
INFO: [Physopt 32-662] Processed net u_conv_mac/g_lane[3].lane_acc_reg[22].  Did not re-place instance u_conv_mac/g_lane[3].lane_acc_reg[22]
INFO: [Physopt 32-662] Processed net u_conv_mac/g_lane[10].prod__86_carry__0_i_1_n_0.  Did not re-place instance u_conv_mac/g_lane[10].prod__86_carry__0_i_1
INFO: [Physopt 32-663] Processed net u_input_buf/conv_rdata[82][1].  Re-placed instance u_input_buf/g_lane[10].prod__0_carry__0_i_3
INFO: [Physopt 32-662] Processed net u_conv_mac/g_lane[10].lane_acc[12]_i_5_n_0.  Did not re-place instance u_conv_mac/g_lane[10].lane_acc[12]_i_5
INFO: [Physopt 32-662] Processed net u_conv_mac/g_lane[10].prod__86_carry__0_i_5_n_0.  Did not re-place instance u_conv_mac/g_lane[10].prod__86_carry__0_i_5
INFO: [Physopt 32-662] Processed net u_input_buf/conv_rdata[81]_1[1].  Did not re-place instance u_input_buf/g_lane[10].prod__0_carry__0_i_7
INFO: [Physopt 32-662] Processed net u_conv_mac/g_lane[10].lane_acc_reg[29].  Did not re-place instance u_conv_mac/g_lane[10].lane_acc_reg[29]
INFO: [Physopt 32-662] Processed net u_pool/p_0_in.  Did not re-place instance u_pool/p_r3_reg[14]
INFO: [Physopt 32-662] Processed net u_conv_mac/g_lane[4].lane_out[28].  Did not re-place instance u_conv_mac/g_lane[4].lane_out_reg[28]
INFO: [Physopt 32-663] Processed net u_input_buf/conv_rdata[66][0].  Re-placed instance u_input_buf/g_lane[8].prod__0_carry__0_i_4
INFO: [Physopt 32-662] Processed net u_input_buf/conv_rdata[65]_1[0].  Did not re-place instance u_input_buf/g_lane[8].prod__0_carry__0_i_8
INFO: [Physopt 32-663] Processed net u_pool/p_r3[14]_i_688_n_0.  Re-placed instance u_pool/p_r3[14]_i_688
INFO: [Physopt 32-663] Processed net u_pool/p_r3[14]_i_572_n_0.  Re-placed instance u_pool/p_r3[14]_i_572
INFO: [Physopt 32-662] Processed net u_pool/p_r3[14]_i_729_n_0.  Did not re-place instance u_pool/p_r3[14]_i_729
INFO: [Physopt 32-662] Processed net u_pool/p_r3[14]_i_740_n_0.  Did not re-place instance u_pool/p_r3[14]_i_740
INFO: [Physopt 32-662] Processed net u_conv_mac/g_lane[3].lane_acc[20]_i_5_n_0.  Did not re-place instance u_conv_mac/g_lane[3].lane_acc[20]_i_5
INFO: [Physopt 32-662] Processed net u_conv_mac/g_lane[9].prod__86_carry__0_i_1_n_0.  Did not re-place instance u_conv_mac/g_lane[9].prod__86_carry__0_i_1
INFO: [Physopt 32-663] Processed net u_input_buf/conv_rdata[74][1].  Re-placed instance u_input_buf/g_lane[9].prod__0_carry__0_i_3
INFO: [Physopt 32-662] Processed net u_conv_mac/g_lane[9].prod__86_carry__0_i_5_n_0.  Did not re-place instance u_conv_mac/g_lane[9].prod__86_carry__0_i_5
INFO: [Physopt 32-662] Processed net u_input_buf/conv_rdata[73]_1[1].  Did not re-place instance u_input_buf/g_lane[9].prod__0_carry__0_i_7
INFO: [Physopt 32-662] Processed net u_pool/p_r3[14]_i_171_n_0.  Did not re-place instance u_pool/p_r3[14]_i_171
INFO: [Physopt 32-662] Processed net u_pool/p_r3[14]_i_405_n_0.  Did not re-place instance u_pool/p_r3[14]_i_405
INFO: [Physopt 32-662] Processed net u_conv_mac/g_lane[9].lane_acc_reg[29].  Did not re-place instance u_conv_mac/g_lane[9].lane_acc_reg[29]
INFO: [Physopt 32-662] Processed net u_conv_mac/g_lane[4].lane_out[25].  Did not re-place instance u_conv_mac/g_lane[4].lane_out_reg[25]
INFO: [Physopt 32-663] Processed net u_pool/rs[0].  Re-placed instance u_pool/p_r3[0]_i_2
INFO: [Common 17-14] Message 'Physopt 32-663' appears 100 times and further instances of the messages will be disabled. Use the Tcl command set_msg_config to change the current settings.
INFO: [Physopt 32-662] Processed net u_pool/p_r3[1]_i_37_n_0.  Did not re-place instance u_pool/p_r3[1]_i_37
INFO: [Physopt 32-662] Processed net u_pool/p_r3[11]_i_1_n_0.  Did not re-place instance u_pool/p_r3[11]_i_1
INFO: [Physopt 32-662] Processed net u_pool/p_r3[14]_i_673_n_0.  Did not re-place instance u_pool/p_r3[14]_i_673
INFO: [Physopt 32-662] Processed net u_pool/p_r3_reg_n_0_[11].  Did not re-place instance u_pool/p_r3_reg[11]
INFO: [Physopt 32-662] Processed net u_input_buf/conv_rdata[57]_1[3].  Did not re-place instance u_input_buf/g_lane[7].prod__0_carry__0_i_5
INFO: [Physopt 32-662] Processed net u_conv_mac/g_lane[15].prod__86_carry__0_i_1_n_0.  Did not re-place instance u_conv_mac/g_lane[15].prod__86_carry__0_i_1
INFO: [Physopt 32-662] Processed net u_conv_mac/g_lane[15].prod__86_carry__0_i_5_n_0.  Did not re-place instance u_conv_mac/g_lane[15].prod__86_carry__0_i_5
INFO: [Physopt 32-662] Processed net u_input_buf/conv_rdata[121]_1[1].  Did not re-place instance u_input_buf/g_lane[15].prod__0_carry__0_i_7
INFO: [Physopt 32-662] Processed net u_conv_mac/g_lane[15].lane_acc_reg[29].  Did not re-place instance u_conv_mac/g_lane[15].lane_acc_reg[29]
INFO: [Physopt 32-662] Processed net u_conv_mac/g_lane[4].lane_acc_reg[28].  Did not re-place instance u_conv_mac/g_lane[4].lane_acc_reg[28]
INFO: [Physopt 32-662] Processed net u_input_buf/u_conv_mac/act[5].  Did not re-place instance u_input_buf/g_lane[9].prod__0_carry__0_i_9
INFO: [Physopt 32-662] Processed net u_conv_mac/g_lane[14].prod__86_carry__0_i_1_n_0.  Did not re-place instance u_conv_mac/g_lane[14].prod__86_carry__0_i_1
INFO: [Physopt 32-662] Processed net u_conv_mac/g_lane[14].lane_acc[12]_i_4_n_0.  Did not re-place instance u_conv_mac/g_lane[14].lane_acc[12]_i_4
INFO: [Physopt 32-662] Processed net u_conv_mac/g_lane[14].prod__86_carry__0_i_5_n_0.  Did not re-place instance u_conv_mac/g_lane[14].prod__86_carry__0_i_5
INFO: [Physopt 32-662] Processed net u_conv_mac/g_lane[1].lane_acc[12]_i_4_n_0.  Did not re-place instance u_conv_mac/g_lane[1].lane_acc[12]_i_4
INFO: [Physopt 32-662] Processed net u_input_buf/conv_rdata[113]_1[3].  Did not re-place instance u_input_buf/g_lane[14].prod__0_carry__0_i_5
INFO: [Physopt 32-661] Optimized 29 nets.  Re-placed 29 instances.
INFO: [Physopt 32-775] End 1 Pass. Optimized 29 nets or cells. Created 0 new cell, deleted 0 existing cell and moved 29 existing cells
INFO: [Physopt 32-619] Estimated Timing Summary | WNS=-0.088 | TNS=-0.162 |
Netlist sorting complete. Time (s): cpu = 00:00:00 ; elapsed = 00:00:00.004 . Memory (MB): peak = 1897.938 ; gain = 0.000
Phase 15 Single Cell Placement Optimization | Checksum: 1d7267bb3

Time (s): cpu = 00:00:23 ; elapsed = 00:00:14 . Memory (MB): peak = 1897.938 ; gain = 0.000

Phase 16 Multi Cell Placement Optimization
INFO: [Physopt 32-660] Identified 100 candidate nets for placement-based optimization.
INFO: [Physopt 32-662] Processed net u_input_buf/g_lane[0].prod__0_carry_i_8_n_0.  Did not re-place instance u_input_buf/g_lane[0].prod__0_carry_i_8/O
INFO: [Physopt 32-662] Processed net u_input_buf/conv_rdata[26][1].  Did not re-place instance u_input_buf/g_lane[3].prod__0_carry__0_i_3/O
INFO: [Physopt 32-662] Processed net u_input_buf/g_lane[0].prod__0_carry_i_13_n_0.  Did not re-place instance u_input_buf/g_lane[0].prod__0_carry_i_13/O
INFO: [Physopt 32-661] Optimized 0 net.  Re-placed 0 instance.
INFO: [Physopt 32-775] End 1 Pass. Optimized 0 net or cell. Created 0 new cell, deleted 0 existing cell and moved 0 existing cell
Netlist sorting complete. Time (s): cpu = 00:00:00 ; elapsed = 00:00:00.002 . Memory (MB): peak = 1897.938 ; gain = 0.000
Phase 16 Multi Cell Placement Optimization | Checksum: 170cc24bb

Time (s): cpu = 00:00:24 ; elapsed = 00:00:14 . Memory (MB): peak = 1897.938 ; gain = 0.000

Phase 17 Rewire
INFO: [Physopt 32-246] Starting Signal Push optimization...
INFO: [Physopt 32-241] No nets found for rewiring () optimization.
INFO: [Physopt 32-232] Optimized 0 net. Created 0 new instance.
INFO: [Physopt 32-775] End 1 Pass. Optimized 0 net or cell. Created 0 new cell, deleted 0 existing cell and moved 0 existing cell
Netlist sorting complete. Time (s): cpu = 00:00:00 ; elapsed = 00:00:00.001 . Memory (MB): peak = 1897.938 ; gain = 0.000
Phase 17 Rewire | Checksum: 170cc24bb

Time (s): cpu = 00:00:24 ; elapsed = 00:00:14 . Memory (MB): peak = 1897.938 ; gain = 0.000

Phase 18 Critical Cell Optimization
INFO: [Physopt 32-46] Identified 30 candidate nets for critical-cell optimization.
INFO: [Physopt 32-572] Net u_input_buf/conv_rdata[26][1] was not replicated.
Resolution: phys_opt_design can be forced to replicate a net driver using the option -force_replication_on_nets <list of net objects>.
INFO: [Physopt 32-571] Net u_input_buf/conv_rdata[29][1] was not replicated.
INFO: [Physopt 32-571] Net u_input_buf/conv_rdata[26][3] was not replicated.
INFO: [Physopt 32-571] Net u_input_buf/g_lane[0].prod__0_carry__0_i_17_n_0 was not replicated.
INFO: [Physopt 32-571] Net u_input_buf/conv_rdata[26][2] was not replicated.
INFO: [Physopt 32-571] Net u_input_buf/conv_rdata[34][1] was not replicated.
INFO: [Physopt 32-571] Net u_input_buf/conv_rdata[66][1] was not replicated.
INFO: [Physopt 32-571] Net u_input_buf/conv_rdata[82][3] was not replicated.
INFO: [Physopt 32-571] Net u_input_buf/conv_rdata[10][1] was not replicated.
INFO: [Physopt 32-571] Net u_input_buf/conv_rdata[58][1] was not replicated.
INFO: [Physopt 32-571] Net u_input_buf/g_lane[0].prod__0_carry_i_14_n_0 was not replicated.
INFO: [Physopt 32-571] Net u_pool/p_r3[14]_i_1_n_0 was not replicated.
INFO: [Physopt 32-571] Net p_r3[1]_i_229_n_0 was not replicated.
INFO: [Physopt 32-571] Net u_pool/p_r3[14]_i_530_n_0 was not replicated.
INFO: [Physopt 32-571] Net u_pool/p_r3[14]_i_709_n_0 was not replicated.
INFO: [Physopt 32-571] Net u_pool/p_r3[14]_i_646_n_0 was not replicated.
INFO: [Physopt 32-571] Net u_input_buf/conv_rdata[74][3] was not replicated.
INFO: [Physopt 32-571] Net u_input_buf/g_lane[0].prod__0_carry_i_16_n_0 was not replicated.
INFO: [Physopt 32-571] Net u_pool/p_r3[14]_i_636_n_0 was not replicated.
INFO: [Physopt 32-571] Net u_pool/p_r3[14]_i_137_n_0 was not replicated.
INFO: [Physopt 32-232] Optimized 0 net. Created 0 new instance.
INFO: [Physopt 32-775] End 1 Pass. Optimized 0 net or cell. Created 0 new cell, deleted 0 existing cell and moved 0 existing cell
Netlist sorting complete. Time (s): cpu = 00:00:00 ; elapsed = 00:00:00.002 . Memory (MB): peak = 1897.938 ; gain = 0.000
Phase 18 Critical Cell Optimization | Checksum: 2080753d9

Time (s): cpu = 00:00:24 ; elapsed = 00:00:15 . Memory (MB): peak = 1897.938 ; gain = 0.000

Phase 19 DSP Register Optimization
INFO: [Physopt 32-456] No candidate cells for DSP register optimization found in the design.
INFO: [Physopt 32-775] End 1 Pass. Optimized 0 net or cell. Created 0 new cell, deleted 0 existing cell and moved 0 existing cell
Phase 19 DSP Register Optimization | Checksum: 2080753d9

Time (s): cpu = 00:00:24 ; elapsed = 00:00:15 . Memory (MB): peak = 1897.938 ; gain = 0.000

Phase 20 BRAM Register Optimization
INFO: [Physopt 32-526] No candidate cells for BRAM register optimization found in the design
INFO: [Physopt 32-775] End 1 Pass. Optimized 0 net or cell. Created 0 new cell, deleted 0 existing cell and moved 0 existing cell
Phase 20 BRAM Register Optimization | Checksum: 2080753d9

Time (s): cpu = 00:00:24 ; elapsed = 00:00:15 . Memory (MB): peak = 1897.938 ; gain = 0.000

Phase 21 URAM Register Optimization
INFO: [Physopt 32-846] No candidate cells for URAM register optimization found in the design
INFO: [Physopt 32-775] End 2 Pass. Optimized 0 net or cell. Created 0 new cell, deleted 0 existing cell and moved 0 existing cell
Phase 21 URAM Register Optimization | Checksum: 2080753d9

Time (s): cpu = 00:00:24 ; elapsed = 00:00:15 . Memory (MB): peak = 1897.938 ; gain = 0.000

Phase 22 Shift Register Optimization
INFO: [Physopt 32-677] No candidate cells for Shift Register optimization found in the design
INFO: [Physopt 32-775] End 1 Pass. Optimized 0 net or cell. Created 0 new cell, deleted 0 existing cell and moved 0 existing cell
Phase 22 Shift Register Optimization | Checksum: 2080753d9

Time (s): cpu = 00:00:24 ; elapsed = 00:00:15 . Memory (MB): peak = 1897.938 ; gain = 0.000

Phase 23 DSP Register Optimization
INFO: [Physopt 32-456] No candidate cells for DSP register optimization found in the design.
INFO: [Physopt 32-775] End 1 Pass. Optimized 0 net or cell. Created 0 new cell, deleted 0 existing cell and moved 0 existing cell
Phase 23 DSP Register Optimization | Checksum: 2080753d9

Time (s): cpu = 00:00:24 ; elapsed = 00:00:15 . Memory (MB): peak = 1897.938 ; gain = 0.000

Phase 24 BRAM Register Optimization
INFO: [Physopt 32-526] No candidate cells for BRAM register optimization found in the design
INFO: [Physopt 32-775] End 1 Pass. Optimized 0 net or cell. Created 0 new cell, deleted 0 existing cell and moved 0 existing cell
Phase 24 BRAM Register Optimization | Checksum: 2080753d9

Time (s): cpu = 00:00:24 ; elapsed = 00:00:15 . Memory (MB): peak = 1897.938 ; gain = 0.000

Phase 25 URAM Register Optimization
INFO: [Physopt 32-846] No candidate cells for URAM register optimization found in the design
INFO: [Physopt 32-775] End 2 Pass. Optimized 0 net or cell. Created 0 new cell, deleted 0 existing cell and moved 0 existing cell
Phase 25 URAM Register Optimization | Checksum: 2080753d9

Time (s): cpu = 00:00:24 ; elapsed = 00:00:15 . Memory (MB): peak = 1897.938 ; gain = 0.000

Phase 26 Shift Register Optimization
INFO: [Physopt 32-677] No candidate cells for Shift Register optimization found in the design
INFO: [Physopt 32-775] End 1 Pass. Optimized 0 net or cell. Created 0 new cell, deleted 0 existing cell and moved 0 existing cell
Phase 26 Shift Register Optimization | Checksum: 2080753d9

Time (s): cpu = 00:00:24 ; elapsed = 00:00:15 . Memory (MB): peak = 1897.938 ; gain = 0.000

Phase 27 Critical Pin Optimization
INFO: [Physopt 32-606] Identified 100 candidate nets for critical-pin optimization.
INFO: [Physopt 32-608] Optimized 52 nets.  Swapped 1067 pins.
INFO: [Physopt 32-775] End 1 Pass. Optimized 52 nets or cells. Created 0 new cell, deleted 0 existing cell and moved 1067 existing cells
INFO: [Physopt 32-619] Estimated Timing Summary | WNS=0.324 | TNS=0.000 |
Netlist sorting complete. Time (s): cpu = 00:00:00 ; elapsed = 00:00:00.002 . Memory (MB): peak = 1897.938 ; gain = 0.000
Phase 27 Critical Pin Optimization | Checksum: 2080753d9

Time (s): cpu = 00:00:24 ; elapsed = 00:00:15 . Memory (MB): peak = 1897.938 ; gain = 0.000

Phase 28 Very High Fanout Optimization
INFO: [Physopt 32-65] No nets found for high-fanout optimization.
INFO: [Physopt 32-232] Optimized 0 net. Created 0 new instance.
INFO: [Physopt 32-775] End 1 Pass. Optimized 0 net or cell. Created 0 new cell, deleted 0 existing cell and moved 0 existing cell
Phase 28 Very High Fanout Optimization | Checksum: 2080753d9

Time (s): cpu = 00:00:24 ; elapsed = 00:00:15 . Memory (MB): peak = 1897.938 ; gain = 0.000

Phase 29 Single Cell Placement Optimization
INFO: [Physopt 32-670] No setup violation found.  Single Cell Placement Optimization was not performed.
Netlist sorting complete. Time (s): cpu = 00:00:00 ; elapsed = 00:00:00.002 . Memory (MB): peak = 1897.938 ; gain = 0.000
Phase 29 Single Cell Placement Optimization | Checksum: 2080753d9

Time (s): cpu = 00:00:24 ; elapsed = 00:00:15 . Memory (MB): peak = 1897.938 ; gain = 0.000

Phase 30 Multi Cell Placement Optimization
INFO: [Physopt 32-670] No setup violation found.  Multi Cell Placement Optimization was not performed.
Netlist sorting complete. Time (s): cpu = 00:00:00 ; elapsed = 00:00:00.002 . Memory (MB): peak = 1897.938 ; gain = 0.000
Phase 30 Multi Cell Placement Optimization | Checksum: 2080753d9

Time (s): cpu = 00:00:24 ; elapsed = 00:00:15 . Memory (MB): peak = 1897.938 ; gain = 0.000

Phase 31 SLR Crossing Optimization
INFO: [Physopt 32-670] No setup violation found.  SLR Crossing Optimization was not performed.
Phase 31 SLR Crossing Optimization | Checksum: 2080753d9

Time (s): cpu = 00:00:24 ; elapsed = 00:00:15 . Memory (MB): peak = 1897.938 ; gain = 0.000

Phase 32 Critical Path Optimization
INFO: [Physopt 32-619] Estimated Timing Summary | WNS=0.324 | TNS=0.000 |
INFO: [Physopt 32-619] Estimated Timing Summary | WNS=0.324 | TNS=0.000 |
Phase 32 Critical Path Optimization | Checksum: 2080753d9

Time (s): cpu = 00:00:25 ; elapsed = 00:00:15 . Memory (MB): peak = 1897.938 ; gain = 0.000

Phase 33 BRAM Enable Optimization
Phase 33 BRAM Enable Optimization | Checksum: 2080753d9

Time (s): cpu = 00:00:25 ; elapsed = 00:00:15 . Memory (MB): peak = 1897.938 ; gain = 0.000
INFO: [Physopt 32-960] Skip hold-fix as initial WHS does not violate hold threshold 250 ps
Netlist sorting complete. Time (s): cpu = 00:00:00 ; elapsed = 00:00:00.001 . Memory (MB): peak = 1897.938 ; gain = 0.000
INFO: [Physopt 32-603] Post Physical Optimization Timing Summary | WNS=0.324 | TNS=0.000 |

Summary of Physical Synthesis Optimizations
============================================


----------------------------------------------------------------------------------------------------------------------------------------------------------------------
|  Optimization            |  WNS Gain (ns)  |  TNS Gain (ns)  |  Added Cells  |  Removed Cells  |  Optimized Cells/Nets  |  Dont Touch  |  Iterations  |  Elapsed   |
----------------------------------------------------------------------------------------------------------------------------------------------------------------------
|  Fanout                  |          0.000  |          0.000  |            0  |              0  |                     0  |           0  |           3  |  00:00:01  |
|  Single Cell Placement   |          0.000  |          0.246  |            0  |              0  |                   105  |           0  |           3  |  00:00:11  |
|  Multi Cell Placement    |          0.000  |          0.000  |            0  |              0  |                     0  |           0  |           3  |  00:00:01  |
|  Rewire                  |          0.000  |          0.000  |            0  |              0  |                     0  |           0  |           3  |  00:00:00  |
|  Critical Cell           |          0.000  |          0.000  |            0  |              0  |                     0  |           0  |           3  |  00:00:01  |
|  SLR Crossing            |          0.000  |          0.000  |            0  |              0  |                     0  |           0  |           2  |  00:00:00  |
|  DSP Register            |          0.000  |          0.000  |            0  |              0  |                     0  |           0  |           2  |  00:00:00  |
|  BRAM Register           |          0.000  |          0.000  |            0  |              0  |                     0  |           0  |           2  |  00:00:00  |
|  URAM Register           |          0.000  |          0.000  |            0  |              0  |                     0  |           0  |           2  |  00:00:00  |
|  Shift Register          |          0.000  |          0.000  |            0  |              0  |                     0  |           0  |           2  |  00:00:00  |
|  Critical Pin            |          0.412  |          0.162  |            0  |              0  |                    52  |           0  |           1  |  00:00:00  |
|  Very High Fanout        |          0.000  |          0.000  |            0  |              0  |                     0  |           0  |           1  |  00:00:00  |
|  BRAM Enable             |          0.000  |          0.000  |            0  |              0  |                     0  |           0  |           1  |  00:00:00  |
|  Critical Path           |          0.000  |          0.000  |            0  |              0  |                     0  |           0  |           1  |  00:00:00  |
|  Total                   |          0.412  |          0.408  |            0  |              0  |                   157  |           0  |          29  |  00:00:14  |
----------------------------------------------------------------------------------------------------------------------------------------------------------------------


Netlist sorting complete. Time (s): cpu = 00:00:00 ; elapsed = 00:00:00.001 . Memory (MB): peak = 1897.938 ; gain = 0.000
Ending Physical Synthesis Task | Checksum: 1706fb69d

Time (s): cpu = 00:00:25 ; elapsed = 00:00:15 . Memory (MB): peak = 1897.938 ; gain = 0.000
INFO: [Common 17-83] Releasing license: Implementation
1041 Infos, 7 Warnings, 0 Critical Warnings and 0 Errors encountered.
phys_opt_design completed successfully
phys_opt_design: Time (s): cpu = 00:00:25 ; elapsed = 00:00:15 . Memory (MB): peak = 1897.938 ; gain = 0.000
WARNING: [Timing 38-242] The property HD.CLK_SRC of clock port "clk" is not set. In out-of-context mode, this prevents timing estimation for clock delay/skew
Resolution: Set the HD.CLK_SRC property of the out-of-context port to the location of the clock buffer instance in the top-level design
INFO: [Timing 38-78] ReportTimingParams: -max_paths 3 -nworst 1 -delay_type max -sort_by slack.
E02A_STAGE post_phys_opt	0.324	0.125	pool_shift[5]	u_pool/p_r3_reg[13]/R
Command: route_design -directive Explore
Attempting to get a license for feature 'Implementation' and/or device 'xc7z020'
INFO: [Common 17-349] Got license for feature 'Implementation' and/or device 'xc7z020'
Running DRC as a precondition to command route_design
INFO: [DRC 23-27] Running DRC with 2 threads
INFO: [Vivado_Tcl 4-198] DRC finished with 0 Errors
INFO: [Vivado_Tcl 4-199] Please refer to the DRC report (report_drc) for more information.


Starting Routing Task
INFO: [Route 35-270] Using Router directive 'Explore'.
INFO: [Route 35-254] Multithreading enabled for route_design using a maximum of 2 CPUs
Checksum: PlaceDB: 1f701ea6 ConstDB: 0 ShapeSum: 9983e39b RouteDB: 0

Phase 1 Build RT Design
WARNING: [Route 35-198] Port "pool_mult[16]" does not have an associated HD.PARTPIN_LOCS, which will prevent the partial routing of the signal "pool_mult[16]". Without this partial route, timing analysis to/from this port will not be accurate, and no routing information for this port can be exported.
WARNING: [Route 35-198] Port "pool_mult[15]" does not have an associated HD.PARTPIN_LOCS, which will prevent the partial routing of the signal "pool_mult[15]". Without this partial route, timing analysis to/from this port will not be accurate, and no routing information for this port can be exported.
WARNING: [Route 35-198] Port "pool_mult[14]" does not have an associated HD.PARTPIN_LOCS, which will prevent the partial routing of the signal "pool_mult[14]". Without this partial route, timing analysis to/from this port will not be accurate, and no routing information for this port can be exported.
WARNING: [Route 35-198] Port "pool_mult[13]" does not have an associated HD.PARTPIN_LOCS, which will prevent the partial routing of the signal "pool_mult[13]". Without this partial route, timing analysis to/from this port will not be accurate, and no routing information for this port can be exported.
WARNING: [Route 35-198] Port "pool_mult[12]" does not have an associated HD.PARTPIN_LOCS, which will prevent the partial routing of the signal "pool_mult[12]". Without this partial route, timing analysis to/from this port will not be accurate, and no routing information for this port can be exported.
WARNING: [Route 35-198] Port "pool_mult[11]" does not have an associated HD.PARTPIN_LOCS, which will prevent the partial routing of the signal "pool_mult[11]". Without this partial route, timing analysis to/from this port will not be accurate, and no routing information for this port can be exported.
WARNING: [Route 35-198] Port "pool_mult[10]" does not have an associated HD.PARTPIN_LOCS, which will prevent the partial routing of the signal "pool_mult[10]". Without this partial route, timing analysis to/from this port will not be accurate, and no routing information for this port can be exported.
WARNING: [Route 35-198] Port "pool_mult[9]" does not have an associated HD.PARTPIN_LOCS, which will prevent the partial routing of the signal "pool_mult[9]". Without this partial route, timing analysis to/from this port will not be accurate, and no routing information for this port can be exported.
WARNING: [Route 35-198] Port "pool_mult[8]" does not have an associated HD.PARTPIN_LOCS, which will prevent the partial routing of the signal "pool_mult[8]". Without this partial route, timing analysis to/from this port will not be accurate, and no routing information for this port can be exported.
WARNING: [Route 35-198] Port "pool_mult[7]" does not have an associated HD.PARTPIN_LOCS, which will prevent the partial routing of the signal "pool_mult[7]". Without this partial route, timing analysis to/from this port will not be accurate, and no routing information for this port can be exported.
WARNING: [Route 35-198] Port "pool_mult[6]" does not have an associated HD.PARTPIN_LOCS, which will prevent the partial routing of the signal "pool_mult[6]". Without this partial route, timing analysis to/from this port will not be accurate, and no routing information for this port can be exported.
WARNING: [Route 35-198] Port "pool_mult[5]" does not have an associated HD.PARTPIN_LOCS, which will prevent the partial routing of the signal "pool_mult[5]". Without this partial route, timing analysis to/from this port will not be accurate, and no routing information for this port can be exported.
WARNING: [Route 35-198] Port "pool_mult[4]" does not have an associated HD.PARTPIN_LOCS, which will prevent the partial routing of the signal "pool_mult[4]". Without this partial route, timing analysis to/from this port will not be accurate, and no routing information for this port can be exported.
WARNING: [Route 35-198] Port "pool_mult[3]" does not have an associated HD.PARTPIN_LOCS, which will prevent the partial routing of the signal "pool_mult[3]". Without this partial route, timing analysis to/from this port will not be accurate, and no routing information for this port can be exported.
WARNING: [Route 35-198] Port "pool_mult[2]" does not have an associated HD.PARTPIN_LOCS, which will prevent the partial routing of the signal "pool_mult[2]". Without this partial route, timing analysis to/from this port will not be accurate, and no routing information for this port can be exported.
WARNING: [Route 35-198] Port "pool_mult[1]" does not have an associated HD.PARTPIN_LOCS, which will prevent the partial routing of the signal "pool_mult[1]". Without this partial route, timing analysis to/from this port will not be accurate, and no routing information for this port can be exported.
WARNING: [Route 35-198] Port "pool_mult[0]" does not have an associated HD.PARTPIN_LOCS, which will prevent the partial routing of the signal "pool_mult[0]". Without this partial route, timing analysis to/from this port will not be accurate, and no routing information for this port can be exported.
WARNING: [Route 35-198] Port "rst_n" does not have an associated HD.PARTPIN_LOCS, which will prevent the partial routing of the signal "rst_n". Without this partial route, timing analysis to/from this port will not be accurate, and no routing information for this port can be exported.
WARNING: [Route 35-197] Clock port "clk" does not have an associated HD.CLK_SRC. Without this constraint, timing analysis may not be accurate and upstream checks cannot be done to ensure correct clock placement.
WARNING: [Route 35-198] Port "pool_mult[31]" does not have an associated HD.PARTPIN_LOCS, which will prevent the partial routing of the signal "pool_mult[31]". Without this partial route, timing analysis to/from this port will not be accurate, and no routing information for this port can be exported.
WARNING: [Route 35-198] Port "pool_mult[30]" does not have an associated HD.PARTPIN_LOCS, which will prevent the partial routing of the signal "pool_mult[30]". Without this partial route, timing analysis to/from this port will not be accurate, and no routing information for this port can be exported.
WARNING: [Route 35-198] Port "pool_mult[29]" does not have an associated HD.PARTPIN_LOCS, which will prevent the partial routing of the signal "pool_mult[29]". Without this partial route, timing analysis to/from this port will not be accurate, and no routing information for this port can be exported.
WARNING: [Route 35-198] Port "pool_mult[28]" does not have an associated HD.PARTPIN_LOCS, which will prevent the partial routing of the signal "pool_mult[28]". Without this partial route, timing analysis to/from this port will not be accurate, and no routing information for this port can be exported.
WARNING: [Route 35-198] Port "pool_mult[27]" does not have an associated HD.PARTPIN_LOCS, which will prevent the partial routing of the signal "pool_mult[27]". Without this partial route, timing analysis to/from this port will not be accurate, and no routing information for this port can be exported.
WARNING: [Route 35-198] Port "pool_mult[26]" does not have an associated HD.PARTPIN_LOCS, which will prevent the partial routing of the signal "pool_mult[26]". Without this partial route, timing analysis to/from this port will not be accurate, and no routing information for this port can be exported.
WARNING: [Route 35-198] Port "pool_mult[25]" does not have an associated HD.PARTPIN_LOCS, which will prevent the partial routing of the signal "pool_mult[25]". Without this partial route, timing analysis to/from this port will not be accurate, and no routing information for this port can be exported.
WARNING: [Route 35-198] Port "pool_mult[24]" does not have an associated HD.PARTPIN_LOCS, which will prevent the partial routing of the signal "pool_mult[24]". Without this partial route, timing analysis to/from this port will not be accurate, and no routing information for this port can be exported.
WARNING: [Route 35-198] Port "pool_mult[23]" does not have an associated HD.PARTPIN_LOCS, which will prevent the partial routing of the signal "pool_mult[23]". Without this partial route, timing analysis to/from this port will not be accurate, and no routing information for this port can be exported.
WARNING: [Route 35-198] Port "pool_mult[22]" does not have an associated HD.PARTPIN_LOCS, which will prevent the partial routing of the signal "pool_mult[22]". Without this partial route, timing analysis to/from this port will not be accurate, and no routing information for this port can be exported.
WARNING: [Route 35-198] Port "pool_mult[21]" does not have an associated HD.PARTPIN_LOCS, which will prevent the partial routing of the signal "pool_mult[21]". Without this partial route, timing analysis to/from this port will not be accurate, and no routing information for this port can be exported.
WARNING: [Route 35-198] Port "pool_mult[20]" does not have an associated HD.PARTPIN_LOCS, which will prevent the partial routing of the signal "pool_mult[20]". Without this partial route, timing analysis to/from this port will not be accurate, and no routing information for this port can be exported.
WARNING: [Route 35-198] Port "pool_mult[19]" does not have an associated HD.PARTPIN_LOCS, which will prevent the partial routing of the signal "pool_mult[19]". Without this partial route, timing analysis to/from this port will not be accurate, and no routing information for this port can be exported.
WARNING: [Route 35-198] Port "pool_mult[18]" does not have an associated HD.PARTPIN_LOCS, which will prevent the partial routing of the signal "pool_mult[18]". Without this partial route, timing analysis to/from this port will not be accurate, and no routing information for this port can be exported.
WARNING: [Route 35-198] Port "pool_mult[17]" does not have an associated HD.PARTPIN_LOCS, which will prevent the partial routing of the signal "pool_mult[17]". Without this partial route, timing analysis to/from this port will not be accurate, and no routing information for this port can be exported.
WARNING: [Route 35-198] Port "enc_param_rdata[48]" does not have an associated HD.PARTPIN_LOCS, which will prevent the partial routing of the signal "enc_param_rdata[48]". Without this partial route, timing analysis to/from this port will not be accurate, and no routing information for this port can be exported.
WARNING: [Route 35-198] Port "enc_param_rdata[47]" does not have an associated HD.PARTPIN_LOCS, which will prevent the partial routing of the signal "enc_param_rdata[47]". Without this partial route, timing analysis to/from this port will not be accurate, and no routing information for this port can be exported.
WARNING: [Route 35-198] Port "enc_param_rdata[46]" does not have an associated HD.PARTPIN_LOCS, which will prevent the partial routing of the signal "enc_param_rdata[46]". Without this partial route, timing analysis to/from this port will not be accurate, and no routing information for this port can be exported.
WARNING: [Route 35-198] Port "enc_param_rdata[45]" does not have an associated HD.PARTPIN_LOCS, which will prevent the partial routing of the signal "enc_param_rdata[45]". Without this partial route, timing analysis to/from this port will not be accurate, and no routing information for this port can be exported.
WARNING: [Route 35-198] Port "enc_param_rdata[44]" does not have an associated HD.PARTPIN_LOCS, which will prevent the partial routing of the signal "enc_param_rdata[44]". Without this partial route, timing analysis to/from this port will not be accurate, and no routing information for this port can be exported.
WARNING: [Route 35-198] Port "enc_param_rdata[43]" does not have an associated HD.PARTPIN_LOCS, which will prevent the partial routing of the signal "enc_param_rdata[43]". Without this partial route, timing analysis to/from this port will not be accurate, and no routing information for this port can be exported.
WARNING: [Route 35-198] Port "enc_param_rdata[42]" does not have an associated HD.PARTPIN_LOCS, which will prevent the partial routing of the signal "enc_param_rdata[42]". Without this partial route, timing analysis to/from this port will not be accurate, and no routing information for this port can be exported.
WARNING: [Route 35-198] Port "enc_param_rdata[41]" does not have an associated HD.PARTPIN_LOCS, which will prevent the partial routing of the signal "enc_param_rdata[41]". Without this partial route, timing analysis to/from this port will not be accurate, and no routing information for this port can be exported.
WARNING: [Route 35-198] Port "enc_param_rdata[40]" does not have an associated HD.PARTPIN_LOCS, which will prevent the partial routing of the signal "enc_param_rdata[40]". Without this partial route, timing analysis to/from this port will not be accurate, and no routing information for this port can be exported.
WARNING: [Route 35-198] Port "enc_param_rdata[39]" does not have an associated HD.PARTPIN_LOCS, which will prevent the partial routing of the signal "enc_param_rdata[39]". Without this partial route, timing analysis to/from this port will not be accurate, and no routing information for this port can be exported.
WARNING: [Route 35-198] Port "enc_param_rdata[38]" does not have an associated HD.PARTPIN_LOCS, which will prevent the partial routing of the signal "enc_param_rdata[38]". Without this partial route, timing analysis to/from this port will not be accurate, and no routing information for this port can be exported.
WARNING: [Route 35-198] Port "enc_param_rdata[37]" does not have an associated HD.PARTPIN_LOCS, which will prevent the partial routing of the signal "enc_param_rdata[37]". Without this partial route, timing analysis to/from this port will not be accurate, and no routing information for this port can be exported.
WARNING: [Route 35-198] Port "enc_param_rdata[36]" does not have an associated HD.PARTPIN_LOCS, which will prevent the partial routing of the signal "enc_param_rdata[36]". Without this partial route, timing analysis to/from this port will not be accurate, and no routing information for this port can be exported.
WARNING: [Route 35-198] Port "enc_param_rdata[35]" does not have an associated HD.PARTPIN_LOCS, which will prevent the partial routing of the signal "enc_param_rdata[35]". Without this partial route, timing analysis to/from this port will not be accurate, and no routing information for this port can be exported.
WARNING: [Route 35-198] Port "enc_param_rdata[34]" does not have an associated HD.PARTPIN_LOCS, which will prevent the partial routing of the signal "enc_param_rdata[34]". Without this partial route, timing analysis to/from this port will not be accurate, and no routing information for this port can be exported.
WARNING: [Route 35-198] Port "enc_param_rdata[33]" does not have an associated HD.PARTPIN_LOCS, which will prevent the partial routing of the signal "enc_param_rdata[33]". Without this partial route, timing analysis to/from this port will not be accurate, and no routing information for this port can be exported.
WARNING: [Route 35-198] Port "enc_param_rdata[32]" does not have an associated HD.PARTPIN_LOCS, which will prevent the partial routing of the signal "enc_param_rdata[32]". Without this partial route, timing analysis to/from this port will not be accurate, and no routing information for this port can be exported.
WARNING: [Route 35-198] Port "enc_param_rdata[63]" does not have an associated HD.PARTPIN_LOCS, which will prevent the partial routing of the signal "enc_param_rdata[63]". Without this partial route, timing analysis to/from this port will not be accurate, and no routing information for this port can be exported.
WARNING: [Route 35-198] Port "enc_param_rdata[62]" does not have an associated HD.PARTPIN_LOCS, which will prevent the partial routing of the signal "enc_param_rdata[62]". Without this partial route, timing analysis to/from this port will not be accurate, and no routing information for this port can be exported.
WARNING: [Route 35-198] Port "enc_param_rdata[61]" does not have an associated HD.PARTPIN_LOCS, which will prevent the partial routing of the signal "enc_param_rdata[61]". Without this partial route, timing analysis to/from this port will not be accurate, and no routing information for this port can be exported.
WARNING: [Route 35-198] Port "enc_param_rdata[60]" does not have an associated HD.PARTPIN_LOCS, which will prevent the partial routing of the signal "enc_param_rdata[60]". Without this partial route, timing analysis to/from this port will not be accurate, and no routing information for this port can be exported.
WARNING: [Route 35-198] Port "enc_param_rdata[59]" does not have an associated HD.PARTPIN_LOCS, which will prevent the partial routing of the signal "enc_param_rdata[59]". Without this partial route, timing analysis to/from this port will not be accurate, and no routing information for this port can be exported.
WARNING: [Route 35-198] Port "enc_param_rdata[58]" does not have an associated HD.PARTPIN_LOCS, which will prevent the partial routing of the signal "enc_param_rdata[58]". Without this partial route, timing analysis to/from this port will not be accurate, and no routing information for this port can be exported.
WARNING: [Route 35-198] Port "enc_param_rdata[57]" does not have an associated HD.PARTPIN_LOCS, which will prevent the partial routing of the signal "enc_param_rdata[57]". Without this partial route, timing analysis to/from this port will not be accurate, and no routing information for this port can be exported.
WARNING: [Route 35-198] Port "enc_param_rdata[56]" does not have an associated HD.PARTPIN_LOCS, which will prevent the partial routing of the signal "enc_param_rdata[56]". Without this partial route, timing analysis to/from this port will not be accurate, and no routing information for this port can be exported.
WARNING: [Route 35-198] Port "enc_param_rdata[55]" does not have an associated HD.PARTPIN_LOCS, which will prevent the partial routing of the signal "enc_param_rdata[55]". Without this partial route, timing analysis to/from this port will not be accurate, and no routing information for this port can be exported.
WARNING: [Route 35-198] Port "enc_param_rdata[54]" does not have an associated HD.PARTPIN_LOCS, which will prevent the partial routing of the signal "enc_param_rdata[54]". Without this partial route, timing analysis to/from this port will not be accurate, and no routing information for this port can be exported.
WARNING: [Route 35-198] Port "enc_param_rdata[53]" does not have an associated HD.PARTPIN_LOCS, which will prevent the partial routing of the signal "enc_param_rdata[53]". Without this partial route, timing analysis to/from this port will not be accurate, and no routing information for this port can be exported.
WARNING: [Route 35-198] Port "enc_param_rdata[52]" does not have an associated HD.PARTPIN_LOCS, which will prevent the partial routing of the signal "enc_param_rdata[52]". Without this partial route, timing analysis to/from this port will not be accurate, and no routing information for this port can be exported.
WARNING: [Route 35-198] Port "enc_param_rdata[51]" does not have an associated HD.PARTPIN_LOCS, which will prevent the partial routing of the signal "enc_param_rdata[51]". Without this partial route, timing analysis to/from this port will not be accurate, and no routing information for this port can be exported.
WARNING: [Route 35-198] Port "enc_param_rdata[50]" does not have an associated HD.PARTPIN_LOCS, which will prevent the partial routing of the signal "enc_param_rdata[50]". Without this partial route, timing analysis to/from this port will not be accurate, and no routing information for this port can be exported.
WARNING: [Route 35-198] Port "enc_param_rdata[49]" does not have an associated HD.PARTPIN_LOCS, which will prevent the partial routing of the signal "enc_param_rdata[49]". Without this partial route, timing analysis to/from this port will not be accurate, and no routing information for this port can be exported.
WARNING: [Route 35-198] Port "feat_raddr[8]" does not have an associated HD.PARTPIN_LOCS, which will prevent the partial routing of the signal "feat_raddr[8]". Without this partial route, timing analysis to/from this port will not be accurate, and no routing information for this port can be exported.
WARNING: [Route 35-198] Port "feat_raddr[7]" does not have an associated HD.PARTPIN_LOCS, which will prevent the partial routing of the signal "feat_raddr[7]". Without this partial route, timing analysis to/from this port will not be accurate, and no routing information for this port can be exported.
WARNING: [Route 35-198] Port "feat_raddr[6]" does not have an associated HD.PARTPIN_LOCS, which will prevent the partial routing of the signal "feat_raddr[6]". Without this partial route, timing analysis to/from this port will not be accurate, and no routing information for this port can be exported.
WARNING: [Route 35-198] Port "feat_raddr[5]" does not have an associated HD.PARTPIN_LOCS, which will prevent the partial routing of the signal "feat_raddr[5]". Without this partial route, timing analysis to/from this port will not be accurate, and no routing information for this port can be exported.
WARNING: [Route 35-198] Port "feat_raddr[4]" does not have an associated HD.PARTPIN_LOCS, which will prevent the partial routing of the signal "feat_raddr[4]". Without this partial route, timing analysis to/from this port will not be accurate, and no routing information for this port can be exported.
WARNING: [Route 35-198] Port "feat_raddr[3]" does not have an associated HD.PARTPIN_LOCS, which will prevent the partial routing of the signal "feat_raddr[3]". Without this partial route, timing analysis to/from this port will not be accurate, and no routing information for this port can be exported.
WARNING: [Route 35-198] Port "feat_raddr[2]" does not have an associated HD.PARTPIN_LOCS, which will prevent the partial routing of the signal "feat_raddr[2]". Without this partial route, timing analysis to/from this port will not be accurate, and no routing information for this port can be exported.
WARNING: [Route 35-198] Port "feat_raddr[1]" does not have an associated HD.PARTPIN_LOCS, which will prevent the partial routing of the signal "feat_raddr[1]". Without this partial route, timing analysis to/from this port will not be accurate, and no routing information for this port can be exported.
WARNING: [Route 35-198] Port "feat_raddr[0]" does not have an associated HD.PARTPIN_LOCS, which will prevent the partial routing of the signal "feat_raddr[0]". Without this partial route, timing analysis to/from this port will not be accurate, and no routing information for this port can be exported.
WARNING: [Route 35-198] Port "in_waddr[10]" does not have an associated HD.PARTPIN_LOCS, which will prevent the partial routing of the signal "in_waddr[10]". Without this partial route, timing analysis to/from this port will not be accurate, and no routing information for this port can be exported.
WARNING: [Route 35-198] Port "in_waddr[9]" does not have an associated HD.PARTPIN_LOCS, which will prevent the partial routing of the signal "in_waddr[9]". Without this partial route, timing analysis to/from this port will not be accurate, and no routing information for this port can be exported.
WARNING: [Route 35-198] Port "in_waddr[8]" does not have an associated HD.PARTPIN_LOCS, which will prevent the partial routing of the signal "in_waddr[8]". Without this partial route, timing analysis to/from this port will not be accurate, and no routing information for this port can be exported.
WARNING: [Route 35-198] Port "in_waddr[7]" does not have an associated HD.PARTPIN_LOCS, which will prevent the partial routing of the signal "in_waddr[7]". Without this partial route, timing analysis to/from this port will not be accurate, and no routing information for this port can be exported.
WARNING: [Route 35-198] Port "in_waddr[6]" does not have an associated HD.PARTPIN_LOCS, which will prevent the partial routing of the signal "in_waddr[6]". Without this partial route, timing analysis to/from this port will not be accurate, and no routing information for this port can be exported.
WARNING: [Route 35-198] Port "in_waddr[5]" does not have an associated HD.PARTPIN_LOCS, which will prevent the partial routing of the signal "in_waddr[5]". Without this partial route, timing analysis to/from this port will not be accurate, and no routing information for this port can be exported.
WARNING: [Route 35-198] Port "in_waddr[4]" does not have an associated HD.PARTPIN_LOCS, which will prevent the partial routing of the signal "in_waddr[4]". Without this partial route, timing analysis to/from this port will not be accurate, and no routing information for this port can be exported.
WARNING: [Route 35-198] Port "in_waddr[3]" does not have an associated HD.PARTPIN_LOCS, which will prevent the partial routing of the signal "in_waddr[3]". Without this partial route, timing analysis to/from this port will not be accurate, and no routing information for this port can be exported.
WARNING: [Route 35-198] Port "in_waddr[2]" does not have an associated HD.PARTPIN_LOCS, which will prevent the partial routing of the signal "in_waddr[2]". Without this partial route, timing analysis to/from this port will not be accurate, and no routing information for this port can be exported.
WARNING: [Route 35-198] Port "in_waddr[1]" does not have an associated HD.PARTPIN_LOCS, which will prevent the partial routing of the signal "in_waddr[1]". Without this partial route, timing analysis to/from this port will not be accurate, and no routing information for this port can be exported.
WARNING: [Route 35-198] Port "in_waddr[0]" does not have an associated HD.PARTPIN_LOCS, which will prevent the partial routing of the signal "in_waddr[0]". Without this partial route, timing analysis to/from this port will not be accurate, and no routing information for this port can be exported.
WARNING: [Route 35-198] Port "in_wdata[33]" does not have an associated HD.PARTPIN_LOCS, which will prevent the partial routing of the signal "in_wdata[33]". Without this partial route, timing analysis to/from this port will not be accurate, and no routing information for this port can be exported.
WARNING: [Route 35-198] Port "in_wdata[32]" does not have an associated HD.PARTPIN_LOCS, which will prevent the partial routing of the signal "in_wdata[32]". Without this partial route, timing analysis to/from this port will not be accurate, and no routing information for this port can be exported.
WARNING: [Route 35-198] Port "in_wdata[31]" does not have an associated HD.PARTPIN_LOCS, which will prevent the partial routing of the signal "in_wdata[31]". Without this partial route, timing analysis to/from this port will not be accurate, and no routing information for this port can be exported.
WARNING: [Route 35-198] Port "in_wdata[30]" does not have an associated HD.PARTPIN_LOCS, which will prevent the partial routing of the signal "in_wdata[30]". Without this partial route, timing analysis to/from this port will not be accurate, and no routing information for this port can be exported.
WARNING: [Route 35-198] Port "in_wdata[29]" does not have an associated HD.PARTPIN_LOCS, which will prevent the partial routing of the signal "in_wdata[29]". Without this partial route, timing analysis to/from this port will not be accurate, and no routing information for this port can be exported.
WARNING: [Route 35-198] Port "in_wdata[28]" does not have an associated HD.PARTPIN_LOCS, which will prevent the partial routing of the signal "in_wdata[28]". Without this partial route, timing analysis to/from this port will not be accurate, and no routing information for this port can be exported.
WARNING: [Route 35-198] Port "in_wdata[27]" does not have an associated HD.PARTPIN_LOCS, which will prevent the partial routing of the signal "in_wdata[27]". Without this partial route, timing analysis to/from this port will not be accurate, and no routing information for this port can be exported.
WARNING: [Route 35-198] Port "in_wdata[26]" does not have an associated HD.PARTPIN_LOCS, which will prevent the partial routing of the signal "in_wdata[26]". Without this partial route, timing analysis to/from this port will not be accurate, and no routing information for this port can be exported.
WARNING: [Route 35-198] Port "in_wdata[25]" does not have an associated HD.PARTPIN_LOCS, which will prevent the partial routing of the signal "in_wdata[25]". Without this partial route, timing analysis to/from this port will not be accurate, and no routing information for this port can be exported.
WARNING: [Route 35-198] Port "in_wdata[24]" does not have an associated HD.PARTPIN_LOCS, which will prevent the partial routing of the signal "in_wdata[24]". Without this partial route, timing analysis to/from this port will not be accurate, and no routing information for this port can be exported.
WARNING: [Route 35-198] Port "in_wdata[23]" does not have an associated HD.PARTPIN_LOCS, which will prevent the partial routing of the signal "in_wdata[23]". Without this partial route, timing analysis to/from this port will not be accurate, and no routing information for this port can be exported.
WARNING: [Route 35-198] Port "in_wdata[22]" does not have an associated HD.PARTPIN_LOCS, which will prevent the partial routing of the signal "in_wdata[22]". Without this partial route, timing analysis to/from this port will not be accurate, and no routing information for this port can be exported.
WARNING: [Route 35-198] Port "in_wdata[21]" does not have an associated HD.PARTPIN_LOCS, which will prevent the partial routing of the signal "in_wdata[21]". Without this partial route, timing analysis to/from this port will not be accurate, and no routing information for this port can be exported.
WARNING: [Route 35-198] Port "in_wdata[20]" does not have an associated HD.PARTPIN_LOCS, which will prevent the partial routing of the signal "in_wdata[20]". Without this partial route, timing analysis to/from this port will not be accurate, and no routing information for this port can be exported.
WARNING: [Route 35-198] Port "in_wdata[19]" does not have an associated HD.PARTPIN_LOCS, which will prevent the partial routing of the signal "in_wdata[19]". Without this partial route, timing analysis to/from this port will not be accurate, and no routing information for this port can be exported.
INFO: [Common 17-14] Message 'Route 35-198' appears 100 times and further instances of the messages will be disabled. Use the Tcl command set_msg_config to change the current settings.
Phase 1 Build RT Design | Checksum: 922c1b53

Time (s): cpu = 00:00:16 ; elapsed = 00:00:13 . Memory (MB): peak = 1897.938 ; gain = 0.000
Post Restoration Checksum: NetGraph: 23309b24 NumContArr: 6efb802f Constraints: 0 Timing: 0

Phase 2 Router Initialization

Phase 2.1 Create Timer
Phase 2.1 Create Timer | Checksum: 922c1b53

Time (s): cpu = 00:00:16 ; elapsed = 00:00:13 . Memory (MB): peak = 1897.938 ; gain = 0.000

Phase 2.2 Fix Topology Constraints
Phase 2.2 Fix Topology Constraints | Checksum: 922c1b53

Time (s): cpu = 00:00:16 ; elapsed = 00:00:13 . Memory (MB): peak = 1897.938 ; gain = 0.000

Phase 2.3 Pre Route Cleanup
Phase 2.3 Pre Route Cleanup | Checksum: 922c1b53

Time (s): cpu = 00:00:16 ; elapsed = 00:00:13 . Memory (MB): peak = 1897.938 ; gain = 0.000
 Number of Nodes with overlaps = 0

Phase 2.4 Update Timing
Phase 2.4 Update Timing | Checksum: 208d55aea

Time (s): cpu = 00:00:18 ; elapsed = 00:00:15 . Memory (MB): peak = 1897.938 ; gain = 0.000
INFO: [Route 35-416] Intermediate Timing Summary | WNS=0.493  | TNS=0.000  | WHS=0.115  | THS=0.000  |

Phase 2 Router Initialization | Checksum: 18c82d8ee

Time (s): cpu = 00:00:19 ; elapsed = 00:00:15 . Memory (MB): peak = 1900.188 ; gain = 2.250

Router Utilization Summary
  Global Vertical Routing Utilization    = 0 %
  Global Horizontal Routing Utilization  = 0 %
  Routable Net Status*
  *Does not include unroutable nets such as driverless and loadless.
  Run report_route_status for detailed report.
  Number of Failed Nets               = 8756
    (Failed Nets is the sum of unrouted and partially routed nets)
  Number of Unrouted Nets             = 8756
  Number of Partially Routed Nets     = 0
  Number of Node Overlaps             = 0


Phase 3 Initial Routing

Phase 3.1 Global Routing
Phase 3.1 Global Routing | Checksum: 18c82d8ee

Time (s): cpu = 00:00:19 ; elapsed = 00:00:15 . Memory (MB): peak = 1900.188 ; gain = 2.250
Phase 3 Initial Routing | Checksum: a100a6a5

Time (s): cpu = 00:00:22 ; elapsed = 00:00:17 . Memory (MB): peak = 1900.188 ; gain = 2.250

Phase 4 Rip-up And Reroute

Phase 4.1 Global Iteration 0
 Number of Nodes with overlaps = 3691
 Number of Nodes with overlaps = 1331
 Number of Nodes with overlaps = 636
 Number of Nodes with overlaps = 365
 Number of Nodes with overlaps = 201
 Number of Nodes with overlaps = 82
 Number of Nodes with overlaps = 33
 Number of Nodes with overlaps = 17
 Number of Nodes with overlaps = 6
 Number of Nodes with overlaps = 4
 Number of Nodes with overlaps = 2
 Number of Nodes with overlaps = 0
INFO: [Route 35-416] Intermediate Timing Summary | WNS=-0.367 | TNS=-5.950 | WHS=N/A    | THS=N/A    |

Phase 4.1 Global Iteration 0 | Checksum: 14489d5b8

Time (s): cpu = 00:00:44 ; elapsed = 00:00:38 . Memory (MB): peak = 1900.188 ; gain = 2.250

Phase 4.2 Global Iteration 1
 Number of Nodes with overlaps = 536
 Number of Nodes with overlaps = 413
 Number of Nodes with overlaps = 238
 Number of Nodes with overlaps = 93
 Number of Nodes with overlaps = 66
 Number of Nodes with overlaps = 33
 Number of Nodes with overlaps = 21
 Number of Nodes with overlaps = 10
 Number of Nodes with overlaps = 5
 Number of Nodes with overlaps = 2
 Number of Nodes with overlaps = 2
 Number of Nodes with overlaps = 2
 Number of Nodes with overlaps = 1
 Number of Nodes with overlaps = 1
 Number of Nodes with overlaps = 1
 Number of Nodes with overlaps = 1
 Number of Nodes with overlaps = 1
 Number of Nodes with overlaps = 0
INFO: [Route 35-416] Intermediate Timing Summary | WNS=-0.394 | TNS=-4.603 | WHS=N/A    | THS=N/A    |

Phase 4.2 Global Iteration 1 | Checksum: 1b5ad7c26

Time (s): cpu = 00:00:55 ; elapsed = 00:00:46 . Memory (MB): peak = 1900.188 ; gain = 2.250
Phase 4 Rip-up And Reroute | Checksum: 1b5ad7c26

Time (s): cpu = 00:00:55 ; elapsed = 00:00:46 . Memory (MB): peak = 1900.188 ; gain = 2.250

Phase 5 Delay and Skew Optimization

Phase 5.1 Delay CleanUp

Phase 5.1.1 Update Timing
Phase 5.1.1 Update Timing | Checksum: 1b5ad7c26

Time (s): cpu = 00:00:56 ; elapsed = 00:00:46 . Memory (MB): peak = 1900.188 ; gain = 2.250
INFO: [Route 35-416] Intermediate Timing Summary | WNS=-0.367 | TNS=-5.950 | WHS=N/A    | THS=N/A    |

 Number of Nodes with overlaps = 0
Phase 5.1 Delay CleanUp | Checksum: 1c2b256a2

Time (s): cpu = 00:00:56 ; elapsed = 00:00:46 . Memory (MB): peak = 1900.188 ; gain = 2.250

Phase 5.2 Clock Skew Optimization
Phase 5.2 Clock Skew Optimization | Checksum: 1c2b256a2

Time (s): cpu = 00:00:56 ; elapsed = 00:00:46 . Memory (MB): peak = 1900.188 ; gain = 2.250
Phase 5 Delay and Skew Optimization | Checksum: 1c2b256a2

Time (s): cpu = 00:00:56 ; elapsed = 00:00:46 . Memory (MB): peak = 1900.188 ; gain = 2.250

Phase 6 Post Hold Fix

Phase 6.1 Hold Fix Iter

Phase 6.1.1 Update Timing
Phase 6.1.1 Update Timing | Checksum: 1728bdacf

Time (s): cpu = 00:00:56 ; elapsed = 00:00:47 . Memory (MB): peak = 1900.188 ; gain = 2.250
INFO: [Route 35-416] Intermediate Timing Summary | WNS=-0.365 | TNS=-5.103 | WHS=0.100  | THS=0.000  |

Phase 6.1 Hold Fix Iter | Checksum: 1728bdacf

Time (s): cpu = 00:00:57 ; elapsed = 00:00:47 . Memory (MB): peak = 1900.188 ; gain = 2.250
Phase 6 Post Hold Fix | Checksum: 1728bdacf

Time (s): cpu = 00:00:57 ; elapsed = 00:00:47 . Memory (MB): peak = 1900.188 ; gain = 2.250

Phase 7 Timing Verification

Phase 7.1 Update Timing
Phase 7.1 Update Timing | Checksum: 1351cf396

Time (s): cpu = 00:00:58 ; elapsed = 00:00:47 . Memory (MB): peak = 1900.188 ; gain = 2.250
INFO: [Route 35-416] Intermediate Timing Summary | WNS=-0.365 | TNS=-5.103 | WHS=N/A    | THS=N/A    |

Phase 7 Timing Verification | Checksum: 1351cf396

Time (s): cpu = 00:00:58 ; elapsed = 00:00:47 . Memory (MB): peak = 1900.188 ; gain = 2.250

Phase 8 Route finalize

Router Utilization Summary
  Global Vertical Routing Utilization    = 3.14984 %
  Global Horizontal Routing Utilization  = 3.98445 %
  Routable Net Status*
  *Does not include unroutable nets such as driverless and loadless.
  Run report_route_status for detailed report.
  Number of Failed Nets               = 0
    (Failed Nets is the sum of unrouted and partially routed nets)
  Number of Unrouted Nets             = 0
  Number of Partially Routed Nets     = 0
  Number of Node Overlaps             = 0

Congestion Report
North Dir 1x1 Area, Max Cong = 52.2523%, No Congested Regions.
South Dir 1x1 Area, Max Cong = 77.4775%, No Congested Regions.
East Dir 1x1 Area, Max Cong = 76.4706%, No Congested Regions.
West Dir 1x1 Area, Max Cong = 94.1176%, Congestion bounded by tiles (Lower Left Tile -> Upper Right Tile):
   INT_L_X42Y33 -> INT_L_X42Y33
   INT_L_X46Y33 -> INT_L_X46Y33

------------------------------
Reporting congestion hotspots
------------------------------
Direction: North
----------------
Congested clusters found at Level 0
Effective congestion level: 0 Aspect Ratio: 1 Sparse Ratio: 0
Direction: South
----------------
Congested clusters found at Level 0
Effective congestion level: 0 Aspect Ratio: 1 Sparse Ratio: 0
Direction: East
----------------
Congested clusters found at Level 0
Effective congestion level: 0 Aspect Ratio: 1 Sparse Ratio: 0
Direction: West
----------------
Congested clusters found at Level 0
Effective congestion level: 1 Aspect Ratio: 0.5 Sparse Ratio: 0.5

Phase 8 Route finalize | Checksum: 1351cf396

Time (s): cpu = 00:00:58 ; elapsed = 00:00:47 . Memory (MB): peak = 1900.188 ; gain = 2.250

Phase 9 Verifying routed nets

 Verification completed successfully
Phase 9 Verifying routed nets | Checksum: 1351cf396

Time (s): cpu = 00:00:58 ; elapsed = 00:00:47 . Memory (MB): peak = 1900.188 ; gain = 2.250

Phase 10 Depositing Routes
Phase 10 Depositing Routes | Checksum: 10e5dfb5b

Time (s): cpu = 00:00:58 ; elapsed = 00:00:48 . Memory (MB): peak = 1900.188 ; gain = 2.250

Phase 11 Incr Placement Change
Netlist sorting complete. Time (s): cpu = 00:00:00 ; elapsed = 00:00:00.002 . Memory (MB): peak = 1900.188 ; gain = 0.000
INFO: [Place 30-746] Post Placement Timing Summary WNS=-0.047. For the most accurate timing information please run report_timing.
Ending IncrPlace Task | Checksum: d30a5d3e

Time (s): cpu = 00:00:10 ; elapsed = 00:00:08 . Memory (MB): peak = 1900.188 ; gain = 0.000
Google Cpuprofiler is only supported on Linux.
Phase 11 Incr Placement Change | Checksum: 10e5dfb5b

Time (s): cpu = 00:01:08 ; elapsed = 00:00:57 . Memory (MB): peak = 1900.188 ; gain = 2.250

Phase 12 Build RT Design
WARNING: [Route 35-197] Clock port "clk" does not have an associated HD.CLK_SRC. Without this constraint, timing analysis may not be accurate and upstream checks cannot be done to ensure correct clock placement.
Phase 12 Build RT Design | Checksum: d11f85d6

Time (s): cpu = 00:01:09 ; elapsed = 00:00:57 . Memory (MB): peak = 1900.188 ; gain = 2.250
Post Restoration Checksum: NetGraph: de496f2c NumContArr: df730807 Constraints: 0 Timing: 0

Phase 13 Router Initialization

Phase 13.1 Create Timer
Phase 13.1 Create Timer | Checksum: 1bdbc7733

Time (s): cpu = 00:01:09 ; elapsed = 00:00:57 . Memory (MB): peak = 1900.188 ; gain = 2.250

Phase 13.2 Fix Topology Constraints
Phase 13.2 Fix Topology Constraints | Checksum: 1bdbc7733

Time (s): cpu = 00:01:09 ; elapsed = 00:00:58 . Memory (MB): peak = 1900.188 ; gain = 2.250

Phase 13.3 Pre Route Cleanup
Phase 13.3 Pre Route Cleanup | Checksum: 9514882a

Time (s): cpu = 00:01:09 ; elapsed = 00:00:58 . Memory (MB): peak = 1900.188 ; gain = 2.250
 Number of Nodes with overlaps = 0

Phase 13.4 Update Timing
Phase 13.4 Update Timing | Checksum: 1e8ca3288

Time (s): cpu = 00:01:11 ; elapsed = 00:00:59 . Memory (MB): peak = 1900.188 ; gain = 2.250
INFO: [Route 35-416] Intermediate Timing Summary | WNS=0.026  | TNS=0.000  | WHS=0.115  | THS=0.000  |

Phase 13 Router Initialization | Checksum: 178ab2959

Time (s): cpu = 00:01:13 ; elapsed = 00:01:00 . Memory (MB): peak = 1909.621 ; gain = 11.684

Router Utilization Summary
  Global Vertical Routing Utilization    = 3.13073 %
  Global Horizontal Routing Utilization  = 3.96121 %
  Routable Net Status*
  *Does not include unroutable nets such as driverless and loadless.
  Run report_route_status for detailed report.
  Number of Failed Nets               = 226
    (Failed Nets is the sum of unrouted and partially routed nets)
  Number of Unrouted Nets             = 74
  Number of Partially Routed Nets     = 152
  Number of Node Overlaps             = 0


Phase 14 Initial Routing

Phase 14.1 Global Routing
Phase 14.1 Global Routing | Checksum: 178ab2959

Time (s): cpu = 00:01:13 ; elapsed = 00:01:00 . Memory (MB): peak = 1909.621 ; gain = 11.684
Phase 14 Initial Routing | Checksum: 18e046f45

Time (s): cpu = 00:01:13 ; elapsed = 00:01:00 . Memory (MB): peak = 1909.621 ; gain = 11.684

Phase 15 Rip-up And Reroute

Phase 15.1 Global Iteration 0
 Number of Nodes with overlaps = 422
 Number of Nodes with overlaps = 536
 Number of Nodes with overlaps = 382
 Number of Nodes with overlaps = 275
 Number of Nodes with overlaps = 169
 Number of Nodes with overlaps = 98
 Number of Nodes with overlaps = 85
 Number of Nodes with overlaps = 63
 Number of Nodes with overlaps = 39
 Number of Nodes with overlaps = 26
 Number of Nodes with overlaps = 11
 Number of Nodes with overlaps = 4
 Number of Nodes with overlaps = 6
 Number of Nodes with overlaps = 11
 Number of Nodes with overlaps = 5
 Number of Nodes with overlaps = 0
INFO: [Route 35-416] Intermediate Timing Summary | WNS=-0.107 | TNS=-0.808 | WHS=N/A    | THS=N/A    |

Phase 15.1 Global Iteration 0 | Checksum: 193aaa17c

Time (s): cpu = 00:01:27 ; elapsed = 00:01:11 . Memory (MB): peak = 1909.621 ; gain = 11.684

Phase 15.2 Global Iteration 1
 Number of Nodes with overlaps = 942
 Number of Nodes with overlaps = 449
 Number of Nodes with overlaps = 308
 Number of Nodes with overlaps = 196
 Number of Nodes with overlaps = 111
 Number of Nodes with overlaps = 17
 Number of Nodes with overlaps = 10
 Number of Nodes with overlaps = 4
 Number of Nodes with overlaps = 3
 Number of Nodes with overlaps = 0
INFO: [Route 35-416] Intermediate Timing Summary | WNS=-0.531 | TNS=-6.666 | WHS=N/A    | THS=N/A    |

Phase 15.2 Global Iteration 1 | Checksum: 1d1365b41

Time (s): cpu = 00:01:37 ; elapsed = 00:01:18 . Memory (MB): peak = 1909.621 ; gain = 11.684
Phase 15 Rip-up And Reroute | Checksum: 1d1365b41

Time (s): cpu = 00:01:37 ; elapsed = 00:01:18 . Memory (MB): peak = 1909.621 ; gain = 11.684

Phase 16 Delay and Skew Optimization

Phase 16.1 Delay CleanUp

Phase 16.1.1 Update Timing
Phase 16.1.1 Update Timing | Checksum: 28ab8f40a

Time (s): cpu = 00:01:37 ; elapsed = 00:01:19 . Memory (MB): peak = 1909.621 ; gain = 11.684
INFO: [Route 35-416] Intermediate Timing Summary | WNS=-0.107 | TNS=-0.808 | WHS=N/A    | THS=N/A    |

 Number of Nodes with overlaps = 0
Phase 16.1 Delay CleanUp | Checksum: 1c01af672

Time (s): cpu = 00:01:38 ; elapsed = 00:01:19 . Memory (MB): peak = 1909.621 ; gain = 11.684

Phase 16.2 Clock Skew Optimization
Phase 16.2 Clock Skew Optimization | Checksum: 1c01af672

Time (s): cpu = 00:01:38 ; elapsed = 00:01:19 . Memory (MB): peak = 1909.621 ; gain = 11.684
Phase 16 Delay and Skew Optimization | Checksum: 1c01af672

Time (s): cpu = 00:01:38 ; elapsed = 00:01:19 . Memory (MB): peak = 1909.621 ; gain = 11.684

Phase 17 Post Hold Fix

Phase 17.1 Hold Fix Iter

Phase 17.1.1 Update Timing
Phase 17.1.1 Update Timing | Checksum: 1a896541c

Time (s): cpu = 00:01:38 ; elapsed = 00:01:19 . Memory (MB): peak = 1909.621 ; gain = 11.684
INFO: [Route 35-416] Intermediate Timing Summary | WNS=-0.052 | TNS=-0.263 | WHS=0.100  | THS=0.000  |

Phase 17.1 Hold Fix Iter | Checksum: 1a896541c

Time (s): cpu = 00:01:38 ; elapsed = 00:01:19 . Memory (MB): peak = 1909.621 ; gain = 11.684
Phase 17 Post Hold Fix | Checksum: 1a896541c

Time (s): cpu = 00:01:38 ; elapsed = 00:01:19 . Memory (MB): peak = 1909.621 ; gain = 11.684

Phase 18 Timing Verification

Phase 18.1 Update Timing
Phase 18.1 Update Timing | Checksum: 22b29edbd

Time (s): cpu = 00:01:39 ; elapsed = 00:01:20 . Memory (MB): peak = 1909.621 ; gain = 11.684
INFO: [Route 35-416] Intermediate Timing Summary | WNS=-0.052 | TNS=-0.263 | WHS=N/A    | THS=N/A    |

Phase 18 Timing Verification | Checksum: 22b29edbd

Time (s): cpu = 00:01:39 ; elapsed = 00:01:20 . Memory (MB): peak = 1909.621 ; gain = 11.684

Phase 19 Route finalize

Router Utilization Summary
  Global Vertical Routing Utilization    = 3.17221 %
  Global Horizontal Routing Utilization  = 4.01352 %
  Routable Net Status*
  *Does not include unroutable nets such as driverless and loadless.
  Run report_route_status for detailed report.
  Number of Failed Nets               = 0
    (Failed Nets is the sum of unrouted and partially routed nets)
  Number of Unrouted Nets             = 0
  Number of Partially Routed Nets     = 0
  Number of Node Overlaps             = 0

Congestion Report
North Dir 1x1 Area, Max Cong = 52.2523%, No Congested Regions.
South Dir 1x1 Area, Max Cong = 77.4775%, No Congested Regions.
East Dir 1x1 Area, Max Cong = 76.4706%, No Congested Regions.
West Dir 1x1 Area, Max Cong = 94.1176%, Congestion bounded by tiles (Lower Left Tile -> Upper Right Tile):
   INT_L_X42Y33 -> INT_L_X42Y33
   INT_L_X46Y33 -> INT_L_X46Y33

------------------------------
Reporting congestion hotspots
------------------------------
Direction: North
----------------
Congested clusters found at Level 0
Effective congestion level: 0 Aspect Ratio: 1 Sparse Ratio: 0
Direction: South
----------------
Congested clusters found at Level 0
Effective congestion level: 0 Aspect Ratio: 1 Sparse Ratio: 0
Direction: East
----------------
Congested clusters found at Level 0
Effective congestion level: 0 Aspect Ratio: 1 Sparse Ratio: 0
Direction: West
----------------
Congested clusters found at Level 0
Effective congestion level: 1 Aspect Ratio: 0.5 Sparse Ratio: 0.5

Phase 19 Route finalize | Checksum: 22b29edbd

Time (s): cpu = 00:01:39 ; elapsed = 00:01:20 . Memory (MB): peak = 1909.621 ; gain = 11.684

Phase 20 Verifying routed nets

 Verification completed successfully
Phase 20 Verifying routed nets | Checksum: 22b29edbd

Time (s): cpu = 00:01:39 ; elapsed = 00:01:20 . Memory (MB): peak = 1909.621 ; gain = 11.684

Phase 21 Depositing Routes
Phase 21 Depositing Routes | Checksum: 242789e7f

Time (s): cpu = 00:01:40 ; elapsed = 00:01:21 . Memory (MB): peak = 1909.621 ; gain = 11.684

Phase 22 Post Router Timing
WARNING: [Timing 38-242] The property HD.CLK_SRC of clock port "clk" is not set. In out-of-context mode, this prevents timing estimation for clock delay/skew
Resolution: Set the HD.CLK_SRC property of the out-of-context port to the location of the clock buffer instance in the top-level design
INFO: [Route 35-20] Post Routing Timing Summary | WNS=-0.052 | TNS=-0.266 | WHS=0.100  | THS=0.000  |

Phase 22 Post Router Timing | Checksum: 1eb7a69e6

Time (s): cpu = 00:01:42 ; elapsed = 00:01:22 . Memory (MB): peak = 1909.621 ; gain = 11.684
CRITICAL WARNING: [Route 35-39] The design did not meet timing requirements. Please run report_timing_summary for detailed reports.
Resolution: Verify that the timing was met or had small violations at all previous steps (synthesis, placement, power_opt, and phys_opt). Run report_timing_summary and analyze individual timing paths.
INFO: [Route 35-253] TNS is the sum of the worst slack violation on every endpoint in the design. Review the paths with the biggest WNS violations in the timing reports and modify your constraints or your design to improve both WNS and TNS.
INFO: [Route 72-16] Aggressive Explore Summary
+------+--------+--------+-------+-----+--------+--------------+-------------------+
| Pass |  WNS   |  TNS   |  WHS  | THS | Status | Elapsed Time | Solution Selected |
+------+--------+--------+-------+-----+--------+--------------+-------------------+
|  1   | -0.365 | -5.103 | 0.100 |  -  |  Pass  |   00:00:34   |                   |
+------+--------+--------+-------+-----+--------+--------------+-------------------+
|  2   | -0.052 | -0.263 | 0.100 |  -  |  Pass  |   00:00:23   |         x         |
+------+--------+--------+-------+-----+--------+--------------+-------------------+

INFO: [Route 35-16] Router Completed Successfully

Time (s): cpu = 00:01:42 ; elapsed = 00:01:22 . Memory (MB): peak = 1909.621 ; gain = 11.684

Routing Is Done.
INFO: [Common 17-83] Releasing license: Implementation
1067 Infos, 111 Warnings, 1 Critical Warnings and 0 Errors encountered.
route_design completed successfully
route_design: Time (s): cpu = 00:01:43 ; elapsed = 00:01:23 . Memory (MB): peak = 1909.621 ; gain = 11.684
WARNING: [Timing 38-242] The property HD.CLK_SRC of clock port "clk" is not set. In out-of-context mode, this prevents timing estimation for clock delay/skew
Resolution: Set the HD.CLK_SRC property of the out-of-context port to the location of the clock buffer instance in the top-level design
INFO: [Timing 38-78] ReportTimingParams: -max_paths 3 -nworst 1 -delay_type max -sort_by slack.
E02A_STAGE post_route	-0.052	0.100	u_enc_rq/param3_reg[66]_rep/C	u_enc_rq/rq_reg[1]/R
Command: report_drc -file D:/2609_final_project/cnn_rtl/docs/E-02a_runs/encoder_freq2_13.500/drc.rpt
INFO: [IP_Flow 19-234] Refreshing IP repositories
INFO: [IP_Flow 19-1704] No user IP repositories specified
INFO: [IP_Flow 19-2313] Loaded Vivado IP repository 'C:/Xilinx/Vivado/2020.2/data/ip'.
INFO: [DRC 23-27] Running DRC with 2 threads
INFO: [Coretcl 2-168] The results of DRC are in file D:/2609_final_project/cnn_rtl/docs/E-02a_runs/encoder_freq2_13.500/drc.rpt.
report_drc completed successfully
INFO: [Timing 38-480] Writing timing data to binary archive.
Writing placer database...
Writing XDEF routing.
Writing XDEF routing logical nets.
Writing XDEF routing special nets.
Write XDEF Complete: Time (s): cpu = 00:00:01 ; elapsed = 00:00:00.689 . Memory (MB): peak = 1941.285 ; gain = 0.000
INFO: [Common 17-1381] The checkpoint 'D:/2609_final_project/cnn_rtl/docs/E-02a_runs/encoder_freq2_13.500/routed.dcp' has been generated.
E02A_IMPL_DONE top=CNN_Encoder period=13.500 mode=performance
# set status [catch {
#     puts "E02A_CONFIG top=$top part=$part period=$period mode=$mode"
#     puts "E02A_VERSION [version -short]"
#     foreach source $srcs {
#         # The optional E5 TB stub contains SystemVerilog, read unmodified.
#         if {[file tail $source] eq "fc_stub.v"} {read_verilog -sv $source} else {read_verilog $source}
#     }
#     read_xdc [file join [file dirname [info script]] timing_100mhz.xdc]
#     if {$period != 10.000} {
#         # read_xdc is deferred until synthesis opens the design. A direct
#         # get_ports here has no open design in Vivado 2020.2. Load only the
#         # period override after the original XDC; all I/O delays stay intact.
#         set override [file join $out_dir clock_period_override.xdc]
#         set f [open $override w]
#         puts $f [format {create_clock -period %s -name ACLK [get_ports -filter {NAME =~ *ACLK || NAME == clk}]} $period]
#         close $f
#         read_xdc $override
#     }
#     synth_design -top $top -part $part -mode out_of_context
#     report_clocks -file [file join $out_dir clocks.rpt]
#     e02a_stage post_synth $out_dir
#     if {$mode eq "performance"} {
#         opt_design -directive Explore
#         place_design -directive ExtraTimingOpt
#     } else {
#         opt_design
#         place_design
#     }
#     e02a_stage post_place $out_dir
#     if {$mode eq "performance"} {phys_opt_design -directive AggressiveExplore} else {phys_opt_design}
#     e02a_stage post_phys_opt $out_dir
#     if {$mode eq "performance"} {route_design -directive Explore} else {route_design}
#     e02a_stage post_route $out_dir
#     report_route_status -file [file join $out_dir route_status.rpt]
#     report_utilization -file [file join $out_dir utilization.rpt]
#     report_drc -file [file join $out_dir drc.rpt]
#     check_timing -verbose -file [file join $out_dir check_timing.rpt]
#     write_checkpoint -force [file join $out_dir routed.dcp]
#     write_verilog -force -mode funcsim [file join $out_dir routed_netlist.v]
#     # Preserve path properties for E6. Vivado 2020.2 has no TIMING_POINTS
#     # property; per-pin increments are in report_timing -input_pins above.
#     set p [lindex [get_timing_paths -delay_type max -max_paths 1] 0]
#     set f [open [file join $out_dir path_properties.txt] w]
#     foreach prop [list_property $p] {puts $f "$prop\t[get_property $prop $p]"}
#     close $f
#     set f [open [file join $out_dir failing_paths.tsv] w]
#     foreach p [get_timing_paths -delay_type max -slack_lesser_than 0 -max_paths 5000 -nworst 1] {
#         puts $f "[get_property SLACK $p]\t[get_property STARTPOINT_PIN $p]\t[get_property ENDPOINT_PIN $p]"
#     }
#     close $f
#     puts "E02A_IMPL_DONE top=$top period=$period mode=$mode"
# } detail options]
# if {$status} {
#     puts "E02A_IMPL_FAILED $detail"
#     puts [dict get $options -errorinfo]
#     exit 1
# }
# exit 0
INFO: [Common 17-206] Exiting Vivado at Sat Sep 26 20:14:04 2026...

EXIT_CODE: 0
WALL_CLOCK_SECONDS: 240.943439
