-3.562	u_enc_rq/param3_reg[68]/C	u_enc_rq/rq_reg[2]/R
-3.562	u_enc_rq/param3_reg[68]/C	u_enc_rq/rq_reg[7]/S
-3.553	u_enc_rq/param3_reg[68]/C	u_enc_rq/rq_reg[1]/R
-3.553	u_enc_rq/param3_reg[68]/C	u_enc_rq/rq_reg[4]/R
-3.553	u_enc_rq/param3_reg[68]/C	u_enc_rq/rq_reg[6]/R
-3.488	pool_shift[5]	u_pool/p_r3_reg[14]/D
-3.467	u_enc_rq/param3_reg[68]/C	u_enc_rq/rq_reg[3]/R
-3.467	u_enc_rq/param3_reg[68]/C	u_enc_rq/rq_reg[5]/R
-3.462	pool_shift[5]	u_pool/p_r3_reg[1]/S
-3.462	pool_shift[5]	u_pool/p_r3_reg[2]/S
-3.462	pool_shift[5]	u_pool/p_r3_reg[9]/S
-3.382	pool_shift[5]	u_pool/p_r3_reg[3]/S
-3.382	pool_shift[5]	u_pool/p_r3_reg[8]/S
-3.361	pool_shift[5]	u_pool/p_r3_reg[11]/D
-3.358	pool_shift[5]	u_pool/p_r3_reg[10]/S
-3.358	pool_shift[5]	u_pool/p_r3_reg[11]/S
-3.358	pool_shift[5]	u_pool/p_r3_reg[13]/R
-3.358	pool_shift[5]	u_pool/p_r3_reg[14]/R
-3.287	pool_shift[5]	u_pool/p_r3_reg[12]/S
-3.287	pool_shift[5]	u_pool/p_r3_reg[4]_inv/R
-3.287	pool_shift[5]	u_pool/p_r3_reg[6]/S
-3.287	pool_shift[5]	u_pool/p_r3_reg[7]/S
-3.281	pool_shift[5]	u_pool/p_r3_reg[5]/S
-3.147	pool_shift[5]	u_pool/p_r3_reg[7]/D
-3.145	pool_shift[5]	u_pool/p_r3_reg[6]/D
-3.141	pool_shift[5]	u_pool/p_r3_reg[12]/D
-3.136	pool_shift[5]	u_pool/p_r3_reg[4]_inv/D
-3.082	pool_shift[5]	u_pool/p_r3_reg[0]/D
-3.081	pool_shift[5]	u_pool/p_r3_reg[5]/D
-3.037	pool_shift[5]	u_pool/p_r3_reg[1]/D
-3.033	pool_shift[5]	u_pool/p_r3_reg[9]/D
-3.028	u_input_buf/gen_word_write.mem_reg_3/CLKBWRCLK	u_conv_mac/g_lane[11].lane_out_reg[29]/D
-3.009	u_input_buf/gen_word_write.mem_reg_2/CLKBWRCLK	u_conv_mac/g_lane[4].lane_out_reg[29]/D
-3.007	u_input_buf/gen_word_write.mem_reg_3/CLKBWRCLK	u_conv_mac/g_lane[11].lane_out_reg[31]/D
-3.001	u_input_buf/gen_word_write.mem_reg_2/CLKBWRCLK	u_conv_mac/g_lane[4].lane_out_reg[31]/D
-2.987	u_input_buf/gen_word_write.mem_reg_3/CLKBWRCLK	u_conv_mac/g_lane[1].lane_acc_reg[29]/D
-2.966	u_input_buf/gen_word_write.mem_reg_3/CLKBWRCLK	u_conv_mac/g_lane[1].lane_acc_reg[31]/D
-2.962	u_input_buf/gen_word_write.mem_reg_3/CLKBWRCLK	u_conv_mac/g_lane[1].lane_out_reg[29]/D
-2.960	u_input_buf/gen_word_write.mem_reg_3/CLKBWRCLK	u_conv_mac/g_lane[12].lane_out_reg[29]/D
-2.941	u_input_buf/gen_word_write.mem_reg_3/CLKBWRCLK	u_conv_mac/g_lane[1].lane_out_reg[31]/D
-2.939	u_input_buf/gen_word_write.mem_reg_3/CLKBWRCLK	u_conv_mac/g_lane[12].lane_out_reg[31]/D
-2.933	u_input_buf/gen_word_write.mem_reg_3/CLKBWRCLK	u_conv_mac/g_lane[11].lane_out_reg[30]/D
-2.931	u_enc_rq/param3_reg[68]/C	u_enc_rq/rq_reg[0]/D
-2.927	pool_shift[5]	u_pool/p_r3_reg[13]/D
-2.925	u_input_buf/gen_word_write.mem_reg_2/CLKBWRCLK	u_conv_mac/g_lane[4].lane_out_reg[30]/D
-2.921	pool_shift[5]	u_pool/p_r3_reg[10]/D
-2.917	u_input_buf/gen_word_write.mem_reg_3/CLKBWRCLK	u_conv_mac/g_lane[11].lane_out_reg[28]/D
-2.914	u_input_buf/gen_word_write.mem_reg_3/CLKBWRCLK	u_conv_mac/g_lane[11].lane_out_reg[25]/D
-2.905	u_input_buf/gen_word_write.mem_reg_2/CLKBWRCLK	u_conv_mac/g_lane[4].lane_out_reg[28]/D
-2.903	pool_shift[5]	u_pool/p_r3_reg[8]/D
-2.899	u_input_buf/gen_word_write.mem_reg_3/CLKBWRCLK	u_conv_mac/g_lane[12].lane_acc_reg[29]/D
-2.897	pool_shift[5]	u_pool/p_r3_reg[3]/D
-2.893	u_input_buf/gen_word_write.mem_reg_3/CLKBWRCLK	u_conv_mac/g_lane[11].lane_out_reg[27]/D
-2.892	u_input_buf/gen_word_write.mem_reg_2/CLKBWRCLK	u_conv_mac/g_lane[4].lane_out_reg[25]/D
-2.892	u_input_buf/gen_word_write.mem_reg_3/CLKBWRCLK	u_conv_mac/g_lane[1].lane_acc_reg[30]/D
-2.884	u_input_buf/gen_word_write.mem_reg_2/CLKBWRCLK	u_conv_mac/g_lane[4].lane_out_reg[27]/D
-2.883	pool_shift[5]	u_pool/p_r3_reg[2]/D
-2.878	u_input_buf/gen_word_write.mem_reg_3/CLKBWRCLK	u_conv_mac/g_lane[12].lane_acc_reg[31]/D
-2.877	u_input_buf/gen_word_write.mem_reg_2/CLKBWRCLK	u_conv_mac/g_lane[4].lane_acc_reg[29]/D
-2.876	u_input_buf/gen_word_write.mem_reg_3/CLKBWRCLK	u_conv_mac/g_lane[1].lane_acc_reg[28]/D
-2.873	u_input_buf/gen_word_write.mem_reg_3/CLKBWRCLK	u_conv_mac/g_lane[1].lane_acc_reg[25]/D
-2.869	u_input_buf/gen_word_write.mem_reg_2/CLKBWRCLK	u_conv_mac/g_lane[4].lane_acc_reg[31]/D
-2.867	u_input_buf/gen_word_write.mem_reg_3/CLKBWRCLK	u_conv_mac/g_lane[1].lane_out_reg[30]/D
-2.865	u_input_buf/gen_word_write.mem_reg_3/CLKBWRCLK	u_conv_mac/g_lane[12].lane_out_reg[30]/D
-2.864	u_input_buf/gen_word_write.mem_reg_2/CLKBWRCLK	u_conv_mac/g_lane[7].lane_out_reg[29]/D
-2.856	u_input_buf/gen_word_write.mem_reg_2/CLKBWRCLK	u_conv_mac/g_lane[7].lane_out_reg[31]/D
-2.852	u_input_buf/gen_word_write.mem_reg_0/CLKBWRCLK	u_conv_mac/g_lane[14].lane_out_reg[29]/D
-2.852	u_input_buf/gen_word_write.mem_reg_3/CLKBWRCLK	u_conv_mac/g_lane[1].lane_acc_reg[27]/D
-2.851	u_input_buf/gen_word_write.mem_reg_3/CLKBWRCLK	u_conv_mac/g_lane[1].lane_out_reg[28]/D
-2.849	u_input_buf/gen_word_write.mem_reg_3/CLKBWRCLK	u_conv_mac/g_lane[12].lane_out_reg[28]/D
-2.848	u_input_buf/gen_word_write.mem_reg_3/CLKBWRCLK	u_conv_mac/g_lane[11].lane_acc_reg[29]/D
-2.848	u_input_buf/gen_word_write.mem_reg_3/CLKBWRCLK	u_conv_mac/g_lane[1].lane_out_reg[25]/D
-2.846	u_input_buf/gen_word_write.mem_reg_3/CLKBWRCLK	u_conv_mac/g_lane[12].lane_out_reg[25]/D
-2.840	u_input_buf/gen_word_write.mem_reg_3/CLKBWRCLK	u_conv_mac/g_lane[10].lane_out_reg[29]/D
-2.840	u_input_buf/gen_word_write.mem_reg_3/CLKBWRCLK	u_conv_mac/g_lane[11].lane_acc_reg[31]/D
-2.838	u_input_buf/gen_word_write.mem_reg_0/CLKBWRCLK	u_conv_mac/g_lane[2].lane_out_reg[29]/D
-2.834	u_input_buf/gen_word_write.mem_reg_0/CLKBWRCLK	u_conv_mac/g_lane[3].lane_out_reg[29]/D
-2.832	u_input_buf/gen_word_write.mem_reg_3/CLKBWRCLK	u_conv_mac/g_lane[10].lane_out_reg[31]/D
-2.831	u_input_buf/gen_word_write.mem_reg_2/CLKBWRCLK	u_conv_mac/g_lane[7].lane_acc_reg[29]/D
-2.831	u_input_buf/gen_word_write.mem_reg_0/CLKBWRCLK	u_conv_mac/g_lane[14].lane_out_reg[31]/D
-2.827	u_input_buf/gen_word_write.mem_reg_3/CLKBWRCLK	u_conv_mac/g_lane[1].lane_out_reg[27]/D
-2.825	u_input_buf/gen_word_write.mem_reg_3/CLKBWRCLK	u_conv_mac/g_lane[12].lane_out_reg[27]/D
-2.819	u_input_buf/gen_word_write.mem_reg_3/CLKBWRCLK	u_conv_mac/g_lane[11].lane_out_reg[26]/D
-2.817	u_input_buf/gen_word_write.mem_reg_0/CLKBWRCLK	u_conv_mac/g_lane[2].lane_out_reg[31]/D
-2.816	u_input_buf/gen_word_write.mem_reg_3/CLKBWRCLK	u_conv_mac/g_lane[0].lane_acc_reg[29]/D
-2.813	u_input_buf/gen_word_write.mem_reg_0/CLKBWRCLK	u_conv_mac/g_lane[3].lane_out_reg[31]/D
-2.810	u_input_buf/gen_word_write.mem_reg_2/CLKBWRCLK	u_conv_mac/g_lane[7].lane_acc_reg[31]/D
-2.808	u_input_buf/gen_word_write.mem_reg_2/CLKBWRCLK	u_conv_mac/g_lane[4].lane_out_reg[26]/D
-2.804	u_input_buf/gen_word_write.mem_reg_3/CLKBWRCLK	u_conv_mac/g_lane[12].lane_acc_reg[30]/D
-2.803	u_input_buf/gen_word_write.mem_reg_3/CLKBWRCLK	u_conv_mac/g_lane[11].lane_out_reg[24]/D
-2.801	u_input_buf/gen_word_write.mem_reg_0/CLKBWRCLK	u_conv_mac/g_lane[2].lane_acc_reg[29]/D
-2.800	u_input_buf/gen_word_write.mem_reg_3/CLKBWRCLK	u_conv_mac/g_lane[11].lane_out_reg[21]/D
-2.795	u_input_buf/gen_word_write.mem_reg_3/CLKBWRCLK	u_conv_mac/g_lane[0].lane_acc_reg[31]/D
-2.793	u_input_buf/gen_word_write.mem_reg_2/CLKBWRCLK	u_conv_mac/g_lane[4].lane_acc_reg[30]/D
-2.788	u_input_buf/gen_word_write.mem_reg_2/CLKBWRCLK	u_conv_mac/g_lane[4].lane_out_reg[24]/D
-2.788	u_input_buf/gen_word_write.mem_reg_3/CLKBWRCLK	u_conv_mac/g_lane[12].lane_acc_reg[28]/D
-2.785	u_input_buf/gen_word_write.mem_reg_3/CLKBWRCLK	u_conv_mac/g_lane[12].lane_acc_reg[25]/D
-2.782	u_input_buf/gen_word_write.mem_reg_3/CLKBWRCLK	u_conv_mac/g_lane[0].lane_out_reg[29]/D
-2.780	u_input_buf/gen_word_write.mem_reg_0/CLKBWRCLK	u_conv_mac/g_lane[2].lane_acc_reg[31]/D
-2.780	u_input_buf/gen_word_write.mem_reg_2/CLKBWRCLK	u_conv_mac/g_lane[7].lane_out_reg[30]/D
-2.779	u_input_buf/gen_word_write.mem_reg_3/CLKBWRCLK	u_conv_mac/g_lane[11].lane_out_reg[23]/D
-2.778	u_input_buf/gen_word_write.mem_reg_3/CLKBWRCLK	u_conv_mac/g_lane[1].lane_acc_reg[26]/D
-2.775	u_input_buf/gen_word_write.mem_reg_2/CLKBWRCLK	u_conv_mac/g_lane[4].lane_out_reg[21]/D
-2.774	u_input_buf/gen_word_write.mem_reg_3/CLKBWRCLK	u_conv_mac/g_lane[0].lane_out_reg[31]/D
-2.773	u_input_buf/gen_word_write.mem_reg_2/CLKBWRCLK	u_conv_mac/g_lane[4].lane_acc_reg[28]/D
-2.769	u_input_buf/gen_word_write.mem_reg_0/CLKBWRCLK	u_conv_mac/g_lane[3].lane_acc_reg[29]/D
-2.767	u_input_buf/gen_word_write.mem_reg_2/CLKBWRCLK	u_conv_mac/g_lane[4].lane_out_reg[23]/D
-2.764	u_input_buf/gen_word_write.mem_reg_3/CLKBWRCLK	u_conv_mac/g_lane[11].lane_acc_reg[30]/D
-2.764	u_input_buf/gen_word_write.mem_reg_3/CLKBWRCLK	u_conv_mac/g_lane[12].lane_acc_reg[27]/D
-2.762	u_input_buf/gen_word_write.mem_reg_3/CLKBWRCLK	u_conv_mac/g_lane[1].lane_acc_reg[24]/D
-2.760	u_input_buf/gen_word_write.mem_reg_3/CLKBWRCLK	u_conv_mac/g_lane[10].lane_acc_reg[29]/D
-2.760	u_input_buf/gen_word_write.mem_reg_2/CLKBWRCLK	u_conv_mac/g_lane[7].lane_out_reg[28]/D
-2.760	u_input_buf/gen_word_write.mem_reg_2/CLKBWRCLK	u_conv_mac/g_lane[4].lane_acc_reg[25]/D
-2.759	u_input_buf/gen_word_write.mem_reg_3/CLKBWRCLK	u_conv_mac/g_lane[1].lane_acc_reg[21]/D
-2.757	u_input_buf/gen_word_write.mem_reg_0/CLKBWRCLK	u_conv_mac/g_lane[14].lane_out_reg[30]/D
-2.756	u_input_buf/gen_word_write.mem_reg_3/CLKBWRCLK	u_conv_mac/g_lane[10].lane_out_reg[30]/D
-2.753	u_input_buf/gen_word_write.mem_reg_3/CLKBWRCLK	u_conv_mac/g_lane[1].lane_out_reg[26]/D
-2.752	u_input_buf/gen_word_write.mem_reg_2/CLKBWRCLK	u_conv_mac/g_lane[4].lane_acc_reg[27]/D
-2.751	u_input_buf/gen_word_write.mem_reg_3/CLKBWRCLK	u_conv_mac/g_lane[12].lane_out_reg[26]/D
-2.748	u_input_buf/gen_word_write.mem_reg_0/CLKBWRCLK	u_conv_mac/g_lane[3].lane_acc_reg[31]/D
-2.747	u_input_buf/gen_word_write.mem_reg_2/CLKBWRCLK	u_conv_mac/g_lane[7].lane_out_reg[25]/D
-2.744	u_input_buf/gen_word_write.mem_reg_3/CLKBWRCLK	u_conv_mac/g_lane[11].lane_acc_reg[28]/D
-2.743	u_input_buf/gen_word_write.mem_reg_0/CLKBWRCLK	u_conv_mac/g_lane[2].lane_out_reg[30]/D
-2.741	u_input_buf/gen_word_write.mem_reg_0/CLKBWRCLK	u_conv_mac/g_lane[14].lane_out_reg[28]/D
-2.740	u_input_buf/gen_word_write.mem_reg_3/CLKBWRCLK	u_conv_mac/g_lane[15].lane_out_reg[29]/D
-2.739	u_input_buf/gen_word_write.mem_reg_3/CLKBWRCLK	u_conv_mac/g_lane[10].lane_acc_reg[31]/D
-2.739	u_input_buf/gen_word_write.mem_reg_0/CLKBWRCLK	u_conv_mac/g_lane[3].lane_out_reg[30]/D
-2.739	u_input_buf/gen_word_write.mem_reg_2/CLKBWRCLK	u_conv_mac/g_lane[7].lane_out_reg[27]/D
-2.738	u_input_buf/gen_word_write.mem_reg_0/CLKBWRCLK	u_conv_mac/g_lane[14].lane_out_reg[25]/D
-2.738	u_input_buf/gen_word_write.mem_reg_3/CLKBWRCLK	u_conv_mac/g_lane[1].lane_acc_reg[23]/D
-2.737	u_input_buf/gen_word_write.mem_reg_3/CLKBWRCLK	u_conv_mac/g_lane[1].lane_out_reg[24]/D
-2.736	u_input_buf/gen_word_write.mem_reg_2/CLKBWRCLK	u_conv_mac/g_lane[7].lane_acc_reg[30]/D
-2.736	u_input_buf/gen_word_write.mem_reg_3/CLKBWRCLK	u_conv_mac/g_lane[10].lane_out_reg[28]/D
-2.735	u_input_buf/gen_word_write.mem_reg_3/CLKBWRCLK	u_conv_mac/g_lane[12].lane_out_reg[24]/D
-2.734	u_input_buf/gen_word_write.mem_reg_3/CLKBWRCLK	u_conv_mac/g_lane[1].lane_out_reg[21]/D
-2.732	u_input_buf/gen_word_write.mem_reg_3/CLKBWRCLK	u_conv_mac/g_lane[12].lane_out_reg[21]/D
-2.731	u_input_buf/gen_word_write.mem_reg_3/CLKBWRCLK	u_conv_mac/g_lane[11].lane_acc_reg[25]/D
-2.727	u_input_buf/gen_word_write.mem_reg_0/CLKBWRCLK	u_conv_mac/g_lane[2].lane_out_reg[28]/D
-2.727	u_input_buf/gen_word_write.mem_reg_2/CLKBWRCLK	u_conv_mac/g_lane[6].lane_acc_reg[29]/D
-2.724	u_input_buf/gen_word_write.mem_reg_0/CLKBWRCLK	u_conv_mac/g_lane[2].lane_out_reg[25]/D
-2.723	u_input_buf/gen_word_write.mem_reg_3/CLKBWRCLK	u_conv_mac/g_lane[10].lane_out_reg[25]/D
-2.723	u_input_buf/gen_word_write.mem_reg_3/CLKBWRCLK	u_conv_mac/g_lane[11].lane_acc_reg[27]/D
-2.723	u_input_buf/gen_word_write.mem_reg_0/CLKBWRCLK	u_conv_mac/g_lane[3].lane_out_reg[28]/D
-2.721	u_input_buf/gen_word_write.mem_reg_3/CLKBWRCLK	u_conv_mac/g_lane[0].lane_acc_reg[30]/D
-2.720	u_input_buf/gen_word_write.mem_reg_2/CLKBWRCLK	u_conv_mac/g_lane[7].lane_acc_reg[28]/D
-2.720	u_input_buf/gen_word_write.mem_reg_0/CLKBWRCLK	u_conv_mac/g_lane[3].lane_out_reg[25]/D
-2.719	u_input_buf/gen_word_write.mem_reg_3/CLKBWRCLK	u_conv_mac/g_lane[15].lane_out_reg[31]/D
-2.717	u_input_buf/gen_word_write.mem_reg_2/CLKBWRCLK	u_conv_mac/g_lane[7].lane_acc_reg[25]/D
-2.717	u_input_buf/gen_word_write.mem_reg_0/CLKBWRCLK	u_conv_mac/g_lane[14].lane_out_reg[27]/D
-2.717	u_input_buf/gen_word_write.mem_reg_0/CLKBWRCLK	u_conv_mac/g_lane[5].lane_out_reg[29]/D
-2.715	u_input_buf/gen_word_write.mem_reg_3/CLKBWRCLK	u_conv_mac/g_lane[10].lane_out_reg[27]/D
-2.713	u_input_buf/gen_word_write.mem_reg_3/CLKBWRCLK	u_conv_mac/g_lane[1].lane_out_reg[23]/D
-2.711	u_input_buf/gen_word_write.mem_reg_3/CLKBWRCLK	u_conv_mac/g_lane[12].lane_out_reg[23]/D
-2.708	u_input_buf/gen_word_write.mem_reg_0/CLKBWRCLK	u_conv_mac/g_lane[5].lane_acc_reg[29]/D
-2.706	u_input_buf/gen_word_write.mem_reg_2/CLKBWRCLK	u_conv_mac/g_lane[6].lane_acc_reg[31]/D
-2.706	u_input_buf/gen_word_write.mem_reg_0/CLKBWRCLK	u_conv_mac/g_lane[2].lane_acc_reg[30]/D
-2.705	u_input_buf/gen_word_write.mem_reg_3/CLKBWRCLK	u_conv_mac/g_lane[0].lane_acc_reg[28]/D
-2.705	u_input_buf/gen_word_write.mem_reg_3/CLKBWRCLK	u_conv_mac/g_lane[11].lane_out_reg[22]/D
-2.704	u_input_buf/gen_word_write.mem_reg_0/CLKBWRCLK	u_conv_mac/g_lane[14].lane_acc_reg[29]/D
-2.703	u_input_buf/gen_word_write.mem_reg_0/CLKBWRCLK	u_conv_mac/g_lane[2].lane_out_reg[27]/D
-2.702	u_input_buf/gen_word_write.mem_reg_3/CLKBWRCLK	u_conv_mac/g_lane[0].lane_acc_reg[25]/D
-2.699	u_input_buf/gen_word_write.mem_reg_0/CLKBWRCLK	u_conv_mac/g_lane[3].lane_out_reg[27]/D
-2.698	u_input_buf/gen_word_write.mem_reg_3/CLKBWRCLK	u_conv_mac/g_lane[0].lane_out_reg[30]/D
-2.696	u_input_buf/gen_word_write.mem_reg_2/CLKBWRCLK	u_conv_mac/g_lane[7].lane_acc_reg[27]/D
-2.696	u_input_buf/gen_word_write.mem_reg_0/CLKBWRCLK	u_conv_mac/g_lane[5].lane_out_reg[31]/D
-2.691	u_input_buf/gen_word_write.mem_reg_2/CLKBWRCLK	u_conv_mac/g_lane[4].lane_out_reg[22]/D
-2.690	u_input_buf/gen_word_write.mem_reg_0/CLKBWRCLK	u_conv_mac/g_lane[2].lane_acc_reg[28]/D
-2.690	u_input_buf/gen_word_write.mem_reg_3/CLKBWRCLK	u_conv_mac/g_lane[12].lane_acc_reg[26]/D
-2.689	u_input_buf/gen_word_write.mem_reg_3/CLKBWRCLK	u_conv_mac/g_lane[11].lane_out_reg[20]/D
-2.687	u_input_buf/gen_word_write.mem_reg_0/CLKBWRCLK	u_conv_mac/g_lane[5].lane_acc_reg[31]/D
-2.687	u_input_buf/gen_word_write.mem_reg_0/CLKBWRCLK	u_conv_mac/g_lane[2].lane_acc_reg[25]/D
-2.683	u_input_buf/gen_word_write.mem_reg_0/CLKBWRCLK	u_conv_mac/g_lane[14].lane_acc_reg[31]/D
-2.681	u_input_buf/gen_word_write.mem_reg_3/CLKBWRCLK	u_conv_mac/g_lane[0].lane_acc_reg[27]/D
-2.678	u_input_buf/gen_word_write.mem_reg_3/CLKBWRCLK	u_conv_mac/g_lane[0].lane_out_reg[28]/D
-2.676	u_input_buf/gen_word_write.mem_reg_2/CLKBWRCLK	u_conv_mac/g_lane[4].lane_acc_reg[26]/D
-2.674	u_input_buf/gen_word_write.mem_reg_0/CLKBWRCLK	u_conv_mac/g_lane[3].lane_acc_reg[30]/D
-2.674	u_input_buf/gen_word_write.mem_reg_3/CLKBWRCLK	u_conv_mac/g_lane[12].lane_acc_reg[24]/D
-2.671	u_input_buf/gen_word_write.mem_reg_2/CLKBWRCLK	u_conv_mac/g_lane[4].lane_out_reg[20]/D
-2.671	u_input_buf/gen_word_write.mem_reg_3/CLKBWRCLK	u_conv_mac/g_lane[12].lane_acc_reg[21]/D
-2.666	u_input_buf/gen_word_write.mem_reg_0/CLKBWRCLK	u_conv_mac/g_lane[2].lane_acc_reg[27]/D
-2.665	u_input_buf/gen_word_write.mem_reg_3/CLKBWRCLK	u_conv_mac/g_lane[0].lane_out_reg[25]/D
-2.665	u_input_buf/gen_word_write.mem_reg_3/CLKBWRCLK	u_conv_mac/g_lane[10].lane_acc_reg[30]/D
-2.664	u_input_buf/gen_word_write.mem_reg_3/CLKBWRCLK	u_conv_mac/g_lane[1].lane_acc_reg[22]/D
-2.663	u_input_buf/gen_word_write.mem_reg_2/CLKBWRCLK	u_conv_mac/g_lane[7].lane_out_reg[26]/D
-2.658	u_input_buf/gen_word_write.mem_reg_0/CLKBWRCLK	u_conv_mac/g_lane[3].lane_acc_reg[28]/D
-2.657	u_input_buf/gen_word_write.mem_reg_3/CLKBWRCLK	u_conv_mac/g_lane[0].lane_out_reg[27]/D
-2.656	u_input_buf/gen_word_write.mem_reg_2/CLKBWRCLK	u_conv_mac/g_lane[4].lane_acc_reg[24]/D
-2.655	u_input_buf/gen_word_write.mem_reg_0/CLKBWRCLK	u_conv_mac/g_lane[3].lane_acc_reg[25]/D
-2.650	u_input_buf/gen_word_write.mem_reg_3/CLKBWRCLK	u_conv_mac/g_lane[12].lane_acc_reg[23]/D
-2.649	u_input_buf/gen_word_write.mem_reg_3/CLKBWRCLK	u_conv_mac/g_lane[10].lane_acc_reg[28]/D
-2.649	u_input_buf/gen_word_write.mem_reg_2/CLKBWRCLK	u_conv_mac/g_lane[6].lane_out_reg[29]/D
-2.648	u_input_buf/gen_word_write.mem_reg_3/CLKBWRCLK	u_conv_mac/g_lane[1].lane_acc_reg[20]/D
-2.647	u_input_buf/gen_word_write.mem_reg_3/CLKBWRCLK	u_conv_mac/g_lane[11].lane_acc_reg[26]/D
-2.646	u_input_buf/gen_word_write.mem_reg_3/CLKBWRCLK	u_conv_mac/g_lane[10].lane_acc_reg[25]/D
-2.645	u_input_buf/gen_word_write.mem_reg_3/CLKBWRCLK	u_conv_mac/g_lane[15].lane_out_reg[30]/D
-2.645	u_input_buf/gen_word_write.mem_reg_3/CLKBWRCLK	u_conv_mac/g_lane[1].lane_acc_reg[17]/D
-2.643	u_input_buf/gen_word_write.mem_reg_0/CLKBWRCLK	u_conv_mac/g_lane[14].lane_out_reg[26]/D
-2.643	u_input_buf/gen_word_write.mem_reg_2/CLKBWRCLK	u_conv_mac/g_lane[7].lane_out_reg[24]/D
-2.643	u_input_buf/gen_word_write.mem_reg_2/CLKBWRCLK	u_conv_mac/g_lane[4].lane_acc_reg[21]/D
-2.639	u_input_buf/gen_word_write.mem_reg_3/CLKBWRCLK	u_conv_mac/g_lane[10].lane_out_reg[26]/D
-2.639	u_input_buf/gen_word_write.mem_reg_3/CLKBWRCLK	u_conv_mac/g_lane[1].lane_out_reg[22]/D
-2.637	u_input_buf/gen_word_write.mem_reg_3/CLKBWRCLK	u_conv_mac/g_lane[12].lane_out_reg[22]/D
-2.635	u_input_buf/gen_word_write.mem_reg_2/CLKBWRCLK	u_conv_mac/g_lane[4].lane_acc_reg[23]/D
-2.634	u_input_buf/gen_word_write.mem_reg_0/CLKBWRCLK	u_conv_mac/g_lane[3].lane_acc_reg[27]/D
-2.632	u_input_buf/gen_word_write.mem_reg_2/CLKBWRCLK	u_conv_mac/g_lane[6].lane_acc_reg[30]/D
-2.630	u_input_buf/gen_word_write.mem_reg_2/CLKBWRCLK	u_conv_mac/g_lane[7].lane_out_reg[21]/D
-2.629	u_input_buf/gen_word_write.mem_reg_0/CLKBWRCLK	u_conv_mac/g_lane[2].lane_out_reg[26]/D
-2.629	u_input_buf/gen_word_write.mem_reg_3/CLKBWRCLK	u_conv_mac/g_lane[15].lane_out_reg[28]/D
-2.628	u_input_buf/gen_word_write.mem_reg_2/CLKBWRCLK	u_conv_mac/g_lane[6].lane_out_reg[31]/D
-2.627	u_input_buf/gen_word_write.mem_reg_3/CLKBWRCLK	u_conv_mac/g_lane[11].lane_acc_reg[24]/D
-2.627	u_input_buf/gen_word_write.mem_reg_0/CLKBWRCLK	u_conv_mac/g_lane[14].lane_out_reg[24]/D
-2.626	u_input_buf/gen_word_write.mem_reg_3/CLKBWRCLK	u_conv_mac/g_lane[15].lane_out_reg[25]/D
-2.625	u_input_buf/gen_word_write.mem_reg_3/CLKBWRCLK	u_conv_mac/g_lane[10].lane_acc_reg[27]/D
-2.625	u_input_buf/gen_word_write.mem_reg_0/CLKBWRCLK	u_conv_mac/g_lane[3].lane_out_reg[26]/D
-2.624	u_input_buf/gen_word_write.mem_reg_0/CLKBWRCLK	u_conv_mac/g_lane[14].lane_out_reg[21]/D
-2.624	u_input_buf/gen_word_write.mem_reg_3/CLKBWRCLK	u_conv_mac/g_lane[1].lane_acc_reg[19]/D
-2.623	u_input_buf/gen_word_write.mem_reg_3/CLKBWRCLK	u_conv_mac/g_lane[1].lane_out_reg[20]/D
-2.622	u_input_buf/gen_word_write.mem_reg_2/CLKBWRCLK	u_conv_mac/g_lane[7].lane_acc_reg[26]/D
-2.622	u_input_buf/gen_word_write.mem_reg_2/CLKBWRCLK	u_conv_mac/g_lane[7].lane_out_reg[23]/D
-2.622	u_input_buf/gen_word_write.mem_reg_0/CLKBWRCLK	u_conv_mac/g_lane[5].lane_out_reg[30]/D
-2.621	u_input_buf/gen_word_write.mem_reg_3/CLKBWRCLK	u_conv_mac/g_lane[12].lane_out_reg[20]/D
-2.620	u_input_buf/gen_word_write.mem_reg_3/CLKBWRCLK	u_conv_mac/g_lane[1].lane_out_reg[17]/D
-2.619	u_input_buf/gen_word_write.mem_reg_3/CLKBWRCLK	u_conv_mac/g_lane[10].lane_out_reg[24]/D
-2.616	u_input_buf/gen_word_write.mem_reg_2/CLKBWRCLK	u_conv_mac/g_lane[6].lane_acc_reg[28]/D
-2.615	u_input_buf/gen_word_write.mem_reg_3/CLKBWRCLK	u_conv_mac/g_lane[12].lane_out_reg[17]/D
-2.614	u_input_buf/gen_word_write.mem_reg_3/CLKBWRCLK	u_conv_mac/g_lane[11].lane_acc_reg[21]/D
-2.613	u_input_buf/gen_word_write.mem_reg_0/CLKBWRCLK	u_conv_mac/g_lane[2].lane_out_reg[24]/D
-2.613	u_input_buf/gen_word_write.mem_reg_2/CLKBWRCLK	u_conv_mac/g_lane[6].lane_acc_reg[25]/D
-2.613	u_input_buf/gen_word_write.mem_reg_0/CLKBWRCLK	u_conv_mac/g_lane[5].lane_acc_reg[30]/D
-2.610	u_input_buf/gen_word_write.mem_reg_0/CLKBWRCLK	u_conv_mac/g_lane[2].lane_out_reg[21]/D
-2.609	u_input_buf/gen_word_write.mem_reg_0/CLKBWRCLK	u_conv_mac/g_lane[3].lane_out_reg[24]/D
-2.609	u_input_buf/gen_word_write.mem_reg_0/CLKBWRCLK	u_conv_mac/g_lane[14].lane_acc_reg[30]/D
-2.607	u_input_buf/gen_word_write.mem_reg_3/CLKBWRCLK	u_conv_mac/g_lane[0].lane_acc_reg[26]/D
-2.607	u_input_buf/gen_word_write.mem_reg_2/CLKBWRCLK	u_conv_mac/g_lane[4].lane_out_reg[17]/D
-2.606	u_input_buf/gen_word_write.mem_reg_2/CLKBWRCLK	u_conv_mac/g_lane[7].lane_acc_reg[24]/D
-2.606	u_input_buf/gen_word_write.mem_reg_3/CLKBWRCLK	u_conv_mac/g_lane[10].lane_out_reg[21]/D
-2.606	u_input_buf/gen_word_write.mem_reg_3/CLKBWRCLK	u_conv_mac/g_lane[11].lane_acc_reg[23]/D
-2.606	u_input_buf/gen_word_write.mem_reg_0/CLKBWRCLK	u_conv_mac/g_lane[3].lane_out_reg[21]/D
-2.606	u_input_buf/gen_word_write.mem_reg_0/CLKBWRCLK	u_conv_mac/g_lane[5].lane_out_reg[28]/D
-2.605	u_input_buf/gen_word_write.mem_reg_3/CLKBWRCLK	u_conv_mac/g_lane[15].lane_out_reg[27]/D
-2.603	u_input_buf/gen_word_write.mem_reg_2/CLKBWRCLK	u_conv_mac/g_lane[7].lane_acc_reg[21]/D
-2.603	u_input_buf/gen_word_write.mem_reg_0/CLKBWRCLK	u_conv_mac/g_lane[14].lane_out_reg[23]/D
-2.603	u_input_buf/gen_word_write.mem_reg_0/CLKBWRCLK	u_conv_mac/g_lane[5].lane_out_reg[25]/D
-2.599	u_input_buf/gen_word_write.mem_reg_3/CLKBWRCLK	u_conv_mac/g_lane[1].lane_out_reg[19]/D
-2.599	u_input_buf/gen_word_write.mem_reg_2/CLKBWRCLK	u_conv_mac/g_lane[4].lane_out_reg[19]/D
-2.598	u_input_buf/gen_word_write.mem_reg_3/CLKBWRCLK	u_conv_mac/g_lane[10].lane_out_reg[23]/D
-2.597	u_input_buf/gen_word_write.mem_reg_0/CLKBWRCLK	u_conv_mac/g_lane[5].lane_acc_reg[28]/D
-2.595	u_enc_rq/param3_reg[68]/C	u_enc_rq/rq_reg[3]/D
-2.594	u_input_buf/gen_word_write.mem_reg_0/CLKBWRCLK	u_conv_mac/g_lane[5].lane_acc_reg[25]/D
-2.594	u_input_buf/gen_word_write.mem_reg_3/CLKBWRCLK	u_conv_mac/g_lane[12].lane_out_reg[19]/D
-2.593	u_input_buf/gen_word_write.mem_reg_0/CLKBWRCLK	u_conv_mac/g_lane[14].lane_acc_reg[28]/D
-2.592	u_input_buf/gen_word_write.mem_reg_2/CLKBWRCLK	u_conv_mac/g_lane[6].lane_acc_reg[27]/D
-2.592	u_input_buf/gen_word_write.mem_reg_0/CLKBWRCLK	u_conv_mac/g_lane[2].lane_acc_reg[26]/D
-2.591	u_input_buf/gen_word_write.mem_reg_3/CLKBWRCLK	u_conv_mac/g_lane[0].lane_acc_reg[24]/D
-2.590	u_input_buf/gen_word_write.mem_reg_0/CLKBWRCLK	u_conv_mac/g_lane[14].lane_acc_reg[25]/D
-2.589	u_input_buf/gen_word_write.mem_reg_0/CLKBWRCLK	u_conv_mac/g_lane[2].lane_out_reg[23]/D
-2.587	u_input_buf/gen_word_write.mem_reg_3/CLKBWRCLK	u_conv_mac/g_lane[0].lane_acc_reg[21]/D
-2.585	u_input_buf/gen_word_write.mem_reg_1/CLKBWRCLK	u_conv_mac/g_lane[13].lane_out_reg[29]/D
-2.585	u_input_buf/gen_word_write.mem_reg_0/CLKBWRCLK	u_conv_mac/g_lane[3].lane_out_reg[23]/D
-2.584	u_enc_rq/param3_reg[68]/C	u_enc_rq/rq_reg[1]/D
-2.582	u_input_buf/gen_word_write.mem_reg_2/CLKBWRCLK	u_conv_mac/g_lane[7].lane_acc_reg[23]/D
-2.582	u_input_buf/gen_word_write.mem_reg_0/CLKBWRCLK	u_conv_mac/g_lane[5].lane_out_reg[27]/D
-2.581	u_input_buf/gen_word_write.mem_reg_3/CLKBWRCLK	u_conv_mac/g_lane[0].lane_out_reg[26]/D
-2.578	u_input_buf/gen_word_write.mem_reg_3/CLKBWRCLK	u_conv_mac/g_lane[15].lane_acc_reg[29]/D
-2.576	u_input_buf/gen_word_write.mem_reg_0/CLKBWRCLK	u_conv_mac/g_lane[2].lane_acc_reg[24]/D
-2.576	u_input_buf/gen_word_write.mem_reg_3/CLKBWRCLK	u_conv_mac/g_lane[12].lane_acc_reg[22]/D
-2.573	u_input_buf/gen_word_write.mem_reg_0/CLKBWRCLK	u_conv_mac/g_lane[5].lane_acc_reg[27]/D
-2.573	u_input_buf/gen_word_write.mem_reg_0/CLKBWRCLK	u_conv_mac/g_lane[2].lane_acc_reg[21]/D
-2.570	u_input_buf/gen_word_write.mem_reg_3/CLKBWRCLK	u_conv_mac/g_lane[15].lane_acc_reg[31]/D
-2.569	u_input_buf/gen_word_write.mem_reg_0/CLKBWRCLK	u_conv_mac/g_lane[14].lane_acc_reg[27]/D
-2.566	u_input_buf/gen_word_write.mem_reg_3/CLKBWRCLK	u_conv_mac/g_lane[0].lane_acc_reg[23]/D
-2.564	u_input_buf/gen_word_write.mem_reg_1/CLKBWRCLK	u_conv_mac/g_lane[13].lane_out_reg[31]/D
-2.561	u_input_buf/gen_word_write.mem_reg_3/CLKBWRCLK	u_conv_mac/g_lane[0].lane_out_reg[24]/D
-2.560	u_input_buf/gen_word_write.mem_reg_0/CLKBWRCLK	u_conv_mac/g_lane[3].lane_acc_reg[26]/D
-2.560	u_input_buf/gen_word_write.mem_reg_3/CLKBWRCLK	u_conv_mac/g_lane[12].lane_acc_reg[20]/D
-2.559	u_input_buf/gen_word_write.mem_reg_2/CLKBWRCLK	u_conv_mac/g_lane[4].lane_acc_reg[22]/D
-2.558	u_enc_rq/param3_reg[68]/C	u_enc_rq/rq_reg[2]/D
-2.557	u_input_buf/gen_word_write.mem_reg_3/CLKBWRCLK	u_conv_mac/g_lane[9].lane_acc_reg[29]/D
-2.557	u_input_buf/gen_word_write.mem_reg_3/CLKBWRCLK	u_conv_mac/g_lane[12].lane_acc_reg[17]/D
-2.554	u_input_buf/gen_word_write.mem_reg_2/CLKBWRCLK	u_conv_mac/g_lane[6].lane_out_reg[30]/D
-2.552	u_input_buf/gen_word_write.mem_reg_0/CLKBWRCLK	u_conv_mac/g_lane[2].lane_acc_reg[23]/D
-2.551	u_enc_rq/param3_reg[68]/C	u_enc_rq/rq_reg[7]/D
-2.551	u_input_buf/gen_word_write.mem_reg_3/CLKBWRCLK	u_conv_mac/g_lane[10].lane_acc_reg[26]/D
-2.550	u_input_buf/gen_word_write.mem_reg_3/CLKBWRCLK	u_conv_mac/g_lane[1].lane_acc_reg[18]/D
-2.548	u_input_buf/gen_word_write.mem_reg_3/CLKBWRCLK	u_conv_mac/g_lane[0].lane_out_reg[21]/D
-2.546	u_input_buf/gen_word_write.mem_reg_2/CLKBWRCLK	u_conv_mac/g_lane[7].lane_out_reg[22]/D
-2.544	u_input_buf/gen_word_write.mem_reg_0/CLKBWRCLK	u_conv_mac/g_lane[3].lane_acc_reg[24]/D
-2.541	u_input_buf/gen_word_write.mem_reg_0/CLKBWRCLK	u_conv_mac/g_lane[3].lane_acc_reg[21]/D
-2.540	u_input_buf/gen_word_write.mem_reg_3/CLKBWRCLK	u_conv_mac/g_lane[0].lane_out_reg[23]/D
-2.540	u_input_buf/gen_word_write.mem_reg_3/CLKBWRCLK	u_conv_mac/g_lane[11].lane_out_reg[19]/D
-2.539	u_input_buf/gen_word_write.mem_reg_2/CLKBWRCLK	u_conv_mac/g_lane[4].lane_acc_reg[20]/D
-2.538	u_input_buf/gen_word_write.mem_reg_2/CLKBWRCLK	u_conv_mac/g_lane[6].lane_out_reg[28]/D
-2.536	u_input_buf/gen_word_write.mem_reg_3/CLKBWRCLK	u_conv_mac/g_lane[9].lane_acc_reg[31]/D
-2.536	u_input_buf/gen_word_write.mem_reg_3/CLKBWRCLK	u_conv_mac/g_lane[12].lane_acc_reg[19]/D
-2.535	u_input_buf/gen_word_write.mem_reg_3/CLKBWRCLK	u_conv_mac/g_lane[10].lane_acc_reg[24]/D
-2.535	u_input_buf/gen_word_write.mem_reg_2/CLKBWRCLK	u_conv_mac/g_lane[6].lane_out_reg[25]/D
-2.534	u_input_buf/gen_word_write.mem_reg_3/CLKBWRCLK	u_conv_mac/g_lane[1].lane_acc_reg[16]/D
-2.532	u_input_buf/gen_word_write.mem_reg_3/CLKBWRCLK	u_conv_mac/g_lane[10].lane_acc_reg[21]/D
-2.531	u_input_buf/gen_word_write.mem_reg_3/CLKBWRCLK	u_conv_mac/g_lane[15].lane_out_reg[26]/D
-2.531	u_input_buf/gen_word_write.mem_reg_3/CLKBWRCLK	u_conv_mac/g_lane[1].lane_acc_reg[13]/D
-2.530	u_input_buf/gen_word_write.mem_reg_3/CLKBWRCLK	u_conv_mac/g_lane[11].lane_acc_reg[22]/D
-2.529	u_input_buf/gen_word_write.mem_reg_0/CLKBWRCLK	u_conv_mac/g_lane[14].lane_out_reg[22]/D
-2.527	u_input_buf/gen_word_write.mem_reg_3/CLKBWRCLK	u_conv_mac/g_lane[9].lane_out_reg[29]/D
-2.526	u_input_buf/gen_word_write.mem_reg_3/CLKBWRCLK	u_conv_mac/g_lane[11].lane_out_reg[17]/D
-2.526	u_input_buf/gen_word_write.mem_reg_2/CLKBWRCLK	u_conv_mac/g_lane[7].lane_out_reg[20]/D
-2.526	u_input_buf/gen_word_write.mem_reg_2/CLKBWRCLK	u_conv_mac/g_lane[4].lane_acc_reg[17]/D
-2.525	u_input_buf/gen_word_write.mem_reg_3/CLKBWRCLK	u_conv_mac/g_lane[1].lane_out_reg[18]/D
-2.523	u_input_buf/gen_word_write.mem_reg_2/CLKBWRCLK	u_conv_mac/g_lane[4].lane_out_reg[18]/D
-2.522	u_input_buf/gen_word_write.mem_reg_3/CLKBWRCLK	u_conv_mac/g_lane[10].lane_out_reg[22]/D
-2.520	u_input_buf/gen_word_write.mem_reg_0/CLKBWRCLK	u_conv_mac/g_lane[3].lane_acc_reg[23]/D
-2.520	u_input_buf/gen_word_write.mem_reg_3/CLKBWRCLK	u_conv_mac/g_lane[12].lane_out_reg[18]/D
-2.518	u_input_buf/gen_word_write.mem_reg_2/CLKBWRCLK	u_conv_mac/g_lane[6].lane_acc_reg[26]/D
-2.518	u_input_buf/gen_word_write.mem_reg_2/CLKBWRCLK	u_conv_mac/g_lane[4].lane_acc_reg[19]/D
-2.515	u_input_buf/gen_word_write.mem_reg_0/CLKBWRCLK	u_conv_mac/g_lane[2].lane_out_reg[22]/D
-2.515	u_input_buf/gen_word_write.mem_reg_3/CLKBWRCLK	u_conv_mac/g_lane[15].lane_out_reg[24]/D
-2.514	u_input_buf/gen_word_write.mem_reg_2/CLKBWRCLK	u_conv_mac/g_lane[6].lane_out_reg[27]/D
-2.513	u_input_buf/gen_word_write.mem_reg_1/CLKBWRCLK	u_conv_mac/g_lane[13].lane_acc_reg[29]/D
-2.513	u_input_buf/gen_word_write.mem_reg_0/CLKBWRCLK	u_conv_mac/g_lane[14].lane_out_reg[20]/D
-2.513	u_input_buf/gen_word_write.mem_reg_2/CLKBWRCLK	u_conv_mac/g_lane[7].lane_out_reg[17]/D
-2.512	u_input_buf/gen_word_write.mem_reg_3/CLKBWRCLK	u_conv_mac/g_lane[15].lane_out_reg[21]/D
-2.511	u_input_buf/gen_word_write.mem_reg_3/CLKBWRCLK	u_conv_mac/g_lane[10].lane_acc_reg[23]/D
-2.511	u_input_buf/gen_word_write.mem_reg_0/CLKBWRCLK	u_conv_mac/g_lane[3].lane_out_reg[22]/D
-2.510	u_input_buf/gen_word_write.mem_reg_3/CLKBWRCLK	u_conv_mac/g_lane[11].lane_acc_reg[20]/D
-2.510	u_input_buf/gen_word_write.mem_reg_3/CLKBWRCLK	u_conv_mac/g_lane[1].lane_acc_reg[15]/D
-2.509	u_input_buf/gen_word_write.mem_reg_3/CLKBWRCLK	u_conv_mac/g_lane[1].lane_out_reg[16]/D
-2.508	u_input_buf/gen_word_write.mem_reg_2/CLKBWRCLK	u_conv_mac/g_lane[7].lane_acc_reg[22]/D
-2.508	u_input_buf/gen_word_write.mem_reg_0/CLKBWRCLK	u_conv_mac/g_lane[5].lane_out_reg[26]/D
-2.506	u_input_buf/gen_word_write.mem_reg_3/CLKBWRCLK	u_conv_mac/g_lane[9].lane_out_reg[31]/D
-2.505	u_input_buf/gen_word_write.mem_reg_2/CLKBWRCLK	u_conv_mac/g_lane[7].lane_out_reg[19]/D
-2.504	u_enc_rq/param3_reg[68]/C	u_enc_rq/rq_reg[5]/D
-2.504	u_input_buf/gen_word_write.mem_reg_3/CLKBWRCLK	u_conv_mac/g_lane[12].lane_out_reg[16]/D
-2.503	u_input_buf/gen_word_write.mem_reg_2/CLKBWRCLK	u_conv_mac/g_lane[4].lane_out_reg[16]/D
-2.502	u_input_buf/gen_word_write.mem_reg_3/CLKBWRCLK	u_conv_mac/g_lane[10].lane_out_reg[20]/D
-2.502	u_input_buf/gen_word_write.mem_reg_2/CLKBWRCLK	u_conv_mac/g_lane[6].lane_acc_reg[24]/D
-2.499	u_input_buf/gen_word_write.mem_reg_0/CLKBWRCLK	u_conv_mac/g_lane[2].lane_out_reg[20]/D
-2.499	u_input_buf/gen_word_write.mem_reg_2/CLKBWRCLK	u_conv_mac/g_lane[6].lane_acc_reg[21]/D
-2.499	u_input_buf/gen_word_write.mem_reg_0/CLKBWRCLK	u_conv_mac/g_lane[5].lane_acc_reg[26]/D
-2.497	u_input_buf/gen_word_write.mem_reg_3/CLKBWRCLK	u_conv_mac/g_lane[11].lane_acc_reg[17]/D
-2.495	u_input_buf/gen_word_write.mem_reg_0/CLKBWRCLK	u_conv_mac/g_lane[3].lane_out_reg[20]/D
-2.495	u_input_buf/gen_word_write.mem_reg_0/CLKBWRCLK	u_conv_mac/g_lane[14].lane_acc_reg[26]/D
-2.494	u_input_buf/gen_word_write.mem_reg_3/CLKBWRCLK	u_conv_mac/g_lane[15].lane_acc_reg[30]/D
-2.492	u_input_buf/gen_word_write.mem_reg_3/CLKBWRCLK	u_conv_mac/g_lane[0].lane_acc_reg[22]/D
-2.492	u_input_buf/gen_word_write.mem_reg_2/CLKBWRCLK	u_conv_mac/g_lane[7].lane_acc_reg[20]/D
-2.492	u_input_buf/gen_word_write.mem_reg_1/CLKBWRCLK	u_conv_mac/g_lane[13].lane_acc_reg[31]/D
-2.492	u_input_buf/gen_word_write.mem_reg_0/CLKBWRCLK	u_conv_mac/g_lane[5].lane_out_reg[24]/D
-2.491	u_input_buf/gen_word_write.mem_reg_3/CLKBWRCLK	u_conv_mac/g_lane[15].lane_out_reg[23]/D
-2.490	u_input_buf/gen_word_write.mem_reg_1/CLKBWRCLK	u_conv_mac/g_lane[13].lane_out_reg[30]/D
-2.489	u_input_buf/gen_word_write.mem_reg_3/CLKBWRCLK	u_conv_mac/g_lane[11].lane_acc_reg[19]/D
-2.489	u_input_buf/gen_word_write.mem_reg_2/CLKBWRCLK	u_conv_mac/g_lane[7].lane_acc_reg[17]/D
-2.489	u_input_buf/gen_word_write.mem_reg_0/CLKBWRCLK	u_conv_mac/g_lane[5].lane_out_reg[21]/D
-2.486	u_input_buf/gen_word_write.mem_reg_2/CLKBWRCLK	u_conv_mac/g_lane[4].lane_out_reg[13]/D
-2.483	u_input_buf/gen_word_write.mem_reg_0/CLKBWRCLK	u_conv_mac/g_lane[5].lane_acc_reg[24]/D
-2.481	u_input_buf/gen_word_write.mem_reg_3/CLKBWRCLK	u_conv_mac/g_lane[11].lane_out_reg[18]/D
-2.480	u_input_buf/gen_word_write.mem_reg_0/CLKBWRCLK	u_conv_mac/g_lane[5].lane_acc_reg[21]/D
-2.479	u_input_buf/gen_word_write.mem_reg_0/CLKBWRCLK	u_conv_mac/g_lane[14].lane_acc_reg[24]/D
-2.478	u_input_buf/gen_word_write.mem_reg_2/CLKBWRCLK	u_conv_mac/g_lane[6].lane_acc_reg[23]/D
-2.478	u_input_buf/gen_word_write.mem_reg_2/CLKBWRCLK	u_conv_mac/g_lane[4].lane_out_reg[15]/D
-2.478	u_input_buf/gen_word_write.mem_reg_0/CLKBWRCLK	u_conv_mac/g_lane[2].lane_acc_reg[22]/D
-2.476	u_input_buf/gen_word_write.mem_reg_3/CLKBWRCLK	u_conv_mac/g_lane[0].lane_acc_reg[20]/D
-2.476	u_input_buf/gen_word_write.mem_reg_0/CLKBWRCLK	u_conv_mac/g_lane[14].lane_acc_reg[21]/D
-2.474	u_input_buf/gen_word_write.mem_reg_1/CLKBWRCLK	u_conv_mac/g_lane[13].lane_out_reg[28]/D
-2.474	u_input_buf/gen_word_write.mem_reg_3/CLKBWRCLK	u_conv_mac/g_lane[15].lane_acc_reg[28]/D
-2.473	u_input_buf/gen_word_write.mem_reg_3/CLKBWRCLK	u_conv_mac/g_lane[0].lane_acc_reg[17]/D
-2.471	u_input_buf/gen_word_write.mem_reg_1/CLKBWRCLK	u_conv_mac/g_lane[13].lane_out_reg[25]/D
-2.468	u_input_buf/gen_word_write.mem_reg_2/CLKBWRCLK	u_conv_mac/g_lane[7].lane_acc_reg[19]/D
-2.468	u_input_buf/gen_word_write.mem_reg_0/CLKBWRCLK	u_conv_mac/g_lane[5].lane_out_reg[23]/D
-2.464	u_input_buf/gen_word_write.mem_reg_3/CLKBWRCLK	u_conv_mac/g_lane[0].lane_out_reg[22]/D
-2.462	u_input_buf/gen_word_write.mem_reg_3/CLKBWRCLK	u_conv_mac/g_lane[9].lane_acc_reg[30]/D
-2.462	u_input_buf/gen_word_write.mem_reg_0/CLKBWRCLK	u_conv_mac/g_lane[2].lane_acc_reg[20]/D
-2.462	u_input_buf/gen_word_write.mem_reg_3/CLKBWRCLK	u_conv_mac/g_lane[12].lane_acc_reg[18]/D
-2.461	u_input_buf/gen_word_write.mem_reg_3/CLKBWRCLK	u_conv_mac/g_lane[15].lane_acc_reg[25]/D
-2.459	u_input_buf/gen_word_write.mem_reg_0/CLKBWRCLK	u_conv_mac/g_lane[5].lane_acc_reg[23]/D
-2.459	u_input_buf/gen_word_write.mem_reg_0/CLKBWRCLK	u_conv_mac/g_lane[2].lane_acc_reg[17]/D
-2.455	u_input_buf/gen_word_write.mem_reg_0/CLKBWRCLK	u_conv_mac/g_lane[14].lane_acc_reg[23]/D
-2.453	u_input_buf/gen_word_write.mem_reg_3/CLKBWRCLK	u_conv_mac/g_lane[15].lane_acc_reg[27]/D
-2.452	u_input_buf/gen_word_write.mem_reg_3/CLKBWRCLK	u_conv_mac/g_lane[0].lane_acc_reg[19]/D
-2.450	u_input_buf/gen_word_write.mem_reg_1/CLKBWRCLK	u_conv_mac/g_lane[13].lane_out_reg[27]/D
-2.446	u_input_buf/gen_word_write.mem_reg_3/CLKBWRCLK	u_conv_mac/g_lane[1].lane_out_reg[13]/D
-2.446	u_input_buf/gen_word_write.mem_reg_3/CLKBWRCLK	u_conv_mac/g_lane[9].lane_acc_reg[28]/D
-2.446	u_input_buf/gen_word_write.mem_reg_0/CLKBWRCLK	u_conv_mac/g_lane[3].lane_acc_reg[22]/D
-2.446	u_input_buf/gen_word_write.mem_reg_3/CLKBWRCLK	u_conv_mac/g_lane[12].lane_acc_reg[16]/D
-2.444	u_input_buf/gen_word_write.mem_reg_0/CLKBWRCLK	u_conv_mac/g_lane[8].lane_out_reg[29]/D
-2.444	u_input_buf/gen_word_write.mem_reg_3/CLKBWRCLK	u_conv_mac/g_lane[0].lane_out_reg[20]/D
-2.443	u_input_buf/gen_word_write.mem_reg_3/CLKBWRCLK	u_conv_mac/g_lane[9].lane_acc_reg[25]/D
-2.442	u_input_buf/gen_word_write.mem_reg_2/CLKBWRCLK	u_conv_mac/g_lane[4].lane_acc_reg[18]/D
-2.440	u_input_buf/gen_word_write.mem_reg_2/CLKBWRCLK	u_conv_mac/g_lane[6].lane_out_reg[26]/D
-2.438	u_input_buf/gen_word_write.mem_reg_0/CLKBWRCLK	u_conv_mac/g_lane[2].lane_acc_reg[19]/D
-2.437	u_input_buf/gen_word_write.mem_reg_3/CLKBWRCLK	u_conv_mac/g_lane[10].lane_acc_reg[22]/D
-2.436	u_input_buf/gen_word_write.mem_reg_3/CLKBWRCLK	u_conv_mac/g_lane[1].lane_acc_reg[14]/D
-2.432	u_input_buf/gen_word_write.mem_reg_3/CLKBWRCLK	u_conv_mac/g_lane[9].lane_out_reg[30]/D
-2.431	u_input_buf/gen_word_write.mem_reg_3/CLKBWRCLK	u_conv_mac/g_lane[0].lane_out_reg[17]/D
-2.430	u_input_buf/gen_word_write.mem_reg_0/CLKBWRCLK	u_conv_mac/g_lane[2].lane_out_reg[17]/D
-2.430	u_input_buf/gen_word_write.mem_reg_0/CLKBWRCLK	u_conv_mac/g_lane[3].lane_acc_reg[20]/D
-2.429	u_input_buf/gen_word_write.mem_reg_2/CLKBWRCLK	u_conv_mac/g_lane[7].lane_out_reg[18]/D
-2.426	u_input_buf/gen_word_write.mem_reg_0/CLKBWRCLK	u_conv_mac/g_lane[3].lane_acc_reg[17]/D
-2.425	u_input_buf/gen_word_write.mem_reg_3/CLKBWRCLK	u_conv_mac/g_lane[1].lane_out_reg[15]/D
-2.424	u_input_buf/gen_word_write.mem_reg_2/CLKBWRCLK	u_conv_mac/g_lane[6].lane_out_reg[24]/D
-2.423	u_input_buf/gen_word_write.mem_reg_0/CLKBWRCLK	u_conv_mac/g_lane[8].lane_out_reg[31]/D
-2.423	u_input_buf/gen_word_write.mem_reg_3/CLKBWRCLK	u_conv_mac/g_lane[0].lane_out_reg[19]/D
-2.422	u_input_buf/gen_word_write.mem_reg_3/CLKBWRCLK	u_conv_mac/g_lane[9].lane_acc_reg[27]/D
-2.422	u_input_buf/gen_word_write.mem_reg_2/CLKBWRCLK	u_conv_mac/g_lane[4].lane_acc_reg[16]/D
-2.421	u_input_buf/gen_word_write.mem_reg_3/CLKBWRCLK	u_conv_mac/g_lane[10].lane_acc_reg[20]/D
-2.421	u_input_buf/gen_word_write.mem_reg_2/CLKBWRCLK	u_conv_mac/g_lane[6].lane_out_reg[21]/D
-2.420	u_input_buf/gen_word_write.mem_reg_3/CLKBWRCLK	u_conv_mac/g_lane[1].lane_acc_reg[12]/D
-2.418	u_input_buf/gen_word_write.mem_reg_1/CLKBWRCLK	u_conv_mac/g_lane[13].lane_acc_reg[30]/D
-2.418	u_input_buf/gen_word_write.mem_reg_3/CLKBWRCLK	u_conv_mac/g_lane[10].lane_acc_reg[17]/D
-2.417	u_input_buf/gen_word_write.mem_reg_3/CLKBWRCLK	u_conv_mac/g_lane[15].lane_out_reg[22]/D
-2.416	u_input_buf/gen_word_write.mem_reg_3/CLKBWRCLK	u_conv_mac/g_lane[9].lane_out_reg[28]/D
-2.415	u_input_buf/gen_word_write.mem_reg_3/CLKBWRCLK	u_conv_mac/g_lane[11].lane_out_reg[16]/D
-2.413	u_input_buf/gen_word_write.mem_reg_3/CLKBWRCLK	u_conv_mac/g_lane[11].lane_acc_reg[18]/D
-2.413	u_input_buf/gen_word_write.mem_reg_3/CLKBWRCLK	u_conv_mac/g_lane[9].lane_out_reg[25]/D
-2.409	u_input_buf/gen_word_write.mem_reg_0/CLKBWRCLK	u_conv_mac/g_lane[2].lane_out_reg[19]/D
-2.409	u_input_buf/gen_word_write.mem_reg_2/CLKBWRCLK	u_conv_mac/g_lane[7].lane_out_reg[16]/D
-2.409	u_input_buf/gen_word_write.mem_reg_2/CLKBWRCLK	u_conv_mac/g_lane[4].lane_acc_reg[13]/D
-2.405	u_input_buf/gen_word_write.mem_reg_0/CLKBWRCLK	u_conv_mac/g_lane[3].lane_acc_reg[19]/D
-2.404	u_input_buf/gen_word_write.mem_reg_2/CLKBWRCLK	u_conv_mac/g_lane[6].lane_acc_reg[22]/D
-2.402	u_input_buf/gen_word_write.mem_reg_1/CLKBWRCLK	u_conv_mac/g_lane[13].lane_acc_reg[28]/D
-2.402	u_input_buf/gen_word_write.mem_reg_2/CLKBWRCLK	u_conv_mac/g_lane[4].lane_out_reg[14]/D
-2.401	u_input_buf/gen_word_write.mem_reg_3/CLKBWRCLK	u_conv_mac/g_lane[15].lane_out_reg[20]/D
-2.401	u_input_buf/gen_word_write.mem_reg_2/CLKBWRCLK	u_conv_mac/g_lane[4].lane_acc_reg[15]/D
-2.400	u_enc_rq/param3_reg[68]/C	u_enc_rq/rq_reg[4]/D
-2.400	u_input_buf/gen_word_write.mem_reg_2/CLKBWRCLK	u_conv_mac/g_lane[6].lane_out_reg[23]/D
-2.399	u_input_buf/gen_word_write.mem_reg_1/CLKBWRCLK	u_conv_mac/g_lane[13].lane_acc_reg[25]/D
-2.397	u_input_buf/gen_word_write.mem_reg_3/CLKBWRCLK	u_conv_mac/g_lane[10].lane_acc_reg[19]/D
-2.394	u_input_buf/gen_word_write.mem_reg_2/CLKBWRCLK	u_conv_mac/g_lane[7].lane_acc_reg[18]/D
-2.394	u_input_buf/gen_word_write.mem_reg_0/CLKBWRCLK	u_conv_mac/g_lane[5].lane_out_reg[22]/D
-2.393	u_enc_rq/param3_reg[68]/C	u_enc_rq/rq_reg[6]/D
-2.393	u_input_buf/gen_word_write.mem_reg_3/CLKBWRCLK	u_conv_mac/g_lane[11].lane_acc_reg[16]/D
-2.392	u_input_buf/gen_word_write.mem_reg_3/CLKBWRCLK	u_conv_mac/g_lane[9].lane_out_reg[27]/D
-2.390	u_input_buf/gen_word_write.mem_reg_0/CLKBWRCLK	u_conv_mac/g_lane[8].lane_acc_reg[29]/D
-2.389	u_input_buf/gen_word_write.mem_reg_3/CLKBWRCLK	u_conv_mac/g_lane[10].lane_out_reg[17]/D
-2.388	u_input_buf/gen_word_write.mem_reg_2/CLKBWRCLK	u_conv_mac/g_lane[6].lane_acc_reg[20]/D
-2.385	u_input_buf/gen_word_write.mem_reg_0/CLKBWRCLK	u_conv_mac/g_lane[5].lane_acc_reg[22]/D
-2.382	u_input_buf/gen_word_write.mem_reg_2/CLKBWRCLK	u_conv_mac/g_lane[4].lane_out_reg[12]/D
-2.381	u_input_buf/gen_word_write.mem_reg_3/CLKBWRCLK	u_conv_mac/g_lane[10].lane_out_reg[19]/D
-2.381	u_input_buf/gen_word_write.mem_reg_0/CLKBWRCLK	u_conv_mac/g_lane[14].lane_acc_reg[22]/D
-2.378	u_input_buf/gen_word_write.mem_reg_3/CLKBWRCLK	u_conv_mac/g_lane[0].lane_acc_reg[18]/D
-2.378	u_input_buf/gen_word_write.mem_reg_1/CLKBWRCLK	u_conv_mac/g_lane[13].lane_acc_reg[27]/D
-2.378	u_input_buf/gen_word_write.mem_reg_2/CLKBWRCLK	u_conv_mac/g_lane[7].lane_acc_reg[16]/D
-2.378	u_input_buf/gen_word_write.mem_reg_0/CLKBWRCLK	u_conv_mac/g_lane[5].lane_out_reg[20]/D
-2.377	u_input_buf/gen_word_write.mem_reg_3/CLKBWRCLK	u_conv_mac/g_lane[15].lane_acc_reg[26]/D
-2.376	u_input_buf/gen_word_write.mem_reg_1/CLKBWRCLK	u_conv_mac/g_lane[13].lane_out_reg[26]/D
-2.370	u_input_buf/gen_word_write.mem_reg_3/CLKBWRCLK	u_conv_mac/g_lane[15].lane_out_reg[17]/D
-2.369	u_input_buf/gen_word_write.mem_reg_0/CLKBWRCLK	u_conv_mac/g_lane[8].lane_acc_reg[31]/D
-2.369	u_input_buf/gen_word_write.mem_reg_0/CLKBWRCLK	u_conv_mac/g_lane[5].lane_acc_reg[20]/D
-2.366	u_input_buf/gen_word_write.mem_reg_0/CLKBWRCLK	u_conv_mac/g_lane[5].lane_acc_reg[17]/D
-2.365	u_input_buf/gen_word_write.mem_reg_0/CLKBWRCLK	u_conv_mac/g_lane[14].lane_acc_reg[20]/D
-2.364	u_input_buf/gen_word_write.mem_reg_0/CLKBWRCLK	u_conv_mac/g_lane[14].lane_out_reg[19]/D
-2.364	u_input_buf/gen_word_write.mem_reg_0/CLKBWRCLK	u_conv_mac/g_lane[2].lane_acc_reg[18]/D
-2.362	u_input_buf/gen_word_write.mem_reg_3/CLKBWRCLK	u_conv_mac/g_lane[0].lane_acc_reg[16]/D
-2.362	u_input_buf/gen_word_write.mem_reg_0/CLKBWRCLK	u_conv_mac/g_lane[14].lane_acc_reg[17]/D
-2.360	u_input_buf/gen_word_write.mem_reg_1/CLKBWRCLK	u_conv_mac/g_lane[13].lane_out_reg[24]/D
-2.359	u_input_buf/gen_word_write.mem_reg_3/CLKBWRCLK	u_conv_mac/g_lane[0].lane_acc_reg[13]/D
-2.357	u_input_buf/gen_word_write.mem_reg_1/CLKBWRCLK	u_conv_mac/g_lane[13].lane_out_reg[21]/D
-2.357	u_input_buf/gen_word_write.mem_reg_2/CLKBWRCLK	u_conv_mac/g_lane[6].lane_acc_reg[17]/D
-2.357	u_input_buf/gen_word_write.mem_reg_3/CLKBWRCLK	u_conv_mac/g_lane[15].lane_acc_reg[24]/D
-2.356	u_input_buf/gen_word_write.mem_reg_0/CLKBWRCLK	u_conv_mac/g_lane[3].lane_out_reg[17]/D
-2.355	u_input_buf/gen_word_write.mem_reg_3/CLKBWRCLK	u_conv_mac/g_lane[12].lane_out_reg[15]/D
-2.355	u_input_buf/gen_word_write.mem_reg_0/CLKBWRCLK	u_conv_mac/g_lane[14].lane_out_reg[17]/D
-2.351	u_input_buf/gen_word_write.mem_reg_3/CLKBWRCLK	u_conv_mac/g_lane[1].lane_out_reg[14]/D
-2.349	u_input_buf/gen_word_write.mem_reg_0/CLKBWRCLK	u_conv_mac/g_lane[8].lane_out_reg[30]/D
-2.349	u_input_buf/gen_word_write.mem_reg_3/CLKBWRCLK	u_conv_mac/g_lane[15].lane_out_reg[19]/D
-2.349	u_input_buf/gen_word_write.mem_reg_3/CLKBWRCLK	u_conv_mac/g_lane[11].lane_out_reg[13]/D
-2.348	u_input_buf/gen_word_write.mem_reg_3/CLKBWRCLK	u_conv_mac/g_lane[9].lane_acc_reg[26]/D
-2.348	u_input_buf/gen_word_write.mem_reg_0/CLKBWRCLK	u_conv_mac/g_lane[2].lane_acc_reg[16]/D
-2.347	u_input_buf/gen_word_write.mem_reg_3/CLKBWRCLK	u_conv_mac/g_lane[0].lane_out_reg[18]/D
-2.345	u_input_buf/gen_word_write.mem_reg_0/CLKBWRCLK	u_conv_mac/g_lane[3].lane_out_reg[19]/D
-2.345	u_input_buf/gen_word_write.mem_reg_0/CLKBWRCLK	u_conv_mac/g_lane[5].lane_acc_reg[19]/D
-2.344	u_input_buf/gen_word_write.mem_reg_3/CLKBWRCLK	u_conv_mac/g_lane[15].lane_acc_reg[21]/D
-2.341	u_input_buf/gen_word_write.mem_reg_0/CLKBWRCLK	u_conv_mac/g_lane[14].lane_acc_reg[19]/D
-2.338	u_input_buf/gen_word_write.mem_reg_3/CLKBWRCLK	u_conv_mac/g_lane[0].lane_acc_reg[15]/D
-2.337	u_input_buf/gen_word_write.mem_reg_2/CLKBWRCLK	u_conv_mac/g_lane[7].lane_acc_reg[13]/D
-2.336	u_input_buf/gen_word_write.mem_reg_1/CLKBWRCLK	u_conv_mac/g_lane[13].lane_out_reg[23]/D
-2.336	u_input_buf/gen_word_write.mem_reg_2/CLKBWRCLK	u_conv_mac/g_lane[6].lane_acc_reg[19]/D
-2.336	u_input_buf/gen_word_write.mem_reg_3/CLKBWRCLK	u_conv_mac/g_lane[15].lane_acc_reg[23]/D
-2.335	u_input_buf/gen_word_write.mem_reg_3/CLKBWRCLK	u_conv_mac/g_lane[1].lane_out_reg[12]/D
-2.335	u_input_buf/gen_word_write.mem_reg_0/CLKBWRCLK	u_conv_mac/g_lane[2].lane_out_reg[18]/D
-2.333	u_input_buf/gen_word_write.mem_reg_0/CLKBWRCLK	u_conv_mac/g_lane[8].lane_out_reg[28]/D
-2.332	u_input_buf/gen_word_write.mem_reg_3/CLKBWRCLK	u_conv_mac/g_lane[9].lane_acc_reg[24]/D
-2.331	u_input_buf/gen_word_write.mem_reg_0/CLKBWRCLK	u_conv_mac/g_lane[3].lane_acc_reg[18]/D
-2.330	u_input_buf/gen_word_write.mem_reg_0/CLKBWRCLK	u_conv_mac/g_lane[8].lane_out_reg[25]/D
-2.329	u_input_buf/gen_word_write.mem_reg_3/CLKBWRCLK	u_conv_mac/g_lane[9].lane_acc_reg[21]/D
-2.328	u_input_buf/gen_word_write.mem_reg_3/CLKBWRCLK	u_conv_mac/g_lane[11].lane_out_reg[15]/D
-2.327	u_input_buf/gen_word_write.mem_reg_3/CLKBWRCLK	u_conv_mac/g_lane[0].lane_out_reg[16]/D
-2.326	u_input_buf/gen_word_write.mem_reg_2/CLKBWRCLK	u_conv_mac/g_lane[6].lane_out_reg[22]/D
-2.325	u_input_buf/gen_word_write.mem_reg_2/CLKBWRCLK	u_conv_mac/g_lane[4].lane_acc_reg[14]/D
-2.323	u_input_buf/gen_word_write.mem_reg_3/CLKBWRCLK	u_conv_mac/g_lane[10].lane_acc_reg[18]/D
-2.319	u_input_buf/gen_word_write.mem_reg_0/CLKBWRCLK	u_conv_mac/g_lane[2].lane_out_reg[16]/D
-2.318	u_input_buf/gen_word_write.mem_reg_3/CLKBWRCLK	u_conv_mac/g_lane[9].lane_out_reg[26]/D
-2.316	u_input_buf/gen_word_write.mem_reg_2/CLKBWRCLK	u_conv_mac/g_lane[7].lane_acc_reg[15]/D
-2.315	u_input_buf/gen_word_write.mem_reg_0/CLKBWRCLK	u_conv_mac/g_lane[3].lane_acc_reg[16]/D
-2.314	u_input_buf/gen_word_write.mem_reg_3/CLKBWRCLK	u_conv_mac/g_lane[10].lane_out_reg[18]/D
-2.314	u_input_buf/gen_word_write.mem_reg_3/CLKBWRCLK	u_conv_mac/g_lane[0].lane_out_reg[13]/D
-2.312	u_input_buf/gen_word_write.mem_reg_3/CLKBWRCLK	u_conv_mac/g_lane[12].lane_acc_reg[15]/D
-2.310	u_input_buf/gen_word_write.mem_reg_2/CLKBWRCLK	u_conv_mac/g_lane[6].lane_out_reg[20]/D
-2.309	u_input_buf/gen_word_write.mem_reg_0/CLKBWRCLK	u_conv_mac/g_lane[8].lane_out_reg[27]/D
-2.308	u_input_buf/gen_word_write.mem_reg_3/CLKBWRCLK	u_conv_mac/g_lane[9].lane_acc_reg[23]/D
-2.307	u_input_buf/gen_word_write.mem_reg_3/CLKBWRCLK	u_conv_mac/g_lane[10].lane_acc_reg[16]/D
-2.306	u_input_buf/gen_word_write.mem_reg_3/CLKBWRCLK	u_conv_mac/g_lane[0].lane_out_reg[15]/D
-2.305	u_input_buf/gen_word_write.mem_reg_0/CLKBWRCLK	u_conv_mac/g_lane[14].lane_out_reg[18]/D
-2.305	u_input_buf/gen_word_write.mem_reg_2/CLKBWRCLK	u_conv_mac/g_lane[4].lane_acc_reg[12]/D
-2.304	u_input_buf/gen_word_write.mem_reg_1/CLKBWRCLK	u_conv_mac/g_lane[13].lane_acc_reg[26]/D
-2.303	u_input_buf/gen_word_write.mem_reg_3/CLKBWRCLK	u_conv_mac/g_lane[11].lane_acc_reg[13]/D
-2.302	u_input_buf/gen_word_write.mem_reg_3/CLKBWRCLK	u_conv_mac/g_lane[9].lane_out_reg[24]/D
-2.301	u_input_buf/gen_word_write.mem_reg_3/CLKBWRCLK	u_conv_mac/g_lane[12].lane_out_reg[13]/D
-2.299	u_input_buf/gen_word_write.mem_reg_3/CLKBWRCLK	u_conv_mac/g_lane[9].lane_out_reg[21]/D
-2.296	u_input_buf/gen_word_write.mem_reg_3/CLKBWRCLK	u_conv_mac/g_lane[12].lane_out_reg[14]/D
-2.295	u_input_buf/gen_word_write.mem_reg_0/CLKBWRCLK	u_conv_mac/g_lane[8].lane_acc_reg[30]/D
-2.295	u_input_buf/gen_word_write.mem_reg_3/CLKBWRCLK	u_conv_mac/g_lane[11].lane_acc_reg[15]/D
-2.288	u_input_buf/gen_word_write.mem_reg_1/CLKBWRCLK	u_conv_mac/g_lane[13].lane_acc_reg[24]/D
-2.287	u_input_buf/gen_word_write.mem_reg_2/CLKBWRCLK	u_conv_mac/g_lane[6].lane_out_reg[17]/D
-2.286	u_input_buf/gen_word_write.mem_reg_0/CLKBWRCLK	u_conv_mac/g_lane[3].lane_out_reg[18]/D
-2.285	u_input_buf/gen_word_write.mem_reg_3/CLKBWRCLK	u_conv_mac/g_lane[10].lane_out_reg[16]/D
-2.285	u_input_buf/gen_word_write.mem_reg_1/CLKBWRCLK	u_conv_mac/g_lane[13].lane_acc_reg[21]/D
-2.285	u_input_buf/gen_word_write.mem_reg_2/CLKBWRCLK	u_conv_mac/g_lane[7].lane_out_reg[15]/D
-2.279	u_input_buf/gen_word_write.mem_reg_0/CLKBWRCLK	u_conv_mac/g_lane[8].lane_acc_reg[28]/D
-2.278	u_input_buf/gen_word_write.mem_reg_3/CLKBWRCLK	u_conv_mac/g_lane[9].lane_out_reg[23]/D
-2.276	u_input_buf/gen_word_write.mem_reg_0/CLKBWRCLK	u_conv_mac/g_lane[8].lane_acc_reg[25]/D
-2.275	u_input_buf/gen_word_write.mem_reg_3/CLKBWRCLK	u_conv_mac/g_lane[15].lane_out_reg[18]/D
-2.272	u_input_buf/gen_word_write.mem_reg_3/CLKBWRCLK	u_conv_mac/g_lane[10].lane_out_reg[13]/D
-2.272	u_input_buf/gen_word_write.mem_reg_0/CLKBWRCLK	u_conv_mac/g_lane[5].lane_out_reg[17]/D
-2.271	u_input_buf/gen_word_write.mem_reg_0/CLKBWRCLK	u_conv_mac/g_lane[5].lane_acc_reg[18]/D
-2.271	u_input_buf/gen_word_write.mem_reg_3/CLKBWRCLK	u_conv_mac/g_lane[1].lane_acc_reg[11]/D
-2.267	u_input_buf/gen_word_write.mem_reg_3/CLKBWRCLK	u_conv_mac/g_lane[1].lane_acc_reg[9]/D
-2.267	u_input_buf/gen_word_write.mem_reg_0/CLKBWRCLK	u_conv_mac/g_lane[14].lane_acc_reg[18]/D
-2.266	u_input_buf/gen_word_write.mem_reg_2/CLKBWRCLK	u_conv_mac/g_lane[6].lane_out_reg[19]/D
-2.265	u_input_buf/gen_word_write.mem_reg_2/CLKBWRCLK	u_conv_mac/g_lane[4].lane_out_reg[11]/D
-2.264	u_input_buf/gen_word_write.mem_reg_3/CLKBWRCLK	u_conv_mac/g_lane[0].lane_acc_reg[14]/D
-2.264	u_input_buf/gen_word_write.mem_reg_3/CLKBWRCLK	u_conv_mac/g_lane[10].lane_out_reg[15]/D
-2.264	u_input_buf/gen_word_write.mem_reg_1/CLKBWRCLK	u_conv_mac/g_lane[13].lane_acc_reg[23]/D
-2.262	u_input_buf/gen_word_write.mem_reg_1/CLKBWRCLK	u_conv_mac/g_lane[13].lane_out_reg[22]/D
-2.262	u_input_buf/gen_word_write.mem_reg_2/CLKBWRCLK	u_conv_mac/g_lane[6].lane_acc_reg[18]/D
-2.260	u_input_buf/gen_word_write.mem_reg_3/CLKBWRCLK	u_conv_mac/g_lane[15].lane_acc_reg[22]/D
-2.259	u_input_buf/gen_word_write.mem_reg_3/CLKBWRCLK	u_conv_mac/g_lane[15].lane_out_reg[16]/D
-2.256	u_input_buf/gen_word_write.mem_reg_3/CLKBWRCLK	u_conv_mac/g_lane[15].lane_out_reg[13]/D
-2.255	u_input_buf/gen_word_write.mem_reg_0/CLKBWRCLK	u_conv_mac/g_lane[8].lane_acc_reg[27]/D
-2.255	u_input_buf/gen_word_write.mem_reg_0/CLKBWRCLK	u_conv_mac/g_lane[5].lane_acc_reg[16]/D
-2.254	u_input_buf/gen_word_write.mem_reg_3/CLKBWRCLK	u_conv_mac/g_lane[11].lane_out_reg[14]/D
-2.253	u_input_buf/gen_word_write.mem_reg_3/CLKBWRCLK	u_conv_mac/g_lane[12].lane_acc_reg[14]/D
-2.251	u_input_buf/gen_word_write.mem_reg_0/CLKBWRCLK	u_conv_mac/g_lane[14].lane_acc_reg[16]/D
-2.251	u_input_buf/gen_word_write.mem_reg_0/CLKBWRCLK	u_conv_mac/g_lane[5].lane_out_reg[19]/D
-2.249	u_input_buf/gen_word_write.mem_reg_3/CLKBWRCLK	u_conv_mac/g_lane[10].lane_acc_reg[13]/D
-2.248	u_input_buf/gen_word_write.mem_reg_3/CLKBWRCLK	u_conv_mac/g_lane[0].lane_acc_reg[12]/D
-2.246	u_input_buf/gen_word_write.mem_reg_1/CLKBWRCLK	u_conv_mac/g_lane[13].lane_out_reg[20]/D
-2.246	u_input_buf/gen_word_write.mem_reg_2/CLKBWRCLK	u_conv_mac/g_lane[6].lane_acc_reg[16]/D
-2.245	u_input_buf/gen_word_write.mem_reg_0/CLKBWRCLK	u_conv_mac/g_lane[3].lane_out_reg[16]/D
-2.244	u_input_buf/gen_word_write.mem_reg_3/CLKBWRCLK	u_conv_mac/g_lane[0].lane_acc_reg[9]/D
-2.244	u_input_buf/gen_word_write.mem_reg_0/CLKBWRCLK	u_conv_mac/g_lane[14].lane_out_reg[16]/D
-2.243	u_input_buf/gen_word_write.mem_reg_2/CLKBWRCLK	u_conv_mac/g_lane[6].lane_acc_reg[13]/D
-2.242	u_input_buf/gen_word_write.mem_reg_2/CLKBWRCLK	u_conv_mac/g_lane[7].lane_acc_reg[14]/D
-2.242	u_input_buf/gen_word_write.mem_reg_0/CLKBWRCLK	u_conv_mac/g_lane[3].lane_out_reg[13]/D
-2.241	u_input_buf/gen_word_write.mem_reg_3/CLKBWRCLK	u_conv_mac/g_lane[12].lane_acc_reg[13]/D
-2.240	u_input_buf/gen_word_write.mem_reg_3/CLKBWRCLK	u_conv_mac/g_lane[15].lane_acc_reg[20]/D
-2.238	u_input_buf/gen_word_write.mem_reg_3/CLKBWRCLK	u_conv_mac/g_lane[11].lane_out_reg[12]/D
-2.235	u_input_buf/gen_word_write.mem_reg_0/CLKBWRCLK	u_conv_mac/g_lane[8].lane_out_reg[26]/D
-2.235	u_input_buf/gen_word_write.mem_reg_3/CLKBWRCLK	u_conv_mac/g_lane[15].lane_out_reg[15]/D
-2.234	u_input_buf/gen_word_write.mem_reg_3/CLKBWRCLK	u_conv_mac/g_lane[9].lane_acc_reg[22]/D
-2.230	u_input_buf/gen_word_write.mem_reg_3/CLKBWRCLK	u_conv_mac/g_lane[0].lane_out_reg[14]/D
-2.228	u_input_buf/gen_word_write.mem_reg_3/CLKBWRCLK	u_conv_mac/g_lane[10].lane_acc_reg[15]/D
-2.227	u_input_buf/gen_word_write.mem_reg_3/CLKBWRCLK	u_conv_mac/g_lane[15].lane_acc_reg[17]/D
-2.226	u_input_buf/gen_word_write.mem_reg_2/CLKBWRCLK	u_conv_mac/g_lane[7].lane_acc_reg[12]/D
-2.225	u_input_buf/gen_word_write.mem_reg_3/CLKBWRCLK	u_conv_mac/g_lane[14].lane_acc_reg[13]/D
-2.223	u_input_buf/gen_word_write.mem_reg_3/CLKBWRCLK	u_conv_mac/g_lane[0].lane_acc_reg[11]/D
-2.222	u_input_buf/gen_word_write.mem_reg_2/CLKBWRCLK	u_conv_mac/g_lane[6].lane_acc_reg[15]/D
-2.221	u_input_buf/gen_word_write.mem_reg_0/CLKBWRCLK	u_conv_mac/g_lane[3].lane_out_reg[15]/D
-2.221	u_input_buf/gen_word_write.mem_reg_2/CLKBWRCLK	u_conv_mac/g_lane[7].lane_out_reg[14]/D
-2.219	u_input_buf/gen_word_write.mem_reg_0/CLKBWRCLK	u_conv_mac/g_lane[8].lane_out_reg[24]/D
-2.219	u_input_buf/gen_word_write.mem_reg_3/CLKBWRCLK	u_conv_mac/g_lane[11].lane_acc_reg[14]/D
-2.219	u_input_buf/gen_word_write.mem_reg_3/CLKBWRCLK	u_conv_mac/g_lane[15].lane_acc_reg[19]/D
-2.218	u_input_buf/gen_word_write.mem_reg_3/CLKBWRCLK	u_conv_mac/g_lane[9].lane_acc_reg[20]/D
-2.218	u_input_buf/gen_word_write.mem_reg_3/CLKBWRCLK	u_conv_mac/g_lane[14].lane_out_reg[13]/D
-2.216	u_input_buf/gen_word_write.mem_reg_0/CLKBWRCLK	u_conv_mac/g_lane[8].lane_out_reg[21]/D
-2.215	u_input_buf/gen_word_write.mem_reg_3/CLKBWRCLK	u_conv_mac/g_lane[9].lane_acc_reg[17]/D
-2.214	u_input_buf/gen_word_write.mem_reg_0/CLKBWRCLK	u_conv_mac/g_lane[2].lane_acc_reg[15]/D
-2.212	u_input_buf/gen_word_write.mem_reg_0/CLKBWRCLK	u_conv_mac/g_lane[2].lane_acc_reg[13]/D
-2.212	u_input_buf/gen_word_write.mem_reg_3/CLKBWRCLK	u_conv_mac/g_lane[1].lane_acc_reg[10]/D
-2.210	u_input_buf/gen_word_write.mem_reg_3/CLKBWRCLK	u_conv_mac/g_lane[0].lane_out_reg[12]/D
-2.204	u_input_buf/gen_word_write.mem_reg_3/CLKBWRCLK	u_conv_mac/g_lane[14].lane_acc_reg[15]/D
-2.204	u_input_buf/gen_word_write.mem_reg_3/CLKBWRCLK	u_conv_mac/g_lane[9].lane_out_reg[22]/D
-2.201	u_input_buf/gen_word_write.mem_reg_3/CLKBWRCLK	u_conv_mac/g_lane[1].lane_out_reg[11]/D
-2.200	u_input_buf/gen_word_write.mem_reg_2/CLKBWRCLK	u_conv_mac/g_lane[4].lane_out_reg[10]/D
-2.200	u_input_buf/gen_word_write.mem_reg_0/CLKBWRCLK	u_conv_mac/g_lane[3].lane_acc_reg[13]/D
-2.199	u_input_buf/gen_word_write.mem_reg_3/CLKBWRCLK	u_conv_mac/g_lane[11].lane_acc_reg[12]/D
-2.197	u_input_buf/gen_word_write.mem_reg_3/CLKBWRCLK	u_conv_mac/g_lane[14].lane_out_reg[15]/D
-2.195	u_input_buf/gen_word_write.mem_reg_0/CLKBWRCLK	u_conv_mac/g_lane[8].lane_out_reg[23]/D
-2.194	u_input_buf/gen_word_write.mem_reg_3/CLKBWRCLK	u_conv_mac/g_lane[9].lane_acc_reg[19]/D
-2.192	u_input_buf/gen_word_write.mem_reg_2/CLKBWRCLK	u_conv_mac/g_lane[6].lane_out_reg[18]/D
-2.190	u_input_buf/gen_word_write.mem_reg_1/CLKBWRCLK	u_conv_mac/g_lane[13].lane_acc_reg[22]/D
-2.190	u_input_buf/gen_word_write.mem_reg_3/CLKBWRCLK	u_conv_mac/g_lane[12].lane_out_reg[12]/D
-2.188	u_input_buf/gen_word_write.mem_reg_3/CLKBWRCLK	u_conv_mac/g_lane[10].lane_out_reg[14]/D
-2.188	u_input_buf/gen_word_write.mem_reg_3/CLKBWRCLK	u_conv_mac/g_lane[9].lane_out_reg[20]/D
-2.185	u_input_buf/gen_word_write.mem_reg_3/CLKBWRCLK	u_conv_mac/g_lane[9].lane_out_reg[17]/D
-2.181	u_input_buf/gen_word_write.mem_reg_0/CLKBWRCLK	u_conv_mac/g_lane[3].lane_acc_reg[15]/D
-2.181	u_input_buf/gen_word_write.mem_reg_0/CLKBWRCLK	u_conv_mac/g_lane[8].lane_acc_reg[26]/D
-2.178	u_input_buf/gen_word_write.mem_reg_2/CLKBWRCLK	u_conv_mac/g_lane[4].lane_acc_reg[11]/D
-2.177	u_input_buf/gen_word_write.mem_reg_0/CLKBWRCLK	u_conv_mac/g_lane[5].lane_out_reg[18]/D
-2.176	u_input_buf/gen_word_write.mem_reg_2/CLKBWRCLK	u_conv_mac/g_lane[6].lane_out_reg[16]/D
-2.174	u_input_buf/gen_word_write.mem_reg_1/CLKBWRCLK	u_conv_mac/g_lane[13].lane_acc_reg[20]/D
-2.171	u_input_buf/gen_word_write.mem_reg_1/CLKBWRCLK	u_conv_mac/g_lane[13].lane_acc_reg[17]/D
-2.170	u_input_buf/gen_word_write.mem_reg_0/CLKBWRCLK	u_conv_mac/g_lane[2].lane_out_reg[15]/D
-2.168	u_input_buf/gen_word_write.mem_reg_3/CLKBWRCLK	u_conv_mac/g_lane[10].lane_out_reg[12]/D
-2.165	u_input_buf/gen_word_write.mem_reg_0/CLKBWRCLK	u_conv_mac/g_lane[8].lane_acc_reg[24]/D
-2.164	u_input_buf/gen_word_write.mem_reg_3/CLKBWRCLK	u_conv_mac/g_lane[9].lane_out_reg[19]/D
-2.163	u_input_buf/gen_word_write.mem_reg_2/CLKBWRCLK	u_conv_mac/g_lane[5].lane_acc_reg[13]/D
-2.162	u_input_buf/gen_word_write.mem_reg_0/CLKBWRCLK	u_conv_mac/g_lane[8].lane_acc_reg[21]/D
-2.161	u_input_buf/gen_word_write.mem_reg_3/CLKBWRCLK	u_conv_mac/g_lane[15].lane_out_reg[14]/D
-2.161	u_input_buf/gen_word_write.mem_reg_0/CLKBWRCLK	u_conv_mac/g_lane[5].lane_out_reg[16]/D
-2.156	u_input_buf/gen_word_write.mem_reg_3/CLKBWRCLK	u_conv_mac/g_lane[1].lane_acc_reg[8]/D
-2.155	u_input_buf/gen_word_write.mem_reg_3/CLKBWRCLK	u_conv_mac/g_lane[11].lane_out_reg[9]/D
-2.155	u_input_buf/gen_word_write.mem_reg_0/CLKBWRCLK	u_conv_mac/g_lane[2].lane_acc_reg[14]/D
-2.154	u_input_buf/gen_word_write.mem_reg_3/CLKBWRCLK	u_conv_mac/g_lane[10].lane_acc_reg[14]/D
-2.150	u_input_buf/gen_word_write.mem_reg_1/CLKBWRCLK	u_conv_mac/g_lane[13].lane_acc_reg[19]/D
-2.149	u_input_buf/gen_word_write.mem_reg_3/CLKBWRCLK	u_conv_mac/g_lane[0].lane_acc_reg[10]/D
-2.149	u_input_buf/gen_word_write.mem_reg_2/CLKBWRCLK	u_conv_mac/g_lane[6].lane_out_reg[13]/D
-2.148	u_input_buf/gen_word_write.mem_reg_2/CLKBWRCLK	u_conv_mac/g_lane[6].lane_acc_reg[14]/D
-2.147	u_input_buf/gen_word_write.mem_reg_0/CLKBWRCLK	u_conv_mac/g_lane[3].lane_out_reg[14]/D
-2.145	u_input_buf/gen_word_write.mem_reg_3/CLKBWRCLK	u_conv_mac/g_lane[15].lane_out_reg[12]/D
-2.143	u_input_buf/gen_word_write.mem_reg_3/CLKBWRCLK	u_conv_mac/g_lane[15].lane_acc_reg[18]/D
-2.142	u_input_buf/gen_word_write.mem_reg_3/CLKBWRCLK	u_conv_mac/g_lane[1].lane_out_reg[10]/D
-2.142	u_input_buf/gen_word_write.mem_reg_2/CLKBWRCLK	u_conv_mac/g_lane[5].lane_acc_reg[15]/D
-2.141	u_input_buf/gen_word_write.mem_reg_2/CLKBWRCLK	u_conv_mac/g_lane[4].lane_out_reg[9]/D
-2.141	u_input_buf/gen_word_write.mem_reg_0/CLKBWRCLK	u_conv_mac/g_lane[8].lane_acc_reg[23]/D
-2.141	u_input_buf/gen_word_write.mem_reg_1/CLKBWRCLK	u_conv_mac/g_lane[2].lane_out_reg[13]/D
-2.138	u_input_buf/gen_word_write.mem_reg_3/CLKBWRCLK	u_conv_mac/g_lane[10].lane_acc_reg[12]/D
-2.134	u_input_buf/gen_word_write.mem_reg_3/CLKBWRCLK	u_conv_mac/g_lane[11].lane_out_reg[11]/D
-2.133	u_input_buf/gen_word_write.mem_reg_3/CLKBWRCLK	u_conv_mac/g_lane[1].lane_out_reg[9]/D
-2.133	u_input_buf/gen_word_write.mem_reg_3/CLKBWRCLK	u_conv_mac/g_lane[0].lane_acc_reg[8]/D
-2.132	u_input_buf/gen_word_write.mem_reg_2/CLKBWRCLK	u_conv_mac/g_lane[6].lane_acc_reg[12]/D
-2.131	u_input_buf/gen_word_write.mem_reg_0/CLKBWRCLK	u_conv_mac/g_lane[3].lane_out_reg[12]/D
-2.130	u_input_buf/gen_word_write.mem_reg_3/CLKBWRCLK	u_conv_mac/g_lane[14].lane_acc_reg[14]/D
-2.130	u_input_buf/gen_word_write.mem_reg_3/CLKBWRCLK	u_conv_mac/g_lane[12].lane_acc_reg[12]/D
-2.128	u_input_buf/gen_word_write.mem_reg_2/CLKBWRCLK	u_conv_mac/g_lane[6].lane_out_reg[15]/D
-2.126	u_input_buf/gen_word_write.mem_reg_2/CLKBWRCLK	u_conv_mac/g_lane[4].lane_acc_reg[9]/D
-2.123	u_input_buf/gen_word_write.mem_reg_3/CLKBWRCLK	u_conv_mac/g_lane[15].lane_acc_reg[16]/D
-2.123	u_input_buf/gen_word_write.mem_reg_3/CLKBWRCLK	u_conv_mac/g_lane[14].lane_out_reg[14]/D
-2.122	u_input_buf/gen_word_write.mem_reg_0/CLKBWRCLK	u_conv_mac/g_lane[3].lane_acc_reg[14]/D
-2.121	u_input_buf/gen_word_write.mem_reg_0/CLKBWRCLK	u_conv_mac/g_lane[8].lane_out_reg[22]/D
-2.121	u_input_buf/gen_word_write.mem_reg_1/CLKBWRCLK	u_conv_mac/g_lane[13].lane_out_reg[17]/D
-2.120	u_input_buf/gen_word_write.mem_reg_3/CLKBWRCLK	u_conv_mac/g_lane[9].lane_acc_reg[18]/D
-2.119	u_input_buf/gen_word_write.mem_reg_2/CLKBWRCLK	u_conv_mac/g_lane[5].lane_out_reg[13]/D
-2.115	u_input_buf/gen_word_write.mem_reg_2/CLKBWRCLK	u_conv_mac/g_lane[4].lane_acc_reg[10]/D
-2.114	u_input_buf/gen_word_write.mem_reg_3/CLKBWRCLK	u_conv_mac/g_lane[14].lane_acc_reg[12]/D
-2.111	u_input_buf/gen_word_write.mem_reg_0/CLKBWRCLK	u_conv_mac/g_lane[2].lane_out_reg[14]/D
-2.110	u_input_buf/gen_word_write.mem_reg_3/CLKBWRCLK	u_conv_mac/g_lane[15].lane_acc_reg[13]/D
-2.107	u_input_buf/gen_word_write.mem_reg_3/CLKBWRCLK	u_conv_mac/g_lane[14].lane_out_reg[12]/D
-2.105	u_input_buf/gen_word_write.mem_reg_0/CLKBWRCLK	u_conv_mac/g_lane[8].lane_out_reg[20]/D
-2.104	u_input_buf/gen_word_write.mem_reg_3/CLKBWRCLK	u_conv_mac/g_lane[9].lane_acc_reg[16]/D
-2.104	u_input_buf/gen_word_write.mem_reg_2/CLKBWRCLK	u_conv_mac/g_lane[7].lane_out_reg[13]/D
-2.102	u_input_buf/gen_word_write.mem_reg_3/CLKBWRCLK	u_conv_mac/g_lane[15].lane_acc_reg[15]/D
-2.101	u_input_buf/gen_word_write.mem_reg_0/CLKBWRCLK	u_conv_mac/g_lane[2].lane_acc_reg[12]/D
-2.100	u_input_buf/gen_word_write.mem_reg_1/CLKBWRCLK	u_conv_mac/g_lane[13].lane_out_reg[19]/D
-2.098	u_input_buf/gen_word_write.mem_reg_2/CLKBWRCLK	u_conv_mac/g_lane[5].lane_out_reg[15]/D
-2.090	u_input_buf/gen_word_write.mem_reg_3/CLKBWRCLK	u_conv_mac/g_lane[9].lane_out_reg[18]/D
-2.090	u_input_buf/gen_word_write.mem_reg_3/CLKBWRCLK	u_conv_mac/g_lane[11].lane_acc_reg[11]/D
-2.089	u_input_buf/gen_word_write.mem_reg_0/CLKBWRCLK	u_conv_mac/g_lane[3].lane_acc_reg[12]/D
-2.083	u_input_buf/gen_word_write.mem_reg_3/CLKBWRCLK	u_conv_mac/g_lane[0].lane_out_reg[11]/D
-2.076	u_input_buf/gen_word_write.mem_reg_1/CLKBWRCLK	u_conv_mac/g_lane[13].lane_acc_reg[18]/D
-2.074	u_input_buf/gen_word_write.mem_reg_3/CLKBWRCLK	u_conv_mac/g_lane[9].lane_out_reg[16]/D
-2.068	u_input_buf/gen_word_write.mem_reg_2/CLKBWRCLK	u_conv_mac/g_lane[5].lane_acc_reg[14]/D
-2.068	u_input_buf/gen_word_write.mem_reg_3/CLKBWRCLK	u_conv_mac/g_lane[10].lane_acc_reg[9]/D
-2.067	u_input_buf/gen_word_write.mem_reg_0/CLKBWRCLK	u_conv_mac/g_lane[8].lane_acc_reg[22]/D
-2.060	u_input_buf/gen_word_write.mem_reg_1/CLKBWRCLK	u_conv_mac/g_lane[13].lane_acc_reg[16]/D
-2.060	u_input_buf/gen_word_write.mem_reg_3/CLKBWRCLK	u_conv_mac/g_lane[11].lane_out_reg[10]/D
-2.059	u_input_buf/gen_word_write.mem_reg_3/CLKBWRCLK	u_conv_mac/g_lane[11].lane_acc_reg[9]/D
-2.059	u_input_buf/gen_word_write.mem_reg_3/CLKBWRCLK	u_conv_mac/g_lane[10].lane_out_reg[11]/D
-2.054	u_input_buf/gen_word_write.mem_reg_2/CLKBWRCLK	u_conv_mac/g_lane[6].lane_out_reg[14]/D
-2.052	u_input_buf/gen_word_write.mem_reg_2/CLKBWRCLK	u_conv_mac/g_lane[5].lane_acc_reg[12]/D
-2.051	u_input_buf/gen_word_write.mem_reg_0/CLKBWRCLK	u_conv_mac/g_lane[8].lane_acc_reg[20]/D
-2.049	u_input_buf/gen_word_write.mem_reg_2/CLKBWRCLK	u_conv_mac/g_lane[5].lane_acc_reg[9]/D
-2.047	u_input_buf/gen_word_write.mem_reg_3/CLKBWRCLK	u_conv_mac/g_lane[10].lane_acc_reg[11]/D
-2.044	u_input_buf/gen_word_write.mem_reg_3/CLKBWRCLK	u_conv_mac/g_lane[11].lane_out_reg[8]/D
-2.038	u_input_buf/gen_word_write.mem_reg_1/CLKBWRCLK	u_conv_mac/g_lane[13].lane_out_reg[18]/D
-2.038	u_input_buf/gen_word_write.mem_reg_2/CLKBWRCLK	u_conv_mac/g_lane[6].lane_out_reg[12]/D
-2.037	u_input_buf/gen_word_write.mem_reg_2/CLKBWRCLK	u_conv_mac/g_lane[4].lane_out_reg[8]/D
-2.035	u_input_buf/gen_word_write.mem_reg_0/CLKBWRCLK	u_conv_mac/g_lane[8].lane_acc_reg[17]/D
-2.030	u_input_buf/gen_word_write.mem_reg_1/CLKBWRCLK	u_conv_mac/g_lane[2].lane_out_reg[12]/D
-2.028	u_input_buf/gen_word_write.mem_reg_2/CLKBWRCLK	u_conv_mac/g_lane[5].lane_acc_reg[11]/D
-2.026	u_input_buf/gen_word_write.mem_reg_3/CLKBWRCLK	u_conv_mac/g_lane[15].lane_acc_reg[14]/D
-2.025	u_input_buf/gen_word_write.mem_reg_3/CLKBWRCLK	u_conv_mac/g_lane[11].lane_acc_reg[10]/D
-2.024	u_input_buf/gen_word_write.mem_reg_2/CLKBWRCLK	u_conv_mac/g_lane[5].lane_out_reg[14]/D
-2.022	u_input_buf/gen_word_write.mem_reg_3/CLKBWRCLK	u_conv_mac/g_lane[1].lane_out_reg[8]/D
-2.022	u_input_buf/gen_word_write.mem_reg_2/CLKBWRCLK	u_conv_mac/g_lane[4].lane_acc_reg[8]/D
-2.020	u_input_buf/gen_word_write.mem_reg_3/CLKBWRCLK	u_conv_mac/g_lane[0].lane_out_reg[10]/D
-2.014	u_input_buf/gen_word_write.mem_reg_0/CLKBWRCLK	u_conv_mac/g_lane[8].lane_acc_reg[19]/D
-2.011	u_input_buf/gen_word_write.mem_reg_3/CLKBWRCLK	u_conv_mac/g_lane[15].lane_out_reg[11]/D
-2.010	u_input_buf/gen_word_write.mem_reg_1/CLKBWRCLK	u_conv_mac/g_lane[13].lane_out_reg[16]/D
-2.008	u_input_buf/gen_word_write.mem_reg_1/CLKBWRCLK	u_conv_mac/g_lane[2].lane_acc_reg[9]/D
-2.008	u_input_buf/gen_word_write.mem_reg_2/CLKBWRCLK	u_conv_mac/g_lane[5].lane_out_reg[12]/D
-2.006	u_input_buf/gen_word_write.mem_reg_3/CLKBWRCLK	u_conv_mac/g_lane[15].lane_acc_reg[12]/D
-1.998	u_input_buf/gen_word_write.mem_reg_2/CLKBWRCLK	u_conv_mac/g_lane[6].lane_acc_reg[11]/D
-1.994	u_input_buf/gen_word_write.mem_reg_3/CLKBWRCLK	u_conv_mac/g_lane[10].lane_out_reg[10]/D
-1.987	u_input_buf/gen_word_write.mem_reg_1/CLKBWRCLK	u_conv_mac/g_lane[2].lane_acc_reg[11]/D
-1.983	u_input_buf/gen_word_write.mem_reg_0/CLKBWRCLK	u_conv_mac/g_lane[8].lane_out_reg[17]/D
-1.983	u_input_buf/gen_word_write.mem_reg_3/CLKBWRCLK	u_conv_mac/g_lane[14].lane_acc_reg[9]/D
-1.975	u_input_buf/gen_word_write.mem_reg_3/CLKBWRCLK	u_conv_mac/g_lane[14].lane_out_reg[9]/D
-1.973	u_input_buf/gen_word_write.mem_reg_2/CLKBWRCLK	u_conv_mac/g_lane[7].lane_out_reg[12]/D
-1.973	u_input_buf/gen_word_write.mem_reg_3/CLKBWRCLK	u_conv_mac/g_lane[10].lane_acc_reg[10]/D
-1.965	u_input_buf/gen_word_write.mem_reg_3/CLKBWRCLK	u_conv_mac/g_lane[14].lane_acc_reg[11]/D
-1.962	u_input_buf/gen_word_write.mem_reg_0/CLKBWRCLK	u_conv_mac/g_lane[8].lane_out_reg[19]/D
-1.961	u_input_buf/gen_word_write.mem_reg_3/CLKBWRCLK	u_conv_mac/g_lane[9].lane_acc_reg[13]/D
-1.958	u_input_buf/gen_word_write.mem_reg_3/CLKBWRCLK	u_conv_mac/g_lane[14].lane_out_reg[11]/D
-1.957	u_input_buf/gen_word_write.mem_reg_3/CLKBWRCLK	u_conv_mac/g_lane[10].lane_acc_reg[8]/D
-1.955	u_input_buf/gen_word_write.mem_reg_3/CLKBWRCLK	u_conv_mac/g_lane[11].lane_acc_reg[8]/D
-1.955	u_input_buf/gen_word_write.mem_reg_3/CLKBWRCLK	u_conv_mac/g_lane[9].lane_acc_reg[15]/D
-1.954	u_input_buf/gen_word_write.mem_reg_3/CLKBWRCLK	u_conv_mac/g_lane[15].lane_out_reg[9]/D
-1.954	u_input_buf/gen_word_write.mem_reg_2/CLKBWRCLK	u_conv_mac/g_lane[5].lane_acc_reg[10]/D
-1.954	u_input_buf/gen_word_write.mem_reg_3/CLKBWRCLK	u_conv_mac/g_lane[9].lane_out_reg[13]/D
-1.952	u_input_buf/gen_word_write.mem_reg_3/CLKBWRCLK	u_conv_mac/g_lane[15].lane_out_reg[10]/D
-1.949	u_input_buf/gen_word_write.mem_reg_3/CLKBWRCLK	u_conv_mac/g_lane[12].lane_out_reg[11]/D
-1.940	u_input_buf/gen_word_write.mem_reg_0/CLKBWRCLK	u_conv_mac/g_lane[8].lane_acc_reg[18]/D
-1.939	u_input_buf/gen_word_write.mem_reg_2/CLKBWRCLK	u_conv_mac/g_lane[6].lane_acc_reg[10]/D
-1.938	u_input_buf/gen_word_write.mem_reg_2/CLKBWRCLK	u_conv_mac/g_lane[5].lane_acc_reg[8]/D
-1.933	u_input_buf/gen_word_write.mem_reg_3/CLKBWRCLK	u_conv_mac/g_lane[9].lane_out_reg[15]/D
-1.930	u_input_buf/gen_word_write.mem_reg_2/CLKBWRCLK	u_conv_mac/g_lane[6].lane_acc_reg[9]/D
-1.926	u_input_buf/gen_word_write.mem_reg_1/CLKBWRCLK	u_conv_mac/g_lane[13].lane_acc_reg[15]/D
-1.924	u_input_buf/gen_word_write.mem_reg_0/CLKBWRCLK	u_conv_mac/g_lane[8].lane_acc_reg[16]/D
-1.923	u_input_buf/gen_word_write.mem_reg_1/CLKBWRCLK	u_conv_mac/g_lane[13].lane_out_reg[13]/D
-1.918	u_input_buf/gen_word_write.mem_reg_1/CLKBWRCLK	u_conv_mac/g_lane[13].lane_acc_reg[13]/D
-1.913	u_input_buf/gen_word_write.mem_reg_1/CLKBWRCLK	u_conv_mac/g_lane[2].lane_acc_reg[10]/D
-1.912	u_input_buf/gen_word_write.mem_reg_3/CLKBWRCLK	u_conv_mac/g_lane[12].lane_out_reg[9]/D
-1.909	u_input_buf/gen_word_write.mem_reg_3/CLKBWRCLK	u_conv_mac/g_lane[12].lane_acc_reg[9]/D
-1.908	u_input_buf/gen_word_write.mem_reg_3/CLKBWRCLK	u_conv_mac/g_lane[12].lane_acc_reg[11]/D
-1.906	u_input_buf/gen_word_write.mem_reg_3/CLKBWRCLK	u_conv_mac/g_lane[14].lane_acc_reg[10]/D
-1.902	u_input_buf/gen_word_write.mem_reg_1/CLKBWRCLK	u_conv_mac/g_lane[13].lane_out_reg[15]/D
-1.899	u_input_buf/gen_word_write.mem_reg_3/CLKBWRCLK	u_conv_mac/g_lane[14].lane_out_reg[10]/D
-1.897	u_input_buf/gen_word_write.mem_reg_1/CLKBWRCLK	u_conv_mac/g_lane[2].lane_acc_reg[8]/D
-1.897	u_input_buf/gen_word_write.mem_reg_0/CLKBWRCLK	u_conv_mac/g_lane[8].lane_out_reg[18]/D
-1.896	u_input_buf/gen_word_write.mem_reg_3/CLKBWRCLK	u_conv_mac/g_lane[9].lane_acc_reg[14]/D
-1.893	u_input_buf/gen_word_write.mem_reg_2/CLKBWRCLK	u_conv_mac/g_lane[6].lane_out_reg[9]/D
-1.890	u_input_buf/gen_word_write.mem_reg_3/CLKBWRCLK	u_conv_mac/g_lane[12].lane_out_reg[10]/D
-1.889	u_input_buf/gen_word_write.mem_reg_2/CLKBWRCLK	u_conv_mac/g_lane[6].lane_out_reg[11]/D
-1.882	u_input_buf/gen_word_write.mem_reg_3/CLKBWRCLK	u_conv_mac/g_lane[15].lane_acc_reg[11]/D
-1.882	u_input_buf/gen_word_write.mem_reg_3/CLKBWRCLK	u_conv_mac/g_lane[10].lane_out_reg[9]/D
-1.881	u_input_buf/gen_word_write.mem_reg_1/CLKBWRCLK	u_conv_mac/g_lane[2].lane_out_reg[11]/D
-1.877	u_input_buf/gen_word_write.mem_reg_1/CLKBWRCLK	u_conv_mac/g_lane[2].lane_out_reg[9]/D
-1.872	u_input_buf/gen_word_write.mem_reg_0/CLKBWRCLK	u_conv_mac/g_lane[8].lane_out_reg[16]/D
-1.872	u_input_buf/gen_word_write.mem_reg_3/CLKBWRCLK	u_conv_mac/g_lane[14].lane_acc_reg[8]/D
-1.867	u_input_buf/gen_word_write.mem_reg_1/CLKBWRCLK	u_conv_mac/g_lane[13].lane_acc_reg[14]/D
-1.866	u_input_buf/gen_word_write.mem_reg_3/CLKBWRCLK	u_conv_mac/g_lane[9].lane_out_reg[14]/D
-1.864	u_input_buf/gen_word_write.mem_reg_3/CLKBWRCLK	u_conv_mac/g_lane[14].lane_out_reg[8]/D
-1.863	u_input_buf/gen_word_write.mem_reg_3/CLKBWRCLK	u_conv_mac/g_lane[0].lane_out_reg[9]/D
-1.861	u_input_buf/gen_word_write.mem_reg_2/CLKBWRCLK	u_conv_mac/g_lane[7].lane_acc_reg[11]/D
-1.859	u_input_buf/gen_word_write.mem_reg_2/CLKBWRCLK	u_conv_mac/g_lane[5].lane_out_reg[11]/D
-1.859	u_input_buf/gen_word_write.mem_reg_0/CLKBWRCLK	u_conv_mac/g_lane[3].lane_acc_reg[11]/D
-1.850	u_input_buf/gen_word_write.mem_reg_3/CLKBWRCLK	u_conv_mac/g_lane[9].lane_acc_reg[12]/D
-1.849	u_input_buf/gen_word_write.mem_reg_3/CLKBWRCLK	u_conv_mac/g_lane[12].lane_acc_reg[10]/D
-1.843	u_input_buf/gen_word_write.mem_reg_3/CLKBWRCLK	u_conv_mac/g_lane[15].lane_out_reg[8]/D
-1.843	u_input_buf/gen_word_write.mem_reg_3/CLKBWRCLK	u_conv_mac/g_lane[9].lane_out_reg[12]/D
-1.835	u_input_buf/gen_word_write.mem_reg_1/CLKBWRCLK	u_conv_mac/g_lane[8].lane_out_reg[13]/D
-1.831	u_input_buf/gen_word_write.mem_reg_2/CLKBWRCLK	u_conv_mac/g_lane[7].lane_acc_reg[9]/D
-1.830	u_input_buf/gen_word_write.mem_reg_2/CLKBWRCLK	u_conv_mac/g_lane[6].lane_out_reg[10]/D
-1.828	u_input_buf/gen_word_write.mem_reg_1/CLKBWRCLK	u_conv_mac/g_lane[13].lane_out_reg[14]/D
-1.825	u_input_buf/gen_word_write.mem_reg_0/CLKBWRCLK	u_conv_mac/g_lane[3].lane_out_reg[11]/D
-1.825	u_input_buf/gen_word_write.mem_reg_0/CLKBWRCLK	u_conv_mac/g_lane[3].lane_acc_reg[9]/D
-1.822	u_input_buf/gen_word_write.mem_reg_1/CLKBWRCLK	u_conv_mac/g_lane[2].lane_out_reg[10]/D
-1.819	u_input_buf/gen_word_write.mem_reg_2/CLKBWRCLK	u_conv_mac/g_lane[6].lane_acc_reg[8]/D
-1.818	u_input_buf/gen_word_write.mem_reg_3/CLKBWRCLK	u_conv_mac/g_lane[15].lane_acc_reg[10]/D
-1.814	u_input_buf/gen_word_write.mem_reg_1/CLKBWRCLK	u_conv_mac/g_lane[8].lane_out_reg[15]/D
-1.812	u_input_buf/gen_word_write.mem_reg_1/CLKBWRCLK	u_conv_mac/g_lane[13].lane_out_reg[12]/D
-1.807	u_input_buf/gen_word_write.mem_reg_1/CLKBWRCLK	u_conv_mac/g_lane[13].lane_acc_reg[12]/D
-1.805	u_input_buf/gen_word_write.mem_reg_2/CLKBWRCLK	u_conv_mac/g_lane[7].lane_out_reg[11]/D
-1.801	u_input_buf/gen_word_write.mem_reg_3/CLKBWRCLK	u_conv_mac/g_lane[12].lane_out_reg[8]/D
-1.801	u_input_buf/gen_word_write.mem_reg_2/CLKBWRCLK	u_conv_mac/g_lane[7].lane_acc_reg[10]/D
-1.800	u_input_buf/gen_word_write.mem_reg_2/CLKBWRCLK	u_conv_mac/g_lane[5].lane_out_reg[10]/D
-1.800	u_input_buf/gen_word_write.mem_reg_0/CLKBWRCLK	u_conv_mac/g_lane[3].lane_acc_reg[10]/D
-1.798	u_input_buf/gen_word_write.mem_reg_3/CLKBWRCLK	u_conv_mac/g_lane[12].lane_acc_reg[8]/D
-1.791	u_input_buf/gen_word_write.mem_reg_0/CLKBWRCLK	u_conv_mac/g_lane[8].lane_acc_reg[15]/D
-1.786	u_input_buf/gen_word_write.mem_reg_1/CLKBWRCLK	u_conv_mac/g_lane[8].lane_acc_reg[13]/D
-1.782	u_input_buf/gen_word_write.mem_reg_2/CLKBWRCLK	u_conv_mac/g_lane[6].lane_out_reg[8]/D
-1.780	u_input_buf/gen_word_write.mem_reg_3/CLKBWRCLK	u_conv_mac/g_lane[1].lane_acc_reg[7]/D
-1.778	u_input_buf/gen_word_write.mem_reg_3/CLKBWRCLK	u_conv_mac/g_lane[10].lane_out_reg[8]/D
-1.776	u_input_buf/gen_word_write.mem_reg_0/CLKBWRCLK	u_conv_mac/g_lane[3].lane_out_reg[9]/D
-1.766	u_input_buf/gen_word_write.mem_reg_0/CLKBWRCLK	u_conv_mac/g_lane[3].lane_out_reg[10]/D
-1.766	u_input_buf/gen_word_write.mem_reg_1/CLKBWRCLK	u_conv_mac/g_lane[2].lane_out_reg[8]/D
-1.757	u_input_buf/gen_word_write.mem_reg_3/CLKBWRCLK	u_conv_mac/g_lane[0].lane_acc_reg[7]/D
-1.746	u_input_buf/gen_word_write.mem_reg_3/CLKBWRCLK	u_conv_mac/g_lane[9].lane_acc_reg[9]/D
-1.742	u_input_buf/gen_word_write.mem_reg_2/CLKBWRCLK	u_conv_mac/g_lane[7].lane_out_reg[10]/D
-1.742	u_input_buf/gen_word_write.mem_reg_2/CLKBWRCLK	u_conv_mac/g_lane[5].lane_out_reg[9]/D
-1.742	u_input_buf/gen_word_write.mem_reg_3/CLKBWRCLK	u_conv_mac/g_lane[13].lane_acc_reg[9]/D
-1.740	u_input_buf/gen_word_write.mem_reg_1/CLKBWRCLK	u_conv_mac/g_lane[8].lane_out_reg[14]/D
-1.732	u_input_buf/gen_word_write.mem_reg_3/CLKBWRCLK	u_conv_mac/g_lane[0].lane_out_reg[8]/D
-1.731	u_input_buf/gen_word_write.mem_reg_0/CLKBWRCLK	u_conv_mac/g_lane[8].lane_acc_reg[14]/D
-1.727	u_input_buf/gen_word_write.mem_reg_3/CLKBWRCLK	u_conv_mac/g_lane[15].lane_acc_reg[9]/D
-1.725	u_input_buf/gen_word_write.mem_reg_3/CLKBWRCLK	u_conv_mac/g_lane[9].lane_acc_reg[11]/D
-1.724	u_input_buf/gen_word_write.mem_reg_1/CLKBWRCLK	u_conv_mac/g_lane[8].lane_out_reg[12]/D
-1.721	u_input_buf/gen_word_write.mem_reg_3/CLKBWRCLK	u_conv_mac/g_lane[13].lane_acc_reg[11]/D
-1.720	u_input_buf/gen_word_write.mem_reg_2/CLKBWRCLK	u_conv_mac/g_lane[7].lane_acc_reg[8]/D
-1.714	u_input_buf/gen_word_write.mem_reg_0/CLKBWRCLK	u_conv_mac/g_lane[3].lane_acc_reg[8]/D
-1.697	u_input_buf/gen_word_write.mem_reg_3/CLKBWRCLK	u_conv_mac/g_lane[9].lane_out_reg[9]/D
-1.694	u_input_buf/gen_word_write.mem_reg_3/CLKBWRCLK	u_conv_mac/g_lane[9].lane_out_reg[11]/D
-1.682	u_input_buf/gen_word_write.mem_reg_2/CLKBWRCLK	u_conv_mac/g_lane[4].lane_acc_reg[7]/D
-1.675	u_input_buf/gen_word_write.mem_reg_1/CLKBWRCLK	u_conv_mac/g_lane[8].lane_acc_reg[12]/D
-1.669	u_input_buf/gen_word_write.mem_reg_2/CLKBWRCLK	u_conv_mac/g_lane[4].lane_out_reg[7]/D
-1.668	u_input_buf/gen_word_write.mem_reg_3/CLKBWRCLK	u_conv_mac/g_lane[11].lane_out_reg[7]/D
-1.665	u_input_buf/gen_word_write.mem_reg_0/CLKBWRCLK	u_conv_mac/g_lane[3].lane_out_reg[8]/D
-1.651	u_input_buf/gen_word_write.mem_reg_3/CLKBWRCLK	u_conv_mac/g_lane[9].lane_acc_reg[10]/D
-1.647	u_input_buf/gen_word_write.mem_reg_3/CLKBWRCLK	u_conv_mac/g_lane[13].lane_acc_reg[10]/D
-1.646	u_input_buf/gen_word_write.mem_reg_3/CLKBWRCLK	u_conv_mac/g_lane[1].lane_out_reg[7]/D
-1.635	u_input_buf/gen_word_write.mem_reg_3/CLKBWRCLK	u_conv_mac/g_lane[9].lane_acc_reg[8]/D
-1.635	u_input_buf/gen_word_write.mem_reg_3/CLKBWRCLK	u_conv_mac/g_lane[9].lane_out_reg[10]/D
-1.631	u_input_buf/gen_word_write.mem_reg_2/CLKBWRCLK	u_conv_mac/g_lane[5].lane_out_reg[8]/D
-1.631	u_input_buf/gen_word_write.mem_reg_3/CLKBWRCLK	u_conv_mac/g_lane[13].lane_acc_reg[8]/D
-1.630	u_input_buf/gen_word_write.mem_reg_3/CLKBWRCLK	u_conv_mac/g_lane[13].lane_out_reg[9]/D
-1.623	u_input_buf/gen_word_write.mem_reg_3/CLKBWRCLK	u_conv_mac/g_lane[15].lane_acc_reg[8]/D
-1.621	u_input_buf/gen_word_write.mem_reg_3/CLKBWRCLK	u_conv_mac/g_lane[13].lane_out_reg[11]/D
-1.615	u_input_buf/gen_word_write.mem_reg_3/CLKBWRCLK	u_conv_mac/g_lane[11].lane_acc_reg[7]/D
-1.602	u_input_buf/gen_word_write.mem_reg_2/CLKBWRCLK	u_conv_mac/g_lane[7].lane_out_reg[9]/D
-1.586	u_input_buf/gen_word_write.mem_reg_3/CLKBWRCLK	u_conv_mac/g_lane[9].lane_out_reg[8]/D
-1.581	u_input_buf/gen_word_write.mem_reg_3/CLKBWRCLK	u_conv_mac/g_lane[10].lane_acc_reg[7]/D
-1.575	u_input_buf/gen_word_write.mem_reg_1/CLKBWRCLK	u_conv_mac/g_lane[8].lane_out_reg[11]/D
-1.562	u_input_buf/gen_word_write.mem_reg_3/CLKBWRCLK	u_conv_mac/g_lane[13].lane_out_reg[10]/D
-1.562	u_input_buf/gen_word_write.mem_reg_2/CLKBWRCLK	u_conv_mac/g_lane[5].lane_acc_reg[7]/D
-1.542	u_input_buf/gen_word_write.mem_reg_1/CLKBWRCLK	u_conv_mac/g_lane[8].lane_acc_reg[11]/D
-1.522	u_input_buf/gen_word_write.mem_reg_1/CLKBWRCLK	u_conv_mac/g_lane[8].lane_acc_reg[9]/D
-1.521	u_input_buf/gen_word_write.mem_reg_1/CLKBWRCLK	u_conv_mac/g_lane[2].lane_acc_reg[7]/D
-1.519	u_input_buf/gen_word_write.mem_reg_3/CLKBWRCLK	u_conv_mac/g_lane[13].lane_out_reg[8]/D
-1.516	u_input_buf/gen_word_write.mem_reg_1/CLKBWRCLK	u_conv_mac/g_lane[8].lane_out_reg[10]/D
-1.498	u_input_buf/gen_word_write.mem_reg_2/CLKBWRCLK	u_conv_mac/g_lane[7].lane_out_reg[8]/D
-1.496	u_input_buf/gen_word_write.mem_reg_3/CLKBWRCLK	u_conv_mac/g_lane[14].lane_acc_reg[7]/D
-1.488	u_input_buf/gen_word_write.mem_reg_3/CLKBWRCLK	u_conv_mac/g_lane[14].lane_out_reg[7]/D
-1.482	u_input_buf/gen_word_write.mem_reg_1/CLKBWRCLK	u_conv_mac/g_lane[8].lane_acc_reg[10]/D
-1.472	u_input_buf/gen_word_write.mem_reg_1/CLKBWRCLK	u_conv_mac/g_lane[8].lane_out_reg[9]/D
-1.445	u_input_buf/gen_word_write.mem_reg_3/CLKBWRCLK	u_conv_mac/g_lane[15].lane_out_reg[7]/D
-1.443	u_input_buf/gen_word_write.mem_reg_2/CLKBWRCLK	u_conv_mac/g_lane[6].lane_acc_reg[7]/D
-1.411	u_input_buf/gen_word_write.mem_reg_1/CLKBWRCLK	u_conv_mac/g_lane[8].lane_acc_reg[8]/D
-1.406	u_input_buf/gen_word_write.mem_reg_2/CLKBWRCLK	u_conv_mac/g_lane[6].lane_out_reg[7]/D
-1.390	u_input_buf/gen_word_write.mem_reg_1/CLKBWRCLK	u_conv_mac/g_lane[2].lane_out_reg[7]/D
-1.362	u_input_buf/gen_word_write.mem_reg_3/CLKBWRCLK	u_conv_mac/g_lane[0].lane_out_reg[7]/D
-1.361	u_input_buf/gen_word_write.mem_reg_1/CLKBWRCLK	u_conv_mac/g_lane[8].lane_out_reg[8]/D
-1.360	u_input_buf/gen_word_write.mem_reg_3/CLKBWRCLK	u_conv_mac/g_lane[10].lane_out_reg[7]/D
-1.345	u_input_buf/gen_word_write.mem_reg_3/CLKBWRCLK	u_conv_mac/g_lane[12].lane_out_reg[7]/D
-1.338	u_input_buf/gen_word_write.mem_reg_3/CLKBWRCLK	u_conv_mac/g_lane[12].lane_acc_reg[7]/D
-1.301	u_input_buf/gen_word_write.mem_reg_0/CLKBWRCLK	u_conv_mac/g_lane[3].lane_acc_reg[7]/D
-1.293	u_input_buf/gen_word_write.mem_reg_2/CLKBWRCLK	u_conv_mac/g_lane[4].lane_out_reg[6]/D
-1.289	u_input_buf/gen_word_write.mem_reg_0/CLKBWRCLK	u_conv_mac/g_lane[3].lane_out_reg[7]/D
-1.283	u_input_buf/gen_word_write.mem_reg_3/CLKBWRCLK	u_conv_mac/g_lane[15].lane_acc_reg[7]/D
-1.281	u_input_buf/gen_word_write.mem_reg_2/CLKBWRCLK	u_conv_mac/g_lane[7].lane_acc_reg[7]/D
-1.275	u_input_buf/gen_word_write.mem_reg_3/CLKBWRCLK	u_conv_mac/g_lane[11].lane_out_reg[6]/D
-1.274	u_input_buf/gen_word_write.mem_reg_3/CLKBWRCLK	u_conv_mac/g_lane[1].lane_acc_reg[6]/D
-1.263	u_input_buf/gen_word_write.mem_reg_2/CLKBWRCLK	u_conv_mac/g_lane[4].lane_acc_reg[6]/D
-1.259	u_input_buf/gen_word_write.mem_reg_3/CLKBWRCLK	u_conv_mac/g_lane[9].lane_acc_reg[7]/D
-1.255	u_input_buf/gen_word_write.mem_reg_2/CLKBWRCLK	u_conv_mac/g_lane[5].lane_out_reg[7]/D
-1.255	u_input_buf/gen_word_write.mem_reg_3/CLKBWRCLK	u_conv_mac/g_lane[13].lane_acc_reg[7]/D
-1.221	u_input_buf/gen_word_write.mem_reg_3/CLKBWRCLK	u_conv_mac/g_lane[11].lane_acc_reg[6]/D
-1.210	u_input_buf/gen_word_write.mem_reg_3/CLKBWRCLK	u_conv_mac/g_lane[9].lane_out_reg[7]/D
-1.191	u_input_buf/gen_word_write.mem_reg_1/CLKBWRCLK	u_conv_mac/g_lane[2].lane_acc_reg[6]/D
-1.181	u_input_buf/gen_word_write.mem_reg_3/CLKBWRCLK	u_conv_mac/g_lane[10].lane_acc_reg[6]/D
-1.167	u_input_buf/gen_word_write.mem_reg_2/CLKBWRCLK	u_conv_mac/g_lane[7].lane_out_reg[7]/D
-1.153	u_input_buf/gen_word_write.mem_reg_2/CLKBWRCLK	u_conv_mac/g_lane[6].lane_out_reg[6]/D
-1.148	u_input_buf/gen_word_write.mem_reg_3/CLKBWRCLK	u_conv_mac/g_lane[0].lane_acc_reg[6]/D
-1.148	u_input_buf/gen_word_write.mem_reg_3/CLKBWRCLK	u_conv_mac/g_lane[10].lane_out_reg[6]/D
-1.147	u_enc_gelu/rq_tag_r1_reg[2]/C	u_pool/acc_reg[3][13]/D
-1.143	u_input_buf/gen_word_write.mem_reg_3/CLKBWRCLK	u_conv_mac/g_lane[13].lane_out_reg[7]/D
-1.143	u_input_buf/gen_word_write.mem_reg_3/CLKBWRCLK	u_conv_mac/g_lane[1].lane_out_reg[6]/D
-1.126	u_enc_gelu/rq_tag_r1_reg[2]/C	u_pool/acc_reg[3][15]/D
-1.122	u_input_buf/gen_word_write.mem_reg_3/CLKBWRCLK	u_conv_mac/g_lane[0].lane_out_reg[6]/D
-1.118	u_enc_gelu/rq_tag_r1_reg[2]/C	u_pool/acc_reg[2][13]/D
-1.097	u_enc_gelu/rq_tag_r1_reg[2]/C	u_pool/acc_reg[2][15]/D
-1.090	u_input_buf/gen_word_write.mem_reg_3/CLKBWRCLK	u_conv_mac/g_lane[15].lane_out_reg[6]/D
-1.076	u_enc_gelu/rq_tag_r1_reg[2]/C	u_pool/acc_reg[8][13]/D
-1.073	u_input_buf/gen_word_write.mem_reg_2/CLKBWRCLK	u_conv_mac/g_lane[6].lane_acc_reg[6]/D
-1.068	u_enc_gelu/rq_tag_r1_reg[2]/C	u_pool/acc_reg[8][15]/D
-1.052	u_enc_gelu/rq_tag_r1_reg[2]/C	u_pool/acc_reg[3][14]/D
-1.043	u_input_buf/gen_word_write.mem_reg_3/CLKBWRCLK	u_conv_mac/g_lane[15].lane_acc_reg[6]/D
-1.038	u_input_buf/gen_word_write.mem_reg_3/CLKBWRCLK	u_conv_mac/g_lane[14].lane_acc_reg[6]/D
-1.037	u_input_buf/gen_word_write.mem_reg_1/CLKBWRCLK	u_conv_mac/g_lane[2].lane_out_reg[6]/D
-1.036	u_enc_gelu/rq_tag_r1_reg[2]/C	u_pool/acc_reg[3][12]/D
-1.035	u_input_buf/gen_word_write.mem_reg_0/CLKBWRCLK	u_conv_mac/g_lane[3].lane_acc_reg[6]/D
-1.028	u_input_buf/gen_word_write.mem_reg_3/CLKBWRCLK	u_conv_mac/g_lane[14].lane_out_reg[6]/D
-1.028	u_input_buf/gen_word_write.mem_reg_1/CLKBWRCLK	u_conv_mac/g_lane[8].lane_out_reg[7]/D
-1.024	u_enc_gelu/rq_tag_r1_reg[2]/C	u_pool/acc_reg[14][13]/D
-1.023	u_enc_gelu/rq_tag_r1_reg[2]/C	u_pool/acc_reg[2][14]/D
-1.007	u_enc_gelu/rq_tag_r1_reg[2]/C	u_pool/acc_reg[2][12]/D
-1.003	u_enc_gelu/rq_tag_r1_reg[2]/C	u_pool/acc_reg[14][15]/D
-1.002	u_enc_gelu/rq_tag_r1_reg[2]/C	u_pool/acc_reg[9][13]/D
-1.002	u_input_buf/gen_word_write.mem_reg_2/CLKBWRCLK	u_conv_mac/g_lane[7].lane_out_reg[6]/D
-0.992	u_enc_gelu/rq_tag_r1_reg[2]/C	u_pool/acc_reg[8][14]/D
-0.988	u_enc_gelu/rq_tag_r1_reg[2]/C	u_pool/acc_reg[10][13]/D
-0.981	u_enc_gelu/rq_tag_r1_reg[2]/C	u_pool/acc_reg[9][15]/D
-0.978	u_input_buf/gen_word_write.mem_reg_1/CLKBWRCLK	u_conv_mac/g_lane[8].lane_acc_reg[7]/D
-0.974	u_input_buf/gen_word_write.mem_reg_2/CLKBWRCLK	u_conv_mac/g_lane[5].lane_acc_reg[6]/D
-0.972	u_enc_gelu/rq_tag_r1_reg[2]/C	u_pool/acc_reg[8][12]/D
-0.967	u_enc_gelu/rq_tag_r1_reg[2]/C	u_pool/acc_reg[10][15]/D
-0.946	u_input_buf/gen_word_write.mem_reg_2/CLKBWRCLK	u_conv_mac/g_lane[5].lane_out_reg[6]/D
-0.933	u_pool/p_r3_reg[14]/C	u_pool/q_r4_reg[4]/S
-0.933	u_pool/p_r3_reg[14]/C	u_pool/q_r4_reg[6]/S
-0.933	u_pool/p_r3_reg[14]/C	u_pool/q_r4_reg[7]/R
-0.929	u_enc_gelu/rq_tag_r1_reg[2]/C	u_pool/acc_reg[14][14]/D
-0.925	u_pool/p_r3_reg[14]/C	u_pool/q_r4_reg[1]/S
-0.925	u_pool/p_r3_reg[14]/C	u_pool/q_r4_reg[5]/S
-0.923	u_input_buf/gen_word_write.mem_reg_0/CLKBWRCLK	u_conv_mac/g_lane[3].lane_out_reg[6]/D
-0.913	u_enc_gelu/rq_tag_r1_reg[2]/C	u_pool/acc_reg[14][12]/D
-0.907	u_enc_gelu/rq_tag_r1_reg[2]/C	u_pool/acc_reg[9][14]/D
-0.903	u_enc_gelu/rq_tag_r1_reg[2]/C	u_pool/acc_reg[3][11]/D
-0.899	u_input_buf/gen_word_write.mem_reg_3/CLKBWRCLK	u_conv_mac/g_lane[12].lane_out_reg[6]/D
-0.893	u_enc_gelu/rq_tag_r1_reg[2]/C	u_pool/acc_reg[10][14]/D
-0.891	u_enc_gelu/rq_tag_r1_reg[2]/C	u_pool/acc_reg[9][12]/D
-0.890	u_input_buf/gen_word_write.mem_reg_3/CLKBWRCLK	u_conv_mac/g_lane[12].lane_acc_reg[6]/D
-0.884	u_enc_gelu/rq_tag_r1_reg[2]/C	u_pool/acc_reg[7][13]/D
-0.877	u_enc_gelu/rq_tag_r1_reg[2]/C	u_pool/acc_reg[10][12]/D
-0.876	u_enc_gelu/rq_tag_r1_reg[2]/C	u_pool/acc_reg[7][15]/D
-0.874	u_enc_gelu/rq_tag_r1_reg[2]/C	u_pool/acc_reg[2][11]/D
-0.863	u_enc_gelu/rq_tag_r1_reg[2]/C	u_pool/acc_reg[8][11]/D
-0.862	u_enc_gelu/rq_tag_r1_reg[2]/C	u_pool/acc_reg[12][13]/D
-0.853	u_enc_gelu/rq_tag_r1_reg[2]/C	u_pool/acc_reg[1][13]/D
-0.849	u_input_buf/gen_word_write.mem_reg_3/CLKBWRCLK	u_conv_mac/g_lane[9].lane_acc_reg[6]/D
-0.848	u_enc_gelu/rq_tag_r1_reg[2]/C	u_pool/acc_reg[11][13]/D
-0.843	u_enc_gelu/rq_tag_r1_reg[2]/C	u_pool/acc_reg[3][10]/D
-0.841	u_enc_gelu/rq_tag_r1_reg[2]/C	u_pool/acc_reg[12][15]/D
-0.841	u_enc_gelu/rq_tag_r1_reg[2]/C	u_pool/acc_reg[15][13]/D
-0.838	u_pool/p_r3_reg[14]/C	u_pool/q_r4_reg[2]/S
-0.838	u_pool/p_r3_reg[14]/C	u_pool/q_r4_reg[3]/S
-0.832	u_enc_gelu/rq_tag_r1_reg[2]/C	u_pool/acc_reg[1][15]/D
-0.827	u_enc_gelu/rq_tag_r1_reg[2]/C	u_pool/acc_reg[11][15]/D
-0.820	u_enc_gelu/rq_tag_r1_reg[2]/C	u_pool/acc_reg[15][15]/D
-0.814	u_enc_gelu/rq_tag_r1_reg[2]/C	u_pool/acc_reg[2][10]/D
-0.814	u_pool/p_r3_reg[14]/C	u_pool/q_r4_reg[6]/D
-0.812	u_enc_gelu/rq_tag_r1_reg[2]/C	u_pool/acc_reg[23][13]/D
-0.811	u_enc_gelu/rq_tag_r1_reg[2]/C	u_pool/acc_reg[4][13]/D
-0.807	u_enc_gelu/rq_tag_r1_reg[2]/C	u_pool/acc_reg[20][13]/D
-0.804	u_enc_gelu/rq_tag_r1_reg[2]/C	u_pool/acc_reg[23][15]/D
-0.800	u_enc_gelu/rq_tag_r1_reg[2]/C	u_pool/acc_reg[7][14]/D
-0.799	u_enc_gelu/rq_tag_r1_reg[2]/C	u_pool/acc_reg[20][15]/D
-0.798	u_enc_gelu/rq_tag_r1_reg[2]/C	u_pool/acc_reg[8][10]/D
-0.793	u_input_buf/gen_word_write.mem_reg_3/CLKBWRCLK	u_conv_mac/g_lane[13].lane_out_reg[6]/D
-0.792	u_input_buf/gen_word_write.mem_reg_2/CLKBWRCLK	u_conv_mac/g_lane[7].lane_acc_reg[6]/D
-0.790	u_enc_gelu/rq_tag_r1_reg[2]/C	u_pool/acc_reg[4][15]/D
-0.780	u_enc_gelu/rq_tag_r1_reg[2]/C	u_pool/acc_reg[14][11]/D
-0.780	u_enc_gelu/rq_tag_r1_reg[2]/C	u_pool/acc_reg[7][12]/D
-0.778	u_enc_gelu/rq_tag_r1_reg[1]/C	u_pool/acc_reg[3][9]/D
-0.774	u_enc_gelu/rq_tag_r1_reg[2]/C	u_pool/acc_reg[16][13]/D
-0.767	u_enc_gelu/rq_tag_r1_reg[2]/C	u_pool/acc_reg[12][14]/D
-0.766	u_enc_gelu/rq_tag_r1_reg[2]/C	u_pool/acc_reg[16][15]/D
-0.764	u_enc_gelu/rq_tag_r1_reg[1]/C	u_pool/acc_reg[2][9]/D
-0.763	u_enc_gelu/rq_tag_r1_reg[2]/C	u_pool/acc_reg[22][13]/D
-0.758	u_enc_gelu/rq_tag_r1_reg[2]/C	u_pool/acc_reg[9][11]/D
-0.758	u_enc_gelu/rq_tag_r1_reg[2]/C	u_pool/acc_reg[1][14]/D
-0.753	u_enc_gelu/rq_tag_r1_reg[2]/C	u_pool/acc_reg[11][14]/D
-0.751	u_enc_gelu/rq_tag_r1_reg[2]/C	u_pool/acc_reg[12][12]/D
-0.751	u_enc_gelu/rq_tag_r1_reg[0]/C	u_pool/acc_reg[18][15]/D
-0.746	u_enc_gelu/rq_tag_r1_reg[0]/C	u_pool/acc_reg[15][14]/D
-0.744	u_enc_gelu/rq_tag_r1_reg[2]/C	u_pool/acc_reg[10][11]/D
-0.742	u_enc_gelu/rq_tag_r1_reg[2]/C	u_pool/acc_reg[1][12]/D
-0.742	u_enc_gelu/rq_tag_r1_reg[2]/C	u_pool/acc_reg[22][15]/D
-0.740	u_input_buf/gen_word_write.mem_reg_1/CLKBWRCLK	u_conv_mac/g_lane[8].lane_out_reg[6]/D
-0.737	u_enc_gelu/rq_tag_r1_reg[2]/C	u_pool/acc_reg[11][12]/D
-0.730	u_enc_gelu/rq_tag_r1_reg[2]/C	u_pool/acc_reg[15][12]/D
-0.728	u_enc_gelu/rq_tag_r1_reg[2]/C	u_pool/acc_reg[23][14]/D
-0.724	u_enc_gelu/rq_tag_r1_reg[2]/C	u_pool/acc_reg[6][13]/D
-0.723	u_enc_gelu/rq_tag_r1_reg[0]/C	u_pool/acc_reg[20][14]/D
-0.722	u_enc_gelu/rq_tag_r1_reg[2]/C	u_pool/acc_reg[18][13]/D
-0.720	u_enc_gelu/rq_tag_r1_reg[2]/C	u_pool/acc_reg[14][10]/D
-0.719	u_input_buf/gen_word_write.mem_reg_3/CLKBWRCLK	u_conv_mac/g_lane[13].lane_acc_reg[6]/D
-0.719	u_input_buf/gen_word_write.mem_reg_3/CLKBWRCLK	u_conv_mac/g_lane[11].lane_out_reg[5]/D
-0.718	u_enc_gelu/rq_tag_r1_reg[2]/C	u_pool/acc_reg[0][13]/D
-0.716	u_enc_gelu/rq_tag_r1_reg[2]/C	u_pool/acc_reg[4][14]/D
-0.710	u_enc_gelu/rq_tag_r1_reg[0]/C	u_pool/acc_reg[17][15]/D
-0.708	u_enc_gelu/rq_tag_r1_reg[2]/C	u_pool/acc_reg[23][12]/D
-0.703	u_enc_gelu/rq_tag_r1_reg[2]/C	u_pool/acc_reg[20][12]/D
-0.703	u_enc_gelu/rq_tag_r1_reg[2]/C	u_pool/acc_reg[6][15]/D
-0.703	u_input_buf/gen_word_write.mem_reg_3/CLKBWRCLK	u_conv_mac/g_lane[9].lane_out_reg[6]/D
-0.700	u_enc_gelu/rq_tag_r1_reg[2]/C	u_pool/acc_reg[4][12]/D
-0.698	u_enc_gelu/rq_tag_r1_reg[2]/C	u_pool/acc_reg[9][10]/D
-0.697	u_enc_gelu/rq_tag_r1_reg[2]/C	u_pool/acc_reg[0][15]/D
-0.692	u_enc_gelu/rq_tag_r1_reg[0]/C	u_pool/acc_reg[18][14]/D
-0.690	u_enc_gelu/rq_tag_r1_reg[2]/C	u_pool/acc_reg[16][14]/D
-0.685	u_enc_gelu/rq_tag_r1_reg[2]/C	u_pool/acc_reg[41][13]/D
-0.684	u_enc_gelu/rq_tag_r1_reg[2]/C	u_pool/acc_reg[10][10]/D
-0.676	u_enc_gelu/rq_tag_r1_reg[2]/C	u_pool/acc_reg[39][13]/D
-0.670	u_enc_gelu/rq_tag_r1_reg[2]/C	u_pool/acc_reg[16][12]/D
-0.668	u_enc_gelu/rq_tag_r1_reg[2]/C	u_pool/acc_reg[22][14]/D
-0.667	u_enc_gelu/rq_tag_r1_reg[1]/C	u_pool/acc_reg[3][8]/D
-0.666	u_pool/p_r3_reg[14]/C	u_pool/q_r4_reg[4]/D
-0.664	u_enc_gelu/rq_tag_r1_reg[2]/C	u_pool/acc_reg[41][15]/D
-0.662	u_enc_gelu/rq_tag_r1_reg[2]/C	u_pool/acc_reg[17][13]/D
-0.656	u_enc_gelu/rq_tag_r1_reg[2]/C	u_pool/acc_reg[27][13]/D
-0.656	u_enc_gelu/rq_tag_r1_reg[2]/C	u_pool/acc_reg[7][11]/D
-0.655	u_enc_gelu/rq_tag_r1_reg[2]/C	u_pool/acc_reg[39][15]/D
-0.654	u_input_buf/gen_word_write.mem_reg_2/CLKBWRCLK	u_conv_mac/g_lane[7].lane_out_reg[5]/D
-0.654	u_input_buf/gen_word_write.mem_reg_3/CLKBWRCLK	u_conv_mac/g_lane[1].lane_acc_reg[5]/D
-0.654	u_input_buf/gen_word_write.mem_reg_3/CLKBWRCLK	u_conv_mac/g_lane[10].lane_out_reg[5]/D
-0.653	u_enc_gelu/rq_tag_r1_reg[1]/C	u_pool/acc_reg[2][8]/D
-0.652	u_enc_gelu/rq_tag_r1_reg[1]/C	u_pool/acc_reg[4][9]/D
-0.652	u_enc_gelu/rq_tag_r1_reg[2]/C	u_pool/acc_reg[22][12]/D
-0.650	u_enc_gelu/rq_tag_r1_reg[0]/C	u_pool/acc_reg[17][14]/D
-0.647	u_enc_gelu/rq_tag_r1_reg[2]/C	u_pool/acc_reg[5][13]/D
-0.645	u_input_buf/gen_word_write.mem_reg_3/CLKBWRCLK	u_conv_mac/g_lane[14].lane_acc_reg[5]/D
-0.644	u_enc_gelu/rq_tag_r1_reg[2]/C	u_pool/acc_reg[10][9]/D
-0.635	u_enc_gelu/rq_tag_r1_reg[2]/C	u_pool/acc_reg[27][15]/D
-0.632	u_input_buf/gen_word_write.mem_reg_3/CLKBWRCLK	u_conv_mac/g_lane[14].lane_out_reg[5]/D
-0.632	u_enc_gelu/rq_tag_r1_reg[2]/C	u_pool/acc_reg[13][13]/D
-0.631	u_enc_gelu/rq_tag_r1_reg[1]/C	u_pool/acc_reg[4][11]/D
-0.629	u_enc_gelu/rq_tag_r1_reg[2]/C	u_pool/acc_reg[6][14]/D
-0.628	u_input_buf/gen_word_write.mem_reg_2/CLKBWRCLK	u_conv_mac/g_lane[4].lane_out_reg[5]/D
-0.626	u_enc_gelu/rq_tag_r1_reg[2]/C	u_pool/acc_reg[5][15]/D
-0.624	u_enc_gelu/rq_tag_r1_reg[2]/C	u_pool/acc_reg[13][15]/D
-0.623	u_enc_gelu/rq_tag_r1_reg[2]/C	u_pool/acc_reg[0][14]/D
-0.621	u_input_buf/gen_word_write.mem_reg_1/CLKBWRCLK	u_conv_mac/g_lane[5].lane_acc_reg[5]/D
-0.618	u_enc_gelu/rq_tag_r1_reg[2]/C	u_pool/acc_reg[12][11]/D
-0.613	u_enc_gelu/rq_tag_r1_reg[2]/C	u_pool/acc_reg[6][12]/D
-0.611	u_enc_gelu/rq_tag_r1_reg[2]/C	u_pool/acc_reg[18][12]/D
-0.610	u_enc_gelu/rq_tag_r1_reg[0]/C	u_pool/acc_reg[34][15]/D
-0.609	u_enc_gelu/rq_tag_r1_reg[2]/C	u_pool/acc_reg[1][11]/D
-0.607	u_enc_gelu/rq_tag_r1_reg[2]/C	u_pool/acc_reg[0][12]/D
-0.606	u_enc_gelu/rq_tag_r1_reg[2]/C	u_pool/acc_reg[26][13]/D
-0.606	u_pool/p_r3_reg[14]/C	u_pool/q_r4_reg[7]/D
-0.600	u_input_buf/gen_word_write.mem_reg_3/CLKBWRCLK	u_conv_mac/g_lane[10].lane_acc_reg[5]/D
-0.599	u_enc_gelu/rq_tag_r1_reg[2]/C	u_pool/acc_reg[23][11]/D
-0.598	u_input_buf/gen_word_write.mem_reg_3/CLKBWRCLK	u_conv_mac/g_lane[1].lane_out_reg[5]/D
-0.597	u_enc_gelu/rq_tag_r1_reg[2]/C	u_pool/acc_reg[15][11]/D
-0.597	u_enc_gelu/rq_tag_r1_reg[1]/C	u_pool/acc_reg[14][9]/D
-0.596	u_enc_gelu/rq_tag_r1_reg[0]/C	u_pool/acc_reg[42][15]/D
-0.594	u_enc_gelu/rq_tag_r1_reg[2]/C	u_pool/acc_reg[20][11]/D
-0.594	u_input_buf/gen_word_write.mem_reg_1/CLKBWRCLK	u_conv_mac/g_lane[8].lane_acc_reg[6]/D
-0.592	u_enc_gelu/rq_tag_r1_reg[2]/C	u_pool/acc_reg[7][10]/D
-0.590	u_enc_gelu/rq_tag_r1_reg[2]/C	u_pool/acc_reg[41][14]/D
-0.587	u_enc_gelu/rq_tag_r1_reg[1]/C	u_pool/acc_reg[1][9]/D
-0.586	u_enc_gelu/rq_tag_r1_reg[0]/C	u_pool/acc_reg[25][15]/D
-0.585	u_enc_gelu/rq_tag_r1_reg[2]/C	u_pool/acc_reg[26][15]/D
-0.585	u_input_buf/gen_word_write.mem_reg_0/CLKBWRCLK	u_conv_mac/g_lane[6].lane_acc_reg[5]/D
-0.582	u_input_buf/gen_word_write.mem_reg_1/CLKBWRCLK	u_conv_mac/g_lane[2].lane_acc_reg[5]/D
-0.581	u_enc_gelu/rq_tag_r1_reg[1]/C	u_pool/acc_reg[42][13]/D
-0.581	u_enc_gelu/rq_tag_r1_reg[1]/C	u_pool/acc_reg[16][9]/D
-0.581	u_enc_gelu/rq_tag_r1_reg[2]/C	u_pool/acc_reg[39][14]/D
-0.579	u_enc_gelu/rq_tag_r1_reg[2]/C	u_pool/acc_reg[19][13]/D
-0.577	u_enc_gelu/rq_tag_r1_reg[1]/C	u_pool/acc_reg[9][9]/D
-0.576	u_enc_gelu/rq_tag_r1_reg[0]/C	u_pool/acc_reg[24][15]/D
-0.576	u_enc_gelu/rq_tag_r1_reg[2]/C	u_pool/acc_reg[25][13]/D
-0.574	u_enc_gelu/rq_tag_r1_reg[2]/C	u_pool/acc_reg[41][12]/D
-0.573	u_enc_gelu/rq_tag_r1_reg[1]/C	u_pool/acc_reg[16][11]/D
-0.572	u_enc_gelu/rq_tag_r1_reg[1]/C	u_pool/acc_reg[11][9]/D
-0.571	u_enc_gelu/rq_tag_r1_reg[2]/C	u_pool/acc_reg[19][15]/D
-0.565	u_enc_gelu/rq_tag_r1_reg[2]/C	u_pool/acc_reg[39][12]/D
-0.562	u_enc_gelu/rq_tag_r1_reg[2]/C	u_pool/acc_reg[11][11]/D
-0.561	u_enc_gelu/rq_tag_r1_reg[2]/C	u_pool/acc_reg[27][14]/D
-0.558	u_enc_gelu/rq_tag_r1_reg[2]/C	u_pool/acc_reg[12][10]/D
-0.557	u_enc_gelu/rq_tag_r1_reg[1]/C	u_pool/acc_reg[4][10]/D
-0.553	u_enc_gelu/rq_tag_r1_reg[2]/C	u_pool/acc_reg[45][13]/D
-0.552	u_enc_gelu/rq_tag_r1_reg[2]/C	u_pool/acc_reg[5][14]/D
-0.551	u_enc_gelu/rq_tag_r1_reg[2]/C	u_pool/acc_reg[17][12]/D
-0.550	u_enc_gelu/rq_tag_r1_reg[0]/C	u_pool/acc_reg[34][14]/D
-0.549	u_enc_gelu/rq_tag_r1_reg[2]/C	u_pool/acc_reg[1][10]/D
-0.548	u_enc_gelu/rq_tag_r1_reg[2]/C	u_pool/acc_reg[13][14]/D
-0.546	u_enc_gelu/rq_tag_r1_reg[2]/C	u_pool/acc_reg[24][13]/D
-0.545	u_enc_gelu/rq_tag_r1_reg[2]/C	u_pool/acc_reg[27][12]/D
-0.543	u_input_buf/gen_word_write.mem_reg_3/CLKBWRCLK	u_conv_mac/g_lane[1].lane_acc_reg[4]/D
-0.541	u_enc_gelu/rq_tag_r1_reg[1]/C	u_pool/acc_reg[4][8]/D
-0.537	u_enc_gelu/rq_tag_r1_reg[2]/C	u_pool/acc_reg[15][10]/D
-0.536	u_enc_gelu/rq_tag_r1_reg[2]/C	u_pool/acc_reg[5][12]/D
-0.536	u_enc_gelu/rq_tag_r1_reg[0]/C	u_pool/acc_reg[42][14]/D
-0.534	u_input_buf/gen_word_write.mem_reg_3/CLKBWRCLK	u_conv_mac/g_lane[14].lane_acc_reg[4]/D
-0.534	u_enc_gelu/rq_tag_r1_reg[1]/C	u_pool/acc_reg[3][7]/D
-0.534	u_enc_gelu/rq_tag_r1_reg[2]/C	u_pool/acc_reg[23][10]/D
-0.533	u_enc_gelu/rq_tag_r1_reg[2]/C	u_pool/acc_reg[10][8]/D
-0.532	u_enc_gelu/rq_tag_r1_reg[2]/C	u_pool/acc_reg[45][15]/D
-0.531	u_enc_gelu/rq_tag_r1_reg[1]/C	u_pool/acc_reg[34][13]/D
-0.529	u_enc_gelu/rq_tag_r1_reg[2]/C	u_pool/acc_reg[20][10]/D
-0.528	u_enc_gelu/rq_tag_r1_reg[2]/C	u_pool/acc_reg[13][12]/D
-0.526	u_enc_gelu/rq_tag_r1_reg[0]/C	u_pool/acc_reg[25][14]/D
-0.525	u_enc_gelu/rq_tag_r1_reg[2]/C	u_pool/acc_reg[8][9]/D
-0.521	u_input_buf/gen_word_write.mem_reg_3/CLKBWRCLK	u_conv_mac/g_lane[14].lane_out_reg[4]/D
-0.519	u_enc_gelu/rq_tag_r1_reg[2]/C	u_pool/acc_reg[32][13]/D
-0.519	u_enc_gelu/rq_tag_r1_reg[2]/C	u_pool/acc_reg[47][13]/D
-0.511	u_enc_gelu/rq_tag_r1_reg[2]/C	u_pool/acc_reg[26][14]/D
-0.510	u_input_buf/gen_word_write.mem_reg_1/CLKBWRCLK	u_conv_mac/g_lane[5].lane_acc_reg[4]/D
-0.504	u_enc_gelu/rq_tag_r1_reg[1]/C	u_pool/acc_reg[2][7]/D
-0.503	u_enc_gelu/rq_tag_r1_reg[2]/C	u_pool/acc_reg[22][11]/D
-0.502	u_enc_gelu/rq_tag_r1_reg[2]/C	u_pool/acc_reg[11][10]/D
-0.498	u_enc_gelu/rq_tag_r1_reg[2]/C	u_pool/acc_reg[32][15]/D
-0.498	u_enc_gelu/rq_tag_r1_reg[2]/C	u_pool/acc_reg[47][15]/D
-0.497	u_enc_gelu/rq_tag_r1_reg[1]/C	u_pool/acc_reg[16][10]/D
-0.496	u_input_buf/gen_word_write.mem_reg_3/CLKBWRCLK	u_conv_mac/g_lane[9].lane_acc_reg[5]/D
-0.496	u_enc_gelu/rq_tag_r1_reg[1]/C	u_pool/acc_reg[20][9]/D
-0.495	u_enc_gelu/rq_tag_r1_reg[2]/C	u_pool/acc_reg[19][14]/D
-0.495	u_enc_gelu/rq_tag_r1_reg[2]/C	u_pool/acc_reg[26][12]/D
-0.495	u_input_buf/gen_word_write.mem_reg_3/CLKBWRCLK	u_conv_mac/g_lane[0].lane_out_reg[5]/D
-0.493	u_enc_gelu/rq_tag_r1_reg[2]/C	u_pool/acc_reg[38][13]/D
-0.488	u_input_buf/gen_word_write.mem_reg_1/CLKBWRCLK	u_conv_mac/g_lane[2].lane_out_reg[5]/D
-0.487	u_input_buf/gen_word_write.mem_reg_3/CLKBWRCLK	u_conv_mac/g_lane[1].lane_out_reg[4]/D
-0.486	u_enc_gelu/rq_tag_r1_reg[1]/C	u_pool/acc_reg[14][8]/D
-0.486	u_enc_gelu/rq_tag_r1_reg[2]/C	u_pool/acc_reg[15][9]/D
-0.485	u_enc_gelu/rq_tag_r1_reg[2]/C	u_pool/acc_reg[38][15]/D
-0.481	u_enc_gelu/rq_tag_r1_reg[1]/C	u_pool/acc_reg[23][9]/D
-0.480	u_enc_gelu/rq_tag_r1_reg[2]/C	u_pool/acc_reg[6][11]/D
-0.477	u_enc_gelu/rq_tag_r1_reg[1]/C	u_pool/acc_reg[16][8]/D
-0.477	u_enc_gelu/rq_tag_r1_reg[2]/C	u_pool/acc_reg[35][13]/D
-0.476	u_enc_gelu/rq_tag_r1_reg[1]/C	u_pool/acc_reg[1][8]/D
-0.475	u_enc_gelu/rq_tag_r1_reg[2]/C	u_pool/acc_reg[19][12]/D
-0.475	u_enc_gelu/rq_tag_r1_reg[2]/C	u_pool/acc_reg[7][9]/D
-0.474	u_enc_gelu/rq_tag_r1_reg[1]/C	u_pool/acc_reg[3][6]/D
-0.472	u_enc_gelu/rq_tag_r1_reg[0]/C	u_pool/acc_reg[24][14]/D
-0.471	u_enc_gelu/rq_tag_r1_reg[2]/C	u_pool/acc_reg[0][11]/D
-0.470	u_enc_gelu/rq_tag_r1_reg[1]/C	u_pool/acc_reg[42][12]/D
-0.468	u_input_buf/gen_word_write.mem_reg_3/CLKBWRCLK	u_conv_mac/g_lane[12].lane_out_reg[5]/D
-0.467	u_enc_gelu/rq_tag_r1_reg[1]/C	u_pool/acc_reg[42][9]/D
-0.466	u_enc_gelu/rq_tag_r1_reg[1]/C	u_pool/acc_reg[9][8]/D
-0.465	u_enc_gelu/rq_tag_r1_reg[2]/C	u_pool/acc_reg[36][13]/D
-0.465	u_enc_gelu/rq_tag_r1_reg[2]/C	u_pool/acc_reg[25][12]/D
-0.463	u_enc_gelu/rq_tag_r1_reg[2]/C	u_pool/acc_reg[60][13]/D
-0.461	u_input_buf/gen_word_write.mem_reg_0/CLKBWRCLK	u_conv_mac/g_lane[3].lane_out_reg[5]/D
-0.461	u_enc_gelu/rq_tag_r1_reg[1]/C	u_pool/acc_reg[11][8]/D
-0.458	u_enc_gelu/rq_tag_r1_reg[2]/C	u_pool/acc_reg[45][14]/D
-0.457	u_enc_gelu/rq_tag_r1_reg[0]/C	u_pool/acc_reg[46][15]/D
-0.456	u_enc_gelu/rq_tag_r1_reg[2]/C	u_pool/acc_reg[35][15]/D
-0.447	u_input_buf/gen_word_write.mem_reg_1/CLKBWRCLK	u_conv_mac/g_lane[2].lane_acc_reg[4]/D
-0.446	u_enc_gelu/rq_tag_r1_reg[1]/C	u_pool/acc_reg[42][11]/D
-0.445	u_input_buf/gen_word_write.mem_reg_3/CLKBWRCLK	u_conv_mac/g_lane[13].lane_out_reg[5]/D
-0.445	u_enc_gelu/rq_tag_r1_reg[1]/C	u_pool/acc_reg[2][6]/D
-0.444	u_enc_gelu/rq_tag_r1_reg[1]/C	u_pool/acc_reg[12][9]/D
-0.444	u_enc_gelu/rq_tag_r1_reg[2]/C	u_pool/acc_reg[36][15]/D
-0.444	u_enc_gelu/rq_tag_r1_reg[2]/C	u_pool/acc_reg[22][10]/D
-0.442	u_enc_gelu/rq_tag_r1_reg[2]/C	u_pool/acc_reg[60][15]/D
-0.442	u_enc_gelu/rq_tag_r1_reg[2]/C	u_pool/acc_reg[45][12]/D
-0.441	u_enc_gelu/rq_tag_r1_reg[2]/C	u_pool/acc_reg[41][11]/D
-0.440	u_input_buf/gen_word_write.mem_reg_3/CLKBWRCLK	u_conv_mac/g_lane[13].lane_acc_reg[5]/D
-0.439	u_input_buf/gen_word_write.mem_reg_2/CLKBWRCLK	u_conv_mac/g_lane[7].lane_acc_reg[5]/D
-0.435	u_enc_gelu/rq_tag_r1_reg[2]/C	u_pool/acc_reg[24][12]/D
-0.435	u_enc_gelu/rq_tag_r1_reg[2]/C	u_pool/acc_reg[18][11]/D
-0.432	u_enc_gelu/rq_tag_r1_reg[2]/C	u_pool/acc_reg[57][13]/D
-0.432	u_enc_gelu/rq_tag_r1_reg[2]/C	u_pool/acc_reg[39][11]/D
-0.430	u_input_buf/gen_word_write.mem_reg_3/CLKBWRCLK	u_conv_mac/g_lane[15].lane_out_reg[5]/D
-0.424	u_enc_gelu/rq_tag_r1_reg[2]/C	u_pool/acc_reg[32][14]/D
-0.424	u_enc_gelu/rq_tag_r1_reg[2]/C	u_pool/acc_reg[47][14]/D
-0.424	u_enc_gelu/rq_tag_r1_reg[1]/C	u_pool/acc_reg[22][9]/D
-0.421	u_enc_gelu/rq_tag_r1_reg[2]/C	u_pool/acc_reg[8][8]/D
-0.420	u_enc_gelu/rq_tag_r1_reg[1]/C	u_pool/acc_reg[34][12]/D
-0.420	u_input_buf/gen_word_write.mem_reg_0/CLKBWRCLK	u_conv_mac/g_lane[6].lane_out_reg[5]/D
-0.420	u_enc_gelu/rq_tag_r1_reg[2]/C	u_pool/acc_reg[6][10]/D
-0.419	u_enc_gelu/rq_tag_r1_reg[2]/C	u_pool/acc_reg[13][11]/D
-0.418	u_enc_gelu/rq_tag_r1_reg[2]/C	u_pool/acc_reg[17][11]/D
-0.417	u_enc_gelu/rq_tag_r1_reg[1]/C	u_pool/acc_reg[17][9]/D
-0.417	u_enc_gelu/rq_tag_r1_reg[1]/C	u_pool/acc_reg[34][9]/D
-0.412	u_enc_gelu/rq_tag_r1_reg[2]/C	u_pool/acc_reg[27][11]/D
-0.411	u_enc_gelu/rq_tag_r1_reg[2]/C	u_pool/acc_reg[57][15]/D
-0.411	u_input_buf/gen_word_write.mem_reg_2/CLKBWRCLK	u_conv_mac/g_lane[4].lane_out_reg[4]/D
-0.411	u_enc_gelu/rq_tag_r1_reg[2]/C	u_pool/acc_reg[0][10]/D
-0.409	u_enc_gelu/rq_tag_r1_reg[1]/C	u_pool/acc_reg[6][9]/D
-0.409	u_enc_gelu/rq_tag_r1_reg[2]/C	u_pool/acc_reg[38][14]/D
-0.408	u_enc_gelu/rq_tag_r1_reg[2]/C	u_pool/acc_reg[32][12]/D
-0.408	u_enc_gelu/rq_tag_r1_reg[1]/C	u_pool/acc_reg[4][7]/D
-0.408	u_enc_gelu/rq_tag_r1_reg[2]/C	u_pool/acc_reg[47][12]/D
-0.407	u_enc_gelu/rq_tag_r1_reg[2]/C	u_pool/acc_reg[40][13]/D
-0.403	u_enc_gelu/rq_tag_r1_reg[2]/C	u_pool/acc_reg[5][11]/D
-0.397	u_enc_gelu/rq_tag_r1_reg[0]/C	u_pool/acc_reg[46][14]/D
-0.396	u_enc_gelu/rq_tag_r1_reg[1]/C	u_pool/acc_reg[34][11]/D
-0.396	u_enc_gelu/rq_tag_r1_reg[2]/C	u_pool/acc_reg[29][13]/D
-0.393	u_input_buf/gen_word_write.mem_reg_3/CLKBWRCLK	u_conv_mac/g_lane[11].lane_acc_reg[5]/D
-0.393	u_enc_gelu/rq_tag_r1_reg[2]/C	u_pool/acc_reg[61][13]/D
-0.392	u_enc_gelu/rq_tag_r1_reg[1]/C	u_pool/acc_reg[20][8]/D
-0.389	u_enc_gelu/rq_tag_r1_reg[2]/C	u_pool/acc_reg[38][12]/D
-0.386	u_enc_gelu/rq_tag_r1_reg[2]/C	u_pool/acc_reg[40][15]/D
-0.385	u_enc_gelu/rq_tag_r1_reg[2]/C	u_pool/acc_reg[18][9]/D
-0.382	u_enc_gelu/rq_tag_r1_reg[2]/C	u_pool/acc_reg[35][14]/D
-0.381	u_enc_gelu/rq_tag_r1_reg[2]/C	u_pool/acc_reg[41][10]/D
-0.379	u_input_buf/gen_word_write.mem_reg_2/CLKBWRCLK	u_conv_mac/g_lane[4].lane_acc_reg[5]/D
-0.378	u_enc_gelu/rq_tag_r1_reg[2]/C	u_pool/acc_reg[26][9]/D
-0.377	u_enc_gelu/rq_tag_r1_reg[1]/C	u_pool/acc_reg[23][8]/D
-0.376	u_enc_gelu/rq_tag_r1_reg[2]/C	u_pool/acc_reg[43][13]/D
-0.376	u_input_buf/gen_word_write.mem_reg_2/CLKBWRCLK	u_conv_mac/g_lane[5].lane_out_reg[5]/D
-0.375	u_enc_gelu/rq_tag_r1_reg[2]/C	u_pool/acc_reg[29][15]/D
-0.375	u_enc_gelu/rq_tag_r1_reg[2]/C	u_pool/acc_reg[18][10]/D
-0.375	u_enc_gelu/rq_tag_r1_reg[2]/C	u_pool/acc_reg[15][8]/D
-0.372	u_enc_gelu/rq_tag_r1_reg[1]/C	u_pool/acc_reg[42][10]/D
-0.372	u_enc_gelu/rq_tag_r1_reg[2]/C	u_pool/acc_reg[39][10]/D
-0.372	u_enc_gelu/rq_tag_r1_reg[2]/C	u_pool/acc_reg[61][15]/D
-0.370	u_enc_gelu/rq_tag_r1_reg[2]/C	u_pool/acc_reg[21][13]/D
-0.370	u_enc_gelu/rq_tag_r1_reg[2]/C	u_pool/acc_reg[36][14]/D
-0.368	u_enc_gelu/rq_tag_r1_reg[1]/C	u_pool/acc_reg[16][7]/D
-0.368	u_enc_gelu/rq_tag_r1_reg[2]/C	u_pool/acc_reg[60][14]/D
-0.366	u_enc_gelu/rq_tag_r1_reg[2]/C	u_pool/acc_reg[19][11]/D
-0.366	u_enc_gelu/rq_tag_r1_reg[2]/C	u_pool/acc_reg[35][12]/D
-0.364	u_input_buf/gen_word_write.mem_reg_3/CLKBWRCLK	u_conv_mac/g_lane[15].lane_acc_reg[5]/D
-0.358	u_enc_gelu/rq_tag_r1_reg[2]/C	u_pool/acc_reg[17][10]/D
-0.357	u_enc_gelu/rq_tag_r1_reg[2]/C	u_pool/acc_reg[26][11]/D
-0.356	u_enc_gelu/rq_tag_r1_reg[1]/C	u_pool/acc_reg[42][8]/D
-0.356	u_enc_gelu/rq_tag_r1_reg[1]/C	u_pool/acc_reg[2][5]/D
-0.355	u_enc_gelu/rq_tag_r1_reg[1]/C	u_pool/acc_reg[47][9]/D
-0.355	u_enc_gelu/rq_tag_r1_reg[2]/C	u_pool/acc_reg[43][15]/D
-0.354	u_enc_gelu/rq_tag_r1_reg[0]/C	u_pool/acc_reg[62][15]/D
-0.354	u_enc_gelu/rq_tag_r1_reg[2]/C	u_pool/acc_reg[13][10]/D
-0.354	u_enc_gelu/rq_tag_r1_reg[2]/C	u_pool/acc_reg[36][12]/D
-0.352	u_enc_gelu/rq_tag_r1_reg[2]/C	u_pool/acc_reg[60][12]/D
-0.352	u_enc_gelu/rq_tag_r1_reg[2]/C	u_pool/acc_reg[27][10]/D
-0.351	u_enc_gelu/rq_tag_r1_reg[1]/C	u_pool/acc_reg[39][9]/D
-0.351	u_input_buf/gen_word_write.mem_reg_3/CLKBWRCLK	u_conv_mac/g_lane[0].lane_acc_reg[5]/D
-0.349	u_enc_gelu/rq_tag_r1_reg[2]/C	u_pool/acc_reg[21][15]/D
-0.349	u_enc_gelu/rq_tag_r1_reg[1]/C	u_pool/acc_reg[10][7]/D
-0.348	u_enc_gelu/rq_tag_r1_reg[1]/C	u_pool/acc_reg[4][6]/D
-0.344	u_input_buf/gen_word_write.mem_reg_3/CLKBWRCLK	u_conv_mac/g_lane[9].lane_out_reg[5]/D
-0.343	u_enc_gelu/rq_tag_r1_reg[1]/C	u_pool/acc_reg[1][7]/D
-0.343	u_enc_gelu/rq_tag_r1_reg[2]/C	u_pool/acc_reg[5][10]/D
-0.338	u_pool/p_r3_reg[14]/C	u_pool/q_r4_reg[1]/D
-0.337	u_input_buf/gen_word_write.mem_reg_1/CLKBWRCLK	u_conv_mac/g_lane[2].lane_out_reg[4]/D
-0.337	u_enc_gelu/rq_tag_r1_reg[2]/C	u_pool/acc_reg[57][14]/D
-0.337	u_enc_gelu/rq_tag_r1_reg[1]/C	u_pool/acc_reg[14][7]/D
-0.334	u_input_buf/gen_word_write.mem_reg_3/CLKBWRCLK	u_conv_mac/g_lane[13].lane_out_reg[4]/D
-0.334	u_enc_gelu/rq_tag_r1_reg[1]/C	u_pool/acc_reg[47][11]/D
-0.333	u_enc_gelu/rq_tag_r1_reg[1]/C	u_pool/acc_reg[9][7]/D
-0.333	u_enc_gelu/rq_tag_r1_reg[1]/C	u_pool/acc_reg[12][8]/D
-0.332	u_enc_gelu/rq_tag_r1_reg[2]/C	u_pool/acc_reg[25][11]/D
-0.331	u_enc_gelu/rq_tag_r1_reg[2]/C	u_pool/acc_reg[54][13]/D
-0.329	u_input_buf/gen_word_write.mem_reg_3/CLKBWRCLK	u_conv_mac/g_lane[13].lane_acc_reg[4]/D
-0.328	u_enc_gelu/rq_tag_r1_reg[1]/C	u_pool/acc_reg[11][7]/D
-0.327	u_enc_gelu/rq_tag_r1_reg[2]/C	u_pool/acc_reg[52][13]/D
-0.326	u_enc_gelu/rq_tag_r1_reg[0]/C	u_pool/acc_reg[30][15]/D
-0.322	u_enc_gelu/rq_tag_r1_reg[2]/C	u_pool/acc_reg[28][13]/D
-0.322	u_enc_gelu/rq_tag_r1_reg[1]/C	u_pool/acc_reg[34][10]/D
-0.322	u_pool/p_r3_reg[14]/C	u_pool/q_r4_reg[2]/D
-0.321	u_enc_gelu/rq_tag_r1_reg[2]/C	u_pool/acc_reg[57][12]/D
-0.320	u_enc_gelu/rq_tag_r1_reg[1]/C	u_pool/acc_reg[0][9]/D
-0.319	u_input_buf/gen_word_write.mem_reg_3/CLKBWRCLK	u_conv_mac/g_lane[15].lane_out_reg[4]/D
-0.319	u_enc_gelu/rq_tag_r1_reg[2]/C	u_pool/acc_reg[52][15]/D
-0.317	u_enc_gelu/rq_tag_r1_reg[2]/C	u_pool/acc_reg[44][13]/D
-0.317	u_enc_gelu/rq_tag_r1_reg[0]/C	u_pool/acc_reg[40][14]/D
-0.317	u_pool/p_r3_reg[14]/C	u_pool/q_r4_reg[3]/D
-0.315	u_enc_gelu/rq_tag_r1_reg[1]/C	u_pool/acc_reg[25][9]/D
-0.314	u_enc_gelu/rq_tag_r1_reg[1]/C	u_pool/acc_reg[10][5]/D
-0.314	u_input_buf/gen_word_write.mem_reg_1/CLKBWRCLK	u_conv_mac/g_lane[3].lane_acc_reg[5]/D
-0.313	u_enc_gelu/rq_tag_r1_reg[1]/C	u_pool/acc_reg[22][8]/D
-0.310	u_input_buf/gen_word_write.mem_reg_3/CLKBWRCLK	u_conv_mac/g_lane[9].lane_acc_reg[4]/D
-0.310	u_enc_gelu/rq_tag_r1_reg[2]/C	u_pool/acc_reg[54][15]/D
-0.306	u_enc_gelu/rq_tag_r1_reg[1]/C	u_pool/acc_reg[17][8]/D
-0.306	u_enc_gelu/rq_tag_r1_reg[1]/C	u_pool/acc_reg[34][8]/D
-0.305	u_pool/p_r3_reg[14]/C	u_pool/q_r4_reg[5]/D
-0.303	u_enc_gelu/rq_tag_r1_reg[1]/C	u_pool/acc_reg[16][6]/D
-0.302	u_enc_gelu/rq_tag_r1_reg[2]/C	u_pool/acc_reg[24][11]/D
-0.301	u_enc_gelu/rq_tag_r1_reg[2]/C	u_pool/acc_reg[19][10]/D
-0.301	u_enc_gelu/rq_tag_r1_reg[2]/C	u_pool/acc_reg[28][15]/D
-0.301	u_enc_gelu/rq_tag_r1_reg[2]/C	u_pool/acc_reg[29][14]/D
-0.300	u_enc_gelu/rq_tag_r1_reg[2]/C	u_pool/acc_reg[7][8]/D
-0.298	u_enc_gelu/rq_tag_r1_reg[1]/C	u_pool/acc_reg[6][8]/D
-0.298	u_enc_gelu/rq_tag_r1_reg[2]/C	u_pool/acc_reg[61][14]/D
-0.296	u_enc_gelu/rq_tag_r1_reg[2]/C	u_pool/acc_reg[44][15]/D
-0.296	u_enc_gelu/rq_tag_r1_reg[0]/C	u_pool/acc_reg[50][15]/D
-0.296	u_enc_gelu/rq_tag_r1_reg[2]/C	u_pool/acc_reg[40][12]/D
-0.294	u_enc_gelu/rq_tag_r1_reg[2]/C	u_pool/acc_reg[45][11]/D
-0.291	u_input_buf/gen_word_write.mem_reg_3/CLKBWRCLK	u_conv_mac/g_lane[12].lane_out_reg[4]/D
-0.290	u_enc_gelu/rq_tag_r1_reg[1]/C	u_pool/acc_reg[10][6]/D
-0.289	u_enc_gelu/rq_tag_r1_reg[0]/C	u_pool/acc_reg[62][14]/D
-0.285	u_enc_gelu/rq_tag_r1_reg[2]/C	u_pool/acc_reg[29][12]/D
-0.284	u_enc_gelu/rq_tag_r1_reg[1]/C	u_pool/acc_reg[3][5]/D
-0.283	u_enc_gelu/rq_tag_r1_reg[1]/C	u_pool/acc_reg[1][6]/D
-0.283	u_enc_gelu/rq_tag_r1_reg[1]/C	u_pool/acc_reg[20][7]/D
-0.283	u_enc_gelu/rq_tag_r1_reg[2]/C	u_pool/acc_reg[26][10]/D
-0.282	u_enc_gelu/rq_tag_r1_reg[1]/C	u_pool/acc_reg[11][5]/D
-0.282	u_enc_gelu/rq_tag_r1_reg[2]/C	u_pool/acc_reg[61][12]/D
-0.281	u_enc_gelu/rq_tag_r1_reg[2]/C	u_pool/acc_reg[63][13]/D
-0.281	u_enc_gelu/rq_tag_r1_reg[2]/C	u_pool/acc_reg[43][14]/D
-0.280	u_enc_gelu/rq_tag_r1_reg[2]/C	u_pool/acc_reg[38][11]/D
-0.278	u_enc_gelu/rq_tag_r1_reg[1]/C	u_pool/acc_reg[14][6]/D
-0.276	u_enc_gelu/rq_tag_r1_reg[2]/C	u_pool/acc_reg[62][13]/D
-0.275	u_enc_gelu/rq_tag_r1_reg[2]/C	u_pool/acc_reg[21][14]/D
-0.275	u_enc_gelu/rq_tag_r1_reg[2]/C	u_pool/acc_reg[32][11]/D
-0.274	u_enc_gelu/rq_tag_r1_reg[2]/C	u_pool/acc_reg[18][8]/D
-0.273	u_enc_gelu/rq_tag_r1_reg[1]/C	u_pool/acc_reg[9][6]/D
-0.272	u_enc_gelu/rq_tag_r1_reg[2]/C	u_pool/acc_reg[25][10]/D
-0.271	u_enc_gelu/rq_tag_r1_reg[2]/C	u_pool/acc_reg[30][13]/D
-0.268	u_enc_gelu/rq_tag_r1_reg[1]/C	u_pool/acc_reg[23][7]/D
-0.268	u_enc_gelu/rq_tag_r1_reg[1]/C	u_pool/acc_reg[11][6]/D
-0.267	u_enc_gelu/rq_tag_r1_reg[2]/C	u_pool/acc_reg[26][8]/D
-0.266	u_enc_gelu/rq_tag_r1_reg[0]/C	u_pool/acc_reg[30][14]/D
-0.265	u_enc_gelu/rq_tag_r1_reg[2]/C	u_pool/acc_reg[43][12]/D
-0.260	u_enc_gelu/rq_tag_r1_reg[2]/C	u_pool/acc_reg[63][15]/D
-0.260	u_input_buf/gen_word_write.mem_reg_3/CLKBWRCLK	u_conv_mac/g_lane[15].lane_acc_reg[4]/D
-0.260	u_enc_gelu/rq_tag_r1_reg[1]/C	u_pool/acc_reg[47][10]/D
-0.259	u_enc_gelu/rq_tag_r1_reg[2]/C	u_pool/acc_reg[21][12]/D
-0.258	u_enc_gelu/rq_tag_r1_reg[1]/C	u_pool/acc_reg[45][9]/D
-0.252	u_enc_gelu/rq_tag_r1_reg[2]/C	u_pool/acc_reg[50][13]/D
-0.251	u_input_buf/gen_word_write.mem_reg_0/CLKBWRCLK	u_conv_mac/g_lane[6].lane_acc_reg[4]/D
-0.249	u_enc_gelu/rq_tag_r1_reg[1]/C	u_pool/acc_reg[41][9]/D
-0.245	u_enc_gelu/rq_tag_r1_reg[1]/C	u_pool/acc_reg[2][4]/D
-0.244	u_enc_gelu/rq_tag_r1_reg[1]/C	u_pool/acc_reg[47][8]/D
-0.243	u_enc_gelu/rq_tag_r1_reg[2]/C	u_pool/acc_reg[52][14]/D
-0.242	u_enc_gelu/rq_tag_r1_reg[2]/C	u_pool/acc_reg[24][10]/D
-0.240	u_enc_gelu/rq_tag_r1_reg[1]/C	u_pool/acc_reg[39][8]/D
-0.238	u_enc_gelu/rq_tag_r1_reg[2]/C	u_pool/acc_reg[55][13]/D
-0.238	u_input_buf/gen_word_write.mem_reg_2/CLKBWRCLK	u_conv_mac/g_lane[7].lane_out_reg[4]/D
-0.237	u_enc_gelu/rq_tag_r1_reg[0]/C	u_pool/acc_reg[37][13]/D
-0.237	u_input_buf/gen_word_write.mem_reg_2/CLKBWRCLK	u_conv_mac/g_lane[7].lane_acc_reg[4]/D
-0.237	u_enc_gelu/rq_tag_r1_reg[2]/C	u_pool/acc_reg[48][13]/D
-0.236	u_enc_gelu/rq_tag_r1_reg[0]/C	u_pool/acc_reg[50][14]/D
-0.236	u_enc_gelu/rq_tag_r1_reg[2]/C	u_pool/acc_reg[54][14]/D
-0.236	u_enc_gelu/rq_tag_r1_reg[1]/C	u_pool/acc_reg[32][9]/D
-0.234	u_enc_gelu/rq_tag_r1_reg[2]/C	u_pool/acc_reg[45][10]/D
-0.232	u_input_buf/gen_word_write.mem_reg_3/CLKBWRCLK	u_conv_mac/g_lane[9].lane_out_reg[4]/D
-0.231	u_enc_gelu/rq_tag_r1_reg[0]/C	u_pool/acc_reg[53][13]/D
-0.231	u_enc_gelu/rq_tag_r1_reg[1]/C	u_pool/acc_reg[27][9]/D
-0.228	u_input_buf/gen_word_write.mem_reg_0/CLKBWRCLK	u_conv_mac/g_lane[6].lane_out_reg[4]/D
-0.227	u_enc_gelu/rq_tag_r1_reg[2]/C	u_pool/acc_reg[28][14]/D
-0.223	u_enc_gelu/rq_tag_r1_reg[1]/C	u_pool/acc_reg[42][7]/D
-0.223	u_enc_gelu/rq_tag_r1_reg[2]/C	u_pool/acc_reg[52][12]/D
-0.222	u_enc_gelu/rq_tag_r1_reg[2]/C	u_pool/acc_reg[44][14]/D
-0.222	u_enc_gelu/rq_tag_r1_reg[1]/C	u_pool/acc_reg[35][9]/D
-0.221	u_enc_gelu/rq_tag_r1_reg[2]/C	u_pool/acc_reg[36][11]/D
-0.220	u_input_buf/gen_word_write.mem_reg_3/CLKBWRCLK	u_conv_mac/g_lane[11].lane_out_reg[4]/D
-0.220	u_enc_gelu/rq_tag_r1_reg[2]/C	u_pool/acc_reg[54][12]/D
-0.219	u_enc_gelu/rq_tag_r1_reg[2]/C	u_pool/acc_reg[46][13]/D
-0.219	u_enc_gelu/rq_tag_r1_reg[2]/C	u_pool/acc_reg[60][11]/D
-0.218	u_enc_gelu/rq_tag_r1_reg[1]/C	u_pool/acc_reg[20][6]/D
-0.218	u_input_buf/gen_word_write.mem_reg_3/CLKBWRCLK	u_conv_mac/g_lane[11].lane_acc_reg[4]/D
-0.217	u_enc_gelu/rq_tag_r1_reg[2]/C	u_pool/acc_reg[55][15]/D
-0.216	u_enc_gelu/rq_tag_r1_reg[0]/C	u_pool/acc_reg[37][15]/D
-0.216	u_enc_gelu/rq_tag_r1_reg[2]/C	u_pool/acc_reg[48][15]/D
-0.215	u_enc_gelu/rq_tag_r1_reg[2]/C	u_pool/acc_reg[32][10]/D
-0.215	u_pool/p_r3_reg[14]/C	u_pool/q_r4_reg[0]/D
-0.215	u_enc_gelu/rq_tag_r1_reg[2]/C	u_pool/acc_reg[38][10]/D
-0.211	u_enc_gelu/rq_tag_r1_reg[2]/C	u_pool/acc_reg[28][12]/D
-0.210	u_enc_gelu/rq_tag_r1_reg[0]/C	u_pool/acc_reg[53][15]/D
-0.209	u_enc_gelu/rq_tag_r1_reg[1]/C	u_pool/acc_reg[0][8]/D
-0.206	u_enc_gelu/rq_tag_r1_reg[2]/C	u_pool/acc_reg[44][12]/D
-0.205	u_input_buf/gen_word_write.mem_reg_1/CLKBWRCLK	u_conv_mac/g_lane[5].lane_out_reg[4]/D
-0.205	u_enc_gelu/rq_tag_r1_reg[1]/C	u_pool/acc_reg[12][5]/D
-0.204	u_enc_gelu/rq_tag_r1_reg[1]/C	u_pool/acc_reg[25][8]/D
-0.203	u_enc_gelu/rq_tag_r1_reg[1]/C	u_pool/acc_reg[10][4]/D
-0.203	u_enc_gelu/rq_tag_r1_reg[1]/C	u_pool/acc_reg[23][6]/D
-0.203	u_input_buf/gen_word_write.mem_reg_1/CLKBWRCLK	u_conv_mac/g_lane[3].lane_acc_reg[4]/D
-0.201	u_enc_gelu/rq_tag_r1_reg[1]/C	u_pool/acc_reg[35][11]/D
-0.199	u_enc_gelu/rq_tag_r1_reg[2]/C	u_pool/acc_reg[49][13]/D
-0.199	u_input_buf/gen_word_write.mem_reg_1/CLKBWRCLK	u_conv_mac/g_lane[3].lane_out_reg[4]/D
-0.198	u_input_buf/gen_word_write.mem_reg_1/CLKBWRCLK	u_conv_mac/g_lane[8].lane_acc_reg[5]/D
-0.191	u_enc_gelu/rq_tag_r1_reg[2]/C	u_pool/acc_reg[49][15]/D
-0.191	u_enc_gelu/rq_tag_r1_reg[0]/C	u_pool/acc_reg[8][7]/D
-0.191	u_enc_gelu/rq_tag_r1_reg[0]/C	u_pool/acc_reg[51][15]/D
-0.191	u_input_buf/gen_word_write.mem_reg_2/CLKBWRCLK	u_conv_mac/g_lane[4].lane_acc_reg[4]/D
-0.190	u_enc_gelu/rq_tag_r1_reg[1]/C	u_pool/acc_reg[15][7]/D
-0.188	u_enc_gelu/rq_tag_r1_reg[2]/C	u_pool/acc_reg[57][11]/D
-0.186	u_enc_gelu/rq_tag_r1_reg[2]/C	u_pool/acc_reg[63][14]/D
-0.185	u_enc_gelu/rq_tag_r1_reg[2]/C	u_pool/acc_reg[24][9]/D
-0.184	u_enc_gelu/rq_tag_r1_reg[1]/C	u_pool/acc_reg[12][7]/D
-0.175	u_enc_gelu/rq_tag_r1_reg[1]/C	u_pool/acc_reg[38][9]/D
-0.173	u_enc_gelu/rq_tag_r1_reg[1]/C	u_pool/acc_reg[17][7]/D
-0.173	u_enc_gelu/rq_tag_r1_reg[1]/C	u_pool/acc_reg[34][7]/D
-0.172	u_enc_gelu/rq_tag_r1_reg[1]/C	u_pool/acc_reg[4][5]/D
-0.172	u_enc_gelu/rq_tag_r1_reg[2]/C	u_pool/acc_reg[62][12]/D
-0.172	u_enc_gelu/rq_tag_r1_reg[1]/C	u_pool/acc_reg[3][4]/D
-0.171	u_enc_gelu/rq_tag_r1_reg[1]/C	u_pool/acc_reg[11][4]/D
-0.170	u_enc_gelu/rq_tag_r1_reg[2]/C	u_pool/acc_reg[63][12]/D
-0.169	u_enc_gelu/rq_tag_r1_reg[1]/C	u_pool/acc_reg[13][9]/D
-0.168	u_enc_gelu/rq_tag_r1_reg[1]/C	u_pool/acc_reg[19][9]/D
-0.166	u_input_buf/gen_word_write.mem_reg_3/CLKBWRCLK	u_conv_mac/g_lane[1].lane_acc_reg[3]/D
-0.166	u_input_buf/gen_word_write.mem_reg_3/CLKBWRCLK	u_conv_mac/g_lane[12].lane_acc_reg[5]/D
-0.165	u_enc_gelu/rq_tag_r1_reg[1]/C	u_pool/acc_reg[6][7]/D
-0.164	u_enc_gelu/rq_tag_r1_reg[0]/C	u_pool/acc_reg[36][9]/D
-0.164	u_enc_gelu/rq_tag_r1_reg[1]/C	u_pool/acc_reg[22][7]/D
-0.163	u_enc_gelu/rq_tag_r1_reg[1]/C	u_pool/acc_reg[42][6]/D
-0.161	u_enc_gelu/rq_tag_r1_reg[2]/C	u_pool/acc_reg[31][13]/D
-0.161	u_enc_gelu/rq_tag_r1_reg[2]/C	u_pool/acc_reg[36][10]/D
-0.160	u_enc_gelu/rq_tag_r1_reg[2]/C	u_pool/acc_reg[30][12]/D
-0.159	u_enc_gelu/rq_tag_r1_reg[2]/C	u_pool/acc_reg[60][10]/D
-0.158	u_input_buf/gen_word_write.mem_reg_3/CLKBWRCLK	u_conv_mac/g_lane[14].lane_acc_reg[3]/D
-0.155	u_enc_gelu/rq_tag_r1_reg[2]/C	u_pool/acc_reg[51][13]/D
-0.155	u_enc_gelu/rq_tag_r1_reg[1]/C	u_pool/acc_reg[14][5]/D
-0.153	u_enc_gelu/rq_tag_r1_reg[2]/C	u_pool/acc_reg[31][15]/D
-0.152	u_enc_gelu/rq_tag_r1_reg[2]/C	u_pool/acc_reg[29][11]/D
-0.151	u_enc_gelu/rq_tag_r1_reg[2]/C	u_pool/acc_reg[43][9]/D
-0.150	u_enc_gelu/rq_tag_r1_reg[1]/C	u_pool/acc_reg[21][9]/D
-0.149	u_enc_gelu/rq_tag_r1_reg[2]/C	u_pool/acc_reg[61][11]/D
-0.147	u_enc_gelu/rq_tag_r1_reg[1]/C	u_pool/acc_reg[45][8]/D
-0.147	u_enc_gelu/rq_tag_r1_reg[2]/C	u_pool/acc_reg[40][11]/D
-0.146	u_enc_gelu/rq_tag_r1_reg[1]/C	u_pool/acc_reg[9][5]/D
-0.145	u_input_buf/gen_word_write.mem_reg_3/CLKBWRCLK	u_conv_mac/g_lane[14].lane_out_reg[3]/D
-0.143	u_enc_gelu/rq_tag_r1_reg[2]/C	u_pool/acc_reg[55][14]/D
-0.142	u_enc_gelu/rq_tag_r1_reg[0]/C	u_pool/acc_reg[37][14]/D
-0.142	u_enc_gelu/rq_tag_r1_reg[2]/C	u_pool/acc_reg[48][14]/D
-0.141	u_enc_gelu/rq_tag_r1_reg[2]/C	u_pool/acc_reg[50][12]/D
-0.139	u_enc_gelu/rq_tag_r1_reg[2]/C	u_pool/acc_reg[33][13]/D
-0.138	u_enc_gelu/rq_tag_r1_reg[1]/C	u_pool/acc_reg[41][8]/D
-0.136	u_enc_gelu/rq_tag_r1_reg[0]/C	u_pool/acc_reg[53][14]/D
-0.135	u_enc_gelu/rq_tag_r1_reg[0]/C	u_pool/acc_reg[58][13]/D
-0.134	u_input_buf/gen_word_write.mem_reg_1/CLKBWRCLK	u_conv_mac/g_lane[5].lane_acc_reg[3]/D
-0.132	u_enc_gelu/rq_tag_r1_reg[1]/C	u_pool/acc_reg[7][7]/D
-0.131	u_enc_gelu/rq_tag_r1_reg[2]/C	u_pool/acc_reg[33][15]/D
-0.130	u_enc_gelu/rq_tag_r1_reg[2]/C	u_pool/acc_reg[43][11]/D
-0.130	u_enc_gelu/rq_tag_r1_reg[1]/C	u_pool/acc_reg[15][6]/D
-0.129	u_enc_gelu/rq_tag_r1_reg[1]/C	u_pool/acc_reg[21][11]/D
-0.128	u_enc_gelu/rq_tag_r1_reg[2]/C	u_pool/acc_reg[57][10]/D
-0.127	u_enc_gelu/rq_tag_r1_reg[0]/C	u_pool/acc_reg[58][15]/D
-0.127	u_enc_gelu/rq_tag_r1_reg[1]/C	u_pool/acc_reg[35][10]/D
-0.127	u_enc_gelu/rq_tag_r1_reg[2]/C	u_pool/acc_reg[55][12]/D
-0.126	u_enc_gelu/rq_tag_r1_reg[0]/C	u_pool/acc_reg[37][12]/D
-0.126	u_enc_gelu/rq_tag_r1_reg[0]/C	u_pool/acc_reg[8][6]/D
-0.126	u_enc_gelu/rq_tag_r1_reg[2]/C	u_pool/acc_reg[48][12]/D
-0.126	u_enc_gelu/rq_tag_r1_reg[0]/C	u_pool/acc_reg[51][14]/D
-0.125	u_enc_gelu/rq_tag_r1_reg[1]/C	u_pool/acc_reg[12][6]/D
-0.125	u_enc_gelu/rq_tag_r1_reg[1]/C	u_pool/acc_reg[32][8]/D
-0.123	u_enc_gelu/rq_tag_r1_reg[0]/C	u_pool/acc_reg[37][9]/D
-0.120	u_enc_gelu/rq_tag_r1_reg[0]/C	u_pool/acc_reg[53][12]/D
-0.120	u_enc_gelu/rq_tag_r1_reg[1]/C	u_pool/acc_reg[27][8]/D
-0.118	u_enc_gelu/rq_tag_r1_reg[0]/C	u_pool/acc_reg[56][13]/D
-0.117	u_enc_gelu/rq_tag_r1_reg[0]/C	u_pool/acc_reg[53][9]/D
-0.116	u_input_buf/gen_word_write.mem_reg_3/CLKBWRCLK	u_conv_mac/g_lane[0].lane_out_reg[4]/D
-0.115	u_enc_gelu/rq_tag_r1_reg[2]/C	u_pool/acc_reg[49][14]/D
-0.114	u_enc_gelu/rq_tag_r1_reg[2]/C	u_pool/acc_reg[52][11]/D
-0.113	u_enc_gelu/rq_tag_r1_reg[1]/C	u_pool/acc_reg[17][6]/D
-0.113	u_enc_gelu/rq_tag_r1_reg[1]/C	u_pool/acc_reg[34][6]/D
-0.111	u_input_buf/gen_word_write.mem_reg_3/CLKBWRCLK	u_conv_mac/g_lane[1].lane_out_reg[3]/D
-0.111	u_enc_gelu/rq_tag_r1_reg[1]/C	u_pool/acc_reg[35][8]/D
-0.111	u_enc_gelu/rq_tag_r1_reg[1]/C	u_pool/acc_reg[47][7]/D
-0.108	u_enc_gelu/rq_tag_r1_reg[2]/C	u_pool/acc_reg[46][12]/D
-0.107	u_enc_gelu/rq_tag_r1_reg[1]/C	u_pool/acc_reg[1][5]/D
-0.107	u_input_buf/gen_word_write.mem_reg_3/CLKBWRCLK	u_conv_mac/g_lane[10].lane_acc_reg[4]/D
-0.107	u_enc_gelu/rq_tag_r1_reg[1]/C	u_pool/acc_reg[39][7]/D
-0.106	u_enc_gelu/rq_tag_r1_reg[0]/C	u_pool/acc_reg[59][15]/D
-0.105	u_enc_gelu/rq_tag_r1_reg[1]/C	u_pool/acc_reg[6][5]/D
-0.105	u_enc_gelu/rq_tag_r1_reg[1]/C	u_pool/acc_reg[6][6]/D
-0.105	u_enc_gelu/rq_tag_r1_reg[1]/C	u_pool/acc_reg[22][6]/D
-0.102	u_enc_gelu/rq_tag_r1_reg[0]/C	u_pool/acc_reg[37][11]/D
-0.097	u_enc_gelu/rq_tag_r1_reg[0]/C	u_pool/acc_reg[56][15]/D
-0.096	u_enc_gelu/rq_tag_r1_reg[0]/C	u_pool/acc_reg[53][11]/D
-0.095	u_enc_gelu/rq_tag_r1_reg[2]/C	u_pool/acc_reg[49][12]/D
-0.094	u_enc_gelu/rq_tag_r1_reg[1]/C	u_pool/acc_reg[12][4]/D
-0.092	u_enc_gelu/rq_tag_r1_reg[2]/C	u_pool/acc_reg[29][10]/D
-0.089	u_enc_gelu/rq_tag_r1_reg[2]/C	u_pool/acc_reg[61][10]/D
-0.088	u_enc_gelu/rq_tag_r1_reg[2]/C	u_pool/acc_reg[40][10]/D
-0.088	u_enc_gelu/rq_tag_r1_reg[0]/C	u_pool/acc_reg[62][9]/D
-0.087	u_enc_gelu/rq_tag_r1_reg[2]/C	u_pool/acc_reg[54][11]/D
-0.085	u_enc_gelu/rq_tag_r1_reg[1]/C	u_pool/acc_reg[23][5]/D
-0.080	u_enc_gelu/rq_tag_r1_reg[0]/C	u_pool/acc_reg[62][11]/D
-0.079	u_enc_gelu/rq_tag_r1_reg[1]/C	u_pool/acc_reg[15][5]/D
-0.078	u_enc_gelu/rq_tag_r1_reg[2]/C	u_pool/acc_reg[28][11]/D
-0.077	u_enc_gelu/rq_tag_r1_reg[2]/C	u_pool/acc_reg[31][14]/D
-0.076	u_input_buf/gen_word_write.mem_reg_3/CLKBWRCLK	u_conv_mac/g_lane[10].lane_out_reg[4]/D
-0.076	u_enc_gelu/rq_tag_r1_reg[1]/C	u_pool/acc_reg[7][5]/D
-0.076	u_enc_gelu/rq_tag_r1_reg[1]/C	u_pool/acc_reg[0][7]/D
-0.074	u_enc_gelu/rq_tag_r1_reg[2]/C	u_pool/acc_reg[24][8]/D
-0.073	u_enc_gelu/rq_tag_r1_reg[2]/C	u_pool/acc_reg[44][11]/D
-0.072	u_enc_gelu/rq_tag_r1_reg[2]/C	u_pool/acc_reg[52][9]/D
-0.071	u_enc_gelu/rq_tag_r1_reg[1]/C	u_pool/acc_reg[38][8]/D
-0.071	u_enc_gelu/rq_tag_r1_reg[1]/C	u_pool/acc_reg[25][7]/D
-0.071	u_input_buf/gen_word_write.mem_reg_1/CLKBWRCLK	u_conv_mac/g_lane[2].lane_acc_reg[3]/D
-0.071	u_enc_gelu/rq_tag_r1_reg[1]/C	u_pool/acc_reg[46][9]/D
-0.068	u_enc_gelu/rq_tag_r1_reg[1]/C	u_pool/acc_reg[7][6]/D
-0.065	u_enc_gelu/rq_tag_r1_reg[1]/C	u_pool/acc_reg[13][8]/D
-0.064	u_enc_gelu/rq_tag_r1_reg[1]/C	u_pool/acc_reg[19][8]/D
-0.061	u_enc_gelu/rq_tag_r1_reg[1]/C	u_pool/acc_reg[4][4]/D
-0.061	u_enc_gelu/rq_tag_r1_reg[1]/C	u_pool/acc_reg[26][5]/D
-0.060	u_enc_gelu/rq_tag_r1_reg[1]/C	u_pool/acc_reg[5][9]/D
-0.060	u_enc_gelu/rq_tag_r1_reg[1]/C	u_pool/acc_reg[8][5]/D
-0.057	u_enc_gelu/rq_tag_r1_reg[2]/C	u_pool/acc_reg[31][12]/D
-0.056	u_enc_gelu/rq_tag_r1_reg[2]/C	u_pool/acc_reg[43][10]/D
-0.055	u_enc_gelu/rq_tag_r1_reg[1]/C	u_pool/acc_reg[21][10]/D
-0.055	u_enc_gelu/rq_tag_r1_reg[2]/C	u_pool/acc_reg[33][14]/D
-0.053	u_enc_gelu/rq_tag_r1_reg[0]/C	u_pool/acc_reg[36][8]/D
-0.051	u_enc_gelu/rq_tag_r1_reg[2]/C	u_pool/acc_reg[51][12]/D
-0.051	u_enc_gelu/rq_tag_r1_reg[0]/C	u_pool/acc_reg[58][14]/D
-0.051	u_enc_gelu/rq_tag_r1_reg[1]/C	u_pool/acc_reg[47][6]/D
-0.050	u_enc_gelu/rq_tag_r1_reg[1]/C	u_pool/acc_reg[46][11]/D
-0.049	u_enc_gelu/rq_tag_r1_reg[2]/C	u_pool/acc_reg[52][10]/D
-0.047	u_enc_gelu/rq_tag_r1_reg[1]/C	u_pool/acc_reg[39][6]/D
-0.047	u_enc_gelu/rq_tag_r1_reg[1]/C	u_pool/acc_reg[22][5]/D
-0.047	u_input_buf/gen_word_write.mem_reg_1/CLKBWRCLK	u_conv_mac/g_lane[8].lane_out_reg[5]/D
-0.046	u_enc_gelu/rq_tag_r1_reg[0]/C	u_pool/acc_reg[59][14]/D
-0.040	u_enc_gelu/rq_tag_r1_reg[2]/C	u_pool/acc_reg[43][8]/D
-0.040	u_enc_gelu/rq_tag_r1_reg[1]/C	u_pool/acc_reg[26][7]/D
-0.039	u_enc_gelu/rq_tag_r1_reg[1]/C	u_pool/acc_reg[21][8]/D
-0.037	u_enc_gelu/rq_tag_r1_reg[2]/C	u_pool/acc_reg[63][11]/D
-0.036	u_enc_gelu/rq_tag_r1_reg[1]/C	u_pool/acc_reg[3][3]/D
-0.035	u_enc_gelu/rq_tag_r1_reg[2]/C	u_pool/acc_reg[33][12]/D
-0.035	u_enc_gelu/rq_tag_r1_reg[1]/C	u_pool/acc_reg[9][4]/D
-0.031	u_enc_gelu/rq_tag_r1_reg[0]/C	u_pool/acc_reg[58][12]/D
-0.028	u_enc_gelu/rq_tag_r1_reg[0]/C	u_pool/acc_reg[37][10]/D
-0.027	u_enc_gelu/rq_tag_r1_reg[2]/C	u_pool/acc_reg[30][11]/D
-0.027	u_enc_gelu/rq_tag_r1_reg[2]/C	u_pool/acc_reg[54][10]/D
-0.023	u_enc_gelu/rq_tag_r1_reg[0]/C	u_pool/acc_reg[56][14]/D
-0.022	u_enc_gelu/rq_tag_r1_reg[0]/C	u_pool/acc_reg[53][10]/D
-0.018	u_enc_gelu/rq_tag_r1_reg[2]/C	u_pool/acc_reg[28][10]/D
-0.017	u_enc_gelu/rq_tag_r1_reg[1]/C	u_pool/acc_reg[18][7]/D
-0.016	u_enc_gelu/rq_tag_r1_reg[1]/C	u_pool/acc_reg[57][9]/D
-0.016	u_enc_gelu/rq_tag_r1_reg[1]/C	u_pool/acc_reg[0][6]/D
-0.014	u_enc_gelu/rq_tag_r1_reg[1]/C	u_pool/acc_reg[45][7]/D
-0.013	u_enc_gelu/rq_tag_r1_reg[1]/C	u_pool/acc_reg[17][5]/D
-0.013	u_enc_gelu/rq_tag_r1_reg[2]/C	u_pool/acc_reg[44][10]/D
-0.013	u_enc_gelu/rq_tag_r1_reg[1]/C	u_pool/acc_reg[29][9]/D
-0.012	u_enc_gelu/rq_tag_r1_reg[0]/C	u_pool/acc_reg[37][8]/D
-0.011	u_enc_gelu/rq_tag_r1_reg[1]/C	u_pool/acc_reg[25][6]/D
-0.009	u_enc_gelu/rq_tag_r1_reg[1]/C	u_pool/acc_reg[18][5]/D
-0.007	u_enc_gelu/rq_tag_r1_reg[1]/C	u_pool/acc_reg[2][3]/D
-0.007	u_enc_gelu/rq_tag_r1_reg[0]/C	u_pool/acc_reg[56][12]/D
-0.006	u_enc_gelu/rq_tag_r1_reg[1]/C	u_pool/acc_reg[60][9]/D
-0.006	u_input_buf/gen_word_write.mem_reg_3/CLKBWRCLK	u_conv_mac/g_lane[0].lane_acc_reg[4]/D
-0.006	u_enc_gelu/rq_tag_r1_reg[0]/C	u_pool/acc_reg[53][8]/D
-0.005	u_enc_gelu/rq_tag_r1_reg[1]/C	u_pool/acc_reg[20][5]/D
-0.005	u_enc_gelu/rq_tag_r1_reg[1]/C	u_pool/acc_reg[41][7]/D
-0.004	u_enc_gelu/rq_tag_r1_reg[0]/C	u_pool/acc_reg[62][10]/D
-0.002	u_enc_gelu/rq_tag_r1_reg[0]/C	u_pool/acc_reg[56][9]/D
