CWD: D:\2609_final_project\cnn_rtl\syn
COMMAND: C:\Xilinx\Vivado\2020.2\bin\vivado.bat -mode batch -source D:/2609_final_project/cnn_rtl/syn/impl_check.tcl -nojournal -nolog -tclargs fc_mac_requant_ooc xc7z020clg400-1 10.000 performance D:/2609_final_project/cnn_rtl/docs/E-02a_runs/fc_performance_10.000 D:/2609_final_project/cnn_rtl/rtl/fc/fc_mac.v D:/2609_final_project/cnn_rtl/rtl/encoder/requant_stage.v C:/Users/kccistc/AppData/Local/Temp/codex-e02a/fc_mac_requant_ooc.v

****** Vivado v2020.2 (64-bit)
  **** SW Build 3064766 on Wed Nov 18 09:12:45 MST 2020
  **** IP Build 3064653 on Wed Nov 18 14:17:31 MST 2020
    ** Copyright 1986-2020 Xilinx, Inc. All Rights Reserved.

CRITICAL WARNING: [Common 17-741] No write access right to the local Tcl store at 'C'. XilinxTclStore is reverted to the installation area. If you want to use local Tcl Store, please change the access right and relaunch Vivado.
source D:/2609_final_project/cnn_rtl/syn/impl_check.tcl
# if {$argc < 6} {error "Expected top part period mode output_directory source..."}
# set top [lindex $argv 0]
# set part [lindex $argv 1]
# set period [lindex $argv 2]
# set mode [lindex $argv 3]
# set out_dir [file normalize [lindex $argv 4]]
# set srcs [lrange $argv 5 end]
# if {$part ne "xc7z020clg400-1"} {error "E-02a part must be xc7z020clg400-1"}
# if {$mode ni {default performance}} {error "Unsupported implementation mode"}
# if {![string is double -strict $period] || $period <= 0} {error "Invalid period"}
# file mkdir $out_dir
# proc e02a_stage {stage out_dir} {
#     report_timing_summary -delay_type min_max -max_paths 3 -file [file join $out_dir ${stage}_summary.rpt]
#     report_timing -max_paths 3 -nworst 1 -input_pins -delay_type max -file [file join $out_dir ${stage}_paths.rpt]
#     set p [lindex [get_timing_paths -delay_type max -max_paths 1] 0]
#     set h [lindex [get_timing_paths -delay_type min -max_paths 1] 0]
#     if {$p eq ""} {error "No constrained setup timing path at $stage"}
#     set wns [get_property SLACK $p]
#     set whs [get_property SLACK $h]
#     set start [get_property STARTPOINT_PIN $p]
#     set end [get_property ENDPOINT_PIN $p]
#     set line "$stage\t$wns\t$whs\t$start\t$end"
#     set f [open [file join $out_dir stages.tsv] a]
#     puts $f $line
#     close $f
#     puts "E02A_STAGE $line"
#     flush stdout
# }
E02A_CONFIG top=fc_mac_requant_ooc part=xc7z020clg400-1 period=10.000 mode=performance
E02A_VERSION 2020.2
Command: synth_design -top fc_mac_requant_ooc -part xc7z020clg400-1 -mode out_of_context
Starting synth_design
Attempting to get a license for feature 'Synthesis' and/or device 'xc7z020'
INFO: [Common 17-349] Got license for feature 'Synthesis' and/or device 'xc7z020'
INFO: [Device 21-403] Loading part xc7z020clg400-1
INFO: [Synth 8-7079] Multithreading enabled for synth_design using a maximum of 2 processes.
INFO: [Synth 8-7078] Launching helper process for spawning children vivado processes
INFO: [Synth 8-7075] Helper process launched with PID 41124
---------------------------------------------------------------------------------
Starting RTL Elaboration : Time (s): cpu = 00:00:04 ; elapsed = 00:00:04 . Memory (MB): peak = 1106.324 ; gain = 0.000
---------------------------------------------------------------------------------
INFO: [Synth 8-6157] synthesizing module 'fc_mac_requant_ooc' [C:/Users/kccistc/AppData/Local/Temp/codex-e02a/fc_mac_requant_ooc.v:4]
INFO: [Synth 8-6157] synthesizing module 'fc_mac' [D:/2609_final_project/cnn_rtl/rtl/fc/fc_mac.v:6]
	Parameter IDLE bound to: 2'b00 
	Parameter ISSUE bound to: 2'b01 
	Parameter DRAIN bound to: 2'b10 
	Parameter DONE bound to: 2'b11 
INFO: [Synth 8-226] default block is never used [D:/2609_final_project/cnn_rtl/rtl/fc/fc_mac.v:151]
INFO: [Synth 8-6155] done synthesizing module 'fc_mac' (1#1) [D:/2609_final_project/cnn_rtl/rtl/fc/fc_mac.v:6]
INFO: [Synth 8-6157] synthesizing module 'requant_stage' [D:/2609_final_project/cnn_rtl/rtl/encoder/requant_stage.v:3]
	Parameter TAG_WIDTH bound to: 9 - type: integer 
	Parameter FC_MODE bound to: 1 - type: integer 
	Parameter PARAM_BASE0 bound to: 9'b000110000 
	Parameter PARAM_BASE1 bound to: 9'b010110000 
	Parameter PARAM_BASE2 bound to: 9'b100110000 
INFO: [Synth 8-6155] done synthesizing module 'requant_stage' (2#1) [D:/2609_final_project/cnn_rtl/rtl/encoder/requant_stage.v:3]
INFO: [Synth 8-6155] done synthesizing module 'fc_mac_requant_ooc' (3#1) [C:/Users/kccistc/AppData/Local/Temp/codex-e02a/fc_mac_requant_ooc.v:4]
---------------------------------------------------------------------------------
Finished RTL Elaboration : Time (s): cpu = 00:00:05 ; elapsed = 00:00:05 . Memory (MB): peak = 1106.324 ; gain = 0.000
---------------------------------------------------------------------------------
---------------------------------------------------------------------------------
Start Handling Custom Attributes
---------------------------------------------------------------------------------
---------------------------------------------------------------------------------
Finished Handling Custom Attributes : Time (s): cpu = 00:00:05 ; elapsed = 00:00:05 . Memory (MB): peak = 1106.324 ; gain = 0.000
---------------------------------------------------------------------------------
---------------------------------------------------------------------------------
Finished RTL Optimization Phase 1 : Time (s): cpu = 00:00:05 ; elapsed = 00:00:05 . Memory (MB): peak = 1106.324 ; gain = 0.000
---------------------------------------------------------------------------------
Netlist sorting complete. Time (s): cpu = 00:00:00 ; elapsed = 00:00:00.017 . Memory (MB): peak = 1106.324 ; gain = 0.000
INFO: [Project 1-570] Preparing netlist for logic optimization

Processing XDC Constraints
Initializing timing engine
Parsing XDC File [D:/2609_final_project/cnn_rtl/syn/timing_100mhz.xdc]
Finished Parsing XDC File [D:/2609_final_project/cnn_rtl/syn/timing_100mhz.xdc]
Completed Processing XDC Constraints

Netlist sorting complete. Time (s): cpu = 00:00:00 ; elapsed = 00:00:00.001 . Memory (MB): peak = 1202.066 ; gain = 0.000
INFO: [Project 1-111] Unisim Transformation Summary:
No Unisim elements were transformed.

Constraint Validation Runtime : Time (s): cpu = 00:00:00 ; elapsed = 00:00:00.017 . Memory (MB): peak = 1202.066 ; gain = 0.000
---------------------------------------------------------------------------------
Finished Constraint Validation : Time (s): cpu = 00:00:11 ; elapsed = 00:00:12 . Memory (MB): peak = 1202.066 ; gain = 95.742
---------------------------------------------------------------------------------
---------------------------------------------------------------------------------
Start Loading Part and Timing Information
---------------------------------------------------------------------------------
Loading part: xc7z020clg400-1
---------------------------------------------------------------------------------
Finished Loading Part and Timing Information : Time (s): cpu = 00:00:11 ; elapsed = 00:00:12 . Memory (MB): peak = 1202.066 ; gain = 95.742
---------------------------------------------------------------------------------
---------------------------------------------------------------------------------
Start Applying 'set_property' XDC Constraints
---------------------------------------------------------------------------------
---------------------------------------------------------------------------------
Finished applying 'set_property' XDC Constraints : Time (s): cpu = 00:00:11 ; elapsed = 00:00:12 . Memory (MB): peak = 1202.066 ; gain = 95.742
---------------------------------------------------------------------------------
---------------------------------------------------------------------------------
Finished RTL Optimization Phase 2 : Time (s): cpu = 00:00:12 ; elapsed = 00:00:12 . Memory (MB): peak = 1202.066 ; gain = 95.742
---------------------------------------------------------------------------------
---------------------------------------------------------------------------------
Start RTL Component Statistics 
---------------------------------------------------------------------------------
Detailed RTL Component Info : 
+---Adders : 
	   2 Input   64 Bit       Adders := 2     
	   3 Input   64 Bit       Adders := 1     
	   2 Input   32 Bit       Adders := 1     
	   2 Input   19 Bit       Adders := 1     
	   2 Input    9 Bit       Adders := 3     
	   2 Input    8 Bit       Adders := 1     
	   2 Input    7 Bit       Adders := 1     
	   2 Input    6 Bit       Adders := 1     
+---Registers : 
	               96 Bit    Registers := 2     
	               64 Bit    Registers := 5     
	               32 Bit    Registers := 1     
	               19 Bit    Registers := 1     
	               18 Bit    Registers := 2     
	               12 Bit    Registers := 6     
	                9 Bit    Registers := 6     
	                8 Bit    Registers := 8     
	                7 Bit    Registers := 1     
	                6 Bit    Registers := 1     
	                2 Bit    Registers := 2     
	                1 Bit    Registers := 6     
+---Multipliers : 
	              32x64  Multipliers := 1     
+---Muxes : 
	   2 Input   64 Bit        Muxes := 4     
	   2 Input   32 Bit        Muxes := 1     
	   2 Input   12 Bit        Muxes := 1     
	   4 Input    9 Bit        Muxes := 1     
	   2 Input    9 Bit        Muxes := 3     
	   3 Input    9 Bit        Muxes := 1     
	   3 Input    8 Bit        Muxes := 1     
	   2 Input    8 Bit        Muxes := 2     
	   4 Input    7 Bit        Muxes := 1     
	   2 Input    7 Bit        Muxes := 1     
	   2 Input    5 Bit        Muxes := 1     
	   6 Input    2 Bit        Muxes := 1     
	   4 Input    1 Bit        Muxes := 5     
	   2 Input    1 Bit        Muxes := 11    
---------------------------------------------------------------------------------
Finished RTL Component Statistics 
---------------------------------------------------------------------------------
---------------------------------------------------------------------------------
Start Part Resource Summary
---------------------------------------------------------------------------------
Part Resources:
DSPs: 220 (col length:60)
BRAMs: 280 (col length: RAMB18 60 RAMB36 30)
---------------------------------------------------------------------------------
Finished Part Resource Summary
---------------------------------------------------------------------------------
---------------------------------------------------------------------------------
Start Cross Boundary and Area Optimization
---------------------------------------------------------------------------------
DSP Report: Generating DSP acc_mult, operation Mode is: A2*B2.
DSP Report: register acc_mult is absorbed into DSP acc_mult.
DSP Report: register acc_mult is absorbed into DSP acc_mult.
DSP Report: operator acc_mult is absorbed into DSP acc_mult.
DSP Report: operator acc_mult is absorbed into DSP acc_mult.
DSP Report: Generating DSP acc_r3_reg, operation Mode is: (PCIN>>17)+A2*B2.
DSP Report: register acc_r3_reg is absorbed into DSP acc_r3_reg.
DSP Report: register acc_r3_reg is absorbed into DSP acc_r3_reg.
DSP Report: register acc_r3_reg is absorbed into DSP acc_r3_reg.
DSP Report: operator acc_mult is absorbed into DSP acc_r3_reg.
DSP Report: operator acc_mult is absorbed into DSP acc_r3_reg.
DSP Report: Generating DSP acc_mult, operation Mode is: A2*B2.
DSP Report: register acc_mult is absorbed into DSP acc_mult.
DSP Report: register acc_mult is absorbed into DSP acc_mult.
DSP Report: operator acc_mult is absorbed into DSP acc_mult.
DSP Report: operator acc_mult is absorbed into DSP acc_mult.
DSP Report: Generating DSP acc_mult, operation Mode is: PCIN+A2*B2.
DSP Report: register acc_mult is absorbed into DSP acc_mult.
DSP Report: register acc_mult is absorbed into DSP acc_mult.
DSP Report: operator acc_mult is absorbed into DSP acc_mult.
DSP Report: operator acc_mult is absorbed into DSP acc_mult.
DSP Report: Generating DSP acc_r3_reg, operation Mode is: (PCIN>>17)+A2*B2.
DSP Report: register acc_r3_reg is absorbed into DSP acc_r3_reg.
DSP Report: register acc_r3_reg is absorbed into DSP acc_r3_reg.
DSP Report: register acc_r3_reg is absorbed into DSP acc_r3_reg.
DSP Report: operator acc_mult is absorbed into DSP acc_r3_reg.
DSP Report: operator acc_mult is absorbed into DSP acc_r3_reg.
DSP Report: Generating DSP acc_mult, operation Mode is: A2*B2.
DSP Report: register acc_mult is absorbed into DSP acc_mult.
DSP Report: register acc_mult is absorbed into DSP acc_mult.
DSP Report: operator acc_mult is absorbed into DSP acc_mult.
DSP Report: operator acc_mult is absorbed into DSP acc_mult.
DSP Report: Generating DSP acc_mult, operation Mode is: (PCIN>>17)+A2*B2.
DSP Report: register acc_mult is absorbed into DSP acc_mult.
DSP Report: register acc_mult is absorbed into DSP acc_mult.
DSP Report: operator acc_mult is absorbed into DSP acc_mult.
DSP Report: operator acc_mult is absorbed into DSP acc_mult.
DSP Report: Generating DSP acc_r3_reg, operation Mode is: (PCIN+A2*B2)'.
DSP Report: register acc_r3_reg is absorbed into DSP acc_r3_reg.
DSP Report: register acc_r3_reg is absorbed into DSP acc_r3_reg.
DSP Report: register acc_r3_reg is absorbed into DSP acc_r3_reg.
DSP Report: operator acc_mult is absorbed into DSP acc_r3_reg.
DSP Report: operator acc_mult is absorbed into DSP acc_r3_reg.
---------------------------------------------------------------------------------
Finished Cross Boundary and Area Optimization : Time (s): cpu = 00:00:21 ; elapsed = 00:00:22 . Memory (MB): peak = 1202.066 ; gain = 95.742
---------------------------------------------------------------------------------
---------------------------------------------------------------------------------
Start ROM, RAM, DSP, Shift Register and Retiming Reporting
---------------------------------------------------------------------------------

DSP: Preliminary Mapping	Report (see note below)
+--------------+------------------+--------+--------+--------+--------+--------+------+------+------+------+-------+------+------+
|Module Name   | DSP Mapping      | A Size | B Size | C Size | D Size | P Size | AREG | BREG | CREG | DREG | ADREG | MREG | PREG | 
+--------------+------------------+--------+--------+--------+--------+--------+------+------+------+------+-------+------+------+
|requant_stage | A2*B2            | 18     | 13     | -      | -      | 48     | 1    | 1    | -    | -    | -     | 0    | 0    | 
|requant_stage | (PCIN>>17)+A2*B2 | 15     | 13     | -      | -      | 48     | 1    | 1    | -    | -    | -     | 0    | 1    | 
|requant_stage | A2*B2            | 18     | 15     | -      | -      | 48     | 1    | 1    | -    | -    | -     | 0    | 0    | 
|requant_stage | PCIN+A2*B2       | 18     | 18     | -      | -      | 48     | 1    | 1    | -    | -    | -     | 0    | 0    | 
|requant_stage | (PCIN>>17)+A2*B2 | 18     | 15     | -      | -      | 48     | 1    | 1    | -    | -    | -     | 0    | 1    | 
|requant_stage | A2*B2            | 18     | 18     | -      | -      | 48     | 1    | 1    | -    | -    | -     | 0    | 0    | 
|requant_stage | (PCIN>>17)+A2*B2 | 18     | 15     | -      | -      | 48     | 1    | 1    | -    | -    | -     | 0    | 0    | 
|requant_stage | (PCIN+A2*B2)'    | 18     | 18     | -      | -      | 48     | 1    | 1    | -    | -    | -     | 0    | 1    | 
+--------------+------------------+--------+--------+--------+--------+--------+------+------+------+------+-------+------+------+

Note: The table above is a preliminary report that shows the DSPs inferred at the current stage of the synthesis flow. Some DSP may be reimplemented as non DSP primitives later in the synthesis flow. Multiple instantiated DSPs are reported only once.
---------------------------------------------------------------------------------
Finished ROM, RAM, DSP, Shift Register and Retiming Reporting
---------------------------------------------------------------------------------
---------------------------------------------------------------------------------
Start Applying XDC Timing Constraints
---------------------------------------------------------------------------------
---------------------------------------------------------------------------------
Finished Applying XDC Timing Constraints : Time (s): cpu = 00:00:30 ; elapsed = 00:00:31 . Memory (MB): peak = 1237.137 ; gain = 130.812
---------------------------------------------------------------------------------
---------------------------------------------------------------------------------
Start Timing Optimization
---------------------------------------------------------------------------------
---------------------------------------------------------------------------------
Finished Timing Optimization : Time (s): cpu = 00:00:37 ; elapsed = 00:00:38 . Memory (MB): peak = 1402.965 ; gain = 296.641
---------------------------------------------------------------------------------
---------------------------------------------------------------------------------
Start Technology Mapping
---------------------------------------------------------------------------------
---------------------------------------------------------------------------------
Finished Technology Mapping : Time (s): cpu = 00:00:37 ; elapsed = 00:00:38 . Memory (MB): peak = 1413.020 ; gain = 306.695
---------------------------------------------------------------------------------
---------------------------------------------------------------------------------
Start IO Insertion
---------------------------------------------------------------------------------
---------------------------------------------------------------------------------
Start Flattening Before IO Insertion
---------------------------------------------------------------------------------
---------------------------------------------------------------------------------
Finished Flattening Before IO Insertion
---------------------------------------------------------------------------------
---------------------------------------------------------------------------------
Start Final Netlist Cleanup
---------------------------------------------------------------------------------
---------------------------------------------------------------------------------
Finished Final Netlist Cleanup
---------------------------------------------------------------------------------
---------------------------------------------------------------------------------
Finished IO Insertion : Time (s): cpu = 00:00:40 ; elapsed = 00:00:41 . Memory (MB): peak = 1413.020 ; gain = 306.695
---------------------------------------------------------------------------------
---------------------------------------------------------------------------------
Start Renaming Generated Instances
---------------------------------------------------------------------------------
---------------------------------------------------------------------------------
Finished Renaming Generated Instances : Time (s): cpu = 00:00:40 ; elapsed = 00:00:41 . Memory (MB): peak = 1413.020 ; gain = 306.695
---------------------------------------------------------------------------------
---------------------------------------------------------------------------------
Start Rebuilding User Hierarchy
---------------------------------------------------------------------------------
---------------------------------------------------------------------------------
Finished Rebuilding User Hierarchy : Time (s): cpu = 00:00:40 ; elapsed = 00:00:41 . Memory (MB): peak = 1413.020 ; gain = 306.695
---------------------------------------------------------------------------------
---------------------------------------------------------------------------------
Start Renaming Generated Ports
---------------------------------------------------------------------------------
---------------------------------------------------------------------------------
Finished Renaming Generated Ports : Time (s): cpu = 00:00:40 ; elapsed = 00:00:41 . Memory (MB): peak = 1413.020 ; gain = 306.695
---------------------------------------------------------------------------------
---------------------------------------------------------------------------------
Start Handling Custom Attributes
---------------------------------------------------------------------------------
---------------------------------------------------------------------------------
Finished Handling Custom Attributes : Time (s): cpu = 00:00:40 ; elapsed = 00:00:41 . Memory (MB): peak = 1413.020 ; gain = 306.695
---------------------------------------------------------------------------------
---------------------------------------------------------------------------------
Start Renaming Generated Nets
---------------------------------------------------------------------------------
---------------------------------------------------------------------------------
Finished Renaming Generated Nets : Time (s): cpu = 00:00:40 ; elapsed = 00:00:41 . Memory (MB): peak = 1413.020 ; gain = 306.695
---------------------------------------------------------------------------------
---------------------------------------------------------------------------------
Start ROM, RAM, DSP, Shift Register and Retiming Reporting
---------------------------------------------------------------------------------

Static Shift Register Report:
+-------------------+--------------------+--------+-------+--------------+--------------------+-------------------+--------+---------+
|Module Name        | RTL Name           | Length | Width | Reset Signal | Pull out first Reg | Pull out last Reg | SRL16E | SRLC32E | 
+-------------------+--------------------+--------+-------+--------------+--------------------+-------------------+--------+---------+
|fc_mac_requant_ooc | u_rq/rq_tag_reg[8] | 4      | 9     | NO           | NO                 | YES               | 9      | 0       | 
+-------------------+--------------------+--------+-------+--------------+--------------------+-------------------+--------+---------+

---------------------------------------------------------------------------------
Finished ROM, RAM, DSP, Shift Register and Retiming Reporting
---------------------------------------------------------------------------------
---------------------------------------------------------------------------------
Start Writing Synthesis Report
---------------------------------------------------------------------------------

Report BlackBoxes: 
+-+--------------+----------+
| |BlackBox name |Instances |
+-+--------------+----------+
+-+--------------+----------+

Report Cell Usage: 
+------+--------+------+
|      |Cell    |Count |
+------+--------+------+
|1     |CARRY4  |   232|
|2     |DSP48E1 |     7|
|4     |LUT1    |    42|
|5     |LUT2    |   393|
|6     |LUT3    |   293|
|7     |LUT4    |   283|
|8     |LUT5    |   297|
|9     |LUT6    |   777|
|10    |MUXF7   |    47|
|11    |SRL16E  |     9|
|12    |FDRE    |   772|
|13    |FDSE    |     1|
+------+--------+------+
---------------------------------------------------------------------------------
Finished Writing Synthesis Report : Time (s): cpu = 00:00:40 ; elapsed = 00:00:41 . Memory (MB): peak = 1413.020 ; gain = 306.695
---------------------------------------------------------------------------------
Synthesis finished with 0 errors, 0 critical warnings and 0 warnings.
Synthesis Optimization Runtime : Time (s): cpu = 00:00:33 ; elapsed = 00:00:39 . Memory (MB): peak = 1413.020 ; gain = 210.953
Synthesis Optimization Complete : Time (s): cpu = 00:00:40 ; elapsed = 00:00:41 . Memory (MB): peak = 1413.020 ; gain = 306.695
INFO: [Project 1-571] Translating synthesized netlist
Netlist sorting complete. Time (s): cpu = 00:00:00 ; elapsed = 00:00:00.020 . Memory (MB): peak = 1413.020 ; gain = 0.000
INFO: [Netlist 29-17] Analyzing 286 Unisim elements for replacement
INFO: [Netlist 29-28] Unisim Transformation completed in 0 CPU seconds
INFO: [Project 1-570] Preparing netlist for logic optimization
Parsing XDC File [D:/2609_final_project/cnn_rtl/syn/timing_100mhz.xdc]
Finished Parsing XDC File [D:/2609_final_project/cnn_rtl/syn/timing_100mhz.xdc]
INFO: [Opt 31-138] Pushed 0 inverter(s) to 0 load pin(s).
Netlist sorting complete. Time (s): cpu = 00:00:00 ; elapsed = 00:00:00 . Memory (MB): peak = 1413.020 ; gain = 0.000
INFO: [Project 1-111] Unisim Transformation Summary:
No Unisim elements were transformed.

INFO: [Common 17-83] Releasing license: Synthesis
21 Infos, 0 Warnings, 0 Critical Warnings and 0 Errors encountered.
synth_design completed successfully
synth_design: Time (s): cpu = 00:00:45 ; elapsed = 00:00:49 . Memory (MB): peak = 1413.020 ; gain = 306.695
INFO: [Timing 38-35] Done setting XDC timing constraints.
INFO: [Timing 38-91] UpdateTimingParams: Speed grade: -1, Delay Type: min_max.
INFO: [Timing 38-191] Multithreading enabled for timing update using a maximum of 2 CPUs
WARNING: [Timing 38-242] The property HD.CLK_SRC of clock port "clk" is not set. In out-of-context mode, this prevents timing estimation for clock delay/skew
Resolution: Set the HD.CLK_SRC property of the out-of-context port to the location of the clock buffer instance in the top-level design
INFO: [Timing 38-91] UpdateTimingParams: Speed grade: -1, Delay Type: max.
INFO: [Timing 38-191] Multithreading enabled for timing update using a maximum of 2 CPUs
INFO: [Timing 38-78] ReportTimingParams: -max_paths 3 -nworst 1 -delay_type max -sort_by slack.
E02A_STAGE post_synth	-3.494	0.219	u_rq/param3_reg[69]/C	u_rq/rq_reg[1]/R
Command: opt_design -directive Explore
INFO: [Vivado_Tcl 4-136] Directive used for opt_design is: Explore
Attempting to get a license for feature 'Implementation' and/or device 'xc7z020'
INFO: [Common 17-349] Got license for feature 'Implementation' and/or device 'xc7z020'
Running DRC as a precondition to command opt_design

Starting DRC Task
INFO: [DRC 23-27] Running DRC with 2 threads
INFO: [Project 1-461] DRC finished with 0 Errors
INFO: [Project 1-462] Please refer to the DRC report (report_drc) for more information.

Time (s): cpu = 00:00:02 ; elapsed = 00:00:00.777 . Memory (MB): peak = 1545.352 ; gain = 27.352

Starting Cache Timing Information Task
Ending Cache Timing Information Task | Checksum: 14bdef6a3

Time (s): cpu = 00:00:00 ; elapsed = 00:00:00.002 . Memory (MB): peak = 1545.352 ; gain = 0.000

Starting Logic Optimization Task

Phase 1 Retarget
INFO: [Opt 31-138] Pushed 0 inverter(s) to 0 load pin(s).
INFO: [Opt 31-49] Retargeted 0 cell(s).
Phase 1 Retarget | Checksum: 14bdef6a3

Time (s): cpu = 00:00:00 ; elapsed = 00:00:00.109 . Memory (MB): peak = 1731.465 ; gain = 0.000
INFO: [Opt 31-389] Phase Retarget created 0 cells and removed 0 cells

Phase 2 Constant propagation
INFO: [Opt 31-138] Pushed 0 inverter(s) to 0 load pin(s).
Phase 2 Constant propagation | Checksum: 166fea66e

Time (s): cpu = 00:00:00 ; elapsed = 00:00:00.137 . Memory (MB): peak = 1731.465 ; gain = 0.000
INFO: [Opt 31-389] Phase Constant propagation created 0 cells and removed 0 cells

Phase 3 Sweep
Phase 3 Sweep | Checksum: 1b0d39218

Time (s): cpu = 00:00:00 ; elapsed = 00:00:00.171 . Memory (MB): peak = 1731.465 ; gain = 0.000
INFO: [Opt 31-389] Phase Sweep created 0 cells and removed 0 cells

Phase 4 BUFG optimization
Phase 4 BUFG optimization | Checksum: 1b0d39218

Time (s): cpu = 00:00:00 ; elapsed = 00:00:00.181 . Memory (MB): peak = 1731.465 ; gain = 0.000
INFO: [Opt 31-662] Phase BUFG optimization created 0 cells of which 0 are BUFGs and removed 0 cells.

Phase 5 Shift Register Optimization
INFO: [Opt 31-1064] SRL Remap converted 0 SRLs to 0 registers and converted 0 registers of register chains to 0 SRLs
Phase 5 Shift Register Optimization | Checksum: 1b0d39218

Time (s): cpu = 00:00:00 ; elapsed = 00:00:00.185 . Memory (MB): peak = 1731.465 ; gain = 0.000
INFO: [Opt 31-389] Phase Shift Register Optimization created 0 cells and removed 0 cells

Phase 6 Post Processing Netlist
Phase 6 Post Processing Netlist | Checksum: 1b0d39218

Time (s): cpu = 00:00:00 ; elapsed = 00:00:00.193 . Memory (MB): peak = 1731.465 ; gain = 0.000
INFO: [Opt 31-389] Phase Post Processing Netlist created 0 cells and removed 0 cells
Opt_design Change Summary
=========================


-------------------------------------------------------------------------------------------------------------------------
|  Phase                        |  #Cells created  |  #Cells Removed  |  #Constrained objects preventing optimizations  |
-------------------------------------------------------------------------------------------------------------------------
|  Retarget                     |               0  |               0  |                                              0  |
|  Constant propagation         |               0  |               0  |                                              0  |
|  Sweep                        |               0  |               0  |                                              0  |
|  BUFG optimization            |               0  |               0  |                                              0  |
|  Shift Register Optimization  |               0  |               0  |                                              0  |
|  Post Processing Netlist      |               0  |               0  |                                              0  |
-------------------------------------------------------------------------------------------------------------------------



Starting Connectivity Check Task

Time (s): cpu = 00:00:00 ; elapsed = 00:00:00.004 . Memory (MB): peak = 1731.465 ; gain = 0.000
Ending Logic Optimization Task | Checksum: 1b87e31ea

Time (s): cpu = 00:00:01 ; elapsed = 00:00:00.276 . Memory (MB): peak = 1731.465 ; gain = 0.000

Starting Power Optimization Task
INFO: [Pwropt 34-132] Skipping clock gating for clocks with a period < 2.00 ns.
Ending Power Optimization Task | Checksum: 1b87e31ea

Time (s): cpu = 00:00:00 ; elapsed = 00:00:00.016 . Memory (MB): peak = 1731.465 ; gain = 0.000

Starting Final Cleanup Task
Ending Final Cleanup Task | Checksum: 1b87e31ea

Time (s): cpu = 00:00:00 ; elapsed = 00:00:00 . Memory (MB): peak = 1731.465 ; gain = 0.000

Starting Netlist Obfuscation Task
Netlist sorting complete. Time (s): cpu = 00:00:00 ; elapsed = 00:00:00 . Memory (MB): peak = 1731.465 ; gain = 0.000
Ending Netlist Obfuscation Task | Checksum: 1b87e31ea

Time (s): cpu = 00:00:00 ; elapsed = 00:00:00 . Memory (MB): peak = 1731.465 ; gain = 0.000
INFO: [Common 17-83] Releasing license: Implementation
44 Infos, 1 Warnings, 0 Critical Warnings and 0 Errors encountered.
opt_design completed successfully
Command: place_design -directive ExtraTimingOpt
Attempting to get a license for feature 'Implementation' and/or device 'xc7z020'
INFO: [Common 17-349] Got license for feature 'Implementation' and/or device 'xc7z020'
INFO: [Timing 38-35] Done setting XDC timing constraints.
WARNING: [Timing 38-242] The property HD.CLK_SRC of clock port "clk" is not set. In out-of-context mode, this prevents timing estimation for clock delay/skew
Resolution: Set the HD.CLK_SRC property of the out-of-context port to the location of the clock buffer instance in the top-level design
INFO: [DRC 23-27] Running DRC with 2 threads
INFO: [Vivado_Tcl 4-198] DRC finished with 0 Errors
INFO: [Vivado_Tcl 4-199] Please refer to the DRC report (report_drc) for more information.
Running DRC as a precondition to command place_design
INFO: [DRC 23-27] Running DRC with 2 threads
INFO: [Vivado_Tcl 4-198] DRC finished with 0 Errors
INFO: [Vivado_Tcl 4-199] Please refer to the DRC report (report_drc) for more information.

Starting Placer Task
INFO: [Place 46-5] The placer was invoked with the 'ExtraTimingOpt' directive.
INFO: [Place 30-611] Multithreading enabled for place_design using a maximum of 2 CPUs

Phase 1 Placer Initialization

Phase 1.1 Placer Initialization Netlist Sorting
Netlist sorting complete. Time (s): cpu = 00:00:00 ; elapsed = 00:00:00.001 . Memory (MB): peak = 1758.578 ; gain = 0.000
Phase 1.1 Placer Initialization Netlist Sorting | Checksum: ccedeab9

Time (s): cpu = 00:00:00 ; elapsed = 00:00:00.032 . Memory (MB): peak = 1758.578 ; gain = 0.000
Netlist sorting complete. Time (s): cpu = 00:00:00 ; elapsed = 00:00:00.001 . Memory (MB): peak = 1758.578 ; gain = 0.000

Phase 1.2 IO Placement/ Clock Placement/ Build Placer Device
Phase 1.2 IO Placement/ Clock Placement/ Build Placer Device | Checksum: 4ebb8dc1

Time (s): cpu = 00:00:01 ; elapsed = 00:00:00.188 . Memory (MB): peak = 1758.578 ; gain = 0.000

Phase 1.3 Build Placer Netlist Model
Phase 1.3 Build Placer Netlist Model | Checksum: 9e842386

Time (s): cpu = 00:00:01 ; elapsed = 00:00:00.645 . Memory (MB): peak = 1758.578 ; gain = 0.000

Phase 1.4 Constrain Clocks/Macros
Phase 1.4 Constrain Clocks/Macros | Checksum: 9e842386

Time (s): cpu = 00:00:01 ; elapsed = 00:00:00.649 . Memory (MB): peak = 1758.578 ; gain = 0.000
Phase 1 Placer Initialization | Checksum: 9e842386

Time (s): cpu = 00:00:01 ; elapsed = 00:00:00.659 . Memory (MB): peak = 1758.578 ; gain = 0.000

Phase 2 Global Placement

Phase 2.1 Floorplanning
Phase 2.1 Floorplanning | Checksum: 1409a63b9

Time (s): cpu = 00:00:02 ; elapsed = 00:00:00.849 . Memory (MB): peak = 1758.578 ; gain = 0.000

Phase 2.2 Update Timing before SLR Path Opt
Phase 2.2 Update Timing before SLR Path Opt | Checksum: 1287b526d

Time (s): cpu = 00:00:02 ; elapsed = 00:00:00.940 . Memory (MB): peak = 1758.578 ; gain = 0.000

Phase 2.3 Global Placement Core

Phase 2.3.1 Physical Synthesis In Placer
INFO: [Physopt 32-1035] Found 36 LUTNM shape to break, 2 LUT instances to create LUTNM shape
INFO: [Physopt 32-1044] Break lutnm for timing: one critical 2, two critical 34, total 36, new lutff created 0
INFO: [Physopt 32-775] End 1 Pass. Optimized 37 nets or cells. Created 36 new cells, deleted 1 existing cell and moved 0 existing cell
INFO: [Physopt 32-65] No nets found for high-fanout optimization.
INFO: [Physopt 32-232] Optimized 0 net. Created 0 new instance.
INFO: [Physopt 32-775] End 1 Pass. Optimized 0 net or cell. Created 0 new cell, deleted 0 existing cell and moved 0 existing cell
INFO: [Physopt 32-457] Pass 1. Identified 3 candidate cells for DSP register optimization.
INFO: [Physopt 32-665] Processed cell u_rq/acc_mult. 13 registers were pushed out.
INFO: [Physopt 32-665] Processed cell u_rq/acc_r3_reg__0. 47 registers were pushed out.
INFO: [Physopt 32-665] Processed cell u_rq/acc_r3_reg. 13 registers were pushed out.
INFO: [Physopt 32-775] End 2 Pass. Optimized 3 nets or cells. Created 73 new cells, deleted 0 existing cell and moved 0 existing cell
Netlist sorting complete. Time (s): cpu = 00:00:00 ; elapsed = 00:00:00.006 . Memory (MB): peak = 1758.578 ; gain = 0.000
INFO: [Physopt 32-1123] No candidate cells found for Shift Register to Pipeline optimization
INFO: [Physopt 32-775] End 1 Pass. Optimized 0 net or cell. Created 0 new cell, deleted 0 existing cell and moved 0 existing cell
INFO: [Physopt 32-677] No candidate cells for Shift Register optimization found in the design
INFO: [Physopt 32-775] End 1 Pass. Optimized 0 net or cell. Created 0 new cell, deleted 0 existing cell and moved 0 existing cell
INFO: [Physopt 32-526] No candidate cells for BRAM register optimization found in the design
INFO: [Physopt 32-775] End 1 Pass. Optimized 0 net or cell. Created 0 new cell, deleted 0 existing cell and moved 0 existing cell
INFO: [Physopt 32-846] No candidate cells for URAM register optimization found in the design
INFO: [Physopt 32-775] End 2 Pass. Optimized 0 net or cell. Created 0 new cell, deleted 0 existing cell and moved 0 existing cell
INFO: [Physopt 32-949] No candidate nets found for dynamic/static region interface net replication
INFO: [Physopt 32-775] End 1 Pass. Optimized 0 net or cell. Created 0 new cell, deleted 0 existing cell and moved 0 existing cell
Netlist sorting complete. Time (s): cpu = 00:00:00 ; elapsed = 00:00:00.001 . Memory (MB): peak = 1758.578 ; gain = 0.000

Summary of Physical Synthesis Optimizations
============================================


-----------------------------------------------------------------------------------------------------------------------------------------------------------
|  Optimization                                     |  Added Cells  |  Removed Cells  |  Optimized Cells/Nets  |  Dont Touch  |  Iterations  |  Elapsed   |
-----------------------------------------------------------------------------------------------------------------------------------------------------------
|  LUT Combining                                    |           36  |              1  |                    37  |           0  |           1  |  00:00:00  |
|  Very High Fanout                                 |            0  |              0  |                     0  |           0  |           1  |  00:00:00  |
|  DSP Register                                     |           73  |              0  |                     3  |           0  |           1  |  00:00:00  |
|  Shift Register to Pipeline                       |            0  |              0  |                     0  |           0  |           1  |  00:00:00  |
|  Shift Register                                   |            0  |              0  |                     0  |           0  |           1  |  00:00:00  |
|  BRAM Register                                    |            0  |              0  |                     0  |           0  |           1  |  00:00:00  |
|  URAM Register                                    |            0  |              0  |                     0  |           0  |           1  |  00:00:00  |
|  Dynamic/Static Region Interface Net Replication  |            0  |              0  |                     0  |           0  |           1  |  00:00:00  |
|  Total                                            |          109  |              1  |                    40  |           0  |           8  |  00:00:00  |
-----------------------------------------------------------------------------------------------------------------------------------------------------------


Phase 2.3.1 Physical Synthesis In Placer | Checksum: 135053723

Time (s): cpu = 00:00:08 ; elapsed = 00:00:05 . Memory (MB): peak = 1758.578 ; gain = 0.000
Phase 2.3 Global Placement Core | Checksum: 171b7fa5c

Time (s): cpu = 00:00:08 ; elapsed = 00:00:05 . Memory (MB): peak = 1758.578 ; gain = 0.000
Phase 2 Global Placement | Checksum: 171b7fa5c

Time (s): cpu = 00:00:08 ; elapsed = 00:00:05 . Memory (MB): peak = 1758.578 ; gain = 0.000

Phase 3 Detail Placement

Phase 3.1 Commit Multi Column Macros
Phase 3.1 Commit Multi Column Macros | Checksum: 15ea3dad5

Time (s): cpu = 00:00:08 ; elapsed = 00:00:05 . Memory (MB): peak = 1758.578 ; gain = 0.000

Phase 3.2 Commit Most Macros & LUTRAMs
Phase 3.2 Commit Most Macros & LUTRAMs | Checksum: 134b2739f

Time (s): cpu = 00:00:09 ; elapsed = 00:00:05 . Memory (MB): peak = 1758.578 ; gain = 0.000

Phase 3.3 Area Swap Optimization
Phase 3.3 Area Swap Optimization | Checksum: 1200ad0ae

Time (s): cpu = 00:00:09 ; elapsed = 00:00:05 . Memory (MB): peak = 1758.578 ; gain = 0.000

Phase 3.4 Pipeline Register Optimization
Phase 3.4 Pipeline Register Optimization | Checksum: 1856825ea

Time (s): cpu = 00:00:09 ; elapsed = 00:00:05 . Memory (MB): peak = 1758.578 ; gain = 0.000

Phase 3.5 Fast Optimization
Phase 3.5 Fast Optimization | Checksum: 1402ef70f

Time (s): cpu = 00:00:10 ; elapsed = 00:00:07 . Memory (MB): peak = 1758.578 ; gain = 0.000

Phase 3.6 Small Shape Detail Placement
Phase 3.6 Small Shape Detail Placement | Checksum: 1613a8f8c

Time (s): cpu = 00:00:11 ; elapsed = 00:00:08 . Memory (MB): peak = 1758.578 ; gain = 0.000

Phase 3.7 Re-assign LUT pins
Phase 3.7 Re-assign LUT pins | Checksum: 12cd20ed8

Time (s): cpu = 00:00:11 ; elapsed = 00:00:08 . Memory (MB): peak = 1758.578 ; gain = 0.000

Phase 3.8 Pipeline Register Optimization
Phase 3.8 Pipeline Register Optimization | Checksum: 11b2fe65f

Time (s): cpu = 00:00:11 ; elapsed = 00:00:08 . Memory (MB): peak = 1758.578 ; gain = 0.000

Phase 3.9 Fast Optimization
Phase 3.9 Fast Optimization | Checksum: 15eb38643

Time (s): cpu = 00:00:15 ; elapsed = 00:00:12 . Memory (MB): peak = 1758.578 ; gain = 0.000
Phase 3 Detail Placement | Checksum: 15eb38643

Time (s): cpu = 00:00:15 ; elapsed = 00:00:12 . Memory (MB): peak = 1758.578 ; gain = 0.000

Phase 4 Post Placement Optimization and Clean-Up

Phase 4.1 Post Commit Optimization
INFO: [Timing 38-35] Done setting XDC timing constraints.

Phase 4.1.1 Post Placement Optimization
Post Placement Optimization Initialization | Checksum: 16f53f6af

Phase 4.1.1.1 BUFG Insertion

Starting Physical Synthesis Task

Phase 1 Physical Synthesis Initialization
INFO: [Physopt 32-721] Multithreading enabled for phys_opt_design using a maximum of 2 CPUs
INFO: [Physopt 32-619] Estimated Timing Summary | WNS=-1.939 | TNS=-23.898 |
Phase 1 Physical Synthesis Initialization | Checksum: 1d6534132

Time (s): cpu = 00:00:00 ; elapsed = 00:00:00.064 . Memory (MB): peak = 1758.578 ; gain = 0.000
INFO: [Place 46-56] BUFG insertion identified 0 candidate nets. Inserted BUFG: 0, Replicated BUFG Driver: 0, Skipped due to Placement/Routing Conflicts: 0, Skipped due to Timing Degradation: 0, Skipped due to Illegal Netlist: 0.
Ending Physical Synthesis Task | Checksum: 129ed68d6

Time (s): cpu = 00:00:00 ; elapsed = 00:00:00.071 . Memory (MB): peak = 1758.578 ; gain = 0.000
Phase 4.1.1.1 BUFG Insertion | Checksum: 16f53f6af

Time (s): cpu = 00:00:15 ; elapsed = 00:00:12 . Memory (MB): peak = 1758.578 ; gain = 0.000
INFO: [Place 30-746] Post Placement Timing Summary WNS=-1.296. For the most accurate timing information please run report_timing.

Time (s): cpu = 00:00:44 ; elapsed = 00:00:44 . Memory (MB): peak = 1758.578 ; gain = 0.000
Phase 4.1 Post Commit Optimization | Checksum: 1450385d9

Time (s): cpu = 00:00:44 ; elapsed = 00:00:44 . Memory (MB): peak = 1758.578 ; gain = 0.000
Post Placement Optimization Initialization | Checksum: 223025f19

Starting Physical Synthesis Task

Phase 1 Physical Synthesis Initialization
INFO: [Physopt 32-721] Multithreading enabled for phys_opt_design using a maximum of 2 CPUs
INFO: [Physopt 32-619] Estimated Timing Summary | WNS=-1.558 | TNS=-21.416 |
Phase 1 Physical Synthesis Initialization | Checksum: 2017fd200

Time (s): cpu = 00:00:00 ; elapsed = 00:00:00.080 . Memory (MB): peak = 1758.578 ; gain = 0.000
INFO: [Place 46-56] BUFG insertion identified 0 candidate nets. Inserted BUFG: 0, Replicated BUFG Driver: 0, Skipped due to Placement/Routing Conflicts: 0, Skipped due to Timing Degradation: 0, Skipped due to Illegal Netlist: 0.
Ending Physical Synthesis Task | Checksum: 1b26f4072

Time (s): cpu = 00:00:00 ; elapsed = 00:00:00.087 . Memory (MB): peak = 1758.578 ; gain = 0.000
INFO: [Place 30-746] Post Placement Timing Summary WNS=-1.241. For the most accurate timing information please run report_timing.

Phase 4.2 Post Placement Cleanup
Phase 4.2 Post Placement Cleanup | Checksum: 18be70f16

Time (s): cpu = 00:01:08 ; elapsed = 00:01:09 . Memory (MB): peak = 1758.578 ; gain = 0.000

Phase 4.3 Placer Reporting

Phase 4.3.1 Print Estimated Congestion
INFO: [Place 30-612] Post-Placement Estimated Congestion 
 ____________________________________________________
|           | Global Congestion | Short Congestion  |
| Direction | Region Size       | Region Size       |
|___________|___________________|___________________|
|      North|                1x1|                4x4|
|___________|___________________|___________________|
|      South|                1x1|                1x1|
|___________|___________________|___________________|
|       East|                1x1|                2x2|
|___________|___________________|___________________|
|       West|                1x1|                1x1|
|___________|___________________|___________________|

Phase 4.3.1 Print Estimated Congestion | Checksum: 18be70f16

Time (s): cpu = 00:01:08 ; elapsed = 00:01:09 . Memory (MB): peak = 1758.578 ; gain = 0.000
Phase 4.3 Placer Reporting | Checksum: 18be70f16

Time (s): cpu = 00:01:08 ; elapsed = 00:01:09 . Memory (MB): peak = 1758.578 ; gain = 0.000

Phase 4.4 Final Placement Cleanup
Netlist sorting complete. Time (s): cpu = 00:00:00 ; elapsed = 00:00:00.001 . Memory (MB): peak = 1758.578 ; gain = 0.000

Time (s): cpu = 00:01:08 ; elapsed = 00:01:09 . Memory (MB): peak = 1758.578 ; gain = 0.000
Phase 4 Post Placement Optimization and Clean-Up | Checksum: 1b97d1267

Time (s): cpu = 00:01:08 ; elapsed = 00:01:09 . Memory (MB): peak = 1758.578 ; gain = 0.000
Ending Placer Task | Checksum: 1b365ff64

Time (s): cpu = 00:01:08 ; elapsed = 00:01:09 . Memory (MB): peak = 1758.578 ; gain = 0.000
INFO: [Common 17-83] Releasing license: Implementation
86 Infos, 2 Warnings, 0 Critical Warnings and 0 Errors encountered.
place_design completed successfully
place_design: Time (s): cpu = 00:01:09 ; elapsed = 00:01:10 . Memory (MB): peak = 1758.578 ; gain = 27.113
WARNING: [Timing 38-242] The property HD.CLK_SRC of clock port "clk" is not set. In out-of-context mode, this prevents timing estimation for clock delay/skew
Resolution: Set the HD.CLK_SRC property of the out-of-context port to the location of the clock buffer instance in the top-level design
INFO: [Timing 38-78] ReportTimingParams: -max_paths 3 -nworst 1 -delay_type max -sort_by slack.
E02A_STAGE post_place	-1.241	0.087	u_rq/param3_reg[69]/C	u_rq/rq_reg[1]/R
Command: phys_opt_design -directive AggressiveExplore
Attempting to get a license for feature 'Implementation' and/or device 'xc7z020'
INFO: [Common 17-349] Got license for feature 'Implementation' and/or device 'xc7z020'
INFO: [Vivado_Tcl 4-137] Directive used for phys_opt_design is: AggressiveExplore
Netlist sorting complete. Time (s): cpu = 00:00:00 ; elapsed = 00:00:00.001 . Memory (MB): peak = 1758.578 ; gain = 0.000

Starting Physical Synthesis Task

Phase 1 Physical Synthesis Initialization
INFO: [Physopt 32-721] Multithreading enabled for phys_opt_design using a maximum of 2 CPUs
WARNING: [Timing 38-242] The property HD.CLK_SRC of clock port "clk" is not set. In out-of-context mode, this prevents timing estimation for clock delay/skew
Resolution: Set the HD.CLK_SRC property of the out-of-context port to the location of the clock buffer instance in the top-level design
INFO: [Physopt 32-619] Estimated Timing Summary | WNS=-1.241 | TNS=-16.965 |
Phase 1 Physical Synthesis Initialization | Checksum: 206d2a36b

Time (s): cpu = 00:00:01 ; elapsed = 00:00:00.357 . Memory (MB): peak = 1758.578 ; gain = 0.000

Phase 2 SLR Crossing Optimization
Phase 2 SLR Crossing Optimization | Checksum: 206d2a36b

Time (s): cpu = 00:00:01 ; elapsed = 00:00:00.369 . Memory (MB): peak = 1758.578 ; gain = 0.000
INFO: [Physopt 32-619] Estimated Timing Summary | WNS=-1.241 | TNS=-16.965 |

Phase 3 Fanout Optimization
INFO: [Physopt 32-76] Pass 1. Identified 5 candidate nets for fanout optimization.
INFO: [Physopt 32-81] Processed net u_rq/param3_reg[66]_rep_n_0. Replicated 5 times.
INFO: [Physopt 32-81] Processed net u_rq/param3_reg[65]_rep__0_n_0. Replicated 4 times.
INFO: [Physopt 32-81] Processed net u_rq/p_0_in[0]. Replicated 4 times.
INFO: [Physopt 32-81] Processed net u_rq/param3_reg[66]_rep__0_n_0. Replicated 1 times.
INFO: [Physopt 32-572] Net u_rq/rq[7]_i_7_n_0 was not replicated.
Resolution: phys_opt_design can be forced to replicate a net driver using the option -force_replication_on_nets <list of net objects>.
INFO: [Physopt 32-232] Optimized 4 nets. Created 14 new instances.
INFO: [Physopt 32-775] End 1 Pass. Optimized 4 nets or cells. Created 14 new cells, deleted 0 existing cell and moved 0 existing cell
INFO: [Physopt 32-619] Estimated Timing Summary | WNS=-1.241 | TNS=-16.965 |
Netlist sorting complete. Time (s): cpu = 00:00:00 ; elapsed = 00:00:00.007 . Memory (MB): peak = 1758.578 ; gain = 0.000
Phase 3 Fanout Optimization | Checksum: 227977e43

Time (s): cpu = 00:00:04 ; elapsed = 00:00:02 . Memory (MB): peak = 1758.578 ; gain = 0.000

Phase 4 Single Cell Placement Optimization
INFO: [Physopt 32-660] Identified 250 candidate nets for placement-based optimization.
INFO: [Physopt 32-662] Processed net u_rq/rq[7]_i_692_n_0.  Did not re-place instance u_rq/rq[7]_i_692
INFO: [Physopt 32-662] Processed net u_rq/p_0_in[5].  Did not re-place instance u_rq/param3_reg[69]
INFO: [Physopt 32-662] Processed net u_rq/rq[7]_i_1_n_0.  Did not re-place instance u_rq/rq[7]_i_1
INFO: [Physopt 32-662] Processed net u_rq/rq[7]_i_966_n_0.  Did not re-place instance u_rq/rq[7]_i_966
INFO: [Physopt 32-662] Processed net u_rq/rq[7]_i_976_n_0.  Did not re-place instance u_rq/rq[7]_i_976
INFO: [Physopt 32-662] Processed net u_rq/acc_sh10_in[14].  Did not re-place instance u_rq/rq[7]_i_913
INFO: [Physopt 32-662] Processed net u_rq/rq[3]_i_15_n_0.  Did not re-place instance u_rq/rq[3]_i_15
INFO: [Physopt 32-662] Processed net u_rq/rq[7]_i_703_n_0.  Did not re-place instance u_rq/rq[7]_i_703
INFO: [Physopt 32-662] Processed net u_rq/rq[1].  Did not re-place instance u_rq/rq_reg[1]
INFO: [Physopt 32-662] Processed net u_rq/rq[2].  Did not re-place instance u_rq/rq_reg[2]
INFO: [Physopt 32-662] Processed net u_rq/rq[5].  Did not re-place instance u_rq/rq_reg[5]
INFO: [Physopt 32-662] Processed net u_rq/rq[7].  Did not re-place instance u_rq/rq_reg[7]
INFO: [Physopt 32-662] Processed net u_rq/rq[7]_i_970_n_0.  Did not re-place instance u_rq/rq[7]_i_970
INFO: [Physopt 32-662] Processed net u_rq/rq[7]_i_982_n_0.  Did not re-place instance u_rq/rq[7]_i_982
INFO: [Physopt 32-662] Processed net u_rq/acc_sh10_in[10].  Did not re-place instance u_rq/rq[7]_i_925
INFO: [Physopt 32-662] Processed net u_rq/rq[7]_i_705_n_0.  Did not re-place instance u_rq/rq[7]_i_705
INFO: [Physopt 32-662] Processed net u_rq/rq[3].  Did not re-place instance u_rq/rq_reg[3]
INFO: [Physopt 32-662] Processed net u_rq/rq[4].  Did not re-place instance u_rq/rq_reg[4]
INFO: [Physopt 32-662] Processed net u_rq/rq[6].  Did not re-place instance u_rq/rq_reg[6]
INFO: [Physopt 32-662] Processed net u_rq/rq[7]_i_176_n_0.  Did not re-place instance u_rq/rq[7]_i_176
INFO: [Physopt 32-662] Processed net u_rq/rq[7]_i_954_n_0.  Did not re-place instance u_rq/rq[7]_i_954
INFO: [Physopt 32-662] Processed net u_rq/acc_sh10_in[12].  Did not re-place instance u_rq/rq[7]_i_919
INFO: [Physopt 32-662] Processed net u_rq/rq[0]_i_1_n_0.  Did not re-place instance u_rq/rq[0]_i_1
INFO: [Physopt 32-662] Processed net u_rq/rq[0]_i_4_n_0.  Did not re-place instance u_rq/rq[0]_i_4
INFO: [Physopt 32-662] Processed net u_rq/rq[7]_i_900_n_0.  Did not re-place instance u_rq/rq[7]_i_900
INFO: [Physopt 32-662] Processed net u_rq/rq[0].  Did not re-place instance u_rq/rq_reg[0]
INFO: [Physopt 32-662] Processed net u_rq/rq[3]_i_16_n_0.  Did not re-place instance u_rq/rq[3]_i_16
INFO: [Physopt 32-662] Processed net u_rq/rq[7]_i_807_n_0.  Did not re-place instance u_rq/rq[7]_i_807
INFO: [Physopt 32-662] Processed net u_rq/rq[7]_i_955_n_0.  Did not re-place instance u_rq/rq[7]_i_955
INFO: [Physopt 32-662] Processed net u_rq/rq[7]_i_963_n_0.  Did not re-place instance u_rq/rq[7]_i_963
INFO: [Physopt 32-662] Processed net u_rq/acc_sh10_in[15].  Did not re-place instance u_rq/rq[7]_i_915
INFO: [Physopt 32-662] Processed net u_rq/rq[7]_i_967_n_0.  Did not re-place instance u_rq/rq[7]_i_967
INFO: [Physopt 32-662] Processed net u_rq/rq[7]_i_977_n_0.  Did not re-place instance u_rq/rq[7]_i_977
INFO: [Physopt 32-662] Processed net u_rq/acc_sh10_in[13].  Did not re-place instance u_rq/rq[7]_i_921
INFO: [Physopt 32-662] Processed net u_rq/rq[7]_i_704_n_0.  Did not re-place instance u_rq/rq[7]_i_704
INFO: [Physopt 32-662] Processed net u_rq/rq[7]_i_962_n_0.  Did not re-place instance u_rq/rq[7]_i_962
INFO: [Physopt 32-662] Processed net u_rq/rq[7]_i_71_n_0.  Did not re-place instance u_rq/rq[7]_i_71
INFO: [Physopt 32-662] Processed net u_rq/rq[7]_i_179_n_0.  Did not re-place instance u_rq/rq[7]_i_179
INFO: [Physopt 32-662] Processed net u_rq/acc_sh10_in[8].  Did not re-place instance u_rq/rq[7]_i_930
INFO: [Physopt 32-662] Processed net u_rq/rq[7]_i_706_n_0.  Did not re-place instance u_rq/rq[7]_i_706
INFO: [Physopt 32-662] Processed net u_rq/rq[7]_i_170_n_0.  Did not re-place instance u_rq/rq[7]_i_170
INFO: [Physopt 32-662] Processed net u_rq/acc_sh10_in[16].  Did not re-place instance u_rq/rq[7]_i_854
INFO: [Physopt 32-662] Processed net u_rq/rq[7]_i_598_n_0.  Did not re-place instance u_rq/rq[7]_i_598
INFO: [Physopt 32-662] Processed net u_rq/rq[7]_i_796_n_0.  Did not re-place instance u_rq/rq[7]_i_796
INFO: [Physopt 32-662] Processed net u_rq/rq[7]_i_866_n_0.  Did not re-place instance u_rq/rq[7]_i_866
INFO: [Physopt 32-662] Processed net u_rq/rq[7]_i_973_n_0.  Did not re-place instance u_rq/rq[7]_i_973
INFO: [Physopt 32-662] Processed net u_rq/rq[7]_i_985_n_0.  Did not re-place instance u_rq/rq[7]_i_985
INFO: [Physopt 32-662] Processed net u_rq/acc_sh10_in[26].  Did not re-place instance u_rq/rq[7]_i_741
INFO: [Physopt 32-662] Processed net u_rq/rq[3]_i_17_n_0.  Did not re-place instance u_rq/rq[3]_i_17
INFO: [Physopt 32-662] Processed net u_rq/rq[7]_i_391_n_0.  Did not re-place instance u_rq/rq[7]_i_391
INFO: [Physopt 32-662] Processed net u_rq/rq[7]_i_928_n_0.  Did not re-place instance u_rq/rq[7]_i_928
INFO: [Physopt 32-662] Processed net u_rq/rq[7]_i_753_n_0.  Did not re-place instance u_rq/rq[7]_i_753
INFO: [Physopt 32-662] Processed net u_rq/rq[7]_i_788_n_0.  Did not re-place instance u_rq/rq[7]_i_788
INFO: [Physopt 32-662] Processed net u_rq/acc_sh10_in[36].  Did not re-place instance u_rq/rq[7]_i_627
INFO: [Physopt 32-662] Processed net u_rq/rq[7]_i_586_n_0.  Did not re-place instance u_rq/rq[7]_i_586
INFO: [Physopt 32-662] Processed net u_rq/rq[7]_i_868_n_0.  Did not re-place instance u_rq/rq[7]_i_868
INFO: [Physopt 32-662] Processed net u_rq/rq[7]_i_890_n_0.  Did not re-place instance u_rq/rq[7]_i_890
INFO: [Physopt 32-662] Processed net u_rq/rq[7]_i_742_n_0.  Did not re-place instance u_rq/rq[7]_i_742
INFO: [Physopt 32-662] Processed net u_rq/rq[3]_i_19_n_0.  Did not re-place instance u_rq/rq[3]_i_19
INFO: [Physopt 32-662] Processed net u_rq/rq[7]_i_948_n_0.  Did not re-place instance u_rq/rq[7]_i_948
INFO: [Physopt 32-662] Processed net u_rq/rq[7]_i_989_n_0.  Did not re-place instance u_rq/rq[7]_i_989
INFO: [Physopt 32-662] Processed net u_rq/rq[7]_i_869_n_0.  Did not re-place instance u_rq/rq[7]_i_869
INFO: [Physopt 32-662] Processed net u_rq/rq[7]_i_899_n_0.  Did not re-place instance u_rq/rq[7]_i_899
INFO: [Physopt 32-662] Processed net u_rq/rq[7]_i_957_n_0.  Did not re-place instance u_rq/rq[7]_i_957
INFO: [Physopt 32-662] Processed net u_rq/rq[7]_i_965_n_0.  Did not re-place instance u_rq/rq[7]_i_965
INFO: [Physopt 32-662] Processed net u_rq/rq[7]_i_696_n_0.  Did not re-place instance u_rq/rq[7]_i_696
INFO: [Physopt 32-662] Processed net u_rq/rq[7]_i_750_n_0.  Did not re-place instance u_rq/rq[7]_i_750
INFO: [Physopt 32-662] Processed net u_rq/rq[7]_i_916_n_0.  Did not re-place instance u_rq/rq[7]_i_916
INFO: [Physopt 32-662] Processed net u_rq/rq[3]_i_18_n_0.  Did not re-place instance u_rq/rq[3]_i_18
INFO: [Physopt 32-662] Processed net u_rq/rq[7]_i_172_n_0.  Did not re-place instance u_rq/rq[7]_i_172
INFO: [Physopt 32-662] Processed net u_rq/rq[7]_i_70_n_0.  Did not re-place instance u_rq/rq[7]_i_70
INFO: [Physopt 32-662] Processed net u_rq/acc_sh10_in[7].  Did not re-place instance u_rq/rq[7]_i_19
INFO: [Physopt 32-662] Processed net u_rq/rq[7]_i_812_n_0.  Did not re-place instance u_rq/rq[7]_i_812
INFO: [Physopt 32-662] Processed net u_rq/rq[7]_i_971_n_0.  Did not re-place instance u_rq/rq[7]_i_971
INFO: [Physopt 32-662] Processed net u_rq/rq[7]_i_983_n_0.  Did not re-place instance u_rq/rq[7]_i_983
INFO: [Physopt 32-662] Processed net u_rq/acc_sh10_in[9].  Did not re-place instance u_rq/rq[7]_i_932
INFO: [Physopt 32-662] Processed net u_rq/rq[7]_i_178_n_0.  Did not re-place instance u_rq/rq[7]_i_178
INFO: [Physopt 32-662] Processed net u_rq/rq[7]_i_792_n_0.  Did not re-place instance u_rq/rq[7]_i_792
INFO: [Physopt 32-662] Processed net u_rq/rq[7]_i_862_n_0.  Did not re-place instance u_rq/rq[7]_i_862
INFO: [Physopt 32-662] Processed net u_rq/rq[7]_i_589_n_0.  Did not re-place instance u_rq/rq[7]_i_589
INFO: [Physopt 32-662] Processed net u_rq/rq[7]_i_730_n_0.  Did not re-place instance u_rq/rq[7]_i_730
INFO: [Physopt 32-662] Processed net u_rq/rq[7]_i_798_n_0.  Did not re-place instance u_rq/rq[7]_i_798
INFO: [Physopt 32-662] Processed net u_rq/rq[7]_i_867_n_0.  Did not re-place instance u_rq/rq[7]_i_867
INFO: [Physopt 32-662] Processed net u_rq/rq[7]_i_943_n_0.  Did not re-place instance u_rq/rq[7]_i_943
INFO: [Physopt 32-662] Processed net u_rq/acc_sh10_in[19].  Did not re-place instance u_rq/rq[7]_i_850
INFO: [Physopt 32-662] Processed net u_rq/acc_sh10_in[25].  Did not re-place instance u_rq/rq[7]_i_749
INFO: [Physopt 32-662] Processed net u_rq/rq[7]_i_805_n_0.  Did not re-place instance u_rq/rq[7]_i_805
INFO: [Physopt 32-662] Processed net u_rq/rq[7]_i_880_n_0.  Did not re-place instance u_rq/rq[7]_i_880
INFO: [Physopt 32-662] Processed net u_rq/rq[7]_i_964_n_0.  Did not re-place instance u_rq/rq[7]_i_964
INFO: [Physopt 32-662] Processed net u_rq/rq[7]_i_392_n_0.  Did not re-place instance u_rq/rq[7]_i_392
INFO: [Physopt 32-662] Processed net u_rq/rq[7]_i_748_n_0.  Did not re-place instance u_rq/rq[7]_i_748
INFO: [Physopt 32-662] Processed net u_rq/rq[7]_i_169_n_0.  Did not re-place instance u_rq/rq[7]_i_169
INFO: [Physopt 32-662] Processed net u_rq/rq[7]_i_872_n_0.  Did not re-place instance u_rq/rq[7]_i_872
INFO: [Physopt 32-662] Processed net u_rq/rq[7]_i_883_n_0.  Did not re-place instance u_rq/rq[7]_i_883
INFO: [Physopt 32-662] Processed net u_rq/rq[2]_i_7_n_0.  Did not re-place instance u_rq/rq[2]_i_7
INFO: [Physopt 32-662] Processed net u_rq/acc_sh10_in[1].  Did not re-place instance u_rq/rq[1]_i_4
INFO: [Physopt 32-662] Processed net u_rq/acc_sh10_in[24].  Did not re-place instance u_rq/rq[7]_i_747
INFO: [Physopt 32-662] Processed net u_rq/rq[7]_i_813_n_0.  Did not re-place instance u_rq/rq[7]_i_813
INFO: [Physopt 32-662] Processed net u_rq/rq[7]_i_174_n_0.  Did not re-place instance u_rq/rq[7]_i_174
INFO: [Physopt 32-662] Processed net u_rq/rq[3]_i_20_n_0.  Did not re-place instance u_rq/rq[3]_i_20
INFO: [Physopt 32-662] Processed net u_rq/rq[7]_i_188_n_0.  Did not re-place instance u_rq/rq[7]_i_188
INFO: [Physopt 32-662] Processed net u_rq/rq[1]_i_7_n_0.  Did not re-place instance u_rq/rq[1]_i_7
INFO: [Physopt 32-662] Processed net u_rq/rq[5]_i_9_n_0.  Did not re-place instance u_rq/rq[5]_i_9
INFO: [Physopt 32-662] Processed net u_rq/acc_sh10_in[0].  Did not re-place instance u_rq/rq[0]_i_5
INFO: [Physopt 32-662] Processed net u_rq/rq[7]_i_860_n_0.  Did not re-place instance u_rq/rq[7]_i_860
INFO: [Physopt 32-662] Processed net u_rq/rq[7]_i_892_n_0.  Did not re-place instance u_rq/rq[7]_i_892
INFO: [Physopt 32-662] Processed net u_rq/rq[7]_i_939_n_0.  Did not re-place instance u_rq/rq[7]_i_939
INFO: [Physopt 32-662] Processed net u_rq/rq[7]_i_961_n_0.  Did not re-place instance u_rq/rq[7]_i_961
INFO: [Physopt 32-662] Processed net u_rq/acc_sh10_in[28].  Did not re-place instance u_rq/rq[7]_i_735
INFO: [Physopt 32-662] Processed net u_rq/rq[7]_i_390_n_0.  Did not re-place instance u_rq/rq[7]_i_390
INFO: [Physopt 32-662] Processed net u_rq/rq[7]_i_851_n_0.  Did not re-place instance u_rq/rq[7]_i_851
INFO: [Physopt 32-662] Processed net u_rq/rq[7]_i_875_n_0.  Did not re-place instance u_rq/rq[7]_i_875
INFO: [Physopt 32-662] Processed net u_rq/rq[7]_i_583_n_0.  Did not re-place instance u_rq/rq[7]_i_583
INFO: [Physopt 32-662] Processed net u_rq/rq[7]_i_897_n_0.  Did not re-place instance u_rq/rq[7]_i_897
INFO: [Physopt 32-662] Processed net u_rq/rq[7]_i_945_n_0.  Did not re-place instance u_rq/rq[7]_i_945
INFO: [Physopt 32-662] Processed net u_rq/rq[3]_i_13_n_0.  Did not re-place instance u_rq/rq[3]_i_13
INFO: [Physopt 32-662] Processed net u_rq/rq[7]_i_806_n_0.  Did not re-place instance u_rq/rq[7]_i_806
INFO: [Physopt 32-662] Processed net u_rq/rq[7]_i_857_n_0.  Did not re-place instance u_rq/rq[7]_i_857
INFO: [Physopt 32-662] Processed net u_rq/rq[7]_i_902_n_0.  Did not re-place instance u_rq/rq[7]_i_902
INFO: [Physopt 32-662] Processed net u_rq/rq[7]_i_195_n_0.  Did not re-place instance u_rq/rq[7]_i_195
INFO: [Physopt 32-662] Processed net u_rq/rq[1]_i_8_n_0.  Did not re-place instance u_rq/rq[1]_i_8
INFO: [Physopt 32-662] Processed net u_rq/rq[0]_i_6_n_0.  Did not re-place instance u_rq/rq[0]_i_6
INFO: [Physopt 32-663] Processed net u_rq/rq[7]_i_646_n_0.  Re-placed instance u_rq/rq[7]_i_646
INFO: [Physopt 32-662] Processed net u_rq/rq[7]_i_949_n_0.  Did not re-place instance u_rq/rq[7]_i_949
INFO: [Physopt 32-662] Processed net u_rq/rq[7]_i_956_n_0.  Did not re-place instance u_rq/rq[7]_i_956
INFO: [Physopt 32-662] Processed net u_rq/rq[7]_i_959_n_0.  Did not re-place instance u_rq/rq[7]_i_959
INFO: [Physopt 32-662] Processed net u_rq/rq[7]_i_456_n_0.  Did not re-place instance u_rq/rq[7]_i_456
INFO: [Physopt 32-662] Processed net u_rq/acc_sh10_in[43].  Did not re-place instance u_rq/rq[7]_i_429
INFO: [Physopt 32-662] Processed net u_rq/rq[7]_i_110_n_0.  Did not re-place instance u_rq/rq[7]_i_110
INFO: [Physopt 32-662] Processed net u_rq/rq[7]_i_914_n_0.  Did not re-place instance u_rq/rq[7]_i_914
INFO: [Physopt 32-662] Processed net u_rq/rq[7]_i_893_n_0.  Did not re-place instance u_rq/rq[7]_i_893
INFO: [Physopt 32-662] Processed net u_rq/rq[7]_i_937_n_0.  Did not re-place instance u_rq/rq[7]_i_937
INFO: [Physopt 32-662] Processed net u_rq/rq[7]_i_951_n_0.  Did not re-place instance u_rq/rq[7]_i_951
INFO: [Physopt 32-662] Processed net u_rq/rq[7]_i_855_n_0.  Did not re-place instance u_rq/rq[7]_i_855
INFO: [Physopt 32-663] Processed net u_rq/rq[7]_i_903_n_0.  Re-placed instance u_rq/rq[7]_i_903
INFO: [Physopt 32-662] Processed net u_rq/rq[7]_i_972_n_0.  Did not re-place instance u_rq/rq[7]_i_972
INFO: [Physopt 32-662] Processed net u_rq/rq[7]_i_984_n_0.  Did not re-place instance u_rq/rq[7]_i_984
INFO: [Physopt 32-662] Processed net u_rq/rq[7]_i_920_n_0.  Did not re-place instance u_rq/rq[7]_i_920
INFO: [Physopt 32-662] Processed net u_rq/rq[7]_i_895_n_0.  Did not re-place instance u_rq/rq[7]_i_895
INFO: [Physopt 32-662] Processed net u_rq/rq[3]_i_14_n_0.  Did not re-place instance u_rq/rq[3]_i_14
INFO: [Physopt 32-662] Processed net u_rq/rq[7]_i_771_n_0.  Did not re-place instance u_rq/rq[7]_i_771
INFO: [Physopt 32-662] Processed net u_rq/rq[7]_i_780_n_0.  Did not re-place instance u_rq/rq[7]_i_780
INFO: [Physopt 32-662] Processed net u_rq/acc_sh10_in[30].  Did not re-place instance u_rq/rq[7]_i_729
INFO: [Physopt 32-662] Processed net u_rq/rq[7]_i_584_n_0.  Did not re-place instance u_rq/rq[7]_i_584
INFO: [Physopt 32-662] Processed net u_rq/acc_sh10_in[11].  Did not re-place instance u_rq/rq[7]_i_927
INFO: [Physopt 32-662] Processed net u_rq/rq[7]_i_73_n_0.  Did not re-place instance u_rq/rq[7]_i_73
INFO: [Physopt 32-662] Processed net u_rq/rq[7]_i_187_n_0.  Did not re-place instance u_rq/rq[7]_i_187
INFO: [Physopt 32-662] Processed net u_rq/rq[7]_i_597_n_0.  Did not re-place instance u_rq/rq[7]_i_597
INFO: [Physopt 32-662] Processed net u_rq/rq[7]_i_933_n_0.  Did not re-place instance u_rq/rq[7]_i_933
INFO: [Physopt 32-662] Processed net u_rq/rq[7]_i_759_n_0.  Did not re-place instance u_rq/rq[7]_i_759
INFO: [Physopt 32-662] Processed net u_rq/acc_sh10_in[34].  Did not re-place instance u_rq/rq[7]_i_633
INFO: [Physopt 32-662] Processed net u_rq/rq[7]_i_241_n_0.  Did not re-place instance u_rq/rq[7]_i_241
INFO: [Physopt 32-662] Processed net u_rq/rq[7]_i_531_n_0.  Did not re-place instance u_rq/rq[7]_i_531
INFO: [Physopt 32-662] Processed net u_rq/rq[7]_i_184_n_0.  Did not re-place instance u_rq/rq[7]_i_184
INFO: [Physopt 32-662] Processed net u_rq/rq[7]_i_168_n_0.  Did not re-place instance u_rq/rq[7]_i_168
INFO: [Physopt 32-662] Processed net u_rq/rq[7]_i_69_n_0.  Did not re-place instance u_rq/rq[7]_i_69
INFO: [Physopt 32-662] Processed net u_rq/rq[7]_i_790_n_0.  Did not re-place instance u_rq/rq[7]_i_790
INFO: [Physopt 32-662] Processed net u_rq/rq[7]_i_861_n_0.  Did not re-place instance u_rq/rq[7]_i_861
INFO: [Physopt 32-662] Processed net u_rq/rq[7]_i_240_n_0.  Did not re-place instance u_rq/rq[7]_i_240
INFO: [Physopt 32-662] Processed net u_rq/rq[4]_i_8_n_0.  Did not re-place instance u_rq/rq[4]_i_8
INFO: [Physopt 32-662] Processed net u_rq/rq[7]_i_190_n_0.  Did not re-place instance u_rq/rq[7]_i_190
INFO: [Physopt 32-662] Processed net u_rq/rq[7]_i_879_n_0.  Did not re-place instance u_rq/rq[7]_i_879
INFO: [Physopt 32-662] Processed net u_rq/acc_sh10_in[21].  Did not re-place instance u_rq/rq[7]_i_844
INFO: [Physopt 32-662] Processed net u_rq/rq[1]_i_5_n_0.  Did not re-place instance u_rq/rq[1]_i_5
INFO: [Physopt 32-662] Processed net u_rq/rq[7]_i_596_n_0.  Did not re-place instance u_rq/rq[7]_i_596
INFO: [Physopt 32-662] Processed net u_rq/rq[7]_i_772_n_0.  Did not re-place instance u_rq/rq[7]_i_772
INFO: [Physopt 32-662] Processed net u_rq/rq[7]_i_782_n_0.  Did not re-place instance u_rq/rq[7]_i_782
INFO: [Physopt 32-662] Processed net u_rq/acc_sh10_in[29].  Did not re-place instance u_rq/rq[7]_i_737
INFO: [Physopt 32-662] Processed net u_rq/rq[7]_i_173_n_0.  Did not re-place instance u_rq/rq[7]_i_173
INFO: [Physopt 32-662] Processed net u_rq/rq[4]_i_7_n_0.  Did not re-place instance u_rq/rq[4]_i_7
INFO: [Physopt 32-662] Processed net u_rq/rq[7]_i_950_n_0.  Did not re-place instance u_rq/rq[7]_i_950
INFO: [Physopt 32-662] Processed net u_rq/rq[7]_i_960_n_0.  Did not re-place instance u_rq/rq[7]_i_960
INFO: [Physopt 32-662] Processed net u_rq/rq[7]_i_389_n_0.  Did not re-place instance u_rq/rq[7]_i_389
INFO: [Physopt 32-662] Processed net u_rq/rq[7]_i_987_n_0.  Did not re-place instance u_rq/rq[7]_i_987
INFO: [Physopt 32-662] Processed net u_rq/rq[7]_i_532_n_0.  Did not re-place instance u_rq/rq[7]_i_532
INFO: [Physopt 32-662] Processed net u_rq/rq[7]_i_926_n_0.  Did not re-place instance u_rq/rq[7]_i_926
INFO: [Physopt 32-662] Processed net u_rq/rq[7]_i_901_n_0.  Did not re-place instance u_rq/rq[7]_i_901
INFO: [Physopt 32-662] Processed net u_rq/rq[7]_i_765_n_0.  Did not re-place instance u_rq/rq[7]_i_765
INFO: [Physopt 32-662] Processed net u_rq/rq[7]_i_882_n_0.  Did not re-place instance u_rq/rq[7]_i_882
INFO: [Physopt 32-662] Processed net u_rq/acc_sh10_in[32].  Did not re-place instance u_rq/rq[7]_i_639
INFO: [Physopt 32-662] Processed net u_rq/rq[7]_i_242_n_0.  Did not re-place instance u_rq/rq[7]_i_242
INFO: [Physopt 32-662] Processed net u_rq/rq[7]_i_754_n_0.  Did not re-place instance u_rq/rq[7]_i_754
INFO: [Physopt 32-662] Processed net u_rq/rq[7]_i_969_n_0.  Did not re-place instance u_rq/rq[7]_i_969
INFO: [Physopt 32-662] Processed net u_rq/rq[7]_i_979_n_0.  Did not re-place instance u_rq/rq[7]_i_979
INFO: [Physopt 32-662] Processed net u_rq/rq[7]_i_789_n_0.  Did not re-place instance u_rq/rq[7]_i_789
INFO: [Physopt 32-662] Processed net u_rq/acc_sh10_in[37].  Did not re-place instance u_rq/rq[7]_i_629
INFO: [Physopt 32-662] Processed net u_rq/rq[7]_i_881_n_0.  Did not re-place instance u_rq/rq[7]_i_881
INFO: [Physopt 32-662] Processed net u_rq/rq[7]_i_887_n_0.  Did not re-place instance u_rq/rq[7]_i_887
INFO: [Physopt 32-662] Processed net u_rq/rq[7]_i_891_n_0.  Did not re-place instance u_rq/rq[7]_i_891
INFO: [Physopt 32-662] Processed net u_rq/rq[7]_i_845_n_0.  Did not re-place instance u_rq/rq[7]_i_845
INFO: [Physopt 32-663] Processed net u_rq/acc_mult_n_101.  Re-placed instance u_rq/rq[7]_i_341_psdsp
INFO: [Physopt 32-662] Processed net u_rq/rq[7]_i_341_n_0.  Did not re-place instance u_rq/rq[7]_i_341
INFO: [Physopt 32-662] Processed net u_rq/rq[7]_i_345_n_0.  Did not re-place instance u_rq/rq[7]_i_345
INFO: [Physopt 32-662] Processed net u_rq/rq[7]_i_464_n_0.  Did not re-place instance u_rq/rq[7]_i_464
INFO: [Physopt 32-662] Processed net u_rq/rq[3]_i_1_n_0.  Did not re-place instance u_rq/rq[3]_i_1
INFO: [Physopt 32-662] Processed net u_rq/rq[7]_i_736_n_0.  Did not re-place instance u_rq/rq[7]_i_736
INFO: [Physopt 32-662] Processed net u_rq/rq[7]_i_896_n_0.  Did not re-place instance u_rq/rq[7]_i_896
INFO: [Physopt 32-662] Processed net u_rq/rq[7]_i_942_n_0.  Did not re-place instance u_rq/rq[7]_i_942
INFO: [Physopt 32-662] Processed net u_rq/acc_sh10_in[18].  Did not re-place instance u_rq/rq[7]_i_848
INFO: [Physopt 32-662] Processed net u_rq/rq[7]_i_196_n_0.  Did not re-place instance u_rq/rq[7]_i_196
INFO: [Physopt 32-662] Processed net u_rq/rq[7]_i_988_n_0.  Did not re-place instance u_rq/rq[7]_i_988
INFO: [Physopt 32-662] Processed net u_rq/rq[4]_i_1_n_0.  Did not re-place instance u_rq/rq[4]_i_1
INFO: [Physopt 32-662] Processed net u_rq/rq[7]_i_802_n_0.  Did not re-place instance u_rq/rq[7]_i_802
INFO: [Physopt 32-663] Processed net u_rq/acc_r3_reg_n_98.  Re-placed instance u_rq/rq[7]_i_161_psdsp_2
INFO: [Physopt 32-663] Processed net u_rq/rq[7]_i_161_n_0.  Re-placed instance u_rq/rq[7]_i_161
INFO: [Physopt 32-662] Processed net u_rq/rq[7]_i_165_n_0.  Did not re-place instance u_rq/rq[7]_i_165
INFO: [Physopt 32-662] Processed net u_rq/rq[7]_i_289_n_0.  Did not re-place instance u_rq/rq[7]_i_289
INFO: [Physopt 32-662] Processed net u_rq/rq[7]_i_587_n_0.  Did not re-place instance u_rq/rq[7]_i_587
INFO: [Physopt 32-662] Processed net u_rq/rq[6]_i_1_n_0.  Did not re-place instance u_rq/rq[6]_i_1
INFO: [Physopt 32-662] Processed net u_rq/rq[7]_i_694_n_0.  Did not re-place instance u_rq/rq[7]_i_694
INFO: [Physopt 32-663] Processed net u_rq/rq[7]_i_688_n_0.  Re-placed instance u_rq/rq[7]_i_688
INFO: [Physopt 32-663] Processed net u_rq/p_0_in[3].  Re-placed instance u_rq/param3_reg[67]
INFO: [Physopt 32-662] Processed net u_rq/rq[7]_i_515_n_0.  Did not re-place instance u_rq/rq[7]_i_515
INFO: [Physopt 32-662] Processed net u_rq/rq[7]_i_691_n_0.  Did not re-place instance u_rq/rq[7]_i_691
INFO: [Physopt 32-662] Processed net u_rq/rq[7]_i_555_n_0.  Did not re-place instance u_rq/rq[7]_i_555
INFO: [Physopt 32-662] Processed net u_rq/rq[7]_i_761_n_0.  Did not re-place instance u_rq/rq[7]_i_761
INFO: [Physopt 32-662] Processed net u_rq/rq[7]_i_784_n_0.  Did not re-place instance u_rq/rq[7]_i_784
INFO: [Physopt 32-662] Processed net u_rq/acc_sh10_in[38].  Did not re-place instance u_rq/rq[7]_i_621
INFO: [Physopt 32-662] Processed net u_rq/rq[7]_i_239_n_0.  Did not re-place instance u_rq/rq[7]_i_239
INFO: [Physopt 32-662] Processed net u_rq/rq[7]_i_634_n_0.  Did not re-place instance u_rq/rq[7]_i_634
INFO: [Physopt 32-662] Processed net u_rq/rq[7]_i_958_n_0.  Did not re-place instance u_rq/rq[7]_i_958
INFO: [Physopt 32-662] Processed net u_rq/rq[7]_i_906_n_0.  Did not re-place instance u_rq/rq[7]_i_906
INFO: [Physopt 32-662] Processed net u_rq/rq[7]_i_198_n_0.  Did not re-place instance u_rq/rq[7]_i_198
INFO: [Physopt 32-663] Processed net u_rq/acc_r3_reg_n_100.  Re-placed instance u_rq/rq[7]_i_163_psdsp_2
INFO: [Physopt 32-663] Processed net u_rq/rq[7]_i_163_n_0.  Re-placed instance u_rq/rq[7]_i_163
INFO: [Physopt 32-662] Processed net u_rq/rq[7]_i_167_n_0.  Did not re-place instance u_rq/rq[7]_i_167
INFO: [Physopt 32-662] Processed net u_rq/rq[7]_i_463_n_0.  Did not re-place instance u_rq/rq[7]_i_463
INFO: [Physopt 32-662] Processed net u_rq/rq[7]_i_709_n_0.  Did not re-place instance u_rq/rq[7]_i_709
INFO: [Physopt 32-662] Processed net u_rq/rq[7]_i_20_n_0.  Did not re-place instance u_rq/rq[7]_i_20
INFO: [Physopt 32-662] Processed net u_rq/rq[7]_i_290_n_0.  Did not re-place instance u_rq/rq[7]_i_290
INFO: [Physopt 32-662] Processed net u_rq/rq[7]_i_516_n_0.  Did not re-place instance u_rq/rq[7]_i_516
INFO: [Physopt 32-662] Processed net u_rq/rq[7]_i_922_n_0.  Did not re-place instance u_rq/rq[7]_i_922
INFO: [Physopt 32-662] Processed net u_rq/rq[7]_i_655_n_0.  Did not re-place instance u_rq/rq[7]_i_655
INFO: [Physopt 32-662] Processed net u_rq/rq[7]_i_556_n_0.  Did not re-place instance u_rq/rq[7]_i_556
INFO: [Physopt 32-662] Processed net u_rq/rq[7]_i_800_n_0.  Did not re-place instance u_rq/rq[7]_i_800
INFO: [Physopt 32-662] Processed net u_rq/rq[7]_i_197_n_0.  Did not re-place instance u_rq/rq[7]_i_197
INFO: [Physopt 32-663] Processed net u_rq/acc_r3_reg_n_103.  Re-placed instance u_rq/rq[7]_i_343_psdsp_2
INFO: [Physopt 32-662] Processed net u_rq/rq[7]_i_343_n_0.  Did not re-place instance u_rq/rq[7]_i_343
INFO: [Physopt 32-662] Processed net u_rq/rq[7]_i_347_n_0.  Did not re-place instance u_rq/rq[7]_i_347
INFO: [Physopt 32-662] Processed net u_rq/rq[7]_i_938_n_0.  Did not re-place instance u_rq/rq[7]_i_938
INFO: [Physopt 32-662] Processed net u_rq/rq[7]_i_990_n_0.  Did not re-place instance u_rq/rq[7]_i_990
INFO: [Physopt 32-662] Processed net u_rq/rq[7]_i_804_n_0.  Did not re-place instance u_rq/rq[7]_i_804
INFO: [Physopt 32-662] Processed net u_rq/rq[7]_i_843_n_0.  Did not re-place instance u_rq/rq[7]_i_843
INFO: [Physopt 32-662] Processed net u_rq/rq[7]_i_931_n_0.  Did not re-place instance u_rq/rq[7]_i_931
INFO: [Physopt 32-662] Processed net u_rq/rq[7]_i_577_n_0.  Did not re-place instance u_rq/rq[7]_i_577
INFO: [Physopt 32-662] Processed net u_rq/rq[7]_i_182_n_0.  Did not re-place instance u_rq/rq[7]_i_182
INFO: [Physopt 32-662] Processed net u_rq/rq[7]_i_795_n_0.  Did not re-place instance u_rq/rq[7]_i_795
INFO: [Physopt 32-662] Processed net u_rq/rq[7]_i_814_n_0.  Did not re-place instance u_rq/rq[7]_i_814
INFO: [Physopt 32-662] Processed net u_rq/acc_sh10_in[20].  Did not re-place instance u_rq/rq[7]_i_842
INFO: [Physopt 32-663] Processed net u_rq/rq[7]_i_663_n_0.  Re-placed instance u_rq/rq[7]_i_663
INFO: [Physopt 32-661] Optimized 11 nets.  Re-placed 11 instances.
INFO: [Physopt 32-775] End 1 Pass. Optimized 11 nets or cells. Created 0 new cell, deleted 0 existing cell and moved 11 existing cells
INFO: [Physopt 32-619] Estimated Timing Summary | WNS=-1.241 | TNS=-16.965 |
Netlist sorting complete. Time (s): cpu = 00:00:00 ; elapsed = 00:00:00.002 . Memory (MB): peak = 1758.578 ; gain = 0.000
Phase 4 Single Cell Placement Optimization | Checksum: 24d7e55f9

Time (s): cpu = 00:00:10 ; elapsed = 00:00:06 . Memory (MB): peak = 1758.578 ; gain = 0.000

Phase 5 Multi Cell Placement Optimization
INFO: [Physopt 32-660] Identified 100 candidate nets for placement-based optimization.
INFO: [Physopt 32-662] Processed net u_rq/p_0_in[5].  Did not re-place instance u_rq/param3_reg[69]/Q
INFO: [Physopt 32-662] Processed net u_rq/rq[7]_i_1_n_0.  Did not re-place instance u_rq/rq[7]_i_1/O
INFO: [Physopt 32-662] Processed net u_rq/rq[7]_i_966_n_0.  Did not re-place instance u_rq/rq[7]_i_966/O
INFO: [Physopt 32-662] Processed net u_rq/rq[7]_i_970_n_0.  Did not re-place instance u_rq/rq[7]_i_970/O
INFO: [Physopt 32-662] Processed net u_rq/rq[7]_i_176_n_0.  Did not re-place instance u_rq/rq[7]_i_176/O
INFO: [Physopt 32-662] Processed net u_rq/rq[0]_i_1_n_0.  Did not re-place instance u_rq/rq[0]_i_1/O
INFO: [Physopt 32-662] Processed net u_rq/rq[0]_i_4_n_0.  Did not re-place instance u_rq/rq[0]_i_4/O
INFO: [Physopt 32-662] Processed net u_rq/rq[7]_i_963_n_0.  Did not re-place instance u_rq/rq[7]_i_963/O
INFO: [Physopt 32-662] Processed net u_rq/rq[7]_i_967_n_0.  Did not re-place instance u_rq/rq[7]_i_967/O
INFO: [Physopt 32-662] Processed net u_rq/rq[7]_i_962_n_0.  Did not re-place instance u_rq/rq[7]_i_962/O
INFO: [Physopt 32-662] Processed net u_rq/rq[7]_i_179_n_0.  Did not re-place instance u_rq/rq[7]_i_179/O
INFO: [Physopt 32-662] Processed net u_rq/rq[7]_i_170_n_0.  Did not re-place instance u_rq/rq[7]_i_170/O
INFO: [Physopt 32-662] Processed net u_rq/rq[7]_i_796_n_0.  Did not re-place instance u_rq/rq[7]_i_796/O
INFO: [Physopt 32-662] Processed net u_rq/rq[7]_i_973_n_0.  Did not re-place instance u_rq/rq[7]_i_973/O
INFO: [Physopt 32-662] Processed net u_rq/rq[7]_i_788_n_0.  Did not re-place instance u_rq/rq[7]_i_788/O
INFO: [Physopt 32-662] Processed net u_rq/rq[7]_i_890_n_0.  Did not re-place instance u_rq/rq[7]_i_890/O
INFO: [Physopt 32-662] Processed net u_rq/rq[7]_i_989_n_0.  Did not re-place instance u_rq/rq[7]_i_989/O
INFO: [Physopt 32-662] Processed net u_rq/rq[7]_i_899_n_0.  Did not re-place instance u_rq/rq[7]_i_899/O
INFO: [Physopt 32-662] Processed net u_rq/rq[7]_i_965_n_0.  Did not re-place instance u_rq/rq[7]_i_965/O
INFO: [Physopt 32-662] Processed net u_rq/rq[7]_i_172_n_0.  Did not re-place instance u_rq/rq[7]_i_172/O
INFO: [Physopt 32-662] Processed net u_rq/rq[7]_i_971_n_0.  Did not re-place instance u_rq/rq[7]_i_971/O
INFO: [Physopt 32-662] Processed net u_rq/rq[7]_i_178_n_0.  Did not re-place instance u_rq/rq[7]_i_178/O
INFO: [Physopt 32-662] Processed net u_rq/rq[7]_i_792_n_0.  Did not re-place instance u_rq/rq[7]_i_792/O
INFO: [Physopt 32-662] Processed net u_rq/rq[7]_i_798_n_0.  Did not re-place instance u_rq/rq[7]_i_798/O
INFO: [Physopt 32-662] Processed net u_rq/rq[7]_i_964_n_0.  Did not re-place instance u_rq/rq[7]_i_964/O
INFO: [Physopt 32-662] Processed net u_rq/rq[7]_i_169_n_0.  Did not re-place instance u_rq/rq[7]_i_169/O
INFO: [Physopt 32-662] Processed net u_rq/rq[7]_i_883_n_0.  Did not re-place instance u_rq/rq[7]_i_883/O
INFO: [Physopt 32-662] Processed net u_rq/rq[7]_i_174_n_0.  Did not re-place instance u_rq/rq[7]_i_174/O
INFO: [Physopt 32-662] Processed net u_rq/rq[7]_i_188_n_0.  Did not re-place instance u_rq/rq[7]_i_188/O
INFO: [Physopt 32-662] Processed net u_rq/rq[5]_i_9_n_0.  Did not re-place instance u_rq/rq[5]_i_9/O
INFO: [Physopt 32-662] Processed net u_rq/rq[7]_i_892_n_0.  Did not re-place instance u_rq/rq[7]_i_892/O
INFO: [Physopt 32-662] Processed net u_rq/rq[7]_i_961_n_0.  Did not re-place instance u_rq/rq[7]_i_961/O
INFO: [Physopt 32-662] Processed net u_rq/rq[7]_i_897_n_0.  Did not re-place instance u_rq/rq[7]_i_897/O
INFO: [Physopt 32-662] Processed net u_rq/rq[7]_i_195_n_0.  Did not re-place instance u_rq/rq[7]_i_195/O
INFO: [Physopt 32-662] Processed net u_rq/rq[7]_i_959_n_0.  Did not re-place instance u_rq/rq[7]_i_959/O
INFO: [Physopt 32-662] Processed net u_rq/rq[7]_i_893_n_0.  Did not re-place instance u_rq/rq[7]_i_893/O
INFO: [Physopt 32-661] Optimized 0 net.  Re-placed 0 instance.
INFO: [Physopt 32-775] End 1 Pass. Optimized 0 net or cell. Created 0 new cell, deleted 0 existing cell and moved 0 existing cell
Netlist sorting complete. Time (s): cpu = 00:00:00 ; elapsed = 00:00:00 . Memory (MB): peak = 1758.578 ; gain = 0.000
Phase 5 Multi Cell Placement Optimization | Checksum: 17d2faf3a

Time (s): cpu = 00:00:25 ; elapsed = 00:00:16 . Memory (MB): peak = 1758.578 ; gain = 0.000

Phase 6 Rewire
INFO: [Physopt 32-246] Starting Signal Push optimization...
INFO: [Physopt 32-241] No nets found for rewiring () optimization.
INFO: [Physopt 32-232] Optimized 0 net. Created 0 new instance.
INFO: [Physopt 32-775] End 1 Pass. Optimized 0 net or cell. Created 0 new cell, deleted 0 existing cell and moved 0 existing cell
Netlist sorting complete. Time (s): cpu = 00:00:00 ; elapsed = 00:00:00 . Memory (MB): peak = 1758.578 ; gain = 0.000
Phase 6 Rewire | Checksum: 17d2faf3a

Time (s): cpu = 00:00:25 ; elapsed = 00:00:16 . Memory (MB): peak = 1758.578 ; gain = 0.000

Phase 7 Critical Cell Optimization
INFO: [Physopt 32-46] Identified 30 candidate nets for critical-cell optimization.
INFO: [Physopt 32-572] Net u_rq/rq[7]_i_692_n_0 was not replicated.
Resolution: phys_opt_design can be forced to replicate a net driver using the option -force_replication_on_nets <list of net objects>.
INFO: [Physopt 32-81] Processed net u_rq/p_0_in[5]. Replicated 3 times.
INFO: [Physopt 32-572] Net u_rq/rq[7]_i_1_n_0 was not replicated.
Resolution: phys_opt_design can be forced to replicate a net driver using the option -force_replication_on_nets <list of net objects>.
INFO: [Physopt 32-572] Net u_rq/rq[7]_i_966_n_0 was not replicated.
Resolution: phys_opt_design can be forced to replicate a net driver using the option -force_replication_on_nets <list of net objects>.
INFO: [Physopt 32-572] Net u_rq/rq[7]_i_976_n_0 was not replicated.
Resolution: phys_opt_design can be forced to replicate a net driver using the option -force_replication_on_nets <list of net objects>.
INFO: [Physopt 32-572] Net u_rq/rq[7]_i_970_n_0 was not replicated.
Resolution: phys_opt_design can be forced to replicate a net driver using the option -force_replication_on_nets <list of net objects>.
INFO: [Physopt 32-572] Net u_rq/rq[7]_i_982_n_0 was not replicated.
Resolution: phys_opt_design can be forced to replicate a net driver using the option -force_replication_on_nets <list of net objects>.
INFO: [Physopt 32-572] Net u_rq/rq[7]_i_176_n_0 was not replicated.
Resolution: phys_opt_design can be forced to replicate a net driver using the option -force_replication_on_nets <list of net objects>.
INFO: [Physopt 32-572] Net u_rq/rq[7]_i_954_n_0 was not replicated.
Resolution: phys_opt_design can be forced to replicate a net driver using the option -force_replication_on_nets <list of net objects>.
INFO: [Physopt 32-572] Net u_rq/rq[7]_i_955_n_0 was not replicated.
Resolution: phys_opt_design can be forced to replicate a net driver using the option -force_replication_on_nets <list of net objects>.
INFO: [Physopt 32-572] Net u_rq/rq[7]_i_963_n_0 was not replicated.
Resolution: phys_opt_design can be forced to replicate a net driver using the option -force_replication_on_nets <list of net objects>.
INFO: [Physopt 32-572] Net u_rq/rq[7]_i_967_n_0 was not replicated.
Resolution: phys_opt_design can be forced to replicate a net driver using the option -force_replication_on_nets <list of net objects>.
INFO: [Physopt 32-572] Net u_rq/rq[7]_i_977_n_0 was not replicated.
Resolution: phys_opt_design can be forced to replicate a net driver using the option -force_replication_on_nets <list of net objects>.
INFO: [Physopt 32-572] Net u_rq/rq[7]_i_962_n_0 was not replicated.
Resolution: phys_opt_design can be forced to replicate a net driver using the option -force_replication_on_nets <list of net objects>.
INFO: [Physopt 32-572] Net u_rq/rq[7]_i_71_n_0 was not replicated.
Resolution: phys_opt_design can be forced to replicate a net driver using the option -force_replication_on_nets <list of net objects>.
INFO: [Physopt 32-572] Net u_rq/rq[7]_i_179_n_0 was not replicated.
Resolution: phys_opt_design can be forced to replicate a net driver using the option -force_replication_on_nets <list of net objects>.
INFO: [Physopt 32-572] Net u_rq/rq[7]_i_170_n_0 was not replicated.
Resolution: phys_opt_design can be forced to replicate a net driver using the option -force_replication_on_nets <list of net objects>.
INFO: [Physopt 32-572] Net u_rq/rq[7]_i_796_n_0 was not replicated.
Resolution: phys_opt_design can be forced to replicate a net driver using the option -force_replication_on_nets <list of net objects>.
INFO: [Physopt 32-572] Net u_rq/rq[7]_i_866_n_0 was not replicated.
Resolution: phys_opt_design can be forced to replicate a net driver using the option -force_replication_on_nets <list of net objects>.
INFO: [Physopt 32-572] Net u_rq/rq[7]_i_973_n_0 was not replicated.
Resolution: phys_opt_design can be forced to replicate a net driver using the option -force_replication_on_nets <list of net objects>.
INFO: [Physopt 32-572] Net u_rq/rq[7]_i_985_n_0 was not replicated.
Resolution: phys_opt_design can be forced to replicate a net driver using the option -force_replication_on_nets <list of net objects>.
INFO: [Physopt 32-572] Net u_rq/rq[7]_i_753_n_0 was not replicated.
Resolution: phys_opt_design can be forced to replicate a net driver using the option -force_replication_on_nets <list of net objects>.
INFO: [Physopt 32-572] Net u_rq/rq[7]_i_788_n_0 was not replicated.
Resolution: phys_opt_design can be forced to replicate a net driver using the option -force_replication_on_nets <list of net objects>.
INFO: [Physopt 32-572] Net u_rq/rq[7]_i_868_n_0 was not replicated.
Resolution: phys_opt_design can be forced to replicate a net driver using the option -force_replication_on_nets <list of net objects>.
INFO: [Physopt 32-572] Net u_rq/rq[7]_i_890_n_0 was not replicated.
Resolution: phys_opt_design can be forced to replicate a net driver using the option -force_replication_on_nets <list of net objects>.
INFO: [Physopt 32-572] Net u_rq/rq[7]_i_948_n_0 was not replicated.
Resolution: phys_opt_design can be forced to replicate a net driver using the option -force_replication_on_nets <list of net objects>.
INFO: [Physopt 32-572] Net u_rq/rq[7]_i_989_n_0 was not replicated.
Resolution: phys_opt_design can be forced to replicate a net driver using the option -force_replication_on_nets <list of net objects>.
INFO: [Physopt 32-572] Net u_rq/rq[7]_i_869_n_0 was not replicated.
Resolution: phys_opt_design can be forced to replicate a net driver using the option -force_replication_on_nets <list of net objects>.
INFO: [Physopt 32-572] Net u_rq/rq[7]_i_899_n_0 was not replicated.
Resolution: phys_opt_design can be forced to replicate a net driver using the option -force_replication_on_nets <list of net objects>.
INFO: [Physopt 32-572] Net u_rq/rq[7]_i_957_n_0 was not replicated.
Resolution: phys_opt_design can be forced to replicate a net driver using the option -force_replication_on_nets <list of net objects>.
INFO: [Physopt 32-232] Optimized 1 net. Created 3 new instances.
INFO: [Physopt 32-775] End 1 Pass. Optimized 1 net or cell. Created 3 new cells, deleted 0 existing cell and moved 0 existing cell
INFO: [Physopt 32-619] Estimated Timing Summary | WNS=-1.159 | TNS=-15.735 |
Netlist sorting complete. Time (s): cpu = 00:00:00 ; elapsed = 00:00:00.010 . Memory (MB): peak = 1758.578 ; gain = 0.000
Phase 7 Critical Cell Optimization | Checksum: 18ebc9553

Time (s): cpu = 00:00:31 ; elapsed = 00:00:20 . Memory (MB): peak = 1758.578 ; gain = 0.000

Phase 8 Fanout Optimization
INFO: [Physopt 32-76] Pass 1. Identified 5 candidate nets for fanout optimization.
INFO: [Physopt 32-572] Net u_rq/param3_reg[65]_rep__0_n_0_repN was not replicated.
Resolution: phys_opt_design can be forced to replicate a net driver using the option -force_replication_on_nets <list of net objects>.
INFO: [Physopt 32-572] Net u_rq/param3_reg[66]_rep_n_0_repN was not replicated.
Resolution: phys_opt_design can be forced to replicate a net driver using the option -force_replication_on_nets <list of net objects>.
INFO: [Physopt 32-572] Net u_rq/p_0_in[0]_repN was not replicated.
Resolution: phys_opt_design can be forced to replicate a net driver using the option -force_replication_on_nets <list of net objects>.
INFO: [Physopt 32-572] Net u_rq/rq[7]_i_7_n_0 was not replicated.
Resolution: phys_opt_design can be forced to replicate a net driver using the option -force_replication_on_nets <list of net objects>.
INFO: [Physopt 32-572] Net u_rq/p_0_in[0]_repN_1 was not replicated.
Resolution: phys_opt_design can be forced to replicate a net driver using the option -force_replication_on_nets <list of net objects>.
INFO: [Physopt 32-232] Optimized 0 net. Created 0 new instance.
INFO: [Physopt 32-775] End 1 Pass. Optimized 0 net or cell. Created 0 new cell, deleted 0 existing cell and moved 0 existing cell
Netlist sorting complete. Time (s): cpu = 00:00:00 ; elapsed = 00:00:00.003 . Memory (MB): peak = 1758.578 ; gain = 0.000
Phase 8 Fanout Optimization | Checksum: 1f2c9c22e

Time (s): cpu = 00:00:32 ; elapsed = 00:00:20 . Memory (MB): peak = 1758.578 ; gain = 0.000

Phase 9 Single Cell Placement Optimization
INFO: [Physopt 32-660] Identified 250 candidate nets for placement-based optimization.
INFO: [Physopt 32-662] Processed net u_rq/rq[7]_i_692_n_0.  Did not re-place instance u_rq/rq[7]_i_692
INFO: [Physopt 32-662] Processed net u_rq/rq[7]_i_1_n_0.  Did not re-place instance u_rq/rq[7]_i_1
INFO: [Physopt 32-662] Processed net u_rq/p_0_in[5]_repN.  Did not re-place instance u_rq/param3_reg[69]_replica
INFO: [Physopt 32-662] Processed net u_rq/rq[7]_i_966_n_0.  Did not re-place instance u_rq/rq[7]_i_966
INFO: [Physopt 32-662] Processed net u_rq/rq[7]_i_976_n_0.  Did not re-place instance u_rq/rq[7]_i_976
INFO: [Physopt 32-662] Processed net u_rq/acc_sh10_in[14].  Did not re-place instance u_rq/rq[7]_i_913
INFO: [Physopt 32-662] Processed net u_rq/rq[3]_i_15_n_0.  Did not re-place instance u_rq/rq[3]_i_15
INFO: [Physopt 32-662] Processed net u_rq/rq[7]_i_703_n_0.  Did not re-place instance u_rq/rq[7]_i_703
INFO: [Physopt 32-662] Processed net u_rq/rq[1].  Did not re-place instance u_rq/rq_reg[1]
INFO: [Physopt 32-662] Processed net u_rq/rq[2].  Did not re-place instance u_rq/rq_reg[2]
INFO: [Physopt 32-662] Processed net u_rq/rq[5].  Did not re-place instance u_rq/rq_reg[5]
INFO: [Physopt 32-662] Processed net u_rq/rq[7].  Did not re-place instance u_rq/rq_reg[7]
INFO: [Physopt 32-662] Processed net u_rq/rq[7]_i_970_n_0.  Did not re-place instance u_rq/rq[7]_i_970
INFO: [Physopt 32-662] Processed net u_rq/rq[7]_i_982_n_0.  Did not re-place instance u_rq/rq[7]_i_982
INFO: [Physopt 32-662] Processed net u_rq/acc_sh10_in[10].  Did not re-place instance u_rq/rq[7]_i_925
INFO: [Physopt 32-662] Processed net u_rq/rq[7]_i_705_n_0.  Did not re-place instance u_rq/rq[7]_i_705
INFO: [Physopt 32-662] Processed net u_rq/rq[3].  Did not re-place instance u_rq/rq_reg[3]
INFO: [Physopt 32-662] Processed net u_rq/rq[4].  Did not re-place instance u_rq/rq_reg[4]
INFO: [Physopt 32-662] Processed net u_rq/rq[6].  Did not re-place instance u_rq/rq_reg[6]
INFO: [Physopt 32-662] Processed net u_rq/rq[7]_i_176_n_0.  Did not re-place instance u_rq/rq[7]_i_176
INFO: [Physopt 32-662] Processed net u_rq/rq[7]_i_954_n_0.  Did not re-place instance u_rq/rq[7]_i_954
INFO: [Physopt 32-662] Processed net u_rq/acc_sh10_in[12].  Did not re-place instance u_rq/rq[7]_i_919
INFO: [Physopt 32-662] Processed net u_rq/rq[0]_i_1_n_0.  Did not re-place instance u_rq/rq[0]_i_1
INFO: [Physopt 32-662] Processed net u_rq/rq[0]_i_4_n_0.  Did not re-place instance u_rq/rq[0]_i_4
INFO: [Physopt 32-662] Processed net u_rq/rq[7]_i_900_n_0.  Did not re-place instance u_rq/rq[7]_i_900
INFO: [Physopt 32-662] Processed net u_rq/rq[0].  Did not re-place instance u_rq/rq_reg[0]
INFO: [Physopt 32-663] Processed net u_rq/rq[7]_i_691_n_0.  Re-placed instance u_rq/rq[7]_i_691
INFO: [Physopt 32-662] Processed net u_rq/rq[7]_i_973_n_0.  Did not re-place instance u_rq/rq[7]_i_973
INFO: [Physopt 32-662] Processed net u_rq/rq[7]_i_985_n_0.  Did not re-place instance u_rq/rq[7]_i_985
INFO: [Physopt 32-662] Processed net u_rq/rq[7]_i_555_n_0.  Did not re-place instance u_rq/rq[7]_i_555
INFO: [Physopt 32-662] Processed net u_rq/rq[7]_i_928_n_0.  Did not re-place instance u_rq/rq[7]_i_928
INFO: [Physopt 32-662] Processed net u_rq/rq[7]_i_868_n_0.  Did not re-place instance u_rq/rq[7]_i_868
INFO: [Physopt 32-662] Processed net u_rq/rq[7]_i_890_n_0.  Did not re-place instance u_rq/rq[7]_i_890
INFO: [Physopt 32-662] Processed net u_rq/rq[3]_i_16_n_0.  Did not re-place instance u_rq/rq[3]_i_16
INFO: [Physopt 32-662] Processed net u_rq/rq[7]_i_391_n_0.  Did not re-place instance u_rq/rq[7]_i_391
INFO: [Physopt 32-662] Processed net u_rq/rq[7]_i_742_n_0.  Did not re-place instance u_rq/rq[7]_i_742
INFO: [Physopt 32-662] Processed net u_rq/rq[7]_i_869_n_0.  Did not re-place instance u_rq/rq[7]_i_869
INFO: [Physopt 32-662] Processed net u_rq/rq[7]_i_899_n_0.  Did not re-place instance u_rq/rq[7]_i_899
INFO: [Physopt 32-662] Processed net u_rq/rq[7]_i_957_n_0.  Did not re-place instance u_rq/rq[7]_i_957
INFO: [Physopt 32-662] Processed net u_rq/rq[7]_i_965_n_0.  Did not re-place instance u_rq/rq[7]_i_965
INFO: [Physopt 32-662] Processed net u_rq/rq[7]_i_696_n_0.  Did not re-place instance u_rq/rq[7]_i_696
INFO: [Physopt 32-662] Processed net u_rq/rq[7]_i_750_n_0.  Did not re-place instance u_rq/rq[7]_i_750
INFO: [Physopt 32-662] Processed net u_rq/rq[7]_i_916_n_0.  Did not re-place instance u_rq/rq[7]_i_916
INFO: [Physopt 32-662] Processed net u_rq/rq[7]_i_807_n_0.  Did not re-place instance u_rq/rq[7]_i_807
INFO: [Physopt 32-662] Processed net u_rq/rq[7]_i_792_n_0.  Did not re-place instance u_rq/rq[7]_i_792
INFO: [Physopt 32-662] Processed net u_rq/rq[7]_i_862_n_0.  Did not re-place instance u_rq/rq[7]_i_862
INFO: [Physopt 32-662] Processed net u_rq/rq[7]_i_955_n_0.  Did not re-place instance u_rq/rq[7]_i_955
INFO: [Physopt 32-662] Processed net u_rq/rq[7]_i_963_n_0.  Did not re-place instance u_rq/rq[7]_i_963
INFO: [Physopt 32-662] Processed net u_rq/acc_sh10_in[15].  Did not re-place instance u_rq/rq[7]_i_915
INFO: [Physopt 32-662] Processed net u_rq/rq[7]_i_589_n_0.  Did not re-place instance u_rq/rq[7]_i_589
INFO: [Physopt 32-662] Processed net u_rq/rq[7]_i_730_n_0.  Did not re-place instance u_rq/rq[7]_i_730
INFO: [Physopt 32-662] Processed net u_rq/rq[7]_i_880_n_0.  Did not re-place instance u_rq/rq[7]_i_880
INFO: [Physopt 32-662] Processed net u_rq/rq[7]_i_964_n_0.  Did not re-place instance u_rq/rq[7]_i_964
INFO: [Physopt 32-662] Processed net u_rq/rq[7]_i_392_n_0.  Did not re-place instance u_rq/rq[7]_i_392
INFO: [Physopt 32-662] Processed net u_rq/rq[7]_i_556_n_0.  Did not re-place instance u_rq/rq[7]_i_556
INFO: [Physopt 32-662] Processed net u_rq/rq[7]_i_748_n_0.  Did not re-place instance u_rq/rq[7]_i_748
INFO: [Physopt 32-662] Processed net u_rq/rq[7]_i_188_n_0.  Did not re-place instance u_rq/rq[7]_i_188
INFO: [Physopt 32-662] Processed net u_rq/rq[7]_i_577_n_0.  Did not re-place instance u_rq/rq[7]_i_577
INFO: [Physopt 32-662] Processed net u_rq/rq[7]_i_939_n_0.  Did not re-place instance u_rq/rq[7]_i_939
INFO: [Physopt 32-662] Processed net u_rq/rq[7]_i_961_n_0.  Did not re-place instance u_rq/rq[7]_i_961
INFO: [Physopt 32-662] Processed net u_rq/rq[7]_i_805_n_0.  Did not re-place instance u_rq/rq[7]_i_805
INFO: [Physopt 32-662] Processed net u_rq/rq[7]_i_851_n_0.  Did not re-place instance u_rq/rq[7]_i_851
INFO: [Physopt 32-662] Processed net u_rq/rq[7]_i_875_n_0.  Did not re-place instance u_rq/rq[7]_i_875
INFO: [Physopt 32-662] Processed net u_rq/rq[7]_i_579_n_0.  Did not re-place instance u_rq/rq[7]_i_579
INFO: [Physopt 32-662] Processed net u_rq/rq[7]_i_967_n_0.  Did not re-place instance u_rq/rq[7]_i_967
INFO: [Physopt 32-662] Processed net u_rq/rq[7]_i_977_n_0.  Did not re-place instance u_rq/rq[7]_i_977
INFO: [Physopt 32-662] Processed net u_rq/acc_sh10_in[13].  Did not re-place instance u_rq/rq[7]_i_921
INFO: [Physopt 32-662] Processed net u_rq/rq[7]_i_578_n_0.  Did not re-place instance u_rq/rq[7]_i_578
INFO: [Physopt 32-662] Processed net u_rq/rq[7]_i_704_n_0.  Did not re-place instance u_rq/rq[7]_i_704
INFO: [Physopt 32-662] Processed net u_rq/rq[7]_i_945_n_0.  Did not re-place instance u_rq/rq[7]_i_945
INFO: [Physopt 32-662] Processed net u_rq/rq[7]_i_806_n_0.  Did not re-place instance u_rq/rq[7]_i_806
INFO: [Physopt 32-662] Processed net u_rq/rq[7]_i_857_n_0.  Did not re-place instance u_rq/rq[7]_i_857
INFO: [Physopt 32-662] Processed net u_rq/rq[7]_i_962_n_0.  Did not re-place instance u_rq/rq[7]_i_962
INFO: [Physopt 32-662] Processed net u_rq/rq[7]_i_195_n_0.  Did not re-place instance u_rq/rq[7]_i_195
INFO: [Physopt 32-662] Processed net u_rq/rq[1]_i_8_n_0.  Did not re-place instance u_rq/rq[1]_i_8
INFO: [Physopt 32-662] Processed net u_rq/rq[0]_i_6_n_0.  Did not re-place instance u_rq/rq[0]_i_6
INFO: [Physopt 32-662] Processed net u_rq/rq[7]_i_813_n_0.  Did not re-place instance u_rq/rq[7]_i_813
INFO: [Physopt 32-662] Processed net u_rq/rq[7]_i_71_n_0.  Did not re-place instance u_rq/rq[7]_i_71
INFO: [Physopt 32-662] Processed net u_rq/rq[7]_i_956_n_0.  Did not re-place instance u_rq/rq[7]_i_956
INFO: [Physopt 32-662] Processed net u_rq/rq[7]_i_179_n_0.  Did not re-place instance u_rq/rq[7]_i_179
INFO: [Physopt 32-662] Processed net u_rq/acc_sh10_in[8].  Did not re-place instance u_rq/rq[7]_i_930
INFO: [Physopt 32-662] Processed net u_rq/rq[7]_i_706_n_0.  Did not re-place instance u_rq/rq[7]_i_706
INFO: [Physopt 32-662] Processed net u_rq/rq[7]_i_914_n_0.  Did not re-place instance u_rq/rq[7]_i_914
INFO: [Physopt 32-662] Processed net u_rq/rq[7]_i_170_n_0.  Did not re-place instance u_rq/rq[7]_i_170
INFO: [Physopt 32-662] Processed net u_rq/acc_sh10_in[16].  Did not re-place instance u_rq/rq[7]_i_854
INFO: [Physopt 32-662] Processed net u_rq/rq[7]_i_598_n_0.  Did not re-place instance u_rq/rq[7]_i_598
INFO: [Physopt 32-662] Processed net u_rq/rq[7]_i_951_n_0.  Did not re-place instance u_rq/rq[7]_i_951
INFO: [Physopt 32-662] Processed net u_rq/rq[7]_i_855_n_0.  Did not re-place instance u_rq/rq[7]_i_855
INFO: [Physopt 32-662] Processed net u_rq/rq[7]_i_796_n_0.  Did not re-place instance u_rq/rq[7]_i_796
INFO: [Physopt 32-662] Processed net u_rq/rq[7]_i_866_n_0.  Did not re-place instance u_rq/rq[7]_i_866
INFO: [Physopt 32-662] Processed net u_rq/rq[7]_i_972_n_0.  Did not re-place instance u_rq/rq[7]_i_972
INFO: [Physopt 32-662] Processed net u_rq/rq[7]_i_984_n_0.  Did not re-place instance u_rq/rq[7]_i_984
INFO: [Physopt 32-662] Processed net u_rq/acc_sh10_in[26].  Did not re-place instance u_rq/rq[7]_i_741
INFO: [Physopt 32-662] Processed net u_rq/rq[3]_i_17_n_0.  Did not re-place instance u_rq/rq[3]_i_17
INFO: [Physopt 32-662] Processed net u_rq/rq[7]_i_920_n_0.  Did not re-place instance u_rq/rq[7]_i_920
INFO: [Physopt 32-662] Processed net u_rq/rq[7]_i_753_n_0.  Did not re-place instance u_rq/rq[7]_i_753
INFO: [Physopt 32-662] Processed net u_rq/rq[7]_i_788_n_0.  Did not re-place instance u_rq/rq[7]_i_788
INFO: [Physopt 32-662] Processed net u_rq/acc_sh10_in[36].  Did not re-place instance u_rq/rq[7]_i_627
INFO: [Physopt 32-662] Processed net u_rq/rq[7]_i_586_n_0.  Did not re-place instance u_rq/rq[7]_i_586
INFO: [Physopt 32-662] Processed net u_rq/rq[7]_i_895_n_0.  Did not re-place instance u_rq/rq[7]_i_895
INFO: [Physopt 32-662] Processed net u_rq/rq[3]_i_19_n_0.  Did not re-place instance u_rq/rq[3]_i_19
INFO: [Physopt 32-662] Processed net u_rq/rq[7]_i_948_n_0.  Did not re-place instance u_rq/rq[7]_i_948
INFO: [Physopt 32-662] Processed net u_rq/rq[7]_i_989_n_0.  Did not re-place instance u_rq/rq[7]_i_989
INFO: [Physopt 32-662] Processed net u_rq/rq[7]_i_580_n_0.  Did not re-place instance u_rq/rq[7]_i_580
INFO: [Physopt 32-662] Processed net u_rq/rq[7]_i_503_n_0.  Did not re-place instance u_rq/rq[7]_i_503
INFO: [Physopt 32-662] Processed net u_rq/rq[3]_i_18_n_0.  Did not re-place instance u_rq/rq[3]_i_18
INFO: [Physopt 32-662] Processed net u_rq/rq[7]_i_172_n_0.  Did not re-place instance u_rq/rq[7]_i_172
INFO: [Physopt 32-662] Processed net u_rq/rq[7]_i_70_n_0.  Did not re-place instance u_rq/rq[7]_i_70
INFO: [Physopt 32-662] Processed net u_rq/acc_sh10_in[7].  Did not re-place instance u_rq/rq[7]_i_19
INFO: [Physopt 32-662] Processed net u_rq/rq[7]_i_812_n_0.  Did not re-place instance u_rq/rq[7]_i_812
INFO: [Physopt 32-662] Processed net u_rq/rq[7]_i_73_n_0.  Did not re-place instance u_rq/rq[7]_i_73
INFO: [Physopt 32-662] Processed net u_rq/rq[7]_i_971_n_0.  Did not re-place instance u_rq/rq[7]_i_971
INFO: [Physopt 32-662] Processed net u_rq/rq[7]_i_983_n_0.  Did not re-place instance u_rq/rq[7]_i_983
INFO: [Physopt 32-662] Processed net u_rq/rq[7]_i_187_n_0.  Did not re-place instance u_rq/rq[7]_i_187
INFO: [Physopt 32-662] Processed net u_rq/acc_sh10_in[9].  Did not re-place instance u_rq/rq[7]_i_932
INFO: [Physopt 32-662] Processed net u_rq/rq[7]_i_933_n_0.  Did not re-place instance u_rq/rq[7]_i_933
INFO: [Physopt 32-662] Processed net u_rq/rq[7]_i_178_n_0.  Did not re-place instance u_rq/rq[7]_i_178
INFO: [Physopt 32-662] Processed net u_rq/rq[7]_i_184_n_0.  Did not re-place instance u_rq/rq[7]_i_184
INFO: [Physopt 32-662] Processed net u_rq/rq[7]_i_798_n_0.  Did not re-place instance u_rq/rq[7]_i_798
INFO: [Physopt 32-662] Processed net u_rq/rq[7]_i_867_n_0.  Did not re-place instance u_rq/rq[7]_i_867
INFO: [Physopt 32-662] Processed net u_rq/rq[7]_i_943_n_0.  Did not re-place instance u_rq/rq[7]_i_943
INFO: [Physopt 32-662] Processed net u_rq/acc_sh10_in[19].  Did not re-place instance u_rq/rq[7]_i_850
INFO: [Physopt 32-662] Processed net u_rq/acc_sh10_in[25].  Did not re-place instance u_rq/rq[7]_i_749
INFO: [Physopt 32-662] Processed net u_rq/rq[7]_i_169_n_0.  Did not re-place instance u_rq/rq[7]_i_169
INFO: [Physopt 32-662] Processed net u_rq/rq[7]_i_872_n_0.  Did not re-place instance u_rq/rq[7]_i_872
INFO: [Physopt 32-662] Processed net u_rq/rq[7]_i_883_n_0.  Did not re-place instance u_rq/rq[7]_i_883
INFO: [Physopt 32-662] Processed net u_rq/rq[2]_i_7_n_0.  Did not re-place instance u_rq/rq[2]_i_7
INFO: [Physopt 32-662] Processed net u_rq/acc_sh10_in[1].  Did not re-place instance u_rq/rq[1]_i_4
INFO: [Physopt 32-662] Processed net u_rq/acc_sh10_in[24].  Did not re-place instance u_rq/rq[7]_i_747
INFO: [Physopt 32-662] Processed net u_rq/rq[7]_i_174_n_0.  Did not re-place instance u_rq/rq[7]_i_174
INFO: [Physopt 32-662] Processed net u_rq/rq[3]_i_20_n_0.  Did not re-place instance u_rq/rq[3]_i_20
INFO: [Physopt 32-662] Processed net u_rq/rq[4]_i_8_n_0.  Did not re-place instance u_rq/rq[4]_i_8
INFO: [Physopt 32-662] Processed net u_rq/rq[7]_i_190_n_0.  Did not re-place instance u_rq/rq[7]_i_190
INFO: [Physopt 32-662] Processed net u_rq/rq[1]_i_5_n_0.  Did not re-place instance u_rq/rq[1]_i_5
INFO: [Physopt 32-662] Processed net u_rq/rq[7]_i_597_n_0.  Did not re-place instance u_rq/rq[7]_i_597
INFO: [Physopt 32-662] Processed net u_rq/rq[1]_i_7_n_0.  Did not re-place instance u_rq/rq[1]_i_7
INFO: [Physopt 32-662] Processed net u_rq/rq[5]_i_9_n_0.  Did not re-place instance u_rq/rq[5]_i_9
INFO: [Physopt 32-662] Processed net u_rq/acc_sh10_in[0].  Did not re-place instance u_rq/rq[0]_i_5
INFO: [Physopt 32-662] Processed net u_rq/rq[7]_i_504_n_0.  Did not re-place instance u_rq/rq[7]_i_504
INFO: [Physopt 32-662] Processed net u_rq/rq[7]_i_860_n_0.  Did not re-place instance u_rq/rq[7]_i_860
INFO: [Physopt 32-662] Processed net u_rq/rq[7]_i_892_n_0.  Did not re-place instance u_rq/rq[7]_i_892
INFO: [Physopt 32-662] Processed net u_rq/acc_sh10_in[28].  Did not re-place instance u_rq/rq[7]_i_735
INFO: [Physopt 32-662] Processed net u_rq/rq[7]_i_390_n_0.  Did not re-place instance u_rq/rq[7]_i_390
INFO: [Physopt 32-662] Processed net u_rq/rq[7]_i_950_n_0.  Did not re-place instance u_rq/rq[7]_i_950
INFO: [Physopt 32-662] Processed net u_rq/rq[7]_i_960_n_0.  Did not re-place instance u_rq/rq[7]_i_960
INFO: [Physopt 32-662] Processed net u_rq/rq[7]_i_389_n_0.  Did not re-place instance u_rq/rq[7]_i_389
INFO: [Physopt 32-662] Processed net u_rq/rq[7]_i_926_n_0.  Did not re-place instance u_rq/rq[7]_i_926
INFO: [Physopt 32-662] Processed net u_rq/rq[7]_i_583_n_0.  Did not re-place instance u_rq/rq[7]_i_583
INFO: [Physopt 32-662] Processed net u_rq/rq[7]_i_897_n_0.  Did not re-place instance u_rq/rq[7]_i_897
INFO: [Physopt 32-662] Processed net u_rq/rq[3]_i_13_n_0.  Did not re-place instance u_rq/rq[3]_i_13
INFO: [Physopt 32-662] Processed net u_rq/rq[7]_i_525_n_0.  Did not re-place instance u_rq/rq[7]_i_525
INFO: [Physopt 32-662] Processed net u_rq/rq[7]_i_902_n_0.  Did not re-place instance u_rq/rq[7]_i_902
INFO: [Physopt 32-662] Processed net u_rq/rq[7]_i_949_n_0.  Did not re-place instance u_rq/rq[7]_i_949
INFO: [Physopt 32-662] Processed net u_rq/rq[7]_i_959_n_0.  Did not re-place instance u_rq/rq[7]_i_959
INFO: [Physopt 32-662] Processed net u_rq/rq[7]_i_893_n_0.  Did not re-place instance u_rq/rq[7]_i_893
INFO: [Physopt 32-662] Processed net u_rq/rq[7]_i_937_n_0.  Did not re-place instance u_rq/rq[7]_i_937
INFO: [Physopt 32-662] Processed net u_rq/rq[7]_i_527_n_0.  Did not re-place instance u_rq/rq[7]_i_527
INFO: [Physopt 32-662] Processed net u_rq/rq[7]_i_969_n_0.  Did not re-place instance u_rq/rq[7]_i_969
INFO: [Physopt 32-662] Processed net u_rq/rq[7]_i_979_n_0.  Did not re-place instance u_rq/rq[7]_i_979
INFO: [Physopt 32-663] Processed net u_rq/acc_r3_reg[0]__0_n_0.  Re-placed instance u_rq/acc_r3_reg[0]__0
INFO: [Physopt 32-662] Processed net u_rq/rq[7]_i_534_n_0.  Did not re-place instance u_rq/rq[7]_i_534
INFO: [Physopt 32-662] Processed net u_rq/rq[7]_i_550_n_0.  Did not re-place instance u_rq/rq[7]_i_550
INFO: [Physopt 32-662] Processed net u_rq/rq[7]_i_574_n_0.  Did not re-place instance u_rq/rq[7]_i_574
INFO: [Physopt 32-662] Processed net u_rq/rq[7]_i_681_n_0.  Did not re-place instance u_rq/rq[7]_i_681
INFO: [Physopt 32-662] Processed net u_rq/rq[7]_i_881_n_0.  Did not re-place instance u_rq/rq[7]_i_881
INFO: [Physopt 32-662] Processed net u_rq/rq[7]_i_887_n_0.  Did not re-place instance u_rq/rq[7]_i_887
INFO: [Physopt 32-662] Processed net u_rq/rq[7]_i_891_n_0.  Did not re-place instance u_rq/rq[7]_i_891
INFO: [Physopt 32-663] Processed net u_rq/acc_mult_n_102.  Re-placed instance u_rq/rq[7]_i_342_psdsp
INFO: [Physopt 32-663] Processed net u_rq/rq[7]_i_342_n_0.  Re-placed instance u_rq/rq[7]_i_342
INFO: [Physopt 32-662] Processed net u_rq/rq[7]_i_346_n_0.  Did not re-place instance u_rq/rq[7]_i_346
INFO: [Physopt 32-662] Processed net u_rq/rq[7]_i_464_n_0.  Did not re-place instance u_rq/rq[7]_i_464
INFO: [Physopt 32-662] Processed net u_rq/rq[7]_i_596_n_0.  Did not re-place instance u_rq/rq[7]_i_596
INFO: [Physopt 32-662] Processed net u_rq/rq[7]_i_845_n_0.  Did not re-place instance u_rq/rq[7]_i_845
INFO: [Physopt 32-663] Processed net u_rq/acc_r3_reg_n_101.  Re-placed instance u_rq/rq[7]_i_341_psdsp_2
INFO: [Physopt 32-662] Processed net u_rq/rq[7]_i_341_n_0.  Did not re-place instance u_rq/rq[7]_i_341
INFO: [Physopt 32-662] Processed net u_rq/rq[3]_i_14_n_0.  Did not re-place instance u_rq/rq[3]_i_14
INFO: [Physopt 32-662] Processed net u_rq/rq[7]_i_345_n_0.  Did not re-place instance u_rq/rq[7]_i_345
INFO: [Physopt 32-662] Processed net u_rq/rq[7]_i_526_n_0.  Did not re-place instance u_rq/rq[7]_i_526
INFO: [Physopt 32-662] Processed net u_rq/rq[7]_i_736_n_0.  Did not re-place instance u_rq/rq[7]_i_736
INFO: [Physopt 32-662] Processed net u_rq/rq[7]_i_538_n_0.  Did not re-place instance u_rq/rq[7]_i_538
INFO: [Physopt 32-662] Processed net u_rq/rq[7]_i_562_n_0.  Did not re-place instance u_rq/rq[7]_i_562
INFO: [Physopt 32-662] Processed net u_rq/rq[7]_i_771_n_0.  Did not re-place instance u_rq/rq[7]_i_771
INFO: [Physopt 32-662] Processed net u_rq/rq[7]_i_780_n_0.  Did not re-place instance u_rq/rq[7]_i_780
INFO: [Physopt 32-662] Processed net u_rq/acc_sh10_in[30].  Did not re-place instance u_rq/rq[7]_i_729
INFO: [Physopt 32-662] Processed net u_rq/rq[7]_i_196_n_0.  Did not re-place instance u_rq/rq[7]_i_196
INFO: [Physopt 32-662] Processed net u_rq/rq[7]_i_988_n_0.  Did not re-place instance u_rq/rq[7]_i_988
INFO: [Physopt 32-662] Processed net u_rq/rq[7]_i_584_n_0.  Did not re-place instance u_rq/rq[7]_i_584
INFO: [Physopt 32-662] Processed net u_rq/rq[7]_i_802_n_0.  Did not re-place instance u_rq/rq[7]_i_802
INFO: [Physopt 32-662] Processed net u_rq/acc_sh10_in[11].  Did not re-place instance u_rq/rq[7]_i_927
INFO: [Physopt 32-662] Processed net u_rq/rq[7]_i_759_n_0.  Did not re-place instance u_rq/rq[7]_i_759
INFO: [Physopt 32-662] Processed net u_rq/acc_sh10_in[34].  Did not re-place instance u_rq/rq[7]_i_633
INFO: [Physopt 32-662] Processed net u_rq/rq[7]_i_241_n_0.  Did not re-place instance u_rq/rq[7]_i_241
INFO: [Physopt 32-662] Processed net u_rq/rq[7]_i_528_n_0.  Did not re-place instance u_rq/rq[7]_i_528
INFO: [Physopt 32-662] Processed net u_rq/rq[7]_i_531_n_0.  Did not re-place instance u_rq/rq[7]_i_531
INFO: [Physopt 32-662] Processed net u_rq/rq[7]_i_168_n_0.  Did not re-place instance u_rq/rq[7]_i_168
INFO: [Physopt 32-662] Processed net u_rq/rq[7]_i_69_n_0.  Did not re-place instance u_rq/rq[7]_i_69
INFO: [Physopt 32-662] Processed net u_rq/rq[7]_i_790_n_0.  Did not re-place instance u_rq/rq[7]_i_790
INFO: [Physopt 32-662] Processed net u_rq/rq[7]_i_861_n_0.  Did not re-place instance u_rq/rq[7]_i_861
INFO: [Physopt 32-662] Processed net u_rq/rq[7]_i_240_n_0.  Did not re-place instance u_rq/rq[7]_i_240
INFO: [Physopt 32-662] Processed net u_rq/rq[7]_i_552_n_0.  Did not re-place instance u_rq/rq[7]_i_552
INFO: [Physopt 32-662] Processed net u_rq/rq[7]_i_576_n_0.  Did not re-place instance u_rq/rq[7]_i_576
INFO: [Physopt 32-663] Processed net u_rq/acc_r3_reg_n_104.  Re-placed instance u_rq/rq[7]_i_344_psdsp_2
INFO: [Physopt 32-662] Processed net u_rq/rq[7]_i_344_n_0.  Did not re-place instance u_rq/rq[7]_i_344
INFO: [Physopt 32-662] Processed net u_rq/rq[7]_i_348_n_0.  Did not re-place instance u_rq/rq[7]_i_348
INFO: [Physopt 32-662] Processed net u_rq/rq[7]_i_761_n_0.  Did not re-place instance u_rq/rq[7]_i_761
INFO: [Physopt 32-662] Processed net u_rq/rq[7]_i_784_n_0.  Did not re-place instance u_rq/rq[7]_i_784
INFO: [Physopt 32-662] Processed net u_rq/rq[7]_i_879_n_0.  Did not re-place instance u_rq/rq[7]_i_879
INFO: [Physopt 32-662] Processed net u_rq/acc_sh10_in[21].  Did not re-place instance u_rq/rq[7]_i_844
INFO: [Physopt 32-662] Processed net u_rq/rq[7]_i_634_n_0.  Did not re-place instance u_rq/rq[7]_i_634
INFO: [Physopt 32-662] Processed net u_rq/rq[7]_i_772_n_0.  Did not re-place instance u_rq/rq[7]_i_772
INFO: [Physopt 32-662] Processed net u_rq/rq[7]_i_782_n_0.  Did not re-place instance u_rq/rq[7]_i_782
INFO: [Physopt 32-663] Processed net u_rq/acc_r3_reg_n_102.  Re-placed instance u_rq/rq[7]_i_342_psdsp_2
INFO: [Physopt 32-662] Processed net u_rq/acc_sh10_in[29].  Did not re-place instance u_rq/rq[7]_i_737
INFO: [Physopt 32-662] Processed net u_rq/rq[7]_i_198_n_0.  Did not re-place instance u_rq/rq[7]_i_198
INFO: [Physopt 32-662] Processed net u_rq/rq[7]_i_466_n_0.  Did not re-place instance u_rq/rq[7]_i_466
INFO: [Physopt 32-662] Processed net u_rq/rq[7]_i_540_n_0.  Did not re-place instance u_rq/rq[7]_i_540
INFO: [Physopt 32-662] Processed net u_rq/rq[7]_i_564_n_0.  Did not re-place instance u_rq/rq[7]_i_564
INFO: [Physopt 32-662] Processed net u_rq/rq[7]_i_709_n_0.  Did not re-place instance u_rq/rq[7]_i_709
INFO: [Physopt 32-662] Processed net u_rq/rq[7]_i_173_n_0.  Did not re-place instance u_rq/rq[7]_i_173
INFO: [Physopt 32-662] Processed net u_rq/rq[7]_i_20_n_0.  Did not re-place instance u_rq/rq[7]_i_20
INFO: [Physopt 32-662] Processed net u_rq/rq[4]_i_7_n_0.  Did not re-place instance u_rq/rq[4]_i_7
INFO: [Physopt 32-662] Processed net u_rq/rq[7]_i_987_n_0.  Did not re-place instance u_rq/rq[7]_i_987
INFO: [Physopt 32-662] Processed net u_rq/rq[7]_i_532_n_0.  Did not re-place instance u_rq/rq[7]_i_532
INFO: [Physopt 32-662] Processed net u_rq/rq[7]_i_922_n_0.  Did not re-place instance u_rq/rq[7]_i_922
INFO: [Physopt 32-662] Processed net u_rq/rq[7]_i_903_n_0.  Did not re-place instance u_rq/rq[7]_i_903
INFO: [Physopt 32-662] Processed net u_rq/rq[7]_i_800_n_0.  Did not re-place instance u_rq/rq[7]_i_800
INFO: [Physopt 32-662] Processed net u_rq/rq[7]_i_197_n_0.  Did not re-place instance u_rq/rq[7]_i_197
INFO: [Physopt 32-662] Processed net u_rq/rq[7]_i_938_n_0.  Did not re-place instance u_rq/rq[7]_i_938
INFO: [Physopt 32-662] Processed net u_rq/rq[7]_i_990_n_0.  Did not re-place instance u_rq/rq[7]_i_990
INFO: [Physopt 32-662] Processed net u_rq/rq[7]_i_804_n_0.  Did not re-place instance u_rq/rq[7]_i_804
INFO: [Physopt 32-662] Processed net u_rq/rq[7]_i_843_n_0.  Did not re-place instance u_rq/rq[7]_i_843
INFO: [Physopt 32-662] Processed net u_rq/rq[7]_i_901_n_0.  Did not re-place instance u_rq/rq[7]_i_901
INFO: [Physopt 32-662] Processed net u_rq/rq[7]_i_931_n_0.  Did not re-place instance u_rq/rq[7]_i_931
INFO: [Physopt 32-662] Processed net u_rq/rq[7]_i_765_n_0.  Did not re-place instance u_rq/rq[7]_i_765
INFO: [Physopt 32-662] Processed net u_rq/rq[7]_i_882_n_0.  Did not re-place instance u_rq/rq[7]_i_882
INFO: [Physopt 32-662] Processed net u_rq/acc_sh10_in[32].  Did not re-place instance u_rq/rq[7]_i_639
INFO: [Physopt 32-662] Processed net u_rq/rq[7]_i_242_n_0.  Did not re-place instance u_rq/rq[7]_i_242
INFO: [Physopt 32-662] Processed net u_rq/rq[7]_i_754_n_0.  Did not re-place instance u_rq/rq[7]_i_754
INFO: [Physopt 32-662] Processed net u_rq/rq[7]_i_789_n_0.  Did not re-place instance u_rq/rq[7]_i_789
INFO: [Physopt 32-662] Processed net u_rq/acc_sh10_in[37].  Did not re-place instance u_rq/rq[7]_i_629
INFO: [Physopt 32-662] Processed net u_rq/rq[7]_i_193_n_0.  Did not re-place instance u_rq/rq[7]_i_193
INFO: [Physopt 32-662] Processed net u_rq/rq[3]_i_1_n_0.  Did not re-place instance u_rq/rq[3]_i_1
INFO: [Physopt 32-662] Processed net u_rq/param3_reg[66]_rep_n_0.  Did not re-place instance u_rq/param3_reg[66]_rep
INFO: [Physopt 32-662] Processed net u_rq/rq[7]_i_896_n_0.  Did not re-place instance u_rq/rq[7]_i_896
INFO: [Physopt 32-662] Processed net u_rq/rq[7]_i_942_n_0.  Did not re-place instance u_rq/rq[7]_i_942
INFO: [Physopt 32-662] Processed net u_rq/acc_sh10_in[18].  Did not re-place instance u_rq/rq[7]_i_848
INFO: [Physopt 32-662] Processed net u_rq/rq[7]_i_186_n_0.  Did not re-place instance u_rq/rq[7]_i_186
INFO: [Physopt 32-662] Processed net u_rq/rq[4]_i_1_n_0.  Did not re-place instance u_rq/rq[4]_i_1
INFO: [Physopt 32-662] Processed net u_rq/rq[7]_i_894_n_0.  Did not re-place instance u_rq/rq[7]_i_894
INFO: [Physopt 32-662] Processed net u_rq/rq[7]_i_587_n_0.  Did not re-place instance u_rq/rq[7]_i_587
INFO: [Physopt 32-661] Optimized 7 nets.  Re-placed 7 instances.
INFO: [Physopt 32-775] End 1 Pass. Optimized 7 nets or cells. Created 0 new cell, deleted 0 existing cell and moved 7 existing cells
INFO: [Physopt 32-619] Estimated Timing Summary | WNS=-1.159 | TNS=-15.735 |
Netlist sorting complete. Time (s): cpu = 00:00:00 ; elapsed = 00:00:00.003 . Memory (MB): peak = 1758.578 ; gain = 0.000
Phase 9 Single Cell Placement Optimization | Checksum: 15ebb4a0e

Time (s): cpu = 00:00:38 ; elapsed = 00:00:25 . Memory (MB): peak = 1758.578 ; gain = 0.000

Phase 10 Multi Cell Placement Optimization
INFO: [Physopt 32-660] Identified 100 candidate nets for placement-based optimization.
INFO: [Physopt 32-662] Processed net u_rq/rq[7]_i_1_n_0.  Did not re-place instance u_rq/rq[7]_i_1/O
INFO: [Physopt 32-662] Processed net u_rq/p_0_in[5]_repN.  Did not re-place instance u_rq/param3_reg[69]_replica/Q
INFO: [Physopt 32-662] Processed net u_rq/rq[7]_i_966_n_0.  Did not re-place instance u_rq/rq[7]_i_966/O
INFO: [Physopt 32-662] Processed net u_rq/rq[7]_i_970_n_0.  Did not re-place instance u_rq/rq[7]_i_970/O
INFO: [Physopt 32-662] Processed net u_rq/rq[7]_i_176_n_0.  Did not re-place instance u_rq/rq[7]_i_176/O
INFO: [Physopt 32-662] Processed net u_rq/rq[0]_i_1_n_0.  Did not re-place instance u_rq/rq[0]_i_1/O
INFO: [Physopt 32-662] Processed net u_rq/rq[0]_i_4_n_0.  Did not re-place instance u_rq/rq[0]_i_4/O
INFO: [Physopt 32-662] Processed net u_rq/rq[7]_i_963_n_0.  Did not re-place instance u_rq/rq[7]_i_963/O
INFO: [Physopt 32-662] Processed net u_rq/rq[7]_i_967_n_0.  Did not re-place instance u_rq/rq[7]_i_967/O
INFO: [Physopt 32-662] Processed net u_rq/rq[7]_i_962_n_0.  Did not re-place instance u_rq/rq[7]_i_962/O
INFO: [Physopt 32-662] Processed net u_rq/rq[7]_i_179_n_0.  Did not re-place instance u_rq/rq[7]_i_179/O
INFO: [Physopt 32-662] Processed net u_rq/rq[7]_i_170_n_0.  Did not re-place instance u_rq/rq[7]_i_170/O
INFO: [Physopt 32-662] Processed net u_rq/rq[7]_i_796_n_0.  Did not re-place instance u_rq/rq[7]_i_796/O
INFO: [Physopt 32-662] Processed net u_rq/rq[7]_i_973_n_0.  Did not re-place instance u_rq/rq[7]_i_973/O
INFO: [Physopt 32-662] Processed net u_rq/rq[7]_i_788_n_0.  Did not re-place instance u_rq/rq[7]_i_788/O
INFO: [Physopt 32-662] Processed net u_rq/rq[7]_i_890_n_0.  Did not re-place instance u_rq/rq[7]_i_890/O
INFO: [Physopt 32-662] Processed net u_rq/rq[7]_i_989_n_0.  Did not re-place instance u_rq/rq[7]_i_989/O
INFO: [Physopt 32-662] Processed net u_rq/rq[7]_i_899_n_0.  Did not re-place instance u_rq/rq[7]_i_899/O
INFO: [Physopt 32-662] Processed net u_rq/rq[7]_i_965_n_0.  Did not re-place instance u_rq/rq[7]_i_965/O
INFO: [Physopt 32-662] Processed net u_rq/rq[7]_i_172_n_0.  Did not re-place instance u_rq/rq[7]_i_172/O
INFO: [Physopt 32-662] Processed net u_rq/rq[7]_i_971_n_0.  Did not re-place instance u_rq/rq[7]_i_971/O
INFO: [Physopt 32-662] Processed net u_rq/rq[7]_i_178_n_0.  Did not re-place instance u_rq/rq[7]_i_178/O
INFO: [Physopt 32-662] Processed net u_rq/rq[7]_i_792_n_0.  Did not re-place instance u_rq/rq[7]_i_792/O
INFO: [Physopt 32-662] Processed net u_rq/rq[7]_i_798_n_0.  Did not re-place instance u_rq/rq[7]_i_798/O
INFO: [Physopt 32-662] Processed net u_rq/rq[7]_i_964_n_0.  Did not re-place instance u_rq/rq[7]_i_964/O
INFO: [Physopt 32-662] Processed net u_rq/rq[7]_i_169_n_0.  Did not re-place instance u_rq/rq[7]_i_169/O
INFO: [Physopt 32-662] Processed net u_rq/rq[7]_i_883_n_0.  Did not re-place instance u_rq/rq[7]_i_883/O
INFO: [Physopt 32-662] Processed net u_rq/rq[7]_i_174_n_0.  Did not re-place instance u_rq/rq[7]_i_174/O
INFO: [Physopt 32-662] Processed net u_rq/rq[7]_i_188_n_0.  Did not re-place instance u_rq/rq[7]_i_188/O
INFO: [Physopt 32-662] Processed net u_rq/rq[5]_i_9_n_0.  Did not re-place instance u_rq/rq[5]_i_9/O
INFO: [Physopt 32-662] Processed net u_rq/rq[7]_i_892_n_0.  Did not re-place instance u_rq/rq[7]_i_892/O
INFO: [Physopt 32-662] Processed net u_rq/rq[7]_i_961_n_0.  Did not re-place instance u_rq/rq[7]_i_961/O
INFO: [Physopt 32-662] Processed net u_rq/rq[7]_i_897_n_0.  Did not re-place instance u_rq/rq[7]_i_897/O
INFO: [Physopt 32-662] Processed net u_rq/rq[7]_i_195_n_0.  Did not re-place instance u_rq/rq[7]_i_195/O
INFO: [Physopt 32-662] Processed net u_rq/rq[7]_i_959_n_0.  Did not re-place instance u_rq/rq[7]_i_959/O
INFO: [Physopt 32-662] Processed net u_rq/rq[7]_i_893_n_0.  Did not re-place instance u_rq/rq[7]_i_893/O
INFO: [Physopt 32-661] Optimized 0 net.  Re-placed 0 instance.
INFO: [Physopt 32-775] End 1 Pass. Optimized 0 net or cell. Created 0 new cell, deleted 0 existing cell and moved 0 existing cell
Netlist sorting complete. Time (s): cpu = 00:00:00 ; elapsed = 00:00:00.001 . Memory (MB): peak = 1758.578 ; gain = 0.000
Phase 10 Multi Cell Placement Optimization | Checksum: 21d75eb72

Time (s): cpu = 00:00:51 ; elapsed = 00:00:33 . Memory (MB): peak = 1758.578 ; gain = 0.000

Phase 11 Rewire
INFO: [Physopt 32-246] Starting Signal Push optimization...
INFO: [Physopt 32-241] No nets found for rewiring () optimization.
INFO: [Physopt 32-232] Optimized 0 net. Created 0 new instance.
INFO: [Physopt 32-775] End 1 Pass. Optimized 0 net or cell. Created 0 new cell, deleted 0 existing cell and moved 0 existing cell
Netlist sorting complete. Time (s): cpu = 00:00:00 ; elapsed = 00:00:00.001 . Memory (MB): peak = 1758.578 ; gain = 0.000
Phase 11 Rewire | Checksum: 21d75eb72

Time (s): cpu = 00:00:51 ; elapsed = 00:00:33 . Memory (MB): peak = 1758.578 ; gain = 0.000

Phase 12 Critical Cell Optimization
INFO: [Physopt 32-46] Identified 30 candidate nets for critical-cell optimization.
INFO: [Physopt 32-81] Processed net u_rq/rq[7]_i_692_n_0. Replicated 1 times.
INFO: [Physopt 32-572] Net u_rq/p_0_in[5]_repN was not replicated.
Resolution: phys_opt_design can be forced to replicate a net driver using the option -force_replication_on_nets <list of net objects>.
INFO: [Physopt 32-572] Net u_rq/rq[7]_i_973_n_0 was not replicated.
Resolution: phys_opt_design can be forced to replicate a net driver using the option -force_replication_on_nets <list of net objects>.
INFO: [Physopt 32-572] Net u_rq/rq[7]_i_985_n_0 was not replicated.
Resolution: phys_opt_design can be forced to replicate a net driver using the option -force_replication_on_nets <list of net objects>.
INFO: [Physopt 32-572] Net u_rq/rq[7]_i_868_n_0 was not replicated.
Resolution: phys_opt_design can be forced to replicate a net driver using the option -force_replication_on_nets <list of net objects>.
INFO: [Physopt 32-572] Net u_rq/rq[7]_i_890_n_0 was not replicated.
Resolution: phys_opt_design can be forced to replicate a net driver using the option -force_replication_on_nets <list of net objects>.
INFO: [Physopt 32-572] Net u_rq/rq[7]_i_869_n_0 was not replicated.
Resolution: phys_opt_design can be forced to replicate a net driver using the option -force_replication_on_nets <list of net objects>.
INFO: [Physopt 32-572] Net u_rq/rq[7]_i_899_n_0 was not replicated.
Resolution: phys_opt_design can be forced to replicate a net driver using the option -force_replication_on_nets <list of net objects>.
INFO: [Physopt 32-572] Net u_rq/rq[7]_i_957_n_0 was not replicated.
Resolution: phys_opt_design can be forced to replicate a net driver using the option -force_replication_on_nets <list of net objects>.
INFO: [Physopt 32-572] Net u_rq/rq[7]_i_965_n_0 was not replicated.
Resolution: phys_opt_design can be forced to replicate a net driver using the option -force_replication_on_nets <list of net objects>.
INFO: [Physopt 32-572] Net u_rq/rq[7]_i_172_n_0 was not replicated.
Resolution: phys_opt_design can be forced to replicate a net driver using the option -force_replication_on_nets <list of net objects>.
INFO: [Physopt 32-572] Net u_rq/rq[7]_i_70_n_0 was not replicated.
Resolution: phys_opt_design can be forced to replicate a net driver using the option -force_replication_on_nets <list of net objects>.
INFO: [Physopt 32-572] Net u_rq/rq[7]_i_971_n_0 was not replicated.
Resolution: phys_opt_design can be forced to replicate a net driver using the option -force_replication_on_nets <list of net objects>.
INFO: [Physopt 32-572] Net u_rq/rq[7]_i_983_n_0 was not replicated.
Resolution: phys_opt_design can be forced to replicate a net driver using the option -force_replication_on_nets <list of net objects>.
INFO: [Physopt 32-572] Net u_rq/rq[7]_i_178_n_0 was not replicated.
Resolution: phys_opt_design can be forced to replicate a net driver using the option -force_replication_on_nets <list of net objects>.
INFO: [Physopt 32-572] Net u_rq/rq[7]_i_792_n_0 was not replicated.
Resolution: phys_opt_design can be forced to replicate a net driver using the option -force_replication_on_nets <list of net objects>.
INFO: [Physopt 32-572] Net u_rq/rq[7]_i_862_n_0 was not replicated.
Resolution: phys_opt_design can be forced to replicate a net driver using the option -force_replication_on_nets <list of net objects>.
INFO: [Physopt 32-572] Net u_rq/rq[7]_i_798_n_0 was not replicated.
Resolution: phys_opt_design can be forced to replicate a net driver using the option -force_replication_on_nets <list of net objects>.
INFO: [Physopt 32-572] Net u_rq/rq[7]_i_867_n_0 was not replicated.
Resolution: phys_opt_design can be forced to replicate a net driver using the option -force_replication_on_nets <list of net objects>.
INFO: [Physopt 32-572] Net u_rq/rq[7]_i_943_n_0 was not replicated.
Resolution: phys_opt_design can be forced to replicate a net driver using the option -force_replication_on_nets <list of net objects>.
INFO: [Physopt 32-572] Net u_rq/rq[7]_i_880_n_0 was not replicated.
Resolution: phys_opt_design can be forced to replicate a net driver using the option -force_replication_on_nets <list of net objects>.
INFO: [Physopt 32-572] Net u_rq/rq[7]_i_964_n_0 was not replicated.
Resolution: phys_opt_design can be forced to replicate a net driver using the option -force_replication_on_nets <list of net objects>.
INFO: [Physopt 32-572] Net u_rq/rq[7]_i_169_n_0 was not replicated.
Resolution: phys_opt_design can be forced to replicate a net driver using the option -force_replication_on_nets <list of net objects>.
INFO: [Physopt 32-572] Net u_rq/rq[7]_i_872_n_0 was not replicated.
Resolution: phys_opt_design can be forced to replicate a net driver using the option -force_replication_on_nets <list of net objects>.
INFO: [Physopt 32-572] Net u_rq/rq[7]_i_883_n_0 was not replicated.
Resolution: phys_opt_design can be forced to replicate a net driver using the option -force_replication_on_nets <list of net objects>.
INFO: [Physopt 32-572] Net u_rq/rq[2]_i_7_n_0 was not replicated.
Resolution: phys_opt_design can be forced to replicate a net driver using the option -force_replication_on_nets <list of net objects>.
INFO: [Physopt 32-572] Net u_rq/rq[7]_i_174_n_0 was not replicated.
Resolution: phys_opt_design can be forced to replicate a net driver using the option -force_replication_on_nets <list of net objects>.
INFO: [Physopt 32-572] Net u_rq/rq[7]_i_188_n_0 was not replicated.
Resolution: phys_opt_design can be forced to replicate a net driver using the option -force_replication_on_nets <list of net objects>.
INFO: [Physopt 32-572] Net u_rq/rq[1]_i_7_n_0 was not replicated.
Resolution: phys_opt_design can be forced to replicate a net driver using the option -force_replication_on_nets <list of net objects>.
INFO: [Physopt 32-572] Net u_rq/rq[5]_i_9_n_0 was not replicated.
Resolution: phys_opt_design can be forced to replicate a net driver using the option -force_replication_on_nets <list of net objects>.
INFO: [Physopt 32-232] Optimized 1 net. Created 1 new instance.
INFO: [Physopt 32-775] End 1 Pass. Optimized 1 net or cell. Created 1 new cell, deleted 0 existing cell and moved 0 existing cell
INFO: [Physopt 32-619] Estimated Timing Summary | WNS=-1.110 | TNS=-15.024 |
Netlist sorting complete. Time (s): cpu = 00:00:00 ; elapsed = 00:00:00.006 . Memory (MB): peak = 1758.578 ; gain = 0.000
Phase 12 Critical Cell Optimization | Checksum: 1bdcc9e14

Time (s): cpu = 00:00:57 ; elapsed = 00:00:37 . Memory (MB): peak = 1758.578 ; gain = 0.000

Phase 13 SLR Crossing Optimization
Phase 13 SLR Crossing Optimization | Checksum: 1bdcc9e14

Time (s): cpu = 00:00:57 ; elapsed = 00:00:37 . Memory (MB): peak = 1758.578 ; gain = 0.000

Phase 14 Fanout Optimization
INFO: [Physopt 32-76] Pass 1. Identified 6 candidate nets for fanout optimization.
INFO: [Physopt 32-601] Processed net u_rq/p_0_in[0]_repN. Net driver u_rq/param3_reg[64]_replica was replaced.
INFO: [Physopt 32-601] Processed net u_rq/param3_reg[65]_rep__0_n_0_repN. Net driver u_rq/param3_reg[65]_rep__0_replica was replaced.
INFO: [Physopt 32-601] Processed net u_rq/param3_reg[66]_rep_n_0_repN. Net driver u_rq/param3_reg[66]_rep_replica was replaced.
INFO: [Physopt 32-81] Processed net u_rq/p_0_in[3]. Replicated 2 times.
INFO: [Physopt 32-81] Processed net u_rq/p_0_in[4]. Replicated 1 times.
INFO: [Physopt 32-572] Net u_rq/rq[7]_i_7_n_0 was not replicated.
Resolution: phys_opt_design can be forced to replicate a net driver using the option -force_replication_on_nets <list of net objects>.
INFO: [Physopt 32-232] Optimized 5 nets. Created 3 new instances.
INFO: [Physopt 32-775] End 1 Pass. Optimized 5 nets or cells. Created 3 new cells, deleted 0 existing cell and moved 0 existing cell
INFO: [Physopt 32-619] Estimated Timing Summary | WNS=-1.110 | TNS=-15.024 |
Netlist sorting complete. Time (s): cpu = 00:00:00 ; elapsed = 00:00:00.006 . Memory (MB): peak = 1758.578 ; gain = 0.000
Phase 14 Fanout Optimization | Checksum: 2633a767f

Time (s): cpu = 00:00:58 ; elapsed = 00:00:37 . Memory (MB): peak = 1758.578 ; gain = 0.000

Phase 15 Single Cell Placement Optimization
INFO: [Physopt 32-660] Identified 250 candidate nets for placement-based optimization.
INFO: [Physopt 32-663] Processed net u_rq/rq[7]_i_692_n_0.  Re-placed instance u_rq/rq[7]_i_692
INFO: [Physopt 32-662] Processed net u_rq/rq[7]_i_1_n_0.  Did not re-place instance u_rq/rq[7]_i_1
INFO: [Physopt 32-662] Processed net u_rq/p_0_in[5]_repN.  Did not re-place instance u_rq/param3_reg[69]_replica
INFO: [Physopt 32-662] Processed net u_rq/rq[7]_i_973_n_0.  Did not re-place instance u_rq/rq[7]_i_973
INFO: [Physopt 32-662] Processed net u_rq/rq[7]_i_985_n_0.  Did not re-place instance u_rq/rq[7]_i_985
INFO: [Physopt 32-662] Processed net u_rq/rq[3]_i_17_n_0.  Did not re-place instance u_rq/rq[3]_i_17
INFO: [Physopt 32-662] Processed net u_rq/rq[7]_i_705_n_0.  Did not re-place instance u_rq/rq[7]_i_705
INFO: [Physopt 32-662] Processed net u_rq/rq[7]_i_928_n_0.  Did not re-place instance u_rq/rq[7]_i_928
INFO: [Physopt 32-662] Processed net u_rq/rq[1].  Did not re-place instance u_rq/rq_reg[1]
INFO: [Physopt 32-662] Processed net u_rq/rq[2].  Did not re-place instance u_rq/rq_reg[2]
INFO: [Physopt 32-662] Processed net u_rq/rq[5].  Did not re-place instance u_rq/rq_reg[5]
INFO: [Physopt 32-662] Processed net u_rq/rq[7].  Did not re-place instance u_rq/rq_reg[7]
INFO: [Physopt 32-662] Processed net u_rq/rq[7]_i_868_n_0.  Did not re-place instance u_rq/rq[7]_i_868
INFO: [Physopt 32-662] Processed net u_rq/rq[7]_i_890_n_0.  Did not re-place instance u_rq/rq[7]_i_890
INFO: [Physopt 32-662] Processed net u_rq/rq[7]_i_391_n_0.  Did not re-place instance u_rq/rq[7]_i_391
INFO: [Physopt 32-662] Processed net u_rq/rq[7]_i_742_n_0.  Did not re-place instance u_rq/rq[7]_i_742
INFO: [Physopt 32-662] Processed net u_rq/rq[3]_i_19_n_0.  Did not re-place instance u_rq/rq[3]_i_19
INFO: [Physopt 32-662] Processed net u_rq/rq[3].  Did not re-place instance u_rq/rq_reg[3]
INFO: [Physopt 32-662] Processed net u_rq/rq[4].  Did not re-place instance u_rq/rq_reg[4]
INFO: [Physopt 32-662] Processed net u_rq/rq[6].  Did not re-place instance u_rq/rq_reg[6]
INFO: [Physopt 32-662] Processed net u_rq/rq[7]_i_869_n_0.  Did not re-place instance u_rq/rq[7]_i_869
INFO: [Physopt 32-662] Processed net u_rq/rq[7]_i_899_n_0.  Did not re-place instance u_rq/rq[7]_i_899
INFO: [Physopt 32-662] Processed net u_rq/rq[7]_i_957_n_0.  Did not re-place instance u_rq/rq[7]_i_957
INFO: [Physopt 32-662] Processed net u_rq/rq[7]_i_965_n_0.  Did not re-place instance u_rq/rq[7]_i_965
INFO: [Physopt 32-662] Processed net u_rq/rq[0]_i_1_n_0.  Did not re-place instance u_rq/rq[0]_i_1
INFO: [Physopt 32-662] Processed net u_rq/rq[0]_i_4_n_0.  Did not re-place instance u_rq/rq[0]_i_4
INFO: [Physopt 32-662] Processed net u_rq/rq[7]_i_696_n_0.  Did not re-place instance u_rq/rq[7]_i_696
INFO: [Physopt 32-662] Processed net u_rq/rq[7]_i_703_n_0.  Did not re-place instance u_rq/rq[7]_i_703
INFO: [Physopt 32-662] Processed net u_rq/rq[7]_i_750_n_0.  Did not re-place instance u_rq/rq[7]_i_750
INFO: [Physopt 32-662] Processed net u_rq/rq[7]_i_916_n_0.  Did not re-place instance u_rq/rq[7]_i_916
INFO: [Physopt 32-662] Processed net u_rq/rq[0].  Did not re-place instance u_rq/rq_reg[0]
INFO: [Physopt 32-662] Processed net u_rq/rq[3]_i_18_n_0.  Did not re-place instance u_rq/rq[3]_i_18
INFO: [Physopt 32-662] Processed net u_rq/rq[7]_i_792_n_0.  Did not re-place instance u_rq/rq[7]_i_792
INFO: [Physopt 32-662] Processed net u_rq/rq[7]_i_862_n_0.  Did not re-place instance u_rq/rq[7]_i_862
INFO: [Physopt 32-662] Processed net u_rq/rq[7]_i_589_n_0.  Did not re-place instance u_rq/rq[7]_i_589
INFO: [Physopt 32-662] Processed net u_rq/rq[7]_i_730_n_0.  Did not re-place instance u_rq/rq[7]_i_730
INFO: [Physopt 32-662] Processed net u_rq/rq[7]_i_880_n_0.  Did not re-place instance u_rq/rq[7]_i_880
INFO: [Physopt 32-662] Processed net u_rq/rq[7]_i_964_n_0.  Did not re-place instance u_rq/rq[7]_i_964
INFO: [Physopt 32-662] Processed net u_rq/rq[7]_i_392_n_0.  Did not re-place instance u_rq/rq[7]_i_392
INFO: [Physopt 32-662] Processed net u_rq/rq[7]_i_748_n_0.  Did not re-place instance u_rq/rq[7]_i_748
INFO: [Physopt 32-662] Processed net u_rq/rq[3]_i_20_n_0.  Did not re-place instance u_rq/rq[3]_i_20
INFO: [Physopt 32-662] Processed net u_rq/rq[7]_i_188_n_0.  Did not re-place instance u_rq/rq[7]_i_188
INFO: [Physopt 32-663] Processed net u_rq/rq[7]_i_691_n_0.  Re-placed instance u_rq/rq[7]_i_691
INFO: [Physopt 32-662] Processed net u_rq/rq[7]_i_966_n_0.  Did not re-place instance u_rq/rq[7]_i_966
INFO: [Physopt 32-662] Processed net u_rq/rq[7]_i_976_n_0.  Did not re-place instance u_rq/rq[7]_i_976
INFO: [Physopt 32-662] Processed net u_rq/acc_sh10_in[14].  Did not re-place instance u_rq/rq[7]_i_913
INFO: [Physopt 32-662] Processed net u_rq/rq[7]_i_527_n_0.  Did not re-place instance u_rq/rq[7]_i_527
INFO: [Physopt 32-662] Processed net u_rq/rq[7]_i_939_n_0.  Did not re-place instance u_rq/rq[7]_i_939
INFO: [Physopt 32-662] Processed net u_rq/rq[7]_i_961_n_0.  Did not re-place instance u_rq/rq[7]_i_961
INFO: [Physopt 32-662] Processed net u_rq/rq[7]_i_970_n_0.  Did not re-place instance u_rq/rq[7]_i_970
INFO: [Physopt 32-662] Processed net u_rq/rq[7]_i_982_n_0.  Did not re-place instance u_rq/rq[7]_i_982
INFO: [Physopt 32-662] Processed net u_rq/acc_sh10_in[10].  Did not re-place instance u_rq/rq[7]_i_925
INFO: [Physopt 32-662] Processed net u_rq/rq[7]_i_805_n_0.  Did not re-place instance u_rq/rq[7]_i_805
INFO: [Physopt 32-662] Processed net u_rq/rq[7]_i_807_n_0.  Did not re-place instance u_rq/rq[7]_i_807
INFO: [Physopt 32-662] Processed net u_rq/rq[7]_i_851_n_0.  Did not re-place instance u_rq/rq[7]_i_851
INFO: [Physopt 32-662] Processed net u_rq/rq[7]_i_875_n_0.  Did not re-place instance u_rq/rq[7]_i_875
INFO: [Physopt 32-662] Processed net u_rq/rq[7]_i_176_n_0.  Did not re-place instance u_rq/rq[7]_i_176
INFO: [Physopt 32-662] Processed net u_rq/rq[7]_i_954_n_0.  Did not re-place instance u_rq/rq[7]_i_954
INFO: [Physopt 32-662] Processed net u_rq/rq[7]_i_583_n_0.  Did not re-place instance u_rq/rq[7]_i_583
INFO: [Physopt 32-662] Processed net u_rq/rq[7]_i_945_n_0.  Did not re-place instance u_rq/rq[7]_i_945
INFO: [Physopt 32-662] Processed net u_rq/acc_sh10_in[12].  Did not re-place instance u_rq/rq[7]_i_919
INFO: [Physopt 32-662] Processed net u_rq/rq[7]_i_806_n_0.  Did not re-place instance u_rq/rq[7]_i_806
INFO: [Physopt 32-662] Processed net u_rq/rq[7]_i_857_n_0.  Did not re-place instance u_rq/rq[7]_i_857
INFO: [Physopt 32-662] Processed net u_rq/rq[7]_i_900_n_0.  Did not re-place instance u_rq/rq[7]_i_900
INFO: [Physopt 32-662] Processed net u_rq/rq[7]_i_195_n_0.  Did not re-place instance u_rq/rq[7]_i_195
INFO: [Physopt 32-662] Processed net u_rq/rq[1]_i_8_n_0.  Did not re-place instance u_rq/rq[1]_i_8
INFO: [Physopt 32-662] Processed net u_rq/rq[0]_i_6_n_0.  Did not re-place instance u_rq/rq[0]_i_6
INFO: [Physopt 32-662] Processed net u_rq/rq[7]_i_813_n_0.  Did not re-place instance u_rq/rq[7]_i_813
INFO: [Physopt 32-662] Processed net u_rq/rq[7]_i_956_n_0.  Did not re-place instance u_rq/rq[7]_i_956
INFO: [Physopt 32-662] Processed net u_rq/rq[7]_i_914_n_0.  Did not re-place instance u_rq/rq[7]_i_914
INFO: [Physopt 32-662] Processed net u_rq/rq[7]_i_951_n_0.  Did not re-place instance u_rq/rq[7]_i_951
INFO: [Physopt 32-662] Processed net u_rq/rq[7]_i_598_n_0.  Did not re-place instance u_rq/rq[7]_i_598
INFO: [Physopt 32-662] Processed net u_rq/rq[7]_i_855_n_0.  Did not re-place instance u_rq/rq[7]_i_855
INFO: [Physopt 32-662] Processed net u_rq/rq[7]_i_528_n_0.  Did not re-place instance u_rq/rq[7]_i_528
INFO: [Physopt 32-662] Processed net u_rq/rq[7]_i_972_n_0.  Did not re-place instance u_rq/rq[7]_i_972
INFO: [Physopt 32-662] Processed net u_rq/rq[7]_i_984_n_0.  Did not re-place instance u_rq/rq[7]_i_984
INFO: [Physopt 32-662] Processed net u_rq/rq[7]_i_920_n_0.  Did not re-place instance u_rq/rq[7]_i_920
INFO: [Physopt 32-662] Processed net u_rq/rq[7]_i_895_n_0.  Did not re-place instance u_rq/rq[7]_i_895
INFO: [Physopt 32-662] Processed net u_rq/rq[7]_i_584_n_0.  Did not re-place instance u_rq/rq[7]_i_584
INFO: [Physopt 32-662] Processed net u_rq/rq[7]_i_955_n_0.  Did not re-place instance u_rq/rq[7]_i_955
INFO: [Physopt 32-662] Processed net u_rq/rq[7]_i_963_n_0.  Did not re-place instance u_rq/rq[7]_i_963
INFO: [Physopt 32-662] Processed net u_rq/acc_sh10_in[15].  Did not re-place instance u_rq/rq[7]_i_915
INFO: [Physopt 32-662] Processed net u_rq/rq[7]_i_73_n_0.  Did not re-place instance u_rq/rq[7]_i_73
INFO: [Physopt 32-662] Processed net u_rq/rq[7]_i_187_n_0.  Did not re-place instance u_rq/rq[7]_i_187
INFO: [Physopt 32-662] Processed net u_rq/rq[7]_i_706_n_0.  Did not re-place instance u_rq/rq[7]_i_706
INFO: [Physopt 32-662] Processed net u_rq/rq[7]_i_933_n_0.  Did not re-place instance u_rq/rq[7]_i_933
INFO: [Physopt 32-662] Processed net u_rq/rq[7]_i_184_n_0.  Did not re-place instance u_rq/rq[7]_i_184
INFO: [Physopt 32-662] Processed net u_rq/rq[4]_i_8_n_0.  Did not re-place instance u_rq/rq[4]_i_8
INFO: [Physopt 32-662] Processed net u_rq/rq[7]_i_190_n_0.  Did not re-place instance u_rq/rq[7]_i_190
INFO: [Physopt 32-662] Processed net u_rq/rq[1]_i_5_n_0.  Did not re-place instance u_rq/rq[1]_i_5
INFO: [Physopt 32-662] Processed net u_rq/rq[7]_i_597_n_0.  Did not re-place instance u_rq/rq[7]_i_597
INFO: [Physopt 32-662] Processed net u_rq/rq[7]_i_950_n_0.  Did not re-place instance u_rq/rq[7]_i_950
INFO: [Physopt 32-662] Processed net u_rq/rq[7]_i_960_n_0.  Did not re-place instance u_rq/rq[7]_i_960
INFO: [Physopt 32-662] Processed net u_rq/rq[7]_i_967_n_0.  Did not re-place instance u_rq/rq[7]_i_967
INFO: [Physopt 32-662] Processed net u_rq/rq[7]_i_977_n_0.  Did not re-place instance u_rq/rq[7]_i_977
INFO: [Physopt 32-662] Processed net u_rq/acc_sh10_in[13].  Did not re-place instance u_rq/rq[7]_i_921
INFO: [Physopt 32-662] Processed net u_rq/rq[7]_i_389_n_0.  Did not re-place instance u_rq/rq[7]_i_389
INFO: [Physopt 32-662] Processed net u_rq/rq[7]_i_704_n_0.  Did not re-place instance u_rq/rq[7]_i_704
INFO: [Physopt 32-662] Processed net u_rq/rq[7]_i_962_n_0.  Did not re-place instance u_rq/rq[7]_i_962
INFO: [Physopt 32-662] Processed net u_rq/rq[7]_i_926_n_0.  Did not re-place instance u_rq/rq[7]_i_926
INFO: [Physopt 32-662] Processed net u_rq/rq[7]_i_71_n_0.  Did not re-place instance u_rq/rq[7]_i_71
INFO: [Physopt 32-662] Processed net u_rq/rq[7]_i_179_n_0.  Did not re-place instance u_rq/rq[7]_i_179
INFO: [Physopt 32-662] Processed net u_rq/acc_sh10_in[8].  Did not re-place instance u_rq/rq[7]_i_930
INFO: [Physopt 32-662] Processed net u_rq/rq[7]_i_170_n_0.  Did not re-place instance u_rq/rq[7]_i_170
INFO: [Physopt 32-662] Processed net u_rq/acc_sh10_in[16].  Did not re-place instance u_rq/rq[7]_i_854
INFO: [Physopt 32-662] Processed net u_rq/rq[7]_i_796_n_0.  Did not re-place instance u_rq/rq[7]_i_796
INFO: [Physopt 32-662] Processed net u_rq/rq[7]_i_866_n_0.  Did not re-place instance u_rq/rq[7]_i_866
INFO: [Physopt 32-662] Processed net u_rq/acc_sh10_in[26].  Did not re-place instance u_rq/rq[7]_i_741
INFO: [Physopt 32-662] Processed net u_rq/rq[7]_i_753_n_0.  Did not re-place instance u_rq/rq[7]_i_753
INFO: [Physopt 32-662] Processed net u_rq/rq[7]_i_788_n_0.  Did not re-place instance u_rq/rq[7]_i_788
INFO: [Physopt 32-662] Processed net u_rq/acc_sh10_in[36].  Did not re-place instance u_rq/rq[7]_i_627
INFO: [Physopt 32-662] Processed net u_rq/rq[7]_i_586_n_0.  Did not re-place instance u_rq/rq[7]_i_586
INFO: [Physopt 32-662] Processed net u_rq/rq[7]_i_969_n_0.  Did not re-place instance u_rq/rq[7]_i_969
INFO: [Physopt 32-662] Processed net u_rq/rq[7]_i_979_n_0.  Did not re-place instance u_rq/rq[7]_i_979
INFO: [Physopt 32-662] Processed net u_rq/rq[7]_i_555_n_0.  Did not re-place instance u_rq/rq[7]_i_555
INFO: [Physopt 32-662] Processed net u_rq/rq[7]_i_881_n_0.  Did not re-place instance u_rq/rq[7]_i_881
INFO: [Physopt 32-662] Processed net u_rq/rq[7]_i_887_n_0.  Did not re-place instance u_rq/rq[7]_i_887
INFO: [Physopt 32-662] Processed net u_rq/rq[7]_i_891_n_0.  Did not re-place instance u_rq/rq[7]_i_891
INFO: [Physopt 32-662] Processed net u_rq/rq[7]_i_596_n_0.  Did not re-place instance u_rq/rq[7]_i_596
INFO: [Physopt 32-662] Processed net u_rq/rq[7]_i_845_n_0.  Did not re-place instance u_rq/rq[7]_i_845
INFO: [Physopt 32-662] Processed net u_rq/rq[7]_i_948_n_0.  Did not re-place instance u_rq/rq[7]_i_948
INFO: [Physopt 32-662] Processed net u_rq/rq[7]_i_989_n_0.  Did not re-place instance u_rq/rq[7]_i_989
INFO: [Physopt 32-662] Processed net u_rq/rq[7]_i_390_n_0.  Did not re-place instance u_rq/rq[7]_i_390
INFO: [Physopt 32-662] Processed net u_rq/rq[7]_i_736_n_0.  Did not re-place instance u_rq/rq[7]_i_736
INFO: [Physopt 32-662] Processed net u_rq/rq[7]_i_172_n_0.  Did not re-place instance u_rq/rq[7]_i_172
INFO: [Physopt 32-662] Processed net u_rq/rq[7]_i_70_n_0.  Did not re-place instance u_rq/rq[7]_i_70
INFO: [Physopt 32-662] Processed net u_rq/acc_sh10_in[7].  Did not re-place instance u_rq/rq[7]_i_19
INFO: [Physopt 32-662] Processed net u_rq/rq[7]_i_812_n_0.  Did not re-place instance u_rq/rq[7]_i_812
INFO: [Physopt 32-662] Processed net u_rq/rq[7]_i_196_n_0.  Did not re-place instance u_rq/rq[7]_i_196
INFO: [Physopt 32-662] Processed net u_rq/rq[7]_i_971_n_0.  Did not re-place instance u_rq/rq[7]_i_971
INFO: [Physopt 32-662] Processed net u_rq/rq[7]_i_983_n_0.  Did not re-place instance u_rq/rq[7]_i_983
INFO: [Physopt 32-662] Processed net u_rq/rq[7]_i_988_n_0.  Did not re-place instance u_rq/rq[7]_i_988
INFO: [Physopt 32-662] Processed net u_rq/acc_sh10_in[9].  Did not re-place instance u_rq/rq[7]_i_932
INFO: [Physopt 32-662] Processed net u_rq/rq[7]_i_692_n_0_repN.  Did not re-place instance u_rq/rq[7]_i_692_replica
INFO: [Physopt 32-662] Processed net u_rq/rq[7]_i_178_n_0.  Did not re-place instance u_rq/rq[7]_i_178
INFO: [Physopt 32-662] Processed net u_rq/rq[7]_i_802_n_0.  Did not re-place instance u_rq/rq[7]_i_802
INFO: [Physopt 32-662] Processed net u_rq/rq[3]_i_15_n_0.  Did not re-place instance u_rq/rq[3]_i_15
INFO: [Physopt 32-662] Processed net u_rq/rq[7]_i_798_n_0.  Did not re-place instance u_rq/rq[7]_i_798
INFO: [Physopt 32-662] Processed net u_rq/rq[7]_i_867_n_0.  Did not re-place instance u_rq/rq[7]_i_867
INFO: [Physopt 32-662] Processed net u_rq/rq[7]_i_943_n_0.  Did not re-place instance u_rq/rq[7]_i_943
INFO: [Physopt 32-662] Processed net u_rq/acc_sh10_in[19].  Did not re-place instance u_rq/rq[7]_i_850
INFO: [Physopt 32-662] Processed net u_rq/acc_sh10_in[25].  Did not re-place instance u_rq/rq[7]_i_749
INFO: [Physopt 32-663] Processed net u_rq/acc_mult_n_104.  Re-placed instance u_rq/rq[7]_i_344_psdsp
INFO: [Physopt 32-662] Processed net u_rq/rq[7]_i_344_n_0.  Did not re-place instance u_rq/rq[7]_i_344
INFO: [Physopt 32-663] Processed net u_rq/acc_r3_reg__0_n_89.  Re-placed instance u_rq/rq[7]_i_66_psdsp_4
INFO: [Physopt 32-662] Processed net u_rq/rq[3]_i_13_n_0.  Did not re-place instance u_rq/rq[3]_i_13
INFO: [Physopt 32-662] Processed net u_rq/rq[7]_i_348_n_0.  Did not re-place instance u_rq/rq[7]_i_348
INFO: [Physopt 32-662] Processed net u_rq/rq[7]_i_464_n_0.  Did not re-place instance u_rq/rq[7]_i_464
INFO: [Physopt 32-662] Processed net u_rq/rq[7]_i_534_n_0.  Did not re-place instance u_rq/rq[7]_i_534
INFO: [Physopt 32-662] Processed net u_rq/rq[7]_i_550_n_0.  Did not re-place instance u_rq/rq[7]_i_550
INFO: [Physopt 32-662] Processed net u_rq/rq[7]_i_574_n_0.  Did not re-place instance u_rq/rq[7]_i_574
INFO: [Physopt 32-662] Processed net u_rq/rq[7]_i_169_n_0.  Did not re-place instance u_rq/rq[7]_i_169
INFO: [Physopt 32-662] Processed net u_rq/rq[7]_i_872_n_0.  Did not re-place instance u_rq/rq[7]_i_872
INFO: [Physopt 32-662] Processed net u_rq/rq[7]_i_883_n_0.  Did not re-place instance u_rq/rq[7]_i_883
INFO: [Physopt 32-662] Processed net u_rq/rq[2]_i_7_n_0.  Did not re-place instance u_rq/rq[2]_i_7
INFO: [Physopt 32-662] Processed net u_rq/acc_sh10_in[1].  Did not re-place instance u_rq/rq[1]_i_4
INFO: [Physopt 32-662] Processed net u_rq/acc_sh10_in[24].  Did not re-place instance u_rq/rq[7]_i_747
INFO: [Physopt 32-662] Processed net u_rq/rq[7]_i_556_n_0.  Did not re-place instance u_rq/rq[7]_i_556
INFO: [Physopt 32-662] Processed net u_rq/rq[7]_i_174_n_0.  Did not re-place instance u_rq/rq[7]_i_174
INFO: [Physopt 32-662] Processed net u_rq/rq[1]_i_7_n_0.  Did not re-place instance u_rq/rq[1]_i_7
INFO: [Physopt 32-662] Processed net u_rq/rq[5]_i_9_n_0.  Did not re-place instance u_rq/rq[5]_i_9
INFO: [Physopt 32-662] Processed net u_rq/acc_sh10_in[0].  Did not re-place instance u_rq/rq[0]_i_5
INFO: [Physopt 32-662] Processed net u_rq/rq[7]_i_538_n_0.  Did not re-place instance u_rq/rq[7]_i_538
INFO: [Physopt 32-662] Processed net u_rq/rq[7]_i_562_n_0.  Did not re-place instance u_rq/rq[7]_i_562
INFO: [Physopt 32-662] Processed net u_rq/rq[7]_i_761_n_0.  Did not re-place instance u_rq/rq[7]_i_761
INFO: [Physopt 32-662] Processed net u_rq/rq[7]_i_784_n_0.  Did not re-place instance u_rq/rq[7]_i_784
INFO: [Physopt 32-662] Processed net u_rq/rq[7]_i_860_n_0.  Did not re-place instance u_rq/rq[7]_i_860
INFO: [Physopt 32-662] Processed net u_rq/rq[7]_i_892_n_0.  Did not re-place instance u_rq/rq[7]_i_892
INFO: [Physopt 32-662] Processed net u_rq/acc_sh10_in[28].  Did not re-place instance u_rq/rq[7]_i_735
INFO: [Physopt 32-662] Processed net u_rq/rq[7]_i_241_n_0.  Did not re-place instance u_rq/rq[7]_i_241
INFO: [Physopt 32-662] Processed net u_rq/rq[7]_i_634_n_0.  Did not re-place instance u_rq/rq[7]_i_634
INFO: [Physopt 32-662] Processed net u_rq/rq[7]_i_198_n_0.  Did not re-place instance u_rq/rq[7]_i_198
INFO: [Physopt 32-662] Processed net u_rq/param3_reg[66]_rep_n_0.  Did not re-place instance u_rq/param3_reg[66]_rep
INFO: [Physopt 32-662] Processed net u_rq/rq[3]_i_14_n_0.  Did not re-place instance u_rq/rq[3]_i_14
INFO: [Physopt 32-662] Processed net u_rq/rq[7]_i_709_n_0.  Did not re-place instance u_rq/rq[7]_i_709
INFO: [Physopt 32-662] Processed net u_rq/rq[7]_i_20_n_0.  Did not re-place instance u_rq/rq[7]_i_20
INFO: [Physopt 32-662] Processed net u_rq/rq[3]_i_16_n_0.  Did not re-place instance u_rq/rq[3]_i_16
INFO: [Physopt 32-662] Processed net u_rq/rq[7]_i_579_n_0.  Did not re-place instance u_rq/rq[7]_i_579
INFO: [Physopt 32-662] Processed net u_rq/rq[7]_i_897_n_0.  Did not re-place instance u_rq/rq[7]_i_897
INFO: [Physopt 32-662] Processed net u_rq/rq[7]_i_902_n_0.  Did not re-place instance u_rq/rq[7]_i_902
INFO: [Physopt 32-662] Processed net u_rq/rq[7]_i_922_n_0.  Did not re-place instance u_rq/rq[7]_i_922
INFO: [Physopt 32-662] Processed net u_rq/rq[7]_i_949_n_0.  Did not re-place instance u_rq/rq[7]_i_949
INFO: [Physopt 32-662] Processed net u_rq/rq[7]_i_959_n_0.  Did not re-place instance u_rq/rq[7]_i_959
INFO: [Physopt 32-662] Processed net u_rq/rq[7]_i_552_n_0.  Did not re-place instance u_rq/rq[7]_i_552
INFO: [Physopt 32-662] Processed net u_rq/rq[7]_i_576_n_0.  Did not re-place instance u_rq/rq[7]_i_576
INFO: [Physopt 32-662] Processed net u_rq/rq[7]_i_893_n_0.  Did not re-place instance u_rq/rq[7]_i_893
INFO: [Physopt 32-662] Processed net u_rq/rq[7]_i_937_n_0.  Did not re-place instance u_rq/rq[7]_i_937
INFO: [Physopt 32-663] Processed net u_rq/acc_r3_reg__0_n_81.  Re-placed instance u_rq/rq[7]_i_685_psdsp
INFO: [Physopt 32-662] Processed net u_rq/rq[7]_i_685_n_0.  Did not re-place instance u_rq/rq[7]_i_685
INFO: [Physopt 32-662] Processed net u_rq/rq[7]_i_800_n_0.  Did not re-place instance u_rq/rq[7]_i_800
INFO: [Physopt 32-662] Processed net u_rq/rq[7]_i_197_n_0.  Did not re-place instance u_rq/rq[7]_i_197
INFO: [Physopt 32-662] Processed net u_rq/rq[7]_i_938_n_0.  Did not re-place instance u_rq/rq[7]_i_938
INFO: [Physopt 32-662] Processed net u_rq/rq[7]_i_990_n_0.  Did not re-place instance u_rq/rq[7]_i_990
INFO: [Physopt 32-662] Processed net u_rq/rq[7]_i_466_n_0.  Did not re-place instance u_rq/rq[7]_i_466
INFO: [Physopt 32-662] Processed net u_rq/rq[7]_i_540_n_0.  Did not re-place instance u_rq/rq[7]_i_540
INFO: [Physopt 32-662] Processed net u_rq/rq[7]_i_564_n_0.  Did not re-place instance u_rq/rq[7]_i_564
INFO: [Physopt 32-662] Processed net u_rq/rq[7]_i_804_n_0.  Did not re-place instance u_rq/rq[7]_i_804
INFO: [Physopt 32-662] Processed net u_rq/rq[7]_i_843_n_0.  Did not re-place instance u_rq/rq[7]_i_843
INFO: [Physopt 32-662] Processed net u_rq/rq[7]_i_931_n_0.  Did not re-place instance u_rq/rq[7]_i_931
INFO: [Physopt 32-662] Processed net u_rq/rq[7]_i_193_n_0.  Did not re-place instance u_rq/rq[7]_i_193
INFO: [Physopt 32-662] Processed net u_rq/rq[7]_i_771_n_0.  Did not re-place instance u_rq/rq[7]_i_771
INFO: [Physopt 32-662] Processed net u_rq/rq[7]_i_780_n_0.  Did not re-place instance u_rq/rq[7]_i_780
INFO: [Physopt 32-662] Processed net u_rq/acc_sh10_in[30].  Did not re-place instance u_rq/rq[7]_i_729
INFO: [Physopt 32-662] Processed net u_rq/rq[7]_i_580_n_0.  Did not re-place instance u_rq/rq[7]_i_580
INFO: [Physopt 32-663] Processed net u_rq/acc_r3_reg__0_n_85.  Re-placed instance u_rq/rq[7]_i_678_psdsp
INFO: [Physopt 32-662] Processed net u_rq/rq[7]_i_678_n_0.  Did not re-place instance u_rq/rq[7]_i_678
INFO: [Physopt 32-662] Processed net u_rq/acc_sh10_in[11].  Did not re-place instance u_rq/rq[7]_i_927
INFO: [Physopt 32-662] Processed net u_rq/rq[7]_i_901_n_0.  Did not re-place instance u_rq/rq[7]_i_901
INFO: [Physopt 32-662] Processed net u_rq/rq[7]_i_186_n_0.  Did not re-place instance u_rq/rq[7]_i_186
INFO: [Physopt 32-662] Processed net u_rq/rq[7]_i_759_n_0.  Did not re-place instance u_rq/rq[7]_i_759
INFO: [Physopt 32-662] Processed net u_rq/acc_sh10_in[34].  Did not re-place instance u_rq/rq[7]_i_633
INFO: [Physopt 32-662] Processed net u_rq/rq[7]_i_577_n_0.  Did not re-place instance u_rq/rq[7]_i_577
INFO: [Physopt 32-662] Processed net u_rq/rq[7]_i_894_n_0.  Did not re-place instance u_rq/rq[7]_i_894
INFO: [Physopt 32-662] Processed net u_rq/rq[7]_i_744_n_0.  Did not re-place instance u_rq/rq[7]_i_744
INFO: [Physopt 32-662] Processed net u_rq/rq[7]_i_168_n_0.  Did not re-place instance u_rq/rq[7]_i_168
INFO: [Physopt 32-662] Processed net u_rq/rq[7]_i_69_n_0.  Did not re-place instance u_rq/rq[7]_i_69
INFO: [Physopt 32-662] Processed net u_rq/rq[7]_i_790_n_0.  Did not re-place instance u_rq/rq[7]_i_790
INFO: [Physopt 32-662] Processed net u_rq/rq[7]_i_861_n_0.  Did not re-place instance u_rq/rq[7]_i_861
INFO: [Physopt 32-662] Processed net u_rq/rq[3]_i_1_n_0.  Did not re-place instance u_rq/rq[3]_i_1
INFO: [Physopt 32-662] Processed net u_rq/rq[7]_i_240_n_0.  Did not re-place instance u_rq/rq[7]_i_240
INFO: [Physopt 32-662] Processed net u_rq/rq[7]_i_874_n_0.  Did not re-place instance u_rq/rq[7]_i_874
INFO: [Physopt 32-662] Processed net u_rq/rq[7]_i_879_n_0.  Did not re-place instance u_rq/rq[7]_i_879
INFO: [Physopt 32-662] Processed net u_rq/rq[7]_i_898_n_0.  Did not re-place instance u_rq/rq[7]_i_898
INFO: [Physopt 32-662] Processed net u_rq/acc_sh10_in[21].  Did not re-place instance u_rq/rq[7]_i_844
INFO: [Physopt 32-662] Processed net u_rq/rq[7]_i_772_n_0.  Did not re-place instance u_rq/rq[7]_i_772
INFO: [Physopt 32-662] Processed net u_rq/rq[7]_i_782_n_0.  Did not re-place instance u_rq/rq[7]_i_782
INFO: [Physopt 32-662] Processed net u_rq/acc_r3_reg__0_n_88.  Did not re-place instance u_rq/rq[7]_i_681_psdsp
INFO: [Physopt 32-662] Processed net u_rq/acc_sh10_in[29].  Did not re-place instance u_rq/rq[7]_i_737
INFO: [Physopt 32-662] Processed net u_rq/rq[7]_i_578_n_0.  Did not re-place instance u_rq/rq[7]_i_578
INFO: [Physopt 32-662] Processed net u_rq/rq[7]_i_587_n_0.  Did not re-place instance u_rq/rq[7]_i_587
INFO: [Physopt 32-662] Processed net u_rq/rq[7]_i_681_n_0.  Did not re-place instance u_rq/rq[7]_i_681
INFO: [Physopt 32-662] Processed net u_rq/rq[4]_i_1_n_0.  Did not re-place instance u_rq/rq[4]_i_1
INFO: [Physopt 32-662] Processed net u_rq/rq[7]_i_173_n_0.  Did not re-place instance u_rq/rq[7]_i_173
INFO: [Physopt 32-662] Processed net u_rq/rq[4]_i_7_n_0.  Did not re-place instance u_rq/rq[4]_i_7
INFO: [Physopt 32-662] Processed net u_rq/rq[6]_i_1_n_0.  Did not re-place instance u_rq/rq[6]_i_1
INFO: [Physopt 32-662] Processed net u_rq/rq[7]_i_503_n_0.  Did not re-place instance u_rq/rq[7]_i_503
INFO: [Physopt 32-662] Processed net u_rq/rq[7]_i_968_n_0.  Did not re-place instance u_rq/rq[7]_i_968
INFO: [Physopt 32-662] Processed net u_rq/rq[7]_i_987_n_0.  Did not re-place instance u_rq/rq[7]_i_987
INFO: [Physopt 32-662] Processed net u_rq/acc_mult_n_101.  Did not re-place instance u_rq/rq[7]_i_341_psdsp
INFO: [Physopt 32-662] Processed net u_rq/rq[7]_i_341_n_0.  Did not re-place instance u_rq/rq[7]_i_341
INFO: [Physopt 32-662] Processed net u_rq/rq[7]_i_345_n_0.  Did not re-place instance u_rq/rq[7]_i_345
INFO: [Physopt 32-662] Processed net u_rq/rq[7]_i_185_n_0.  Did not re-place instance u_rq/rq[7]_i_185
INFO: [Physopt 32-662] Processed net u_rq/rq[2]_i_8_n_0.  Did not re-place instance u_rq/rq[2]_i_8
INFO: [Physopt 32-662] Processed net u_rq/rq[7]_i_903_n_0.  Did not re-place instance u_rq/rq[7]_i_903
INFO: [Physopt 32-663] Processed net u_rq/acc_r3_reg__0_n_87.  Re-placed instance u_rq/rq[7]_i_680_psdsp
INFO: [Physopt 32-662] Processed net u_rq/rq[7]_i_680_n_0.  Did not re-place instance u_rq/rq[7]_i_680
INFO: [Physopt 32-662] Processed net u_rq/rq[7]_i_765_n_0.  Did not re-place instance u_rq/rq[7]_i_765
INFO: [Physopt 32-662] Processed net u_rq/rq[7]_i_882_n_0.  Did not re-place instance u_rq/rq[7]_i_882
INFO: [Physopt 32-662] Processed net u_rq/acc_sh10_in[32].  Did not re-place instance u_rq/rq[7]_i_639
INFO: [Physopt 32-662] Processed net u_rq/rq[7]_i_242_n_0.  Did not re-place instance u_rq/rq[7]_i_242
INFO: [Physopt 32-661] Optimized 7 nets.  Re-placed 7 instances.
INFO: [Physopt 32-775] End 1 Pass. Optimized 7 nets or cells. Created 0 new cell, deleted 0 existing cell and moved 7 existing cells
INFO: [Physopt 32-619] Estimated Timing Summary | WNS=-1.081 | TNS=-14.589 |
Netlist sorting complete. Time (s): cpu = 00:00:00 ; elapsed = 00:00:00.002 . Memory (MB): peak = 1758.578 ; gain = 0.000
Phase 15 Single Cell Placement Optimization | Checksum: 27d347140

Time (s): cpu = 00:01:05 ; elapsed = 00:00:42 . Memory (MB): peak = 1758.578 ; gain = 0.000

Phase 16 Multi Cell Placement Optimization
INFO: [Physopt 32-660] Identified 100 candidate nets for placement-based optimization.
INFO: [Physopt 32-662] Processed net u_rq/rq[7]_i_692_n_0.  Did not re-place instance u_rq/rq[7]_i_692/O
INFO: [Physopt 32-662] Processed net u_rq/rq[7]_i_1_n_0.  Did not re-place instance u_rq/rq[7]_i_1/O
INFO: [Physopt 32-663] Processed net u_rq/p_0_in[0].  Re-placed instance u_rq/param3_reg[64]/Q
INFO: [Physopt 32-662] Processed net u_rq/rq[7]_i_973_n_0.  Did not re-place instance u_rq/rq[7]_i_973/O
INFO: [Physopt 32-662] Processed net u_rq/rq[7]_i_890_n_0.  Did not re-place instance u_rq/rq[7]_i_890/O
INFO: [Physopt 32-662] Processed net u_rq/rq[7]_i_899_n_0.  Did not re-place instance u_rq/rq[7]_i_899/O
INFO: [Physopt 32-662] Processed net u_rq/rq[7]_i_965_n_0.  Did not re-place instance u_rq/rq[7]_i_965/O
INFO: [Physopt 32-662] Processed net u_rq/rq[0]_i_1_n_0.  Did not re-place instance u_rq/rq[0]_i_1/O
INFO: [Physopt 32-662] Processed net u_rq/rq[0]_i_4_n_0.  Did not re-place instance u_rq/rq[0]_i_4/O
INFO: [Physopt 32-662] Processed net u_rq/rq[7]_i_792_n_0.  Did not re-place instance u_rq/rq[7]_i_792/O
INFO: [Physopt 32-662] Processed net u_rq/rq[7]_i_964_n_0.  Did not re-place instance u_rq/rq[7]_i_964/O
INFO: [Physopt 32-662] Processed net u_rq/rq[7]_i_188_n_0.  Did not re-place instance u_rq/rq[7]_i_188/O
INFO: [Physopt 32-662] Processed net u_rq/rq[7]_i_961_n_0.  Did not re-place instance u_rq/rq[7]_i_961/O
INFO: [Physopt 32-662] Processed net u_rq/rq[7]_i_195_n_0.  Did not re-place instance u_rq/rq[7]_i_195/O
INFO: [Physopt 32-662] Processed net u_rq/param3_reg[66]_rep_n_0.  Did not re-place instance u_rq/param3_reg[66]_rep/Q
INFO: [Physopt 32-662] Processed net u_rq/rq[7]_i_972_n_0.  Did not re-place instance u_rq/rq[7]_i_972/O
INFO: [Physopt 32-662] Processed net u_rq/rq[7]_i_895_n_0.  Did not re-place instance u_rq/rq[7]_i_895/O
INFO: [Physopt 32-662] Processed net u_rq/rq[7]_i_187_n_0.  Did not re-place instance u_rq/rq[7]_i_187/O
INFO: [Physopt 32-662] Processed net u_rq/rq[7]_i_184_n_0.  Did not re-place instance u_rq/rq[7]_i_184/O
INFO: [Physopt 32-662] Processed net u_rq/p_0_in[5]_repN.  Did not re-place instance u_rq/param3_reg[69]_replica/Q
INFO: [Physopt 32-662] Processed net u_rq/rq[7]_i_692_n_0_repN.  Did not re-place instance u_rq/rq[7]_i_692_replica/O
INFO: [Physopt 32-662] Processed net u_rq/rq[7]_i_966_n_0.  Did not re-place instance u_rq/rq[7]_i_966/O
INFO: [Physopt 32-662] Processed net u_rq/rq[7]_i_970_n_0.  Did not re-place instance u_rq/rq[7]_i_970/O
INFO: [Physopt 32-662] Processed net u_rq/rq[7]_i_190_n_0.  Did not re-place instance u_rq/rq[7]_i_190/O
INFO: [Physopt 32-662] Processed net u_rq/rq[7]_i_960_n_0.  Did not re-place instance u_rq/rq[7]_i_960/O
INFO: [Physopt 32-662] Processed net u_rq/rq[7]_i_176_n_0.  Did not re-place instance u_rq/rq[7]_i_176/O
INFO: [Physopt 32-662] Processed net u_rq/rq[7]_i_969_n_0.  Did not re-place instance u_rq/rq[7]_i_969/O
INFO: [Physopt 32-662] Processed net u_rq/rq[7]_i_887_n_0.  Did not re-place instance u_rq/rq[7]_i_887/O
INFO: [Physopt 32-662] Processed net u_rq/rq[7]_i_891_n_0.  Did not re-place instance u_rq/rq[7]_i_891/O
INFO: [Physopt 32-662] Processed net u_rq/rq[7]_i_963_n_0.  Did not re-place instance u_rq/rq[7]_i_963/O
INFO: [Physopt 32-662] Processed net u_rq/rq[7]_i_196_n_0.  Did not re-place instance u_rq/rq[7]_i_196/O
INFO: [Physopt 32-662] Processed net u_rq/rq[7]_i_802_n_0.  Did not re-place instance u_rq/rq[7]_i_802/O
INFO: [Physopt 32-662] Processed net u_rq/rq[7]_i_784_n_0.  Did not re-place instance u_rq/rq[7]_i_784/O
INFO: [Physopt 32-661] Optimized 1 net.  Re-placed 2 instances.
INFO: [Physopt 32-775] End 1 Pass. Optimized 1 net or cell. Created 0 new cell, deleted 0 existing cell and moved 2 existing cells
INFO: [Physopt 32-619] Estimated Timing Summary | WNS=-1.048 | TNS=-14.094 |
Netlist sorting complete. Time (s): cpu = 00:00:00 ; elapsed = 00:00:00.001 . Memory (MB): peak = 1758.578 ; gain = 0.000
Phase 16 Multi Cell Placement Optimization | Checksum: 29d5935e6

Time (s): cpu = 00:01:19 ; elapsed = 00:00:51 . Memory (MB): peak = 1758.578 ; gain = 0.000

Phase 17 Rewire
INFO: [Physopt 32-246] Starting Signal Push optimization...
INFO: [Physopt 32-77] Pass 1. Identified 1 candidate net for rewire optimization.
INFO: [Physopt 32-242] Processed net u_rq/rq[7]_i_692_n_0_repN. Rewired (signal push) u_rq/p_0_in[5]_repN to 8 loads. Replicated 0 times.
INFO: [Physopt 32-232] Optimized 1 net. Created 0 new instance.
INFO: [Physopt 32-775] End 1 Pass. Optimized 1 net or cell. Created 0 new cell, deleted 0 existing cell and moved 0 existing cell
Netlist sorting complete. Time (s): cpu = 00:00:00 ; elapsed = 00:00:00.004 . Memory (MB): peak = 1758.578 ; gain = 0.000
INFO: [Physopt 32-619] Estimated Timing Summary | WNS=-1.048 | TNS=-14.094 |
Netlist sorting complete. Time (s): cpu = 00:00:00 ; elapsed = 00:00:00.001 . Memory (MB): peak = 1758.578 ; gain = 0.000
Phase 17 Rewire | Checksum: 24b0902ff

Time (s): cpu = 00:01:19 ; elapsed = 00:00:51 . Memory (MB): peak = 1758.578 ; gain = 0.000

Phase 18 Critical Cell Optimization
INFO: [Physopt 32-46] Identified 30 candidate nets for critical-cell optimization.
INFO: [Physopt 32-572] Net u_rq/rq[7]_i_692_n_0 was not replicated.
Resolution: phys_opt_design can be forced to replicate a net driver using the option -force_replication_on_nets <list of net objects>.
INFO: [Physopt 32-572] Net u_rq/rq[7]_i_1_n_0 was not replicated.
Resolution: phys_opt_design can be forced to replicate a net driver using the option -force_replication_on_nets <list of net objects>.
INFO: [Physopt 32-572] Net u_rq/rq[7]_i_973_n_0 was not replicated.
Resolution: phys_opt_design can be forced to replicate a net driver using the option -force_replication_on_nets <list of net objects>.
INFO: [Physopt 32-572] Net u_rq/rq[7]_i_985_n_0 was not replicated.
Resolution: phys_opt_design can be forced to replicate a net driver using the option -force_replication_on_nets <list of net objects>.
INFO: [Physopt 32-81] Processed net u_rq/param3_reg[66]_rep_n_0. Replicated 2 times.
INFO: [Physopt 32-81] Processed net u_rq/rq[7]_i_691_n_0. Replicated 1 times.
INFO: [Physopt 32-81] Processed net u_rq/p_0_in[5]_repN. Replicated 1 times.
INFO: [Physopt 32-572] Net u_rq/rq[7]_i_868_n_0 was not replicated.
Resolution: phys_opt_design can be forced to replicate a net driver using the option -force_replication_on_nets <list of net objects>.
INFO: [Physopt 32-572] Net u_rq/rq[7]_i_890_n_0 was not replicated.
Resolution: phys_opt_design can be forced to replicate a net driver using the option -force_replication_on_nets <list of net objects>.
INFO: [Physopt 32-572] Net u_rq/rq[7]_i_869_n_0 was not replicated.
Resolution: phys_opt_design can be forced to replicate a net driver using the option -force_replication_on_nets <list of net objects>.
INFO: [Physopt 32-572] Net u_rq/rq[7]_i_899_n_0 was not replicated.
Resolution: phys_opt_design can be forced to replicate a net driver using the option -force_replication_on_nets <list of net objects>.
INFO: [Physopt 32-572] Net u_rq/rq[7]_i_957_n_0 was not replicated.
Resolution: phys_opt_design can be forced to replicate a net driver using the option -force_replication_on_nets <list of net objects>.
INFO: [Physopt 32-572] Net u_rq/rq[7]_i_965_n_0 was not replicated.
Resolution: phys_opt_design can be forced to replicate a net driver using the option -force_replication_on_nets <list of net objects>.
INFO: [Physopt 32-572] Net u_rq/rq[7]_i_792_n_0 was not replicated.
Resolution: phys_opt_design can be forced to replicate a net driver using the option -force_replication_on_nets <list of net objects>.
INFO: [Physopt 32-572] Net u_rq/rq[7]_i_862_n_0 was not replicated.
Resolution: phys_opt_design can be forced to replicate a net driver using the option -force_replication_on_nets <list of net objects>.
INFO: [Physopt 32-572] Net u_rq/rq[7]_i_880_n_0 was not replicated.
Resolution: phys_opt_design can be forced to replicate a net driver using the option -force_replication_on_nets <list of net objects>.
INFO: [Physopt 32-572] Net u_rq/rq[7]_i_964_n_0 was not replicated.
Resolution: phys_opt_design can be forced to replicate a net driver using the option -force_replication_on_nets <list of net objects>.
INFO: [Physopt 32-572] Net u_rq/rq[7]_i_188_n_0 was not replicated.
Resolution: phys_opt_design can be forced to replicate a net driver using the option -force_replication_on_nets <list of net objects>.
INFO: [Physopt 32-572] Net u_rq/rq[7]_i_939_n_0 was not replicated.
Resolution: phys_opt_design can be forced to replicate a net driver using the option -force_replication_on_nets <list of net objects>.
INFO: [Physopt 32-572] Net u_rq/rq[7]_i_961_n_0 was not replicated.
Resolution: phys_opt_design can be forced to replicate a net driver using the option -force_replication_on_nets <list of net objects>.
INFO: [Physopt 32-572] Net u_rq/rq[7]_i_875_n_0 was not replicated.
Resolution: phys_opt_design can be forced to replicate a net driver using the option -force_replication_on_nets <list of net objects>.
INFO: [Physopt 32-572] Net u_rq/rq[7]_i_692_n_0_repN was not replicated.
Resolution: phys_opt_design can be forced to replicate a net driver using the option -force_replication_on_nets <list of net objects>.
INFO: [Physopt 32-81] Processed net u_rq/p_0_in[0]. Replicated 2 times.
INFO: [Physopt 32-572] Net u_rq/rq[7]_i_966_n_0 was not replicated.
Resolution: phys_opt_design can be forced to replicate a net driver using the option -force_replication_on_nets <list of net objects>.
INFO: [Physopt 32-572] Net u_rq/rq[7]_i_976_n_0 was not replicated.
Resolution: phys_opt_design can be forced to replicate a net driver using the option -force_replication_on_nets <list of net objects>.
INFO: [Physopt 32-572] Net u_rq/rq[7]_i_945_n_0 was not replicated.
Resolution: phys_opt_design can be forced to replicate a net driver using the option -force_replication_on_nets <list of net objects>.
INFO: [Physopt 32-572] Net u_rq/rq[7]_i_970_n_0 was not replicated.
Resolution: phys_opt_design can be forced to replicate a net driver using the option -force_replication_on_nets <list of net objects>.
INFO: [Physopt 32-572] Net u_rq/rq[7]_i_982_n_0 was not replicated.
Resolution: phys_opt_design can be forced to replicate a net driver using the option -force_replication_on_nets <list of net objects>.
INFO: [Physopt 32-572] Net u_rq/rq[7]_i_195_n_0 was not replicated.
Resolution: phys_opt_design can be forced to replicate a net driver using the option -force_replication_on_nets <list of net objects>.
INFO: [Physopt 32-572] Net u_rq/rq[1]_i_8_n_0 was not replicated.
Resolution: phys_opt_design can be forced to replicate a net driver using the option -force_replication_on_nets <list of net objects>.
INFO: [Physopt 32-232] Optimized 4 nets. Created 6 new instances.
INFO: [Physopt 32-775] End 1 Pass. Optimized 4 nets or cells. Created 6 new cells, deleted 0 existing cell and moved 0 existing cell
INFO: [Physopt 32-619] Estimated Timing Summary | WNS=-1.033 | TNS=-13.869 |
Netlist sorting complete. Time (s): cpu = 00:00:00 ; elapsed = 00:00:00.008 . Memory (MB): peak = 1758.578 ; gain = 0.000
Phase 18 Critical Cell Optimization | Checksum: 24c60edeb

Time (s): cpu = 00:01:25 ; elapsed = 00:00:55 . Memory (MB): peak = 1758.578 ; gain = 0.000

Phase 19 DSP Register Optimization
INFO: [Physopt 32-456] No candidate cells for DSP register optimization found in the design.
INFO: [Physopt 32-775] End 1 Pass. Optimized 0 net or cell. Created 0 new cell, deleted 0 existing cell and moved 0 existing cell
Phase 19 DSP Register Optimization | Checksum: 24c60edeb

Time (s): cpu = 00:01:25 ; elapsed = 00:00:55 . Memory (MB): peak = 1758.578 ; gain = 0.000

Phase 20 BRAM Register Optimization
INFO: [Physopt 32-526] No candidate cells for BRAM register optimization found in the design
INFO: [Physopt 32-775] End 1 Pass. Optimized 0 net or cell. Created 0 new cell, deleted 0 existing cell and moved 0 existing cell
Phase 20 BRAM Register Optimization | Checksum: 24c60edeb

Time (s): cpu = 00:01:25 ; elapsed = 00:00:55 . Memory (MB): peak = 1758.578 ; gain = 0.000

Phase 21 URAM Register Optimization
INFO: [Physopt 32-846] No candidate cells for URAM register optimization found in the design
INFO: [Physopt 32-775] End 2 Pass. Optimized 0 net or cell. Created 0 new cell, deleted 0 existing cell and moved 0 existing cell
Phase 21 URAM Register Optimization | Checksum: 24c60edeb

Time (s): cpu = 00:01:25 ; elapsed = 00:00:55 . Memory (MB): peak = 1758.578 ; gain = 0.000

Phase 22 Shift Register Optimization
INFO: [Physopt 32-677] No candidate cells for Shift Register optimization found in the design
INFO: [Physopt 32-775] End 1 Pass. Optimized 0 net or cell. Created 0 new cell, deleted 0 existing cell and moved 0 existing cell
Phase 22 Shift Register Optimization | Checksum: 24c60edeb

Time (s): cpu = 00:01:25 ; elapsed = 00:00:55 . Memory (MB): peak = 1758.578 ; gain = 0.000

Phase 23 DSP Register Optimization
INFO: [Physopt 32-456] No candidate cells for DSP register optimization found in the design.
INFO: [Physopt 32-775] End 1 Pass. Optimized 0 net or cell. Created 0 new cell, deleted 0 existing cell and moved 0 existing cell
Phase 23 DSP Register Optimization | Checksum: 24c60edeb

Time (s): cpu = 00:01:25 ; elapsed = 00:00:55 . Memory (MB): peak = 1758.578 ; gain = 0.000

Phase 24 BRAM Register Optimization
INFO: [Physopt 32-526] No candidate cells for BRAM register optimization found in the design
INFO: [Physopt 32-775] End 1 Pass. Optimized 0 net or cell. Created 0 new cell, deleted 0 existing cell and moved 0 existing cell
Phase 24 BRAM Register Optimization | Checksum: 24c60edeb

Time (s): cpu = 00:01:25 ; elapsed = 00:00:55 . Memory (MB): peak = 1758.578 ; gain = 0.000

Phase 25 URAM Register Optimization
INFO: [Physopt 32-846] No candidate cells for URAM register optimization found in the design
INFO: [Physopt 32-775] End 2 Pass. Optimized 0 net or cell. Created 0 new cell, deleted 0 existing cell and moved 0 existing cell
Phase 25 URAM Register Optimization | Checksum: 24c60edeb

Time (s): cpu = 00:01:25 ; elapsed = 00:00:55 . Memory (MB): peak = 1758.578 ; gain = 0.000

Phase 26 Shift Register Optimization
INFO: [Physopt 32-677] No candidate cells for Shift Register optimization found in the design
INFO: [Physopt 32-775] End 1 Pass. Optimized 0 net or cell. Created 0 new cell, deleted 0 existing cell and moved 0 existing cell
Phase 26 Shift Register Optimization | Checksum: 24c60edeb

Time (s): cpu = 00:01:25 ; elapsed = 00:00:55 . Memory (MB): peak = 1758.578 ; gain = 0.000

Phase 27 Critical Pin Optimization
INFO: [Physopt 32-606] Identified 100 candidate nets for critical-pin optimization.
INFO: [Physopt 32-608] Optimized 18 nets.  Swapped 358 pins.
INFO: [Physopt 32-775] End 1 Pass. Optimized 18 nets or cells. Created 0 new cell, deleted 0 existing cell and moved 358 existing cells
INFO: [Physopt 32-619] Estimated Timing Summary | WNS=-1.026 | TNS=-13.700 |
Netlist sorting complete. Time (s): cpu = 00:00:00 ; elapsed = 00:00:00.003 . Memory (MB): peak = 1758.578 ; gain = 0.000
Phase 27 Critical Pin Optimization | Checksum: 24c60edeb

Time (s): cpu = 00:01:25 ; elapsed = 00:00:56 . Memory (MB): peak = 1758.578 ; gain = 0.000

Phase 28 Very High Fanout Optimization
INFO: [Physopt 32-65] No nets found for high-fanout optimization.
INFO: [Physopt 32-232] Optimized 0 net. Created 0 new instance.
INFO: [Physopt 32-775] End 1 Pass. Optimized 0 net or cell. Created 0 new cell, deleted 0 existing cell and moved 0 existing cell
Phase 28 Very High Fanout Optimization | Checksum: 24c60edeb

Time (s): cpu = 00:01:25 ; elapsed = 00:00:56 . Memory (MB): peak = 1758.578 ; gain = 0.000

Phase 29 Single Cell Placement Optimization
INFO: [Physopt 32-660] Identified 250 candidate nets for placement-based optimization.
INFO: [Physopt 32-663] Processed net u_rq/param3_reg[65]_rep__0_n_0_repN.  Re-placed instance u_rq/param3_reg[65]_rep__0_replica
INFO: [Physopt 32-662] Processed net u_rq/rq[7]_i_692_n_0.  Did not re-place instance u_rq/rq[7]_i_692
INFO: [Physopt 32-662] Processed net u_rq/rq[7]_i_1_n_0.  Did not re-place instance u_rq/rq[7]_i_1
INFO: [Physopt 32-662] Processed net u_rq/rq[7]_i_957_n_0.  Did not re-place instance u_rq/rq[7]_i_957
INFO: [Physopt 32-662] Processed net u_rq/rq[7]_i_965_n_0.  Did not re-place instance u_rq/rq[7]_i_965
INFO: [Physopt 32-662] Processed net u_rq/rq[3]_i_19_n_0.  Did not re-place instance u_rq/rq[3]_i_19
INFO: [Physopt 32-662] Processed net u_rq/rq[7]_i_703_n_0.  Did not re-place instance u_rq/rq[7]_i_703
INFO: [Physopt 32-662] Processed net u_rq/rq[7]_i_916_n_0.  Did not re-place instance u_rq/rq[7]_i_916
INFO: [Physopt 32-662] Processed net u_rq/rq[1].  Did not re-place instance u_rq/rq_reg[1]
INFO: [Physopt 32-662] Processed net u_rq/rq[2].  Did not re-place instance u_rq/rq_reg[2]
INFO: [Physopt 32-662] Processed net u_rq/rq[5].  Did not re-place instance u_rq/rq_reg[5]
INFO: [Physopt 32-662] Processed net u_rq/rq[7].  Did not re-place instance u_rq/rq_reg[7]
INFO: [Physopt 32-662] Processed net u_rq/rq[3].  Did not re-place instance u_rq/rq_reg[3]
INFO: [Physopt 32-662] Processed net u_rq/rq[4].  Did not re-place instance u_rq/rq_reg[4]
INFO: [Physopt 32-662] Processed net u_rq/rq[6].  Did not re-place instance u_rq/rq_reg[6]
INFO: [Physopt 32-662] Processed net u_rq/rq[3]_i_17_n_0.  Did not re-place instance u_rq/rq[3]_i_17
INFO: [Physopt 32-662] Processed net u_rq/rq[7]_i_188_n_0.  Did not re-place instance u_rq/rq[7]_i_188
INFO: [Physopt 32-662] Processed net u_rq/rq[3]_i_18_n_0.  Did not re-place instance u_rq/rq[3]_i_18
INFO: [Physopt 32-662] Processed net u_rq/rq[0]_i_1_n_0.  Did not re-place instance u_rq/rq[0]_i_1
INFO: [Physopt 32-662] Processed net u_rq/rq[0]_i_4_n_0.  Did not re-place instance u_rq/rq[0]_i_4
INFO: [Physopt 32-662] Processed net u_rq/rq[3]_i_20_n_0.  Did not re-place instance u_rq/rq[3]_i_20
INFO: [Physopt 32-662] Processed net u_rq/rq[7]_i_807_n_0.  Did not re-place instance u_rq/rq[7]_i_807
INFO: [Physopt 32-662] Processed net u_rq/rq[0].  Did not re-place instance u_rq/rq_reg[0]
INFO: [Physopt 32-662] Processed net u_rq/rq[7]_i_972_n_0.  Did not re-place instance u_rq/rq[7]_i_972
INFO: [Physopt 32-662] Processed net u_rq/rq[7]_i_984_n_0.  Did not re-place instance u_rq/rq[7]_i_984
INFO: [Physopt 32-662] Processed net u_rq/rq[7]_i_900_n_0.  Did not re-place instance u_rq/rq[7]_i_900
INFO: [Physopt 32-662] Processed net u_rq/rq[7]_i_920_n_0.  Did not re-place instance u_rq/rq[7]_i_920
INFO: [Physopt 32-662] Processed net u_rq/rq[7]_i_73_n_0.  Did not re-place instance u_rq/rq[7]_i_73
INFO: [Physopt 32-662] Processed net u_rq/rq[7]_i_187_n_0.  Did not re-place instance u_rq/rq[7]_i_187
INFO: [Physopt 32-662] Processed net u_rq/rq[7]_i_706_n_0.  Did not re-place instance u_rq/rq[7]_i_706
INFO: [Physopt 32-662] Processed net u_rq/rq[7]_i_933_n_0.  Did not re-place instance u_rq/rq[7]_i_933
INFO: [Physopt 32-662] Processed net u_rq/rq[7]_i_184_n_0.  Did not re-place instance u_rq/rq[7]_i_184
INFO: [Physopt 32-662] Processed net u_rq/acc_r3_reg__0_n_88.  Did not re-place instance u_rq/rq[7]_i_681_psdsp
INFO: [Physopt 32-662] Processed net u_rq/rq[7]_i_534_n_0.  Did not re-place instance u_rq/rq[7]_i_534
INFO: [Physopt 32-662] Processed net u_rq/rq[7]_i_550_n_0.  Did not re-place instance u_rq/rq[7]_i_550
INFO: [Physopt 32-662] Processed net u_rq/rq[7]_i_574_n_0.  Did not re-place instance u_rq/rq[7]_i_574
INFO: [Physopt 32-662] Processed net u_rq/rq[7]_i_681_n_0.  Did not re-place instance u_rq/rq[7]_i_681
INFO: [Physopt 32-662] Processed net u_rq/rq[7]_i_692_n_0_repN.  Did not re-place instance u_rq/rq[7]_i_692_replica_rewire
INFO: [Physopt 32-662] Processed net u_rq/rq[7]_i_966_n_0.  Did not re-place instance u_rq/rq[7]_i_966
INFO: [Physopt 32-662] Processed net u_rq/rq[7]_i_976_n_0.  Did not re-place instance u_rq/rq[7]_i_976
INFO: [Physopt 32-662] Processed net u_rq/acc_sh10_in[14].  Did not re-place instance u_rq/rq[7]_i_913
INFO: [Physopt 32-662] Processed net u_rq/param3_reg[66]_rep_n_0_repN_6.  Did not re-place instance u_rq/param3_reg[66]_rep_replica_6
INFO: [Physopt 32-662] Processed net u_rq/rq[3]_i_15_n_0.  Did not re-place instance u_rq/rq[3]_i_15_rewire
INFO: [Physopt 32-662] Processed net u_rq/rq[7]_i_464_n_0.  Did not re-place instance u_rq/rq[7]_i_464
INFO: [Physopt 32-662] Processed net u_rq/rq[7]_i_538_n_0.  Did not re-place instance u_rq/rq[7]_i_538
INFO: [Physopt 32-662] Processed net u_rq/rq[7]_i_562_n_0.  Did not re-place instance u_rq/rq[7]_i_562
INFO: [Physopt 32-662] Processed net u_rq/rq[7]_i_970_n_0.  Did not re-place instance u_rq/rq[7]_i_970
INFO: [Physopt 32-662] Processed net u_rq/rq[7]_i_982_n_0.  Did not re-place instance u_rq/rq[7]_i_982
INFO: [Physopt 32-662] Processed net u_rq/acc_sh10_in[10].  Did not re-place instance u_rq/rq[7]_i_925
INFO: [Physopt 32-662] Processed net u_rq/rq[7]_i_705_n_0.  Did not re-place instance u_rq/rq[7]_i_705
INFO: [Physopt 32-663] Processed net u_rq/p_0_in[4]_repN.  Re-placed instance u_rq/param3_reg[68]_replica
INFO: [Physopt 32-662] Processed net u_rq/rq[7]_i_691_n_0_repN.  Did not re-place instance u_rq/rq[7]_i_691_replica
INFO: [Physopt 32-662] Processed net u_rq/rq[7]_i_579_n_0.  Did not re-place instance u_rq/rq[7]_i_579
INFO: [Physopt 32-662] Processed net u_rq/rq[7]_i_899_n_0.  Did not re-place instance u_rq/rq[7]_i_899
INFO: [Physopt 32-662] Processed net u_rq/rq[7]_i_945_n_0.  Did not re-place instance u_rq/rq[7]_i_945
INFO: [Physopt 32-662] Processed net u_rq/rq[7]_i_805_n_0.  Did not re-place instance u_rq/rq[7]_i_805
INFO: [Physopt 32-662] Processed net u_rq/rq[7]_i_851_n_0.  Did not re-place instance u_rq/rq[7]_i_851
INFO: [Physopt 32-662] Processed net u_rq/acc_mult_n_101.  Did not re-place instance u_rq/rq[7]_i_341_psdsp
INFO: [Physopt 32-662] Processed net u_rq/rq[7]_i_341_n_0.  Did not re-place instance u_rq/rq[7]_i_341
INFO: [Physopt 32-662] Processed net u_rq/rq[3]_i_13_n_0.  Did not re-place instance u_rq/rq[3]_i_13_rewire
INFO: [Physopt 32-662] Processed net u_rq/rq[7]_i_345_n_0.  Did not re-place instance u_rq/rq[7]_i_345
INFO: [Physopt 32-662] Processed net u_rq/rq[7]_i_926_n_0.  Did not re-place instance u_rq/rq[7]_i_926
INFO: [Physopt 32-662] Processed net u_rq/rq[7]_i_973_n_0.  Did not re-place instance u_rq/rq[7]_i_973
INFO: [Physopt 32-662] Processed net u_rq/rq[7]_i_985_n_0.  Did not re-place instance u_rq/rq[7]_i_985
INFO: [Physopt 32-662] Processed net u_rq/rq[7]_i_176_n_0.  Did not re-place instance u_rq/rq[7]_i_176
INFO: [Physopt 32-662] Processed net u_rq/rq[7]_i_954_n_0.  Did not re-place instance u_rq/rq[7]_i_954
INFO: [Physopt 32-662] Processed net u_rq/acc_sh10_in[12].  Did not re-place instance u_rq/rq[7]_i_919
INFO: [Physopt 32-662] Processed net u_rq/rq[7]_i_969_n_0.  Did not re-place instance u_rq/rq[7]_i_969
INFO: [Physopt 32-662] Processed net u_rq/rq[7]_i_979_n_0.  Did not re-place instance u_rq/rq[7]_i_979
INFO: [Physopt 32-662] Processed net u_rq/rq[7]_i_914_n_0.  Did not re-place instance u_rq/rq[7]_i_914
INFO: [Physopt 32-662] Processed net u_rq/rq[3]_i_14_n_0.  Did not re-place instance u_rq/rq[3]_i_14_rewire
INFO: [Physopt 32-662] Processed net u_rq/rq[7]_i_881_n_0.  Did not re-place instance u_rq/rq[7]_i_881
INFO: [Physopt 32-662] Processed net u_rq/rq[7]_i_891_n_0.  Did not re-place instance u_rq/rq[7]_i_891
INFO: [Physopt 32-662] Processed net u_rq/rq[7]_i_552_n_0.  Did not re-place instance u_rq/rq[7]_i_552
INFO: [Physopt 32-662] Processed net u_rq/rq[7]_i_576_n_0.  Did not re-place instance u_rq/rq[7]_i_576
INFO: [Physopt 32-662] Processed net u_rq/rq[7]_i_596_n_0.  Did not re-place instance u_rq/rq[7]_i_596
INFO: [Physopt 32-662] Processed net u_rq/rq[7]_i_845_n_0.  Did not re-place instance u_rq/rq[7]_i_845
INFO: [Physopt 32-663] Processed net u_rq/acc_r3_reg__0_n_69.  Re-placed instance u_rq/rq[7]_i_343_psdsp_1
INFO: [Physopt 32-662] Processed net u_rq/rq[7]_i_343_n_0.  Did not re-place instance u_rq/rq[7]_i_343
INFO: [Physopt 32-662] Processed net u_rq/rq[3]_i_16_n_0.  Did not re-place instance u_rq/rq[3]_i_16_rewire
INFO: [Physopt 32-662] Processed net u_rq/rq[7]_i_347_n_0.  Did not re-place instance u_rq/rq[7]_i_347
INFO: [Physopt 32-663] Processed net u_rq/acc_r3_reg__0_n_86.  Re-placed instance u_rq/rq[7]_i_679_psdsp
INFO: [Physopt 32-662] Processed net u_rq/rq[7]_i_581_n_0.  Did not re-place instance u_rq/rq[7]_i_581
INFO: [Physopt 32-662] Processed net u_rq/rq[7]_i_679_n_0.  Did not re-place instance u_rq/rq[7]_i_679
INFO: [Physopt 32-662] Processed net u_rq/rq[7]_i_466_n_0.  Did not re-place instance u_rq/rq[7]_i_466
INFO: [Physopt 32-662] Processed net u_rq/rq[7]_i_540_n_0.  Did not re-place instance u_rq/rq[7]_i_540
INFO: [Physopt 32-662] Processed net u_rq/rq[7]_i_564_n_0.  Did not re-place instance u_rq/rq[7]_i_564
INFO: [Physopt 32-662] Processed net u_rq/rq[7]_i_580_n_0.  Did not re-place instance u_rq/rq[7]_i_580
INFO: [Physopt 32-662] Processed net u_rq/rq[7]_i_196_n_0.  Did not re-place instance u_rq/rq[7]_i_196
INFO: [Physopt 32-662] Processed net u_rq/rq[7]_i_988_n_0.  Did not re-place instance u_rq/rq[7]_i_988
INFO: [Physopt 32-663] Processed net u_rq/acc_r3_reg__0_n_70.  Re-placed instance u_rq/rq[7]_i_344_psdsp_1
INFO: [Physopt 32-662] Processed net u_rq/rq[7]_i_344_n_0.  Did not re-place instance u_rq/rq[7]_i_344
INFO: [Physopt 32-662] Processed net u_rq/rq[7]_i_348_n_0.  Did not re-place instance u_rq/rq[7]_i_348
INFO: [Physopt 32-662] Processed net u_rq/rq[7]_i_582_n_0.  Did not re-place instance u_rq/rq[7]_i_582
INFO: [Physopt 32-662] Processed net u_rq/rq[7]_i_955_n_0.  Did not re-place instance u_rq/rq[7]_i_955
INFO: [Physopt 32-662] Processed net u_rq/rq[7]_i_963_n_0.  Did not re-place instance u_rq/rq[7]_i_963
INFO: [Physopt 32-662] Processed net u_rq/acc_sh10_in[15].  Did not re-place instance u_rq/rq[7]_i_915
INFO: [Physopt 32-662] Processed net u_rq/rq[7]_i_761_n_0.  Did not re-place instance u_rq/rq[7]_i_761
INFO: [Physopt 32-662] Processed net u_rq/rq[7]_i_784_n_0.  Did not re-place instance u_rq/rq[7]_i_784
INFO: [Physopt 32-662] Processed net u_rq/rq[7]_i_951_n_0.  Did not re-place instance u_rq/rq[7]_i_951
INFO: [Physopt 32-662] Processed net u_rq/rq[7]_i_961_n_0.  Did not re-place instance u_rq/rq[7]_i_961
INFO: [Physopt 32-662] Processed net u_rq/rq[7]_i_241_n_0.  Did not re-place instance u_rq/rq[7]_i_241
INFO: [Physopt 32-662] Processed net u_rq/rq[7]_i_598_n_0.  Did not re-place instance u_rq/rq[7]_i_598
INFO: [Physopt 32-662] Processed net u_rq/rq[7]_i_634_n_0.  Did not re-place instance u_rq/rq[7]_i_634
INFO: [Physopt 32-662] Processed net u_rq/rq[7]_i_855_n_0.  Did not re-place instance u_rq/rq[7]_i_855
INFO: [Physopt 32-662] Processed net u_rq/rq[4]_i_8_n_0.  Did not re-place instance u_rq/rq[4]_i_8
INFO: [Physopt 32-662] Processed net u_rq/rq[7]_i_189_n_0.  Did not re-place instance u_rq/rq[7]_i_189
INFO: [Physopt 32-662] Processed net u_rq/rq[7]_i_198_n_0.  Did not re-place instance u_rq/rq[7]_i_198
INFO: [Physopt 32-662] Processed net u_rq/rq[1]_i_5_n_0.  Did not re-place instance u_rq/rq[1]_i_5
INFO: [Physopt 32-662] Processed net u_rq/rq[7]_i_813_n_0.  Did not re-place instance u_rq/rq[7]_i_813
INFO: [Physopt 32-662] Processed net u_rq/rq[7]_i_20_n_0.  Did not re-place instance u_rq/rq[7]_i_20
INFO: [Physopt 32-662] Processed net u_rq/rq[7]_i_812_n_0.  Did not re-place instance u_rq/rq[7]_i_812
INFO: [Physopt 32-663] Processed net u_rq/acc_mult_n_102.  Re-placed instance u_rq/rq[7]_i_342_psdsp
INFO: [Physopt 32-662] Processed net u_rq/rq[7]_i_342_n_0.  Did not re-place instance u_rq/rq[7]_i_342
INFO: [Physopt 32-662] Processed net u_rq/rq[7]_i_346_n_0.  Did not re-place instance u_rq/rq[7]_i_346
INFO: [Physopt 32-662] Processed net u_rq/rq[7]_i_895_n_0.  Did not re-place instance u_rq/rq[7]_i_895
INFO: [Physopt 32-662] Processed net u_rq/rq[7]_i_939_n_0.  Did not re-place instance u_rq/rq[7]_i_939
INFO: [Physopt 32-662] Processed net u_rq/acc_mult_n_104.  Did not re-place instance u_rq/rq[7]_i_344_psdsp
INFO: [Physopt 32-662] Processed net u_rq/rq[7]_i_597_n_0.  Did not re-place instance u_rq/rq[7]_i_597
INFO: [Physopt 32-662] Processed net u_rq/rq[7]_i_967_n_0.  Did not re-place instance u_rq/rq[7]_i_967
INFO: [Physopt 32-662] Processed net u_rq/rq[7]_i_977_n_0.  Did not re-place instance u_rq/rq[7]_i_977
INFO: [Physopt 32-662] Processed net u_rq/acc_sh10_in[13].  Did not re-place instance u_rq/rq[7]_i_921
INFO: [Physopt 32-662] Processed net u_rq/param3_reg[66]_rep_n_0_repN_5.  Did not re-place instance u_rq/param3_reg[66]_rep_replica_5
INFO: [Physopt 32-662] Processed net u_rq/rq[7]_i_704_n_0.  Did not re-place instance u_rq/rq[7]_i_704
INFO: [Physopt 32-662] Processed net u_rq/rq[7]_i_922_n_0.  Did not re-place instance u_rq/rq[7]_i_922
INFO: [Physopt 32-663] Processed net u_rq/acc_r3_reg[3]__0_n_0.  Re-placed instance u_rq/acc_r3_reg[3]__0
INFO: [Physopt 32-663] Processed net u_rq/rq[7]_i_678_n_0.  Re-placed instance u_rq/rq[7]_i_678
INFO: [Physopt 32-663] Processed net u_rq/acc_r3_reg__0_n_78.  Re-placed instance u_rq/rq[7]_i_682_psdsp
INFO: [Physopt 32-662] Processed net u_rq/rq[7]_i_583_n_0.  Did not re-place instance u_rq/rq[7]_i_583
INFO: [Physopt 32-662] Processed net u_rq/rq[7]_i_682_n_0.  Did not re-place instance u_rq/rq[7]_i_682
INFO: [Physopt 32-663] Processed net u_rq/param3_reg[66]_rep_n_0_repN.  Re-placed instance u_rq/param3_reg[66]_rep_replica
INFO: [Physopt 32-663] Processed net u_rq/rq[7]_i_689_n_0.  Re-placed instance u_rq/rq[7]_i_689
INFO: [Physopt 32-662] Processed net u_rq/rq[7]_i_519_n_0.  Did not re-place instance u_rq/rq[7]_i_519
INFO: [Physopt 32-662] Processed net u_rq/rq[7]_i_962_n_0.  Did not re-place instance u_rq/rq[7]_i_962
INFO: [Physopt 32-662] Processed net u_rq/rq[7]_i_197_n_0.  Did not re-place instance u_rq/rq[7]_i_197
INFO: [Physopt 32-662] Processed net u_rq/rq[7]_i_71_n_0.  Did not re-place instance u_rq/rq[7]_i_71
INFO: [Physopt 32-662] Processed net u_rq/rq[7]_i_938_n_0.  Did not re-place instance u_rq/rq[7]_i_938
INFO: [Physopt 32-662] Processed net u_rq/rq[7]_i_990_n_0.  Did not re-place instance u_rq/rq[7]_i_990
INFO: [Physopt 32-662] Processed net u_rq/rq[7]_i_179_n_0.  Did not re-place instance u_rq/rq[7]_i_179
INFO: [Physopt 32-662] Processed net u_rq/acc_sh10_in[8].  Did not re-place instance u_rq/rq[7]_i_930
INFO: [Physopt 32-662] Processed net u_rq/rq[7]_i_804_n_0.  Did not re-place instance u_rq/rq[7]_i_804
INFO: [Physopt 32-662] Processed net u_rq/rq[7]_i_843_n_0.  Did not re-place instance u_rq/rq[7]_i_843
INFO: [Physopt 32-662] Processed net u_rq/rq[7]_i_931_n_0.  Did not re-place instance u_rq/rq[7]_i_931
INFO: [Physopt 32-662] Processed net u_rq/rq[7]_i_170_n_0.  Did not re-place instance u_rq/rq[7]_i_170
INFO: [Physopt 32-662] Processed net u_rq/rq[7]_i_874_n_0.  Did not re-place instance u_rq/rq[7]_i_874
INFO: [Physopt 32-662] Processed net u_rq/rq[7]_i_960_n_0.  Did not re-place instance u_rq/rq[7]_i_960
INFO: [Physopt 32-662] Processed net u_rq/acc_r3_reg__0_n_85.  Did not re-place instance u_rq/rq[7]_i_678_psdsp
INFO: [Physopt 32-662] Processed net u_rq/acc_sh10_in[16].  Did not re-place instance u_rq/rq[7]_i_854
INFO: [Physopt 32-662] Processed net u_rq/rq[7]_i_696_n_0.  Did not re-place instance u_rq/rq[7]_i_696
INFO: [Physopt 32-662] Processed net u_rq/rq[7]_i_750_n_0.  Did not re-place instance u_rq/rq[7]_i_750
INFO: [Physopt 32-662] Processed net u_rq/acc_r3_reg_n_101.  Did not re-place instance u_rq/rq[7]_i_341_psdsp_2
INFO: [Physopt 32-662] Processed net u_rq/rq[7]_i_796_n_0.  Did not re-place instance u_rq/rq[7]_i_796
INFO: [Physopt 32-662] Processed net u_rq/rq[7]_i_866_n_0.  Did not re-place instance u_rq/rq[7]_i_866
INFO: [Physopt 32-662] Processed net u_rq/acc_sh10_in[26].  Did not re-place instance u_rq/rq[7]_i_741
INFO: [Physopt 32-662] Processed net u_rq/rq[7]_i_391_n_0.  Did not re-place instance u_rq/rq[7]_i_391
INFO: [Physopt 32-662] Processed net u_rq/rq[7]_i_753_n_0.  Did not re-place instance u_rq/rq[7]_i_753
INFO: [Physopt 32-662] Processed net u_rq/rq[7]_i_788_n_0.  Did not re-place instance u_rq/rq[7]_i_788
INFO: [Physopt 32-663] Processed net u_rq/acc_r3_reg_n_99.  Re-placed instance u_rq/rq[7]_i_162_psdsp_2
INFO: [Physopt 32-662] Processed net u_rq/rq[7]_i_162_n_0.  Did not re-place instance u_rq/rq[7]_i_162
INFO: [Physopt 32-662] Processed net u_rq/acc_sh10_in[36].  Did not re-place instance u_rq/rq[7]_i_627
INFO: [Physopt 32-662] Processed net u_rq/rq[7]_i_166_n_0.  Did not re-place instance u_rq/rq[7]_i_166
INFO: [Physopt 32-662] Processed net u_rq/rq[7]_i_463_n_0.  Did not re-place instance u_rq/rq[7]_i_463
INFO: [Physopt 32-662] Processed net u_rq/rq[7]_i_586_n_0.  Did not re-place instance u_rq/rq[7]_i_586
INFO: [Physopt 32-662] Processed net u_rq/rq[7]_i_193_n_0.  Did not re-place instance u_rq/rq[7]_i_193
INFO: [Physopt 32-662] Processed net u_rq/rq[7]_i_800_n_0.  Did not re-place instance u_rq/rq[7]_i_800
INFO: [Physopt 32-662] Processed net u_rq/rq[7]_i_948_n_0.  Did not re-place instance u_rq/rq[7]_i_948
INFO: [Physopt 32-662] Processed net u_rq/rq[7]_i_989_n_0.  Did not re-place instance u_rq/rq[7]_i_989
INFO: [Physopt 32-662] Processed net u_rq/rq[7]_i_571_n_0.  Did not re-place instance u_rq/rq[7]_i_571
INFO: [Physopt 32-662] Processed net u_rq/rq[7]_i_186_n_0.  Did not re-place instance u_rq/rq[7]_i_186
INFO: [Physopt 32-662] Processed net u_rq/rq[7]_i_584_n_0.  Did not re-place instance u_rq/rq[7]_i_584
INFO: [Physopt 32-662] Processed net u_rq/p_0_in[5]_repN.  Did not re-place instance u_rq/param3_reg[69]_replica
INFO: [Physopt 32-662] Processed net u_rq/rq[7]_i_894_n_0.  Did not re-place instance u_rq/rq[7]_i_894
INFO: [Physopt 32-662] Processed net u_rq/rq[7]_i_520_n_0.  Did not re-place instance u_rq/rq[7]_i_520
INFO: [Physopt 32-662] Processed net u_rq/rq[7]_i_172_n_0.  Did not re-place instance u_rq/rq[7]_i_172
INFO: [Physopt 32-662] Processed net u_rq/rq[7]_i_70_n_0.  Did not re-place instance u_rq/rq[7]_i_70
INFO: [Physopt 32-662] Processed net u_rq/acc_sh10_in[7].  Did not re-place instance u_rq/rq[7]_i_19
INFO: [Physopt 32-662] Processed net u_rq/rq[7]_i_971_n_0.  Did not re-place instance u_rq/rq[7]_i_971
INFO: [Physopt 32-662] Processed net u_rq/rq[7]_i_983_n_0.  Did not re-place instance u_rq/rq[7]_i_983
INFO: [Physopt 32-663] Processed net u_rq/acc_r3_reg[1]__0_n_0.  Re-placed instance u_rq/acc_r3_reg[1]__0
INFO: [Physopt 32-662] Processed net u_rq/acc_sh10_in[9].  Did not re-place instance u_rq/rq[7]_i_932
INFO: [Physopt 32-662] Processed net u_rq/rq[7]_i_680_n_0.  Did not re-place instance u_rq/rq[7]_i_680
INFO: [Physopt 32-662] Processed net u_rq/rq[7]_i_178_n_0.  Did not re-place instance u_rq/rq[7]_i_178
INFO: [Physopt 32-662] Processed net u_rq/rq[7]_i_798_n_0.  Did not re-place instance u_rq/rq[7]_i_798
INFO: [Physopt 32-662] Processed net u_rq/rq[7]_i_867_n_0.  Did not re-place instance u_rq/rq[7]_i_867
INFO: [Physopt 32-662] Processed net u_rq/rq[7]_i_943_n_0.  Did not re-place instance u_rq/rq[7]_i_943
INFO: [Physopt 32-662] Processed net u_rq/acc_sh10_in[19].  Did not re-place instance u_rq/rq[7]_i_850
INFO: [Physopt 32-662] Processed net u_rq/acc_sh10_in[25].  Did not re-place instance u_rq/rq[7]_i_749
INFO: [Physopt 32-662] Processed net u_rq/rq[7]_i_392_n_0.  Did not re-place instance u_rq/rq[7]_i_392
INFO: [Physopt 32-662] Processed net u_rq/rq[7]_i_748_n_0.  Did not re-place instance u_rq/rq[7]_i_748
INFO: [Physopt 32-662] Processed net u_rq/rq[7]_i_587_n_0.  Did not re-place instance u_rq/rq[7]_i_587
INFO: [Physopt 32-662] Processed net u_rq/rq[7]_i_169_n_0.  Did not re-place instance u_rq/rq[7]_i_169
INFO: [Physopt 32-662] Processed net u_rq/rq[7]_i_872_n_0.  Did not re-place instance u_rq/rq[7]_i_872
INFO: [Physopt 32-662] Processed net u_rq/rq[7]_i_883_n_0.  Did not re-place instance u_rq/rq[7]_i_883
INFO: [Physopt 32-662] Processed net u_rq/rq[2]_i_7_n_0.  Did not re-place instance u_rq/rq[2]_i_7
INFO: [Physopt 32-662] Processed net u_rq/acc_sh10_in[1].  Did not re-place instance u_rq/rq[1]_i_4
INFO: [Physopt 32-662] Processed net u_rq/acc_sh10_in[24].  Did not re-place instance u_rq/rq[7]_i_747
INFO: [Physopt 32-662] Processed net u_rq/rq[7]_i_174_n_0.  Did not re-place instance u_rq/rq[7]_i_174
INFO: [Physopt 32-662] Processed net u_rq/rq[1]_i_7_n_0.  Did not re-place instance u_rq/rq[1]_i_7
INFO: [Physopt 32-662] Processed net u_rq/rq[5]_i_9_n_0.  Did not re-place instance u_rq/rq[5]_i_9
INFO: [Physopt 32-662] Processed net u_rq/acc_sh10_in[0].  Did not re-place instance u_rq/rq[0]_i_5
INFO: [Physopt 32-662] Processed net u_rq/rq[7]_i_572_n_0.  Did not re-place instance u_rq/rq[7]_i_572
INFO: [Physopt 32-662] Processed net u_rq/acc_mult_n_103.  Did not re-place instance u_rq/rq[7]_i_343_psdsp
INFO: [Physopt 32-662] Processed net u_rq/rq[7]_i_529_n_0.  Did not re-place instance u_rq/rq[7]_i_529_rewire
INFO: [Physopt 32-662] Processed net u_rq/rq[7]_i_860_n_0.  Did not re-place instance u_rq/rq[7]_i_860
INFO: [Physopt 32-662] Processed net u_rq/rq[7]_i_892_n_0.  Did not re-place instance u_rq/rq[7]_i_892
INFO: [Physopt 32-662] Processed net u_rq/acc_sh10_in[28].  Did not re-place instance u_rq/rq[7]_i_735
INFO: [Physopt 32-662] Processed net u_rq/rq[7]_i_390_n_0.  Did not re-place instance u_rq/rq[7]_i_390
INFO: [Physopt 32-662] Processed net u_rq/rq[7]_i_968_n_0.  Did not re-place instance u_rq/rq[7]_i_968
INFO: [Physopt 32-663] Processed net u_rq/acc_r3_reg__0_n_68.  Re-placed instance u_rq/rq[7]_i_342_psdsp_1
INFO: [Physopt 32-663] Processed net u_rq/rq[7]_i_688_n_0.  Re-placed instance u_rq/rq[7]_i_688
INFO: [Physopt 32-662] Processed net u_rq/rq[7]_i_185_n_0.  Did not re-place instance u_rq/rq[7]_i_185
INFO: [Physopt 32-662] Processed net u_rq/rq[2]_i_8_n_0.  Did not re-place instance u_rq/rq[2]_i_8
INFO: [Physopt 32-662] Processed net u_rq/rq[3]_i_1_n_0.  Did not re-place instance u_rq/rq[3]_i_1
INFO: [Physopt 32-662] Processed net u_rq/rq[7]_i_567_n_0.  Did not re-place instance u_rq/rq[7]_i_567
INFO: [Physopt 32-662] Processed net u_rq/rq[7]_i_742_n_0.  Did not re-place instance u_rq/rq[7]_i_742
INFO: [Physopt 32-662] Processed net u_rq/rq[7]_i_530_n_0.  Did not re-place instance u_rq/rq[7]_i_530_rewire
INFO: [Physopt 32-662] Processed net u_rq/p_0_in[3]_repN.  Did not re-place instance u_rq/param3_reg[67]_replica
INFO: [Physopt 32-662] Processed net u_rq/rq[7]_i_897_n_0.  Did not re-place instance u_rq/rq[7]_i_897
INFO: [Physopt 32-662] Processed net u_rq/rq[7]_i_902_n_0.  Did not re-place instance u_rq/rq[7]_i_902
INFO: [Physopt 32-662] Processed net u_rq/rq[4]_i_1_n_0.  Did not re-place instance u_rq/rq[4]_i_1
INFO: [Physopt 32-662] Processed net u_rq/rq[7]_i_663_n_0.  Did not re-place instance u_rq/rq[7]_i_663
INFO: [Physopt 32-662] Processed net u_rq/rq[7]_i_949_n_0.  Did not re-place instance u_rq/rq[7]_i_949
INFO: [Physopt 32-662] Processed net u_rq/rq[7]_i_959_n_0.  Did not re-place instance u_rq/rq[7]_i_959
INFO: [Physopt 32-663] Processed net u_rq/acc_r3_reg__0_n_80.  Re-placed instance u_rq/rq[7]_i_684_psdsp
INFO: [Physopt 32-662] Processed net u_rq/rq[7]_i_791_n_0.  Did not re-place instance u_rq/rq[7]_i_791
INFO: [Physopt 32-662] Processed net u_rq/rq[7]_i_110_n_0.  Did not re-place instance u_rq/rq[7]_i_110
INFO: [Physopt 32-662] Processed net u_rq/rq[7]_i_428_n_0.  Did not re-place instance u_rq/rq[7]_i_428
INFO: [Physopt 32-662] Processed net u_rq/rq[7]_i_684_n_0.  Did not re-place instance u_rq/rq[7]_i_684
INFO: [Physopt 32-662] Processed net u_rq/rq[7]_i_886_n_0.  Did not re-place instance u_rq/rq[7]_i_886
INFO: [Physopt 32-662] Processed net u_rq/rq[7]_i_893_n_0.  Did not re-place instance u_rq/rq[7]_i_893
INFO: [Physopt 32-662] Processed net u_rq/rq[7]_i_937_n_0.  Did not re-place instance u_rq/rq[7]_i_937
INFO: [Physopt 32-662] Processed net u_rq/rq[6]_i_1_n_0.  Did not re-place instance u_rq/rq[6]_i_1
INFO: [Physopt 32-662] Processed net u_rq/rq[7]_i_533_n_0.  Did not re-place instance u_rq/rq[7]_i_533
INFO: [Physopt 32-662] Processed net u_rq/rq[7]_i_549_n_0.  Did not re-place instance u_rq/rq[7]_i_549
INFO: [Physopt 32-662] Processed net u_rq/rq[7]_i_573_n_0.  Did not re-place instance u_rq/rq[7]_i_573
INFO: [Physopt 32-662] Processed net u_rq/rq[7]_i_869_n_0.  Did not re-place instance u_rq/rq[7]_i_869
INFO: [Physopt 32-662] Processed net u_rq/rq[7]_i_744_n_0.  Did not re-place instance u_rq/rq[7]_i_744
INFO: [Physopt 32-663] Processed net u_rq/acc_r3_reg_n_103.  Re-placed instance u_rq/rq[7]_i_343_psdsp_2
INFO: [Physopt 32-662] Processed net u_rq/rq[7]_i_537_n_0.  Did not re-place instance u_rq/rq[7]_i_537
INFO: [Physopt 32-662] Processed net u_rq/rq[7]_i_561_n_0.  Did not re-place instance u_rq/rq[7]_i_561
INFO: [Physopt 32-662] Processed net u_rq/rq[7]_i_543_n_0.  Did not re-place instance u_rq/rq[7]_i_543
INFO: [Physopt 32-662] Processed net u_rq/rq[7]_i_568_n_0.  Did not re-place instance u_rq/rq[7]_i_568
INFO: [Physopt 32-662] Processed net u_rq/rq[7]_i_950_n_0.  Did not re-place instance u_rq/rq[7]_i_950
INFO: [Physopt 32-662] Processed net u_rq/rq[7]_i_903_n_0.  Did not re-place instance u_rq/rq[7]_i_903
INFO: [Physopt 32-662] Processed net u_rq/rq[7]_i_771_n_0.  Did not re-place instance u_rq/rq[7]_i_771
INFO: [Physopt 32-662] Processed net u_rq/rq[7]_i_780_n_0.  Did not re-place instance u_rq/rq[7]_i_780
INFO: [Physopt 32-662] Processed net u_rq/acc_sh10_in[30].  Did not re-place instance u_rq/rq[7]_i_729
INFO: [Physopt 32-662] Processed net u_rq/rq[7]_i_589_n_0.  Did not re-place instance u_rq/rq[7]_i_589
INFO: [Physopt 32-662] Processed net u_rq/rq[7]_i_500_n_0.  Did not re-place instance u_rq/rq[7]_i_500
INFO: [Physopt 32-662] Processed net u_rq/rq[7]_i_524_n_0.  Did not re-place instance u_rq/rq[7]_i_524
INFO: [Physopt 32-661] Optimized 17 nets.  Re-placed 17 instances.
INFO: [Physopt 32-775] End 1 Pass. Optimized 17 nets or cells. Created 0 new cell, deleted 0 existing cell and moved 17 existing cells
INFO: [Physopt 32-619] Estimated Timing Summary | WNS=-0.975 | TNS=-12.943 |
Netlist sorting complete. Time (s): cpu = 00:00:00 ; elapsed = 00:00:00 . Memory (MB): peak = 1758.578 ; gain = 0.000
Phase 29 Single Cell Placement Optimization | Checksum: 1f3afdddb

Time (s): cpu = 00:01:33 ; elapsed = 00:01:01 . Memory (MB): peak = 1758.578 ; gain = 0.000

Phase 30 Multi Cell Placement Optimization
INFO: [Physopt 32-660] Identified 100 candidate nets for placement-based optimization.
INFO: [Physopt 32-662] Processed net u_rq/rq[7]_i_1_n_0.  Did not re-place instance u_rq/rq[7]_i_1/O
INFO: [Physopt 32-662] Processed net u_rq/rq[7]_i_965_n_0.  Did not re-place instance u_rq/rq[7]_i_965/O
INFO: [Physopt 32-662] Processed net u_rq/acc_r3_reg__0_n_88.  Did not re-place instance u_rq/rq[7]_i_681_psdsp/Q
INFO: [Physopt 32-662] Processed net u_rq/rq[7]_i_692_n_0_repN.  Did not re-place instance u_rq/rq[7]_i_692_replica_rewire/O
INFO: [Physopt 32-662] Processed net u_rq/rq[7]_i_966_n_0.  Did not re-place instance u_rq/rq[7]_i_966/O
INFO: [Physopt 32-662] Processed net u_rq/param3_reg[66]_rep_n_0_repN_6.  Did not re-place instance u_rq/param3_reg[66]_rep_replica_6/Q
INFO: [Physopt 32-662] Processed net u_rq/rq[7]_i_970_n_0.  Did not re-place instance u_rq/rq[7]_i_970/O
INFO: [Physopt 32-662] Processed net u_rq/acc_mult_n_101.  Did not re-place instance u_rq/rq[7]_i_341_psdsp/Q
INFO: [Physopt 32-662] Processed net u_rq/rq[7]_i_341_n_0.  Did not re-place instance u_rq/rq[7]_i_341/O
INFO: [Physopt 32-662] Processed net u_rq/rq[7]_i_188_n_0.  Did not re-place instance u_rq/rq[7]_i_188/O
INFO: [Physopt 32-662] Processed net u_rq/rq[7]_i_176_n_0.  Did not re-place instance u_rq/rq[7]_i_176/O
INFO: [Physopt 32-662] Processed net u_rq/rq[0]_i_1_n_0.  Did not re-place instance u_rq/rq[0]_i_1/O
INFO: [Physopt 32-662] Processed net u_rq/rq[0]_i_4_n_0.  Did not re-place instance u_rq/rq[0]_i_4/O
INFO: [Physopt 32-662] Processed net u_rq/rq[7]_i_963_n_0.  Did not re-place instance u_rq/rq[7]_i_963/O
INFO: [Physopt 32-662] Processed net u_rq/rq[7]_i_972_n_0.  Did not re-place instance u_rq/rq[7]_i_972/O
INFO: [Physopt 32-662] Processed net u_rq/acc_mult_n_104.  Did not re-place instance u_rq/rq[7]_i_344_psdsp/Q
INFO: [Physopt 32-662] Processed net u_rq/rq[7]_i_187_n_0.  Did not re-place instance u_rq/rq[7]_i_187/O
INFO: [Physopt 32-662] Processed net u_rq/acc_mult_n_102.  Did not re-place instance u_rq/rq[7]_i_342_psdsp/Q
INFO: [Physopt 32-662] Processed net u_rq/rq[7]_i_342_n_0.  Did not re-place instance u_rq/rq[7]_i_342/O
INFO: [Physopt 32-662] Processed net u_rq/rq[7]_i_344_n_0.  Did not re-place instance u_rq/rq[7]_i_344/O
INFO: [Physopt 32-662] Processed net u_rq/rq[7]_i_184_n_0.  Did not re-place instance u_rq/rq[7]_i_184/O
INFO: [Physopt 32-662] Processed net u_rq/rq[7]_i_692_n_0.  Did not re-place instance u_rq/rq[7]_i_692/O
INFO: [Physopt 32-662] Processed net u_rq/rq[7]_i_967_n_0.  Did not re-place instance u_rq/rq[7]_i_967/O
INFO: [Physopt 32-662] Processed net u_rq/param3_reg[66]_rep_n_0_repN_5.  Did not re-place instance u_rq/param3_reg[66]_rep_replica_5/Q
INFO: [Physopt 32-662] Processed net u_rq/rq[7]_i_962_n_0.  Did not re-place instance u_rq/rq[7]_i_962/O
INFO: [Physopt 32-662] Processed net u_rq/rq[7]_i_179_n_0.  Did not re-place instance u_rq/rq[7]_i_179/O
INFO: [Physopt 32-662] Processed net u_rq/rq[7]_i_170_n_0.  Did not re-place instance u_rq/rq[7]_i_170/O
INFO: [Physopt 32-662] Processed net u_rq/acc_r3_reg__0_n_85.  Did not re-place instance u_rq/rq[7]_i_678_psdsp/Q
INFO: [Physopt 32-662] Processed net u_rq/acc_r3_reg_n_101.  Did not re-place instance u_rq/rq[7]_i_341_psdsp_2/Q
INFO: [Physopt 32-662] Processed net u_rq/rq[7]_i_796_n_0.  Did not re-place instance u_rq/rq[7]_i_796/O
INFO: [Physopt 32-662] Processed net u_rq/rq[7]_i_788_n_0.  Did not re-place instance u_rq/rq[7]_i_788/O
INFO: [Physopt 32-662] Processed net u_rq/rq[7]_i_899_n_0.  Did not re-place instance u_rq/rq[7]_i_899/O
INFO: [Physopt 32-662] Processed net u_rq/rq[7]_i_989_n_0.  Did not re-place instance u_rq/rq[7]_i_989/O
INFO: [Physopt 32-662] Processed net u_rq/rq[7]_i_973_n_0.  Did not re-place instance u_rq/rq[7]_i_973/O
INFO: [Physopt 32-662] Processed net u_rq/p_0_in[5]_repN.  Did not re-place instance u_rq/param3_reg[69]_replica/Q
INFO: [Physopt 32-662] Processed net u_rq/rq[7]_i_172_n_0.  Did not re-place instance u_rq/rq[7]_i_172/O
INFO: [Physopt 32-662] Processed net u_rq/rq[7]_i_971_n_0.  Did not re-place instance u_rq/rq[7]_i_971/O
INFO: [Physopt 32-662] Processed net u_rq/rq[7]_i_178_n_0.  Did not re-place instance u_rq/rq[7]_i_178/O
INFO: [Physopt 32-662] Processed net u_rq/rq[7]_i_969_n_0.  Did not re-place instance u_rq/rq[7]_i_969/O
INFO: [Physopt 32-662] Processed net u_rq/rq[7]_i_798_n_0.  Did not re-place instance u_rq/rq[7]_i_798/O
INFO: [Physopt 32-661] Optimized 0 net.  Re-placed 0 instance.
INFO: [Physopt 32-775] End 1 Pass. Optimized 0 net or cell. Created 0 new cell, deleted 0 existing cell and moved 0 existing cell
Netlist sorting complete. Time (s): cpu = 00:00:00 ; elapsed = 00:00:00 . Memory (MB): peak = 1758.578 ; gain = 0.000
Phase 30 Multi Cell Placement Optimization | Checksum: 1cede1f77

Time (s): cpu = 00:01:47 ; elapsed = 00:01:10 . Memory (MB): peak = 1758.578 ; gain = 0.000

Phase 31 SLR Crossing Optimization
Phase 31 SLR Crossing Optimization | Checksum: 1cede1f77

Time (s): cpu = 00:01:47 ; elapsed = 00:01:10 . Memory (MB): peak = 1758.578 ; gain = 0.000

Phase 32 Critical Path Optimization
INFO: [Physopt 32-619] Estimated Timing Summary | WNS=-0.975 | TNS=-12.943 |
INFO: [Physopt 32-662] Processed net u_rq/rq[1].  Did not re-place instance u_rq/rq_reg[1]
INFO: [Physopt 32-702] Processed net u_rq/rq[1]. Optimizations did not improve timing on the net.
INFO: [Physopt 32-662] Processed net u_rq/acc_r3_reg__0_n_88.  Did not re-place instance u_rq/rq[7]_i_681_psdsp
INFO: [Physopt 32-662] Processed net u_rq/acc_r3_reg__0_n_88.  Did not re-place instance u_rq/rq[7]_i_681_psdsp/Q
INFO: [Physopt 32-572] Net u_rq/acc_r3_reg__0_n_88 was not replicated.
Resolution: phys_opt_design can be forced to replicate a net driver using the option -force_replication_on_nets <list of net objects>.
INFO: [Physopt 32-702] Processed net u_rq/acc_r3_reg__0_n_88. Optimizations did not improve timing on the net.
INFO: [Physopt 32-702] Processed net u_rq/acc_sat1. Optimizations did not improve timing on the net.
INFO: [Physopt 32-702] Processed net u_rq/rq_reg[7]_i_9_n_0. Optimizations did not improve timing on the net.
INFO: [Physopt 32-702] Processed net u_rq/rq_reg[7]_i_38_n_0. Optimizations did not improve timing on the net.
INFO: [Physopt 32-702] Processed net u_rq/rq_reg[7]_i_107_n_0. Optimizations did not improve timing on the net.
INFO: [Physopt 32-702] Processed net u_rq/rq_reg[7]_i_238_n_0. Optimizations did not improve timing on the net.
INFO: [Physopt 32-702] Processed net u_rq/rq_reg[7]_i_388_n_0. Optimizations did not improve timing on the net.
INFO: [Physopt 32-702] Processed net u_rq/rq_reg[7]_i_594_n_0. Optimizations did not improve timing on the net.
INFO: [Physopt 32-662] Processed net u_rq/rq[7]_i_703_n_0.  Did not re-place instance u_rq/rq[7]_i_703
INFO: [Physopt 32-702] Processed net u_rq/rq[7]_i_703_n_0. Optimizations did not improve timing on the net.
INFO: [Physopt 32-702] Processed net u_rq/rq_reg[7]_i_820_n_0. Optimizations did not improve timing on the net.
INFO: [Physopt 32-735] Processed net u_rq/rq[7]_i_916_n_0. Optimization improves timing on the net.
INFO: [Physopt 32-619] Estimated Timing Summary | WNS=-0.971 | TNS=-12.915 |
INFO: [Physopt 32-662] Processed net u_rq/param3_reg[66]_rep_n_0_repN_6.  Did not re-place instance u_rq/param3_reg[66]_rep_replica_6
INFO: [Physopt 32-662] Processed net u_rq/param3_reg[66]_rep_n_0_repN_6.  Did not re-place instance u_rq/param3_reg[66]_rep_replica_6/Q
INFO: [Physopt 32-702] Processed net u_rq/param3_reg[66]_rep_n_0_repN_6. Optimizations did not improve timing on the net.
INFO: [Physopt 32-702] Processed net u_rq/rq_reg[7]_i_819_n_0. Optimizations did not improve timing on the net.
INFO: [Physopt 32-702] Processed net u_rq/acc_sh10_in[14]. Optimizations did not improve timing on the net.
INFO: [Physopt 32-662] Processed net u_rq/rq[7]_i_976_n_0.  Did not re-place instance u_rq/rq[7]_i_976
INFO: [Physopt 32-572] Net u_rq/rq[7]_i_976_n_0 was not replicated.
Resolution: phys_opt_design can be forced to replicate a net driver using the option -force_replication_on_nets <list of net objects>.
INFO: [Physopt 32-702] Processed net u_rq/rq[7]_i_976_n_0. Optimizations did not improve timing on the net.
INFO: [Physopt 32-662] Processed net u_rq/rq[7]_i_966_n_0.  Did not re-place instance u_rq/rq[7]_i_966
INFO: [Physopt 32-662] Processed net u_rq/rq[7]_i_966_n_0.  Did not re-place instance u_rq/rq[7]_i_966/O
INFO: [Physopt 32-572] Net u_rq/rq[7]_i_966_n_0 was not replicated.
Resolution: phys_opt_design can be forced to replicate a net driver using the option -force_replication_on_nets <list of net objects>.
INFO: [Physopt 32-702] Processed net u_rq/rq[7]_i_966_n_0. Optimizations did not improve timing on the net.
INFO: [Physopt 32-702] Processed net u_rq/rq_reg[7]_i_133_n_4. Optimizations did not improve timing on the net.
INFO: [Physopt 32-702] Processed net u_rq/rq_reg[7]_i_292_n_0. Optimizations did not improve timing on the net.
INFO: [Physopt 32-702] Processed net u_rq/rq_reg[7]_i_350_n_0. Optimizations did not improve timing on the net.
INFO: [Physopt 32-702] Processed net u_rq/rq_reg[7]_i_356_n_0. Optimizations did not improve timing on the net.
INFO: [Physopt 32-702] Processed net u_rq/rq_reg[7]_i_353_n_0. Optimizations did not improve timing on the net.
INFO: [Physopt 32-702] Processed net u_rq/rq_reg[7]_i_359_n_0. Optimizations did not improve timing on the net.
INFO: [Physopt 32-702] Processed net u_rq/rq_reg[7]_i_349_n_0. Optimizations did not improve timing on the net.
INFO: [Physopt 32-702] Processed net u_rq/rq_reg[7]_i_355_n_0. Optimizations did not improve timing on the net.
INFO: [Physopt 32-702] Processed net u_rq/rq_reg[7]_i_352_n_0. Optimizations did not improve timing on the net.
INFO: [Physopt 32-702] Processed net u_rq/rq_reg[7]_i_358_n_0. Optimizations did not improve timing on the net.
INFO: [Physopt 32-702] Processed net u_rq/rq_reg[7]_i_351_n_0. Optimizations did not improve timing on the net.
INFO: [Physopt 32-702] Processed net u_rq/rq_reg[7]_i_357_n_0. Optimizations did not improve timing on the net.
INFO: [Physopt 32-702] Processed net u_rq/rq_reg[7]_i_354_n_0. Optimizations did not improve timing on the net.
INFO: [Physopt 32-702] Processed net u_rq/rq_reg[7]_i_360_n_0. Optimizations did not improve timing on the net.
INFO: [Physopt 32-702] Processed net u_rq/rq_reg[7]_i_361_n_0. Optimizations did not improve timing on the net.
INFO: [Physopt 32-702] Processed net u_rq/rq_reg[3]_i_11_n_0. Optimizations did not improve timing on the net.
INFO: [Physopt 32-702] Processed net u_rq/rq[3]_i_15_n_0. Optimizations did not improve timing on the net.
INFO: [Physopt 32-662] Processed net u_rq/rq[7]_i_692_n_0_repN.  Did not re-place instance u_rq/rq[7]_i_692_replica_rewire
INFO: [Physopt 32-662] Processed net u_rq/rq[7]_i_692_n_0_repN.  Did not re-place instance u_rq/rq[7]_i_692_replica_rewire/O
INFO: [Physopt 32-710] Processed net u_rq/rq[3]_i_15_n_0. Critical path length was reduced through logic transformation on cell u_rq/rq[3]_i_15_rewire_comp.
INFO: [Physopt 32-735] Processed net u_rq/rq[7]_i_692_n_0_repN. Optimization improves timing on the net.
INFO: [Physopt 32-619] Estimated Timing Summary | WNS=-0.964 | TNS=-12.810 |
INFO: [Physopt 32-702] Processed net u_rq/rq[3]_i_13_n_0. Optimizations did not improve timing on the net.
INFO: [Physopt 32-662] Processed net u_rq/rq[7]_i_692_n_0_repN.  Did not re-place instance u_rq/rq[7]_i_692_replica_rewire
INFO: [Physopt 32-662] Processed net u_rq/rq[7]_i_692_n_0_repN.  Did not re-place instance u_rq/rq[7]_i_692_replica_rewire/O
INFO: [Physopt 32-572] Net u_rq/rq[7]_i_692_n_0_repN was not replicated.
Resolution: phys_opt_design can be forced to replicate a net driver using the option -force_replication_on_nets <list of net objects>.
INFO: [Physopt 32-702] Processed net u_rq/rq[7]_i_692_n_0_repN. Optimizations did not improve timing on the net.
INFO: [Physopt 32-662] Processed net u_rq/rq[7]_i_1_n_0.  Did not re-place instance u_rq/rq[7]_i_1
INFO: [Physopt 32-662] Processed net u_rq/rq[7]_i_1_n_0.  Did not re-place instance u_rq/rq[7]_i_1/O
INFO: [Physopt 32-572] Net u_rq/rq[7]_i_1_n_0 was not replicated.
Resolution: phys_opt_design can be forced to replicate a net driver using the option -force_replication_on_nets <list of net objects>.
INFO: [Physopt 32-702] Processed net u_rq/rq[7]_i_1_n_0. Optimizations did not improve timing on the net.
INFO: [Physopt 32-662] Processed net u_rq/rq[1].  Did not re-place instance u_rq/rq_reg[1]
INFO: [Physopt 32-702] Processed net u_rq/rq[1]. Optimizations did not improve timing on the net.
INFO: [Physopt 32-662] Processed net u_rq/param3_reg[66]_rep_n_0_repN_6.  Did not re-place instance u_rq/param3_reg[66]_rep_replica_6
INFO: [Physopt 32-662] Processed net u_rq/param3_reg[66]_rep_n_0_repN_6.  Did not re-place instance u_rq/param3_reg[66]_rep_replica_6/Q
INFO: [Physopt 32-702] Processed net u_rq/param3_reg[66]_rep_n_0_repN_6. Optimizations did not improve timing on the net.
INFO: [Physopt 32-702] Processed net u_rq/acc_sat1. Optimizations did not improve timing on the net.
INFO: [Physopt 32-662] Processed net u_rq/rq[7]_i_703_n_0.  Did not re-place instance u_rq/rq[7]_i_703
INFO: [Physopt 32-702] Processed net u_rq/rq[7]_i_703_n_0. Optimizations did not improve timing on the net.
INFO: [Physopt 32-702] Processed net u_rq/rq_reg[7]_i_819_n_0. Optimizations did not improve timing on the net.
INFO: [Physopt 32-702] Processed net u_rq/acc_sh10_in[14]. Optimizations did not improve timing on the net.
INFO: [Physopt 32-662] Processed net u_rq/rq[7]_i_976_n_0.  Did not re-place instance u_rq/rq[7]_i_976
INFO: [Physopt 32-702] Processed net u_rq/rq[7]_i_976_n_0. Optimizations did not improve timing on the net.
INFO: [Physopt 32-662] Processed net u_rq/rq[7]_i_966_n_0.  Did not re-place instance u_rq/rq[7]_i_966
INFO: [Physopt 32-662] Processed net u_rq/rq[7]_i_966_n_0.  Did not re-place instance u_rq/rq[7]_i_966/O
INFO: [Physopt 32-702] Processed net u_rq/rq[7]_i_966_n_0. Optimizations did not improve timing on the net.
INFO: [Physopt 32-702] Processed net u_rq/rq_reg[7]_i_133_n_4. Optimizations did not improve timing on the net.
INFO: [Physopt 32-702] Processed net u_rq/rq[3]_i_13_n_0. Optimizations did not improve timing on the net.
INFO: [Physopt 32-662] Processed net u_rq/rq[7]_i_692_n_0_repN.  Did not re-place instance u_rq/rq[7]_i_692_replica_rewire
INFO: [Physopt 32-662] Processed net u_rq/rq[7]_i_692_n_0_repN.  Did not re-place instance u_rq/rq[7]_i_692_replica_rewire/O
INFO: [Physopt 32-702] Processed net u_rq/rq[7]_i_692_n_0_repN. Optimizations did not improve timing on the net.
INFO: [Physopt 32-662] Processed net u_rq/rq[7]_i_1_n_0.  Did not re-place instance u_rq/rq[7]_i_1
INFO: [Physopt 32-662] Processed net u_rq/rq[7]_i_1_n_0.  Did not re-place instance u_rq/rq[7]_i_1/O
INFO: [Physopt 32-702] Processed net u_rq/rq[7]_i_1_n_0. Optimizations did not improve timing on the net.
INFO: [Physopt 32-619] Estimated Timing Summary | WNS=-0.964 | TNS=-12.810 |
Phase 32 Critical Path Optimization | Checksum: 1e119a5a1

Time (s): cpu = 00:01:58 ; elapsed = 00:01:17 . Memory (MB): peak = 1758.578 ; gain = 0.000

Phase 33 Critical Path Optimization
INFO: [Physopt 32-619] Estimated Timing Summary | WNS=-0.964 | TNS=-12.810 |
INFO: [Physopt 32-662] Processed net u_rq/rq[1].  Did not re-place instance u_rq/rq_reg[1]
INFO: [Physopt 32-702] Processed net u_rq/rq[1]. Optimizations did not improve timing on the net.
INFO: [Physopt 32-662] Processed net u_rq/param3_reg[66]_rep_n_0_repN_6.  Did not re-place instance u_rq/param3_reg[66]_rep_replica_6
INFO: [Physopt 32-662] Processed net u_rq/param3_reg[66]_rep_n_0_repN_6.  Did not re-place instance u_rq/param3_reg[66]_rep_replica_6/Q
INFO: [Physopt 32-702] Processed net u_rq/param3_reg[66]_rep_n_0_repN_6. Optimizations did not improve timing on the net.
INFO: [Physopt 32-702] Processed net u_rq/acc_sat1. Optimizations did not improve timing on the net.
INFO: [Physopt 32-702] Processed net u_rq/rq_reg[7]_i_9_n_0. Optimizations did not improve timing on the net.
INFO: [Physopt 32-702] Processed net u_rq/rq_reg[7]_i_38_n_0. Optimizations did not improve timing on the net.
INFO: [Physopt 32-702] Processed net u_rq/rq_reg[7]_i_107_n_0. Optimizations did not improve timing on the net.
INFO: [Physopt 32-702] Processed net u_rq/rq_reg[7]_i_238_n_0. Optimizations did not improve timing on the net.
INFO: [Physopt 32-702] Processed net u_rq/rq_reg[7]_i_388_n_0. Optimizations did not improve timing on the net.
INFO: [Physopt 32-702] Processed net u_rq/rq_reg[7]_i_594_n_0. Optimizations did not improve timing on the net.
INFO: [Physopt 32-662] Processed net u_rq/rq[7]_i_703_n_0.  Did not re-place instance u_rq/rq[7]_i_703
INFO: [Physopt 32-702] Processed net u_rq/rq[7]_i_703_n_0. Optimizations did not improve timing on the net.
INFO: [Physopt 32-702] Processed net u_rq/rq_reg[7]_i_819_n_0. Optimizations did not improve timing on the net.
INFO: [Physopt 32-702] Processed net u_rq/acc_sh10_in[14]. Optimizations did not improve timing on the net.
INFO: [Physopt 32-662] Processed net u_rq/rq[7]_i_976_n_0.  Did not re-place instance u_rq/rq[7]_i_976
INFO: [Physopt 32-572] Net u_rq/rq[7]_i_976_n_0 was not replicated.
Resolution: phys_opt_design can be forced to replicate a net driver using the option -force_replication_on_nets <list of net objects>.
INFO: [Physopt 32-702] Processed net u_rq/rq[7]_i_976_n_0. Optimizations did not improve timing on the net.
INFO: [Physopt 32-662] Processed net u_rq/rq[7]_i_966_n_0.  Did not re-place instance u_rq/rq[7]_i_966
INFO: [Physopt 32-662] Processed net u_rq/rq[7]_i_966_n_0.  Did not re-place instance u_rq/rq[7]_i_966/O
INFO: [Physopt 32-572] Net u_rq/rq[7]_i_966_n_0 was not replicated.
Resolution: phys_opt_design can be forced to replicate a net driver using the option -force_replication_on_nets <list of net objects>.
INFO: [Physopt 32-702] Processed net u_rq/rq[7]_i_966_n_0. Optimizations did not improve timing on the net.
INFO: [Physopt 32-702] Processed net u_rq/rq_reg[7]_i_133_n_4. Optimizations did not improve timing on the net.
INFO: [Physopt 32-702] Processed net u_rq/rq_reg[7]_i_292_n_0. Optimizations did not improve timing on the net.
INFO: [Physopt 32-702] Processed net u_rq/rq_reg[7]_i_350_n_0. Optimizations did not improve timing on the net.
INFO: [Physopt 32-702] Processed net u_rq/rq_reg[7]_i_356_n_0. Optimizations did not improve timing on the net.
INFO: [Physopt 32-702] Processed net u_rq/rq_reg[7]_i_353_n_0. Optimizations did not improve timing on the net.
INFO: [Physopt 32-702] Processed net u_rq/rq_reg[7]_i_359_n_0. Optimizations did not improve timing on the net.
INFO: [Physopt 32-702] Processed net u_rq/rq_reg[7]_i_349_n_0. Optimizations did not improve timing on the net.
INFO: [Physopt 32-702] Processed net u_rq/rq_reg[7]_i_355_n_0. Optimizations did not improve timing on the net.
INFO: [Physopt 32-702] Processed net u_rq/rq_reg[7]_i_352_n_0. Optimizations did not improve timing on the net.
INFO: [Physopt 32-702] Processed net u_rq/rq_reg[7]_i_358_n_0. Optimizations did not improve timing on the net.
INFO: [Physopt 32-702] Processed net u_rq/rq_reg[7]_i_351_n_0. Optimizations did not improve timing on the net.
INFO: [Physopt 32-702] Processed net u_rq/rq_reg[7]_i_357_n_0. Optimizations did not improve timing on the net.
INFO: [Physopt 32-702] Processed net u_rq/rq_reg[7]_i_354_n_0. Optimizations did not improve timing on the net.
INFO: [Physopt 32-702] Processed net u_rq/rq_reg[7]_i_360_n_0. Optimizations did not improve timing on the net.
INFO: [Physopt 32-702] Processed net u_rq/rq_reg[7]_i_361_n_0. Optimizations did not improve timing on the net.
INFO: [Physopt 32-702] Processed net u_rq/rq_reg[3]_i_11_n_0. Optimizations did not improve timing on the net.
INFO: [Physopt 32-702] Processed net u_rq/rq[3]_i_13_n_0. Optimizations did not improve timing on the net.
INFO: [Physopt 32-662] Processed net u_rq/rq[7]_i_692_n_0_repN.  Did not re-place instance u_rq/rq[7]_i_692_replica_rewire
INFO: [Physopt 32-662] Processed net u_rq/rq[7]_i_692_n_0_repN.  Did not re-place instance u_rq/rq[7]_i_692_replica_rewire/O
INFO: [Physopt 32-572] Net u_rq/rq[7]_i_692_n_0_repN was not replicated.
Resolution: phys_opt_design can be forced to replicate a net driver using the option -force_replication_on_nets <list of net objects>.
INFO: [Physopt 32-702] Processed net u_rq/rq[7]_i_692_n_0_repN. Optimizations did not improve timing on the net.
INFO: [Physopt 32-662] Processed net u_rq/rq[7]_i_1_n_0.  Did not re-place instance u_rq/rq[7]_i_1
INFO: [Physopt 32-662] Processed net u_rq/rq[7]_i_1_n_0.  Did not re-place instance u_rq/rq[7]_i_1/O
INFO: [Physopt 32-572] Net u_rq/rq[7]_i_1_n_0 was not replicated.
Resolution: phys_opt_design can be forced to replicate a net driver using the option -force_replication_on_nets <list of net objects>.
INFO: [Common 17-14] Message 'Physopt 32-572' appears 100 times and further instances of the messages will be disabled. Use the Tcl command set_msg_config to change the current settings.
INFO: [Physopt 32-702] Processed net u_rq/rq[7]_i_1_n_0. Optimizations did not improve timing on the net.
INFO: [Physopt 32-662] Processed net u_rq/rq[1].  Did not re-place instance u_rq/rq_reg[1]
INFO: [Physopt 32-702] Processed net u_rq/rq[1]. Optimizations did not improve timing on the net.
INFO: [Physopt 32-662] Processed net u_rq/param3_reg[66]_rep_n_0_repN_6.  Did not re-place instance u_rq/param3_reg[66]_rep_replica_6
INFO: [Physopt 32-662] Processed net u_rq/param3_reg[66]_rep_n_0_repN_6.  Did not re-place instance u_rq/param3_reg[66]_rep_replica_6/Q
INFO: [Physopt 32-702] Processed net u_rq/param3_reg[66]_rep_n_0_repN_6. Optimizations did not improve timing on the net.
INFO: [Physopt 32-702] Processed net u_rq/acc_sat1. Optimizations did not improve timing on the net.
INFO: [Physopt 32-662] Processed net u_rq/rq[7]_i_703_n_0.  Did not re-place instance u_rq/rq[7]_i_703
INFO: [Physopt 32-702] Processed net u_rq/rq[7]_i_703_n_0. Optimizations did not improve timing on the net.
INFO: [Physopt 32-702] Processed net u_rq/rq_reg[7]_i_819_n_0. Optimizations did not improve timing on the net.
INFO: [Physopt 32-702] Processed net u_rq/acc_sh10_in[14]. Optimizations did not improve timing on the net.
INFO: [Physopt 32-662] Processed net u_rq/rq[7]_i_976_n_0.  Did not re-place instance u_rq/rq[7]_i_976
INFO: [Physopt 32-702] Processed net u_rq/rq[7]_i_976_n_0. Optimizations did not improve timing on the net.
INFO: [Physopt 32-662] Processed net u_rq/rq[7]_i_966_n_0.  Did not re-place instance u_rq/rq[7]_i_966
INFO: [Physopt 32-662] Processed net u_rq/rq[7]_i_966_n_0.  Did not re-place instance u_rq/rq[7]_i_966/O
INFO: [Physopt 32-702] Processed net u_rq/rq[7]_i_966_n_0. Optimizations did not improve timing on the net.
INFO: [Physopt 32-702] Processed net u_rq/rq_reg[7]_i_133_n_4. Optimizations did not improve timing on the net.
INFO: [Physopt 32-702] Processed net u_rq/rq[3]_i_13_n_0. Optimizations did not improve timing on the net.
INFO: [Physopt 32-662] Processed net u_rq/rq[7]_i_692_n_0_repN.  Did not re-place instance u_rq/rq[7]_i_692_replica_rewire
INFO: [Physopt 32-662] Processed net u_rq/rq[7]_i_692_n_0_repN.  Did not re-place instance u_rq/rq[7]_i_692_replica_rewire/O
INFO: [Physopt 32-702] Processed net u_rq/rq[7]_i_692_n_0_repN. Optimizations did not improve timing on the net.
INFO: [Physopt 32-662] Processed net u_rq/rq[7]_i_1_n_0.  Did not re-place instance u_rq/rq[7]_i_1
INFO: [Physopt 32-662] Processed net u_rq/rq[7]_i_1_n_0.  Did not re-place instance u_rq/rq[7]_i_1/O
INFO: [Physopt 32-702] Processed net u_rq/rq[7]_i_1_n_0. Optimizations did not improve timing on the net.
INFO: [Physopt 32-619] Estimated Timing Summary | WNS=-0.964 | TNS=-12.810 |
Phase 33 Critical Path Optimization | Checksum: 1723e5542

Time (s): cpu = 00:02:07 ; elapsed = 00:01:23 . Memory (MB): peak = 1758.578 ; gain = 0.000

Phase 34 BRAM Enable Optimization
Phase 34 BRAM Enable Optimization | Checksum: 1723e5542

Time (s): cpu = 00:02:07 ; elapsed = 00:01:23 . Memory (MB): peak = 1758.578 ; gain = 0.000
INFO: [Physopt 32-960] Skip hold-fix as initial WHS does not violate hold threshold 250 ps
Netlist sorting complete. Time (s): cpu = 00:00:00 ; elapsed = 00:00:00.006 . Memory (MB): peak = 1758.578 ; gain = 0.000
INFO: [Physopt 32-603] Post Physical Optimization Timing Summary | WNS=-0.964 | TNS=-12.810 |

Summary of Physical Synthesis Optimizations
============================================


----------------------------------------------------------------------------------------------------------------------------------------------------------------------
|  Optimization            |  WNS Gain (ns)  |  TNS Gain (ns)  |  Added Cells  |  Removed Cells  |  Optimized Cells/Nets  |  Dont Touch  |  Iterations  |  Elapsed   |
----------------------------------------------------------------------------------------------------------------------------------------------------------------------
|  Fanout                  |          0.000  |          0.000  |           17  |              0  |                     9  |           0  |           3  |  00:00:02  |
|  Single Cell Placement   |          0.080  |          1.192  |            0  |              0  |                    42  |           0  |           4  |  00:00:18  |
|  Multi Cell Placement    |          0.033  |          0.495  |            0  |              0  |                     1  |           0  |           4  |  00:00:36  |
|  Rewire                  |          0.000  |          0.000  |            0  |              0  |                     1  |           0  |           3  |  00:00:00  |
|  Critical Cell           |          0.146  |          2.166  |           10  |              0  |                     6  |           0  |           3  |  00:00:12  |
|  SLR Crossing            |          0.000  |          0.000  |            0  |              0  |                     0  |           0  |           3  |  00:00:00  |
|  DSP Register            |          0.000  |          0.000  |            0  |              0  |                     0  |           0  |           2  |  00:00:00  |
|  BRAM Register           |          0.000  |          0.000  |            0  |              0  |                     0  |           0  |           2  |  00:00:00  |
|  URAM Register           |          0.000  |          0.000  |            0  |              0  |                     0  |           0  |           2  |  00:00:00  |
|  Shift Register          |          0.000  |          0.000  |            0  |              0  |                     0  |           0  |           2  |  00:00:00  |
|  Critical Pin            |          0.007  |          0.169  |            0  |              0  |                    18  |           0  |           1  |  00:00:00  |
|  Very High Fanout        |          0.000  |          0.000  |            0  |              0  |                     0  |           0  |           1  |  00:00:00  |
|  BRAM Enable             |          0.000  |          0.000  |            0  |              0  |                     0  |           0  |           1  |  00:00:00  |
|  Critical Path           |          0.011  |          0.133  |            0  |              0  |                     2  |           0  |           2  |  00:00:13  |
|  Total                   |          0.277  |          4.155  |           27  |              0  |                    79  |           0  |          33  |  00:01:22  |
----------------------------------------------------------------------------------------------------------------------------------------------------------------------


Netlist sorting complete. Time (s): cpu = 00:00:00 ; elapsed = 00:00:00.001 . Memory (MB): peak = 1758.578 ; gain = 0.000
Ending Physical Synthesis Task | Checksum: 1cb24c267

Time (s): cpu = 00:02:07 ; elapsed = 00:01:23 . Memory (MB): peak = 1758.578 ; gain = 0.000
INFO: [Common 17-83] Releasing license: Implementation
1595 Infos, 4 Warnings, 0 Critical Warnings and 0 Errors encountered.
phys_opt_design completed successfully
phys_opt_design: Time (s): cpu = 00:02:07 ; elapsed = 00:01:23 . Memory (MB): peak = 1758.578 ; gain = 0.000
WARNING: [Timing 38-242] The property HD.CLK_SRC of clock port "clk" is not set. In out-of-context mode, this prevents timing estimation for clock delay/skew
Resolution: Set the HD.CLK_SRC property of the out-of-context port to the location of the clock buffer instance in the top-level design
INFO: [Timing 38-78] ReportTimingParams: -max_paths 3 -nworst 1 -delay_type max -sort_by slack.
E02A_STAGE post_phys_opt	-0.964	0.087	u_rq/param3_reg[66]_rep_replica_6/C	u_rq/rq_reg[1]/R
Command: route_design -directive Explore
Attempting to get a license for feature 'Implementation' and/or device 'xc7z020'
INFO: [Common 17-349] Got license for feature 'Implementation' and/or device 'xc7z020'
INFO: [DRC 23-27] Running DRC with 2 threads
INFO: [Vivado_Tcl 4-198] DRC finished with 0 Errors
INFO: [Vivado_Tcl 4-199] Please refer to the DRC report (report_drc) for more information.
Running DRC as a precondition to command route_design
INFO: [DRC 23-27] Running DRC with 2 threads
INFO: [Vivado_Tcl 4-198] DRC finished with 0 Errors
INFO: [Vivado_Tcl 4-199] Please refer to the DRC report (report_drc) for more information.


Starting Routing Task
INFO: [Route 35-270] Using Router directive 'Explore'.
INFO: [Route 35-254] Multithreading enabled for route_design using a maximum of 2 CPUs
Checksum: PlaceDB: 43998d53 ConstDB: 0 ShapeSum: f2ae382e RouteDB: 0

Phase 1 Build RT Design
WARNING: [Route 35-198] Port "fc_param_rdata[48]" does not have an associated HD.PARTPIN_LOCS, which will prevent the partial routing of the signal "fc_param_rdata[48]". Without this partial route, timing analysis to/from this port will not be accurate, and no routing information for this port can be exported.
WARNING: [Route 35-198] Port "fc_param_rdata[47]" does not have an associated HD.PARTPIN_LOCS, which will prevent the partial routing of the signal "fc_param_rdata[47]". Without this partial route, timing analysis to/from this port will not be accurate, and no routing information for this port can be exported.
WARNING: [Route 35-198] Port "fc_param_rdata[46]" does not have an associated HD.PARTPIN_LOCS, which will prevent the partial routing of the signal "fc_param_rdata[46]". Without this partial route, timing analysis to/from this port will not be accurate, and no routing information for this port can be exported.
WARNING: [Route 35-198] Port "fc_param_rdata[45]" does not have an associated HD.PARTPIN_LOCS, which will prevent the partial routing of the signal "fc_param_rdata[45]". Without this partial route, timing analysis to/from this port will not be accurate, and no routing information for this port can be exported.
WARNING: [Route 35-198] Port "fc_param_rdata[44]" does not have an associated HD.PARTPIN_LOCS, which will prevent the partial routing of the signal "fc_param_rdata[44]". Without this partial route, timing analysis to/from this port will not be accurate, and no routing information for this port can be exported.
WARNING: [Route 35-198] Port "fc_param_rdata[43]" does not have an associated HD.PARTPIN_LOCS, which will prevent the partial routing of the signal "fc_param_rdata[43]". Without this partial route, timing analysis to/from this port will not be accurate, and no routing information for this port can be exported.
WARNING: [Route 35-198] Port "fc_param_rdata[42]" does not have an associated HD.PARTPIN_LOCS, which will prevent the partial routing of the signal "fc_param_rdata[42]". Without this partial route, timing analysis to/from this port will not be accurate, and no routing information for this port can be exported.
WARNING: [Route 35-198] Port "fc_param_rdata[41]" does not have an associated HD.PARTPIN_LOCS, which will prevent the partial routing of the signal "fc_param_rdata[41]". Without this partial route, timing analysis to/from this port will not be accurate, and no routing information for this port can be exported.
WARNING: [Route 35-198] Port "fc_param_rdata[40]" does not have an associated HD.PARTPIN_LOCS, which will prevent the partial routing of the signal "fc_param_rdata[40]". Without this partial route, timing analysis to/from this port will not be accurate, and no routing information for this port can be exported.
WARNING: [Route 35-198] Port "fc_param_rdata[39]" does not have an associated HD.PARTPIN_LOCS, which will prevent the partial routing of the signal "fc_param_rdata[39]". Without this partial route, timing analysis to/from this port will not be accurate, and no routing information for this port can be exported.
WARNING: [Route 35-198] Port "fc_param_rdata[38]" does not have an associated HD.PARTPIN_LOCS, which will prevent the partial routing of the signal "fc_param_rdata[38]". Without this partial route, timing analysis to/from this port will not be accurate, and no routing information for this port can be exported.
WARNING: [Route 35-198] Port "fc_param_rdata[37]" does not have an associated HD.PARTPIN_LOCS, which will prevent the partial routing of the signal "fc_param_rdata[37]". Without this partial route, timing analysis to/from this port will not be accurate, and no routing information for this port can be exported.
WARNING: [Route 35-198] Port "fc_param_rdata[36]" does not have an associated HD.PARTPIN_LOCS, which will prevent the partial routing of the signal "fc_param_rdata[36]". Without this partial route, timing analysis to/from this port will not be accurate, and no routing information for this port can be exported.
WARNING: [Route 35-198] Port "fc_param_rdata[35]" does not have an associated HD.PARTPIN_LOCS, which will prevent the partial routing of the signal "fc_param_rdata[35]". Without this partial route, timing analysis to/from this port will not be accurate, and no routing information for this port can be exported.
WARNING: [Route 35-198] Port "fc_param_rdata[34]" does not have an associated HD.PARTPIN_LOCS, which will prevent the partial routing of the signal "fc_param_rdata[34]". Without this partial route, timing analysis to/from this port will not be accurate, and no routing information for this port can be exported.
WARNING: [Route 35-198] Port "fc_param_rdata[33]" does not have an associated HD.PARTPIN_LOCS, which will prevent the partial routing of the signal "fc_param_rdata[33]". Without this partial route, timing analysis to/from this port will not be accurate, and no routing information for this port can be exported.
WARNING: [Route 35-198] Port "fc_param_rdata[32]" does not have an associated HD.PARTPIN_LOCS, which will prevent the partial routing of the signal "fc_param_rdata[32]". Without this partial route, timing analysis to/from this port will not be accurate, and no routing information for this port can be exported.
WARNING: [Route 35-198] Port "rst_n" does not have an associated HD.PARTPIN_LOCS, which will prevent the partial routing of the signal "rst_n". Without this partial route, timing analysis to/from this port will not be accurate, and no routing information for this port can be exported.
WARNING: [Route 35-197] Clock port "clk" does not have an associated HD.CLK_SRC. Without this constraint, timing analysis may not be accurate and upstream checks cannot be done to ensure correct clock placement.
WARNING: [Route 35-198] Port "fc_param_rdata[63]" does not have an associated HD.PARTPIN_LOCS, which will prevent the partial routing of the signal "fc_param_rdata[63]". Without this partial route, timing analysis to/from this port will not be accurate, and no routing information for this port can be exported.
WARNING: [Route 35-198] Port "fc_param_rdata[62]" does not have an associated HD.PARTPIN_LOCS, which will prevent the partial routing of the signal "fc_param_rdata[62]". Without this partial route, timing analysis to/from this port will not be accurate, and no routing information for this port can be exported.
WARNING: [Route 35-198] Port "fc_param_rdata[61]" does not have an associated HD.PARTPIN_LOCS, which will prevent the partial routing of the signal "fc_param_rdata[61]". Without this partial route, timing analysis to/from this port will not be accurate, and no routing information for this port can be exported.
WARNING: [Route 35-198] Port "fc_param_rdata[60]" does not have an associated HD.PARTPIN_LOCS, which will prevent the partial routing of the signal "fc_param_rdata[60]". Without this partial route, timing analysis to/from this port will not be accurate, and no routing information for this port can be exported.
WARNING: [Route 35-198] Port "fc_param_rdata[59]" does not have an associated HD.PARTPIN_LOCS, which will prevent the partial routing of the signal "fc_param_rdata[59]". Without this partial route, timing analysis to/from this port will not be accurate, and no routing information for this port can be exported.
WARNING: [Route 35-198] Port "fc_param_rdata[58]" does not have an associated HD.PARTPIN_LOCS, which will prevent the partial routing of the signal "fc_param_rdata[58]". Without this partial route, timing analysis to/from this port will not be accurate, and no routing information for this port can be exported.
WARNING: [Route 35-198] Port "fc_param_rdata[57]" does not have an associated HD.PARTPIN_LOCS, which will prevent the partial routing of the signal "fc_param_rdata[57]". Without this partial route, timing analysis to/from this port will not be accurate, and no routing information for this port can be exported.
WARNING: [Route 35-198] Port "fc_param_rdata[56]" does not have an associated HD.PARTPIN_LOCS, which will prevent the partial routing of the signal "fc_param_rdata[56]". Without this partial route, timing analysis to/from this port will not be accurate, and no routing information for this port can be exported.
WARNING: [Route 35-198] Port "fc_param_rdata[55]" does not have an associated HD.PARTPIN_LOCS, which will prevent the partial routing of the signal "fc_param_rdata[55]". Without this partial route, timing analysis to/from this port will not be accurate, and no routing information for this port can be exported.
WARNING: [Route 35-198] Port "fc_param_rdata[54]" does not have an associated HD.PARTPIN_LOCS, which will prevent the partial routing of the signal "fc_param_rdata[54]". Without this partial route, timing analysis to/from this port will not be accurate, and no routing information for this port can be exported.
WARNING: [Route 35-198] Port "fc_param_rdata[53]" does not have an associated HD.PARTPIN_LOCS, which will prevent the partial routing of the signal "fc_param_rdata[53]". Without this partial route, timing analysis to/from this port will not be accurate, and no routing information for this port can be exported.
WARNING: [Route 35-198] Port "fc_param_rdata[52]" does not have an associated HD.PARTPIN_LOCS, which will prevent the partial routing of the signal "fc_param_rdata[52]". Without this partial route, timing analysis to/from this port will not be accurate, and no routing information for this port can be exported.
WARNING: [Route 35-198] Port "fc_param_rdata[51]" does not have an associated HD.PARTPIN_LOCS, which will prevent the partial routing of the signal "fc_param_rdata[51]". Without this partial route, timing analysis to/from this port will not be accurate, and no routing information for this port can be exported.
WARNING: [Route 35-198] Port "fc_param_rdata[50]" does not have an associated HD.PARTPIN_LOCS, which will prevent the partial routing of the signal "fc_param_rdata[50]". Without this partial route, timing analysis to/from this port will not be accurate, and no routing information for this port can be exported.
WARNING: [Route 35-198] Port "fc_param_rdata[49]" does not have an associated HD.PARTPIN_LOCS, which will prevent the partial routing of the signal "fc_param_rdata[49]". Without this partial route, timing analysis to/from this port will not be accurate, and no routing information for this port can be exported.
WARNING: [Route 35-198] Port "fcw_rdata[53]" does not have an associated HD.PARTPIN_LOCS, which will prevent the partial routing of the signal "fcw_rdata[53]". Without this partial route, timing analysis to/from this port will not be accurate, and no routing information for this port can be exported.
WARNING: [Route 35-198] Port "fcw_rdata[52]" does not have an associated HD.PARTPIN_LOCS, which will prevent the partial routing of the signal "fcw_rdata[52]". Without this partial route, timing analysis to/from this port will not be accurate, and no routing information for this port can be exported.
WARNING: [Route 35-198] Port "fifo_rdata[52]" does not have an associated HD.PARTPIN_LOCS, which will prevent the partial routing of the signal "fifo_rdata[52]". Without this partial route, timing analysis to/from this port will not be accurate, and no routing information for this port can be exported.
WARNING: [Route 35-198] Port "fifo_rdata[53]" does not have an associated HD.PARTPIN_LOCS, which will prevent the partial routing of the signal "fifo_rdata[53]". Without this partial route, timing analysis to/from this port will not be accurate, and no routing information for this port can be exported.
WARNING: [Route 35-198] Port "fc_param_rdata[89]" does not have an associated HD.PARTPIN_LOCS, which will prevent the partial routing of the signal "fc_param_rdata[89]". Without this partial route, timing analysis to/from this port will not be accurate, and no routing information for this port can be exported.
WARNING: [Route 35-198] Port "fc_param_rdata[91]" does not have an associated HD.PARTPIN_LOCS, which will prevent the partial routing of the signal "fc_param_rdata[91]". Without this partial route, timing analysis to/from this port will not be accurate, and no routing information for this port can be exported.
WARNING: [Route 35-198] Port "fc_param_rdata[92]" does not have an associated HD.PARTPIN_LOCS, which will prevent the partial routing of the signal "fc_param_rdata[92]". Without this partial route, timing analysis to/from this port will not be accurate, and no routing information for this port can be exported.
WARNING: [Route 35-198] Port "fc_param_rdata[95]" does not have an associated HD.PARTPIN_LOCS, which will prevent the partial routing of the signal "fc_param_rdata[95]". Without this partial route, timing analysis to/from this port will not be accurate, and no routing information for this port can be exported.
WARNING: [Route 35-198] Port "fifo_rdata[54]" does not have an associated HD.PARTPIN_LOCS, which will prevent the partial routing of the signal "fifo_rdata[54]". Without this partial route, timing analysis to/from this port will not be accurate, and no routing information for this port can be exported.
WARNING: [Route 35-198] Port "fifo_rdata[55]" does not have an associated HD.PARTPIN_LOCS, which will prevent the partial routing of the signal "fifo_rdata[55]". Without this partial route, timing analysis to/from this port will not be accurate, and no routing information for this port can be exported.
WARNING: [Route 35-198] Port "fifo_rdata[60]" does not have an associated HD.PARTPIN_LOCS, which will prevent the partial routing of the signal "fifo_rdata[60]". Without this partial route, timing analysis to/from this port will not be accurate, and no routing information for this port can be exported.
WARNING: [Route 35-198] Port "fifo_rdata[61]" does not have an associated HD.PARTPIN_LOCS, which will prevent the partial routing of the signal "fifo_rdata[61]". Without this partial route, timing analysis to/from this port will not be accurate, and no routing information for this port can be exported.
WARNING: [Route 35-198] Port "fcw_rdata[54]" does not have an associated HD.PARTPIN_LOCS, which will prevent the partial routing of the signal "fcw_rdata[54]". Without this partial route, timing analysis to/from this port will not be accurate, and no routing information for this port can be exported.
WARNING: [Route 35-198] Port "fcw_rdata[55]" does not have an associated HD.PARTPIN_LOCS, which will prevent the partial routing of the signal "fcw_rdata[55]". Without this partial route, timing analysis to/from this port will not be accurate, and no routing information for this port can be exported.
WARNING: [Route 35-198] Port "fcw_rdata[61]" does not have an associated HD.PARTPIN_LOCS, which will prevent the partial routing of the signal "fcw_rdata[61]". Without this partial route, timing analysis to/from this port will not be accurate, and no routing information for this port can be exported.
WARNING: [Route 35-198] Port "fcw_rdata[60]" does not have an associated HD.PARTPIN_LOCS, which will prevent the partial routing of the signal "fcw_rdata[60]". Without this partial route, timing analysis to/from this port will not be accurate, and no routing information for this port can be exported.
WARNING: [Route 35-198] Port "fc_param_rdata[82]" does not have an associated HD.PARTPIN_LOCS, which will prevent the partial routing of the signal "fc_param_rdata[82]". Without this partial route, timing analysis to/from this port will not be accurate, and no routing information for this port can be exported.
WARNING: [Route 35-198] Port "fc_param_rdata[72]" does not have an associated HD.PARTPIN_LOCS, which will prevent the partial routing of the signal "fc_param_rdata[72]". Without this partial route, timing analysis to/from this port will not be accurate, and no routing information for this port can be exported.
WARNING: [Route 35-198] Port "fc_param_rdata[74]" does not have an associated HD.PARTPIN_LOCS, which will prevent the partial routing of the signal "fc_param_rdata[74]". Without this partial route, timing analysis to/from this port will not be accurate, and no routing information for this port can be exported.
WARNING: [Route 35-198] Port "fc_param_rdata[94]" does not have an associated HD.PARTPIN_LOCS, which will prevent the partial routing of the signal "fc_param_rdata[94]". Without this partial route, timing analysis to/from this port will not be accurate, and no routing information for this port can be exported.
WARNING: [Route 35-198] Port "fc_param_rdata[77]" does not have an associated HD.PARTPIN_LOCS, which will prevent the partial routing of the signal "fc_param_rdata[77]". Without this partial route, timing analysis to/from this port will not be accurate, and no routing information for this port can be exported.
WARNING: [Route 35-198] Port "fc_param_rdata[85]" does not have an associated HD.PARTPIN_LOCS, which will prevent the partial routing of the signal "fc_param_rdata[85]". Without this partial route, timing analysis to/from this port will not be accurate, and no routing information for this port can be exported.
WARNING: [Route 35-198] Port "fc_param_rdata[76]" does not have an associated HD.PARTPIN_LOCS, which will prevent the partial routing of the signal "fc_param_rdata[76]". Without this partial route, timing analysis to/from this port will not be accurate, and no routing information for this port can be exported.
WARNING: [Route 35-198] Port "fc_param_rdata[79]" does not have an associated HD.PARTPIN_LOCS, which will prevent the partial routing of the signal "fc_param_rdata[79]". Without this partial route, timing analysis to/from this port will not be accurate, and no routing information for this port can be exported.
WARNING: [Route 35-198] Port "fc_param_rdata[81]" does not have an associated HD.PARTPIN_LOCS, which will prevent the partial routing of the signal "fc_param_rdata[81]". Without this partial route, timing analysis to/from this port will not be accurate, and no routing information for this port can be exported.
WARNING: [Route 35-198] Port "fc_param_rdata[84]" does not have an associated HD.PARTPIN_LOCS, which will prevent the partial routing of the signal "fc_param_rdata[84]". Without this partial route, timing analysis to/from this port will not be accurate, and no routing information for this port can be exported.
WARNING: [Route 35-198] Port "flat_rdata[49]" does not have an associated HD.PARTPIN_LOCS, which will prevent the partial routing of the signal "flat_rdata[49]". Without this partial route, timing analysis to/from this port will not be accurate, and no routing information for this port can be exported.
WARNING: [Route 35-198] Port "hidden_rdata[49]" does not have an associated HD.PARTPIN_LOCS, which will prevent the partial routing of the signal "hidden_rdata[49]". Without this partial route, timing analysis to/from this port will not be accurate, and no routing information for this port can be exported.
WARNING: [Route 35-198] Port "flat_rdata[48]" does not have an associated HD.PARTPIN_LOCS, which will prevent the partial routing of the signal "flat_rdata[48]". Without this partial route, timing analysis to/from this port will not be accurate, and no routing information for this port can be exported.
WARNING: [Route 35-198] Port "hidden_rdata[48]" does not have an associated HD.PARTPIN_LOCS, which will prevent the partial routing of the signal "hidden_rdata[48]". Without this partial route, timing analysis to/from this port will not be accurate, and no routing information for this port can be exported.
WARNING: [Route 35-198] Port "flat_rdata[60]" does not have an associated HD.PARTPIN_LOCS, which will prevent the partial routing of the signal "flat_rdata[60]". Without this partial route, timing analysis to/from this port will not be accurate, and no routing information for this port can be exported.
WARNING: [Route 35-198] Port "hidden_rdata[60]" does not have an associated HD.PARTPIN_LOCS, which will prevent the partial routing of the signal "hidden_rdata[60]". Without this partial route, timing analysis to/from this port will not be accurate, and no routing information for this port can be exported.
WARNING: [Route 35-198] Port "flat_rdata[61]" does not have an associated HD.PARTPIN_LOCS, which will prevent the partial routing of the signal "flat_rdata[61]". Without this partial route, timing analysis to/from this port will not be accurate, and no routing information for this port can be exported.
WARNING: [Route 35-198] Port "hidden_rdata[61]" does not have an associated HD.PARTPIN_LOCS, which will prevent the partial routing of the signal "hidden_rdata[61]". Without this partial route, timing analysis to/from this port will not be accurate, and no routing information for this port can be exported.
WARNING: [Route 35-198] Port "fc_param_rdata[70]" does not have an associated HD.PARTPIN_LOCS, which will prevent the partial routing of the signal "fc_param_rdata[70]". Without this partial route, timing analysis to/from this port will not be accurate, and no routing information for this port can be exported.
WARNING: [Route 35-198] Port "fc_param_rdata[73]" does not have an associated HD.PARTPIN_LOCS, which will prevent the partial routing of the signal "fc_param_rdata[73]". Without this partial route, timing analysis to/from this port will not be accurate, and no routing information for this port can be exported.
WARNING: [Route 35-198] Port "fc_param_rdata[75]" does not have an associated HD.PARTPIN_LOCS, which will prevent the partial routing of the signal "fc_param_rdata[75]". Without this partial route, timing analysis to/from this port will not be accurate, and no routing information for this port can be exported.
WARNING: [Route 35-198] Port "fc_param_rdata[88]" does not have an associated HD.PARTPIN_LOCS, which will prevent the partial routing of the signal "fc_param_rdata[88]". Without this partial route, timing analysis to/from this port will not be accurate, and no routing information for this port can be exported.
WARNING: [Route 35-198] Port "fc_param_rdata[90]" does not have an associated HD.PARTPIN_LOCS, which will prevent the partial routing of the signal "fc_param_rdata[90]". Without this partial route, timing analysis to/from this port will not be accurate, and no routing information for this port can be exported.
WARNING: [Route 35-198] Port "fc_param_rdata[78]" does not have an associated HD.PARTPIN_LOCS, which will prevent the partial routing of the signal "fc_param_rdata[78]". Without this partial route, timing analysis to/from this port will not be accurate, and no routing information for this port can be exported.
WARNING: [Route 35-198] Port "fc_param_rdata[80]" does not have an associated HD.PARTPIN_LOCS, which will prevent the partial routing of the signal "fc_param_rdata[80]". Without this partial route, timing analysis to/from this port will not be accurate, and no routing information for this port can be exported.
WARNING: [Route 35-198] Port "fc_param_rdata[83]" does not have an associated HD.PARTPIN_LOCS, which will prevent the partial routing of the signal "fc_param_rdata[83]". Without this partial route, timing analysis to/from this port will not be accurate, and no routing information for this port can be exported.
WARNING: [Route 35-198] Port "fc_param_rdata[86]" does not have an associated HD.PARTPIN_LOCS, which will prevent the partial routing of the signal "fc_param_rdata[86]". Without this partial route, timing analysis to/from this port will not be accurate, and no routing information for this port can be exported.
WARNING: [Route 35-198] Port "fc_param_rdata[87]" does not have an associated HD.PARTPIN_LOCS, which will prevent the partial routing of the signal "fc_param_rdata[87]". Without this partial route, timing analysis to/from this port will not be accurate, and no routing information for this port can be exported.
WARNING: [Route 35-198] Port "flat_rdata[51]" does not have an associated HD.PARTPIN_LOCS, which will prevent the partial routing of the signal "flat_rdata[51]". Without this partial route, timing analysis to/from this port will not be accurate, and no routing information for this port can be exported.
WARNING: [Route 35-198] Port "hidden_rdata[51]" does not have an associated HD.PARTPIN_LOCS, which will prevent the partial routing of the signal "hidden_rdata[51]". Without this partial route, timing analysis to/from this port will not be accurate, and no routing information for this port can be exported.
WARNING: [Route 35-198] Port "flat_rdata[50]" does not have an associated HD.PARTPIN_LOCS, which will prevent the partial routing of the signal "flat_rdata[50]". Without this partial route, timing analysis to/from this port will not be accurate, and no routing information for this port can be exported.
WARNING: [Route 35-198] Port "hidden_rdata[50]" does not have an associated HD.PARTPIN_LOCS, which will prevent the partial routing of the signal "hidden_rdata[50]". Without this partial route, timing analysis to/from this port will not be accurate, and no routing information for this port can be exported.
WARNING: [Route 35-198] Port "flat_rdata[52]" does not have an associated HD.PARTPIN_LOCS, which will prevent the partial routing of the signal "flat_rdata[52]". Without this partial route, timing analysis to/from this port will not be accurate, and no routing information for this port can be exported.
WARNING: [Route 35-198] Port "hidden_rdata[52]" does not have an associated HD.PARTPIN_LOCS, which will prevent the partial routing of the signal "hidden_rdata[52]". Without this partial route, timing analysis to/from this port will not be accurate, and no routing information for this port can be exported.
WARNING: [Route 35-198] Port "flat_rdata[55]" does not have an associated HD.PARTPIN_LOCS, which will prevent the partial routing of the signal "flat_rdata[55]". Without this partial route, timing analysis to/from this port will not be accurate, and no routing information for this port can be exported.
WARNING: [Route 35-198] Port "hidden_rdata[55]" does not have an associated HD.PARTPIN_LOCS, which will prevent the partial routing of the signal "hidden_rdata[55]". Without this partial route, timing analysis to/from this port will not be accurate, and no routing information for this port can be exported.
WARNING: [Route 35-198] Port "flat_rdata[54]" does not have an associated HD.PARTPIN_LOCS, which will prevent the partial routing of the signal "flat_rdata[54]". Without this partial route, timing analysis to/from this port will not be accurate, and no routing information for this port can be exported.
WARNING: [Route 35-198] Port "hidden_rdata[54]" does not have an associated HD.PARTPIN_LOCS, which will prevent the partial routing of the signal "hidden_rdata[54]". Without this partial route, timing analysis to/from this port will not be accurate, and no routing information for this port can be exported.
WARNING: [Route 35-198] Port "flat_rdata[53]" does not have an associated HD.PARTPIN_LOCS, which will prevent the partial routing of the signal "flat_rdata[53]". Without this partial route, timing analysis to/from this port will not be accurate, and no routing information for this port can be exported.
WARNING: [Route 35-198] Port "hidden_rdata[53]" does not have an associated HD.PARTPIN_LOCS, which will prevent the partial routing of the signal "hidden_rdata[53]". Without this partial route, timing analysis to/from this port will not be accurate, and no routing information for this port can be exported.
WARNING: [Route 35-198] Port "fc_param_rdata[71]" does not have an associated HD.PARTPIN_LOCS, which will prevent the partial routing of the signal "fc_param_rdata[71]". Without this partial route, timing analysis to/from this port will not be accurate, and no routing information for this port can be exported.
WARNING: [Route 35-198] Port "flat_rdata[19]" does not have an associated HD.PARTPIN_LOCS, which will prevent the partial routing of the signal "flat_rdata[19]". Without this partial route, timing analysis to/from this port will not be accurate, and no routing information for this port can be exported.
WARNING: [Route 35-198] Port "hidden_rdata[19]" does not have an associated HD.PARTPIN_LOCS, which will prevent the partial routing of the signal "hidden_rdata[19]". Without this partial route, timing analysis to/from this port will not be accurate, and no routing information for this port can be exported.
WARNING: [Route 35-198] Port "flat_rdata[18]" does not have an associated HD.PARTPIN_LOCS, which will prevent the partial routing of the signal "flat_rdata[18]". Without this partial route, timing analysis to/from this port will not be accurate, and no routing information for this port can be exported.
WARNING: [Route 35-198] Port "hidden_rdata[18]" does not have an associated HD.PARTPIN_LOCS, which will prevent the partial routing of the signal "hidden_rdata[18]". Without this partial route, timing analysis to/from this port will not be accurate, and no routing information for this port can be exported.
WARNING: [Route 35-198] Port "fcw_rdata[51]" does not have an associated HD.PARTPIN_LOCS, which will prevent the partial routing of the signal "fcw_rdata[51]". Without this partial route, timing analysis to/from this port will not be accurate, and no routing information for this port can be exported.
WARNING: [Route 35-198] Port "fcw_rdata[50]" does not have an associated HD.PARTPIN_LOCS, which will prevent the partial routing of the signal "fcw_rdata[50]". Without this partial route, timing analysis to/from this port will not be accurate, and no routing information for this port can be exported.
WARNING: [Route 35-198] Port "fcw_rdata[49]" does not have an associated HD.PARTPIN_LOCS, which will prevent the partial routing of the signal "fcw_rdata[49]". Without this partial route, timing analysis to/from this port will not be accurate, and no routing information for this port can be exported.
WARNING: [Route 35-198] Port "fcw_rdata[48]" does not have an associated HD.PARTPIN_LOCS, which will prevent the partial routing of the signal "fcw_rdata[48]". Without this partial route, timing analysis to/from this port will not be accurate, and no routing information for this port can be exported.
WARNING: [Route 35-198] Port "flat_rdata[59]" does not have an associated HD.PARTPIN_LOCS, which will prevent the partial routing of the signal "flat_rdata[59]". Without this partial route, timing analysis to/from this port will not be accurate, and no routing information for this port can be exported.
WARNING: [Route 35-198] Port "hidden_rdata[59]" does not have an associated HD.PARTPIN_LOCS, which will prevent the partial routing of the signal "hidden_rdata[59]". Without this partial route, timing analysis to/from this port will not be accurate, and no routing information for this port can be exported.
INFO: [Common 17-14] Message 'Route 35-198' appears 100 times and further instances of the messages will be disabled. Use the Tcl command set_msg_config to change the current settings.
Phase 1 Build RT Design | Checksum: 15fb914da

Time (s): cpu = 00:00:19 ; elapsed = 00:00:17 . Memory (MB): peak = 1771.609 ; gain = 12.535
Post Restoration Checksum: NetGraph: d827b0b8 NumContArr: 87916422 Constraints: 0 Timing: 0

Phase 2 Router Initialization

Phase 2.1 Create Timer
Phase 2.1 Create Timer | Checksum: 15fb914da

Time (s): cpu = 00:00:19 ; elapsed = 00:00:17 . Memory (MB): peak = 1792.797 ; gain = 33.723

Phase 2.2 Fix Topology Constraints
Phase 2.2 Fix Topology Constraints | Checksum: 15fb914da

Time (s): cpu = 00:00:19 ; elapsed = 00:00:17 . Memory (MB): peak = 1792.797 ; gain = 33.723

Phase 2.3 Pre Route Cleanup
Phase 2.3 Pre Route Cleanup | Checksum: 15fb914da

Time (s): cpu = 00:00:19 ; elapsed = 00:00:17 . Memory (MB): peak = 1792.797 ; gain = 33.723
 Number of Nodes with overlaps = 0

Phase 2.4 Update Timing
Phase 2.4 Update Timing | Checksum: 129b791d5

Time (s): cpu = 00:00:20 ; elapsed = 00:00:17 . Memory (MB): peak = 1792.797 ; gain = 33.723
INFO: [Route 35-416] Intermediate Timing Summary | WNS=-0.752 | TNS=-9.590 | WHS=0.061  | THS=0.000  |

Phase 2 Router Initialization | Checksum: 1776af952

Time (s): cpu = 00:00:20 ; elapsed = 00:00:17 . Memory (MB): peak = 1792.797 ; gain = 33.723

Router Utilization Summary
  Global Vertical Routing Utilization    = 0 %
  Global Horizontal Routing Utilization  = 0 %
  Routable Net Status*
  *Does not include unroutable nets such as driverless and loadless.
  Run report_route_status for detailed report.
  Number of Failed Nets               = 2726
    (Failed Nets is the sum of unrouted and partially routed nets)
  Number of Unrouted Nets             = 2726
  Number of Partially Routed Nets     = 0
  Number of Node Overlaps             = 0


Phase 3 Initial Routing

Phase 3.1 Global Routing
Phase 3.1 Global Routing | Checksum: 1776af952

Time (s): cpu = 00:00:20 ; elapsed = 00:00:18 . Memory (MB): peak = 1792.797 ; gain = 33.723
Phase 3 Initial Routing | Checksum: 139cbb175

Time (s): cpu = 00:00:21 ; elapsed = 00:00:18 . Memory (MB): peak = 1792.797 ; gain = 33.723

Phase 4 Rip-up And Reroute

Phase 4.1 Global Iteration 0
 Number of Nodes with overlaps = 1530
 Number of Nodes with overlaps = 812
 Number of Nodes with overlaps = 492
 Number of Nodes with overlaps = 276
 Number of Nodes with overlaps = 154
 Number of Nodes with overlaps = 60
 Number of Nodes with overlaps = 30
 Number of Nodes with overlaps = 14
 Number of Nodes with overlaps = 10
 Number of Nodes with overlaps = 10
 Number of Nodes with overlaps = 5
 Number of Nodes with overlaps = 2
 Number of Nodes with overlaps = 0
INFO: [Route 35-416] Intermediate Timing Summary | WNS=-2.224 | TNS=-28.713| WHS=N/A    | THS=N/A    |

Phase 4.1 Global Iteration 0 | Checksum: 16033d9c9

Time (s): cpu = 00:00:39 ; elapsed = 00:00:28 . Memory (MB): peak = 1792.797 ; gain = 33.723

Phase 4.2 Global Iteration 1
 Number of Nodes with overlaps = 830
 Number of Nodes with overlaps = 437
 Number of Nodes with overlaps = 291
 Number of Nodes with overlaps = 148
 Number of Nodes with overlaps = 80
 Number of Nodes with overlaps = 38
 Number of Nodes with overlaps = 21
 Number of Nodes with overlaps = 23
 Number of Nodes with overlaps = 17
 Number of Nodes with overlaps = 10
 Number of Nodes with overlaps = 8
 Number of Nodes with overlaps = 4
 Number of Nodes with overlaps = 0
INFO: [Route 35-416] Intermediate Timing Summary | WNS=-2.337 | TNS=-29.829| WHS=N/A    | THS=N/A    |

Phase 4.2 Global Iteration 1 | Checksum: 8331061c

Time (s): cpu = 00:00:52 ; elapsed = 00:00:37 . Memory (MB): peak = 1792.797 ; gain = 33.723
Phase 4 Rip-up And Reroute | Checksum: 8331061c

Time (s): cpu = 00:00:52 ; elapsed = 00:00:37 . Memory (MB): peak = 1792.797 ; gain = 33.723

Phase 5 Delay and Skew Optimization

Phase 5.1 Delay CleanUp

Phase 5.1.1 Update Timing
Phase 5.1.1 Update Timing | Checksum: 8331061c

Time (s): cpu = 00:00:53 ; elapsed = 00:00:38 . Memory (MB): peak = 1792.797 ; gain = 33.723
INFO: [Route 35-416] Intermediate Timing Summary | WNS=-2.224 | TNS=-28.713| WHS=N/A    | THS=N/A    |

 Number of Nodes with overlaps = 0
Phase 5.1 Delay CleanUp | Checksum: d78501c2

Time (s): cpu = 00:00:53 ; elapsed = 00:00:38 . Memory (MB): peak = 1792.797 ; gain = 33.723

Phase 5.2 Clock Skew Optimization
Phase 5.2 Clock Skew Optimization | Checksum: d78501c2

Time (s): cpu = 00:00:53 ; elapsed = 00:00:38 . Memory (MB): peak = 1792.797 ; gain = 33.723
Phase 5 Delay and Skew Optimization | Checksum: d78501c2

Time (s): cpu = 00:00:53 ; elapsed = 00:00:38 . Memory (MB): peak = 1792.797 ; gain = 33.723

Phase 6 Post Hold Fix

Phase 6.1 Hold Fix Iter

Phase 6.1.1 Update Timing
Phase 6.1.1 Update Timing | Checksum: f292d2b2

Time (s): cpu = 00:00:53 ; elapsed = 00:00:38 . Memory (MB): peak = 1792.797 ; gain = 33.723
INFO: [Route 35-416] Intermediate Timing Summary | WNS=-2.132 | TNS=-28.141| WHS=0.111  | THS=0.000  |

Phase 6.1 Hold Fix Iter | Checksum: f292d2b2

Time (s): cpu = 00:00:53 ; elapsed = 00:00:38 . Memory (MB): peak = 1792.797 ; gain = 33.723
Phase 6 Post Hold Fix | Checksum: f292d2b2

Time (s): cpu = 00:00:53 ; elapsed = 00:00:38 . Memory (MB): peak = 1792.797 ; gain = 33.723

Phase 7 Timing Verification

Phase 7.1 Update Timing
Phase 7.1 Update Timing | Checksum: 13fcefbcf

Time (s): cpu = 00:00:53 ; elapsed = 00:00:38 . Memory (MB): peak = 1792.797 ; gain = 33.723
INFO: [Route 35-416] Intermediate Timing Summary | WNS=-2.132 | TNS=-28.141| WHS=N/A    | THS=N/A    |

Phase 7 Timing Verification | Checksum: 13fcefbcf

Time (s): cpu = 00:00:53 ; elapsed = 00:00:38 . Memory (MB): peak = 1792.797 ; gain = 33.723

Phase 8 Route finalize

Router Utilization Summary
  Global Vertical Routing Utilization    = 0.586466 %
  Global Horizontal Routing Utilization  = 0.747718 %
  Routable Net Status*
  *Does not include unroutable nets such as driverless and loadless.
  Run report_route_status for detailed report.
  Number of Failed Nets               = 0
    (Failed Nets is the sum of unrouted and partially routed nets)
  Number of Unrouted Nets             = 0
  Number of Partially Routed Nets     = 0
  Number of Node Overlaps             = 0

Congestion Report
North Dir 1x1 Area, Max Cong = 34.2342%, No Congested Regions.
South Dir 1x1 Area, Max Cong = 67.5676%, No Congested Regions.
East Dir 1x1 Area, Max Cong = 73.5294%, No Congested Regions.
West Dir 1x1 Area, Max Cong = 44.1176%, No Congested Regions.

------------------------------
Reporting congestion hotspots
------------------------------
Direction: North
----------------
Congested clusters found at Level 0
Effective congestion level: 0 Aspect Ratio: 1 Sparse Ratio: 0
Direction: South
----------------
Congested clusters found at Level 0
Effective congestion level: 0 Aspect Ratio: 1 Sparse Ratio: 0
Direction: East
----------------
Congested clusters found at Level 0
Effective congestion level: 0 Aspect Ratio: 1 Sparse Ratio: 0
Direction: West
----------------
Congested clusters found at Level 0
Effective congestion level: 0 Aspect Ratio: 1 Sparse Ratio: 0

Phase 8 Route finalize | Checksum: 13fcefbcf

Time (s): cpu = 00:00:53 ; elapsed = 00:00:38 . Memory (MB): peak = 1792.797 ; gain = 33.723

Phase 9 Verifying routed nets

 Verification completed successfully
Phase 9 Verifying routed nets | Checksum: 13fcefbcf

Time (s): cpu = 00:00:53 ; elapsed = 00:00:38 . Memory (MB): peak = 1792.797 ; gain = 33.723

Phase 10 Depositing Routes
Phase 10 Depositing Routes | Checksum: 1e0381a15

Time (s): cpu = 00:00:54 ; elapsed = 00:00:38 . Memory (MB): peak = 1792.797 ; gain = 33.723

Phase 11 Incr Placement Change
Netlist sorting complete. Time (s): cpu = 00:00:00 ; elapsed = 00:00:00 . Memory (MB): peak = 1792.797 ; gain = 0.000
INFO: [Place 30-746] Post Placement Timing Summary WNS=-1.944. For the most accurate timing information please run report_timing.
Ending IncrPlace Task | Checksum: d3d3a08b

Time (s): cpu = 00:00:09 ; elapsed = 00:00:10 . Memory (MB): peak = 1792.797 ; gain = 0.000
Google Cpuprofiler is only supported on Linux.
Phase 11 Incr Placement Change | Checksum: 1e0381a15

Time (s): cpu = 00:01:03 ; elapsed = 00:00:48 . Memory (MB): peak = 1792.797 ; gain = 33.723

Phase 12 Build RT Design
WARNING: [Route 35-197] Clock port "clk" does not have an associated HD.CLK_SRC. Without this constraint, timing analysis may not be accurate and upstream checks cannot be done to ensure correct clock placement.
Phase 12 Build RT Design | Checksum: 810f0df6

Time (s): cpu = 00:01:03 ; elapsed = 00:00:49 . Memory (MB): peak = 1792.797 ; gain = 33.723
Post Restoration Checksum: NetGraph: fec5d482 NumContArr: 36d03fc1 Constraints: 0 Timing: 0

Phase 13 Router Initialization

Phase 13.1 Create Timer
Phase 13.1 Create Timer | Checksum: 135961443

Time (s): cpu = 00:01:04 ; elapsed = 00:00:49 . Memory (MB): peak = 1792.797 ; gain = 33.723

Phase 13.2 Fix Topology Constraints
Phase 13.2 Fix Topology Constraints | Checksum: 135961443

Time (s): cpu = 00:01:04 ; elapsed = 00:00:49 . Memory (MB): peak = 1792.797 ; gain = 33.723

Phase 13.3 Pre Route Cleanup
Phase 13.3 Pre Route Cleanup | Checksum: 1a6ecb640

Time (s): cpu = 00:01:04 ; elapsed = 00:00:49 . Memory (MB): peak = 1792.797 ; gain = 33.723
 Number of Nodes with overlaps = 0

Phase 13.4 Update Timing
Phase 13.4 Update Timing | Checksum: 2873b9dd7

Time (s): cpu = 00:01:04 ; elapsed = 00:00:49 . Memory (MB): peak = 1792.797 ; gain = 33.723
INFO: [Route 35-416] Intermediate Timing Summary | WNS=-1.783 | TNS=-24.423| WHS=0.061  | THS=0.000  |

Phase 13 Router Initialization | Checksum: 1cbe926a5

Time (s): cpu = 00:01:05 ; elapsed = 00:00:50 . Memory (MB): peak = 1792.797 ; gain = 33.723

Router Utilization Summary
  Global Vertical Routing Utilization    = 0.574247 %
  Global Horizontal Routing Utilization  = 0.735125 %
  Routable Net Status*
  *Does not include unroutable nets such as driverless and loadless.
  Run report_route_status for detailed report.
  Number of Failed Nets               = 105
    (Failed Nets is the sum of unrouted and partially routed nets)
  Number of Unrouted Nets             = 46
  Number of Partially Routed Nets     = 59
  Number of Node Overlaps             = 0


Phase 14 Initial Routing

Phase 14.1 Global Routing
Phase 14.1 Global Routing | Checksum: 1cbe926a5

Time (s): cpu = 00:01:05 ; elapsed = 00:00:50 . Memory (MB): peak = 1792.797 ; gain = 33.723
Phase 14 Initial Routing | Checksum: 1eeee4663

Time (s): cpu = 00:01:05 ; elapsed = 00:00:50 . Memory (MB): peak = 1792.797 ; gain = 33.723

Phase 15 Rip-up And Reroute

Phase 15.1 Global Iteration 0
 Number of Nodes with overlaps = 192
 Number of Nodes with overlaps = 138
 Number of Nodes with overlaps = 101
 Number of Nodes with overlaps = 74
 Number of Nodes with overlaps = 28
 Number of Nodes with overlaps = 14
 Number of Nodes with overlaps = 8
 Number of Nodes with overlaps = 3
 Number of Nodes with overlaps = 0
INFO: [Route 35-416] Intermediate Timing Summary | WNS=-2.240 | TNS=-28.447| WHS=N/A    | THS=N/A    |

Phase 15.1 Global Iteration 0 | Checksum: 185dcd206

Time (s): cpu = 00:01:09 ; elapsed = 00:00:52 . Memory (MB): peak = 1792.797 ; gain = 33.723

Phase 15.2 Global Iteration 1
 Number of Nodes with overlaps = 746
 Number of Nodes with overlaps = 550
 Number of Nodes with overlaps = 361
 Number of Nodes with overlaps = 218
 Number of Nodes with overlaps = 122
 Number of Nodes with overlaps = 49
 Number of Nodes with overlaps = 31
 Number of Nodes with overlaps = 25
 Number of Nodes with overlaps = 6
 Number of Nodes with overlaps = 2
 Number of Nodes with overlaps = 2
 Number of Nodes with overlaps = 0
INFO: [Route 35-416] Intermediate Timing Summary | WNS=-2.248 | TNS=-28.607| WHS=N/A    | THS=N/A    |

Phase 15.2 Global Iteration 1 | Checksum: 2760fe352

Time (s): cpu = 00:01:20 ; elapsed = 00:00:59 . Memory (MB): peak = 1792.797 ; gain = 33.723
Phase 15 Rip-up And Reroute | Checksum: 2760fe352

Time (s): cpu = 00:01:20 ; elapsed = 00:00:59 . Memory (MB): peak = 1792.797 ; gain = 33.723

Phase 16 Delay and Skew Optimization

Phase 16.1 Delay CleanUp

Phase 16.1.1 Update Timing
Phase 16.1.1 Update Timing | Checksum: 2760fe352

Time (s): cpu = 00:01:20 ; elapsed = 00:00:59 . Memory (MB): peak = 1792.797 ; gain = 33.723
INFO: [Route 35-416] Intermediate Timing Summary | WNS=-2.240 | TNS=-28.447| WHS=N/A    | THS=N/A    |

 Number of Nodes with overlaps = 0
Phase 16.1 Delay CleanUp | Checksum: 13d2dd1e4

Time (s): cpu = 00:01:20 ; elapsed = 00:01:00 . Memory (MB): peak = 1792.797 ; gain = 33.723

Phase 16.2 Clock Skew Optimization
Phase 16.2 Clock Skew Optimization | Checksum: 13d2dd1e4

Time (s): cpu = 00:01:20 ; elapsed = 00:01:00 . Memory (MB): peak = 1792.797 ; gain = 33.723
Phase 16 Delay and Skew Optimization | Checksum: 13d2dd1e4

Time (s): cpu = 00:01:20 ; elapsed = 00:01:00 . Memory (MB): peak = 1792.797 ; gain = 33.723

Phase 17 Post Hold Fix

Phase 17.1 Hold Fix Iter

Phase 17.1.1 Update Timing
Phase 17.1.1 Update Timing | Checksum: 209e0529d

Time (s): cpu = 00:01:20 ; elapsed = 00:01:00 . Memory (MB): peak = 1792.797 ; gain = 33.723
INFO: [Route 35-416] Intermediate Timing Summary | WNS=-2.240 | TNS=-28.447| WHS=0.111  | THS=0.000  |

Phase 17.1 Hold Fix Iter | Checksum: 209e0529d

Time (s): cpu = 00:01:20 ; elapsed = 00:01:00 . Memory (MB): peak = 1792.797 ; gain = 33.723
Phase 17 Post Hold Fix | Checksum: 209e0529d

Time (s): cpu = 00:01:20 ; elapsed = 00:01:00 . Memory (MB): peak = 1792.797 ; gain = 33.723

Phase 18 Timing Verification

Phase 18.1 Update Timing
Phase 18.1 Update Timing | Checksum: 17378837a

Time (s): cpu = 00:01:21 ; elapsed = 00:01:00 . Memory (MB): peak = 1792.797 ; gain = 33.723
INFO: [Route 35-416] Intermediate Timing Summary | WNS=-2.240 | TNS=-28.447| WHS=N/A    | THS=N/A    |

Phase 18 Timing Verification | Checksum: 17378837a

Time (s): cpu = 00:01:21 ; elapsed = 00:01:00 . Memory (MB): peak = 1792.797 ; gain = 33.723

Phase 19 Reset Design
INFO: [Route 35-307] 2772 nets already restored were skipped.
Post Restoration Checksum: NetGraph: 4bc8bc08 NumContArr: f0001d65 Constraints: 0 Timing: a46f40a8
Phase 19 Reset Design | Checksum: 1e0381a15

Time (s): cpu = 00:01:21 ; elapsed = 00:01:00 . Memory (MB): peak = 1792.797 ; gain = 33.723

Phase 20 Post Router Timing
WARNING: [Timing 38-242] The property HD.CLK_SRC of clock port "clk" is not set. In out-of-context mode, this prevents timing estimation for clock delay/skew
Resolution: Set the HD.CLK_SRC property of the out-of-context port to the location of the clock buffer instance in the top-level design
INFO: [Route 35-20] Post Routing Timing Summary | WNS=-2.133 | TNS=-28.150| WHS=0.111  | THS=0.000  |

Phase 20 Post Router Timing | Checksum: 15e73d953

Time (s): cpu = 00:01:22 ; elapsed = 00:01:01 . Memory (MB): peak = 1792.797 ; gain = 33.723
CRITICAL WARNING: [Route 35-39] The design did not meet timing requirements. Please run report_timing_summary for detailed reports.
Resolution: Verify that the timing was met or had small violations at all previous steps (synthesis, placement, power_opt, and phys_opt). Run report_timing_summary and analyze individual timing paths.
INFO: [Route 35-253] TNS is the sum of the worst slack violation on every endpoint in the design. Review the paths with the biggest WNS violations in the timing reports and modify your constraints or your design to improve both WNS and TNS.
INFO: [Route 72-16] Aggressive Explore Summary
+------+--------+---------+-------+-----+--------+--------------+-------------------+
| Pass |  WNS   |   TNS   |  WHS  | THS | Status | Elapsed Time | Solution Selected |
+------+--------+---------+-------+-----+--------+--------------+-------------------+
|  1   | -2.132 | -28.141 | 0.111 |  -  |  Pass  |   00:00:21   |         x         |
+------+--------+---------+-------+-----+--------+--------------+-------------------+
|  2   | -2.240 | -28.447 | 0.111 |  -  |  Fail  |   00:00:11   |                   |
+------+--------+---------+-------+-----+--------+--------------+-------------------+

INFO: [Route 35-16] Router Completed Successfully

Time (s): cpu = 00:01:22 ; elapsed = 00:01:01 . Memory (MB): peak = 1792.797 ; gain = 33.723

Routing Is Done.
INFO: [Common 17-83] Releasing license: Implementation
1625 Infos, 108 Warnings, 1 Critical Warnings and 0 Errors encountered.
route_design completed successfully
route_design: Time (s): cpu = 00:01:24 ; elapsed = 00:01:01 . Memory (MB): peak = 1792.797 ; gain = 34.219
WARNING: [Timing 38-242] The property HD.CLK_SRC of clock port "clk" is not set. In out-of-context mode, this prevents timing estimation for clock delay/skew
Resolution: Set the HD.CLK_SRC property of the out-of-context port to the location of the clock buffer instance in the top-level design
INFO: [Timing 38-78] ReportTimingParams: -max_paths 3 -nworst 1 -delay_type max -sort_by slack.
E02A_STAGE post_route	-2.133	0.111	u_rq/rq[7]_i_343_psdsp/C	u_rq/rq_reg[1]/R
Command: report_drc -file D:/2609_final_project/cnn_rtl/docs/E-02a_runs/fc_performance_10.000/drc.rpt
INFO: [IP_Flow 19-234] Refreshing IP repositories
INFO: [IP_Flow 19-1704] No user IP repositories specified
INFO: [IP_Flow 19-2313] Loaded Vivado IP repository 'C:/Xilinx/Vivado/2020.2/data/ip'.
INFO: [DRC 23-27] Running DRC with 2 threads
INFO: [Coretcl 2-168] The results of DRC are in file D:/2609_final_project/cnn_rtl/docs/E-02a_runs/fc_performance_10.000/drc.rpt.
report_drc completed successfully
INFO: [Timing 38-480] Writing timing data to binary archive.
Writing placer database...
Writing XDEF routing.
Writing XDEF routing logical nets.
Writing XDEF routing special nets.
Write XDEF Complete: Time (s): cpu = 00:00:01 ; elapsed = 00:00:00.274 . Memory (MB): peak = 1854.066 ; gain = 0.000
INFO: [Common 17-1381] The checkpoint 'D:/2609_final_project/cnn_rtl/docs/E-02a_runs/fc_performance_10.000/routed.dcp' has been generated.
E02A_IMPL_DONE top=fc_mac_requant_ooc period=10.000 mode=performance
# set status [catch {
#     puts "E02A_CONFIG top=$top part=$part period=$period mode=$mode"
#     puts "E02A_VERSION [version -short]"
#     foreach source $srcs {
#         # The optional E5 TB stub contains SystemVerilog, read unmodified.
#         if {[file tail $source] eq "fc_stub.v"} {read_verilog -sv $source} else {read_verilog $source}
#     }
#     read_xdc [file join [file dirname [info script]] timing_100mhz.xdc]
#     if {$period != 10.000} {
#         create_clock -period $period -name ACLK [get_ports -filter {NAME =~ *ACLK || NAME == clk}]
#     }
#     synth_design -top $top -part $part -mode out_of_context
#     report_clocks -file [file join $out_dir clocks.rpt]
#     e02a_stage post_synth $out_dir
#     if {$mode eq "performance"} {
#         opt_design -directive Explore
#         place_design -directive ExtraTimingOpt
#     } else {
#         opt_design
#         place_design
#     }
#     e02a_stage post_place $out_dir
#     if {$mode eq "performance"} {phys_opt_design -directive AggressiveExplore} else {phys_opt_design}
#     e02a_stage post_phys_opt $out_dir
#     if {$mode eq "performance"} {route_design -directive Explore} else {route_design}
#     e02a_stage post_route $out_dir
#     report_route_status -file [file join $out_dir route_status.rpt]
#     report_utilization -file [file join $out_dir utilization.rpt]
#     report_drc -file [file join $out_dir drc.rpt]
#     check_timing -verbose -file [file join $out_dir check_timing.rpt]
#     write_checkpoint -force [file join $out_dir routed.dcp]
#     write_verilog -force -mode funcsim [file join $out_dir routed_netlist.v]
#     # Preserve path properties for E6. Vivado 2020.2 has no TIMING_POINTS
#     # property; per-pin increments are in report_timing -input_pins above.
#     set p [lindex [get_timing_paths -delay_type max -max_paths 1] 0]
#     set f [open [file join $out_dir path_properties.txt] w]
#     foreach prop [list_property $p] {puts $f "$prop\t[get_property $prop $p]"}
#     close $f
#     puts "E02A_IMPL_DONE top=$top period=$period mode=$mode"
# } detail options]
# if {$status} {
#     puts "E02A_IMPL_FAILED $detail"
#     puts [dict get $options -errorinfo]
#     exit 1
# }
# exit 0
INFO: [Common 17-206] Exiting Vivado at Sat Sep 26 20:00:55 2026...

EXIT_CODE: 0
WALL_CLOCK_SECONDS: 279.157760
