CWD: D:\2609_final_project\cnn_rtl\syn
COMMAND: C:\Xilinx\Vivado\2020.2\bin\vivado.bat -mode batch -source D:/2609_final_project/cnn_rtl/syn/impl_check.tcl -nojournal -nolog -tclargs fc_mac_requant_ooc xc7z020clg400-1 10.000 default D:/2609_final_project/cnn_rtl/docs/E-02a_runs/fc_default_10.000 D:/2609_final_project/cnn_rtl/rtl/fc/fc_mac.v D:/2609_final_project/cnn_rtl/rtl/encoder/requant_stage.v C:/Users/kccistc/AppData/Local/Temp/codex-e02a/fc_mac_requant_ooc.v

****** Vivado v2020.2 (64-bit)
  **** SW Build 3064766 on Wed Nov 18 09:12:45 MST 2020
  **** IP Build 3064653 on Wed Nov 18 14:17:31 MST 2020
    ** Copyright 1986-2020 Xilinx, Inc. All Rights Reserved.

CRITICAL WARNING: [Common 17-741] No write access right to the local Tcl store at 'C'. XilinxTclStore is reverted to the installation area. If you want to use local Tcl Store, please change the access right and relaunch Vivado.
source D:/2609_final_project/cnn_rtl/syn/impl_check.tcl
# if {$argc < 6} {error "Expected top part period mode output_directory source..."}
# set top [lindex $argv 0]
# set part [lindex $argv 1]
# set period [lindex $argv 2]
# set mode [lindex $argv 3]
# set out_dir [file normalize [lindex $argv 4]]
# set srcs [lrange $argv 5 end]
# if {$part ne "xc7z020clg400-1"} {error "E-02a part must be xc7z020clg400-1"}
# if {$mode ni {default performance}} {error "Unsupported implementation mode"}
# if {![string is double -strict $period] || $period <= 0} {error "Invalid period"}
# file mkdir $out_dir
# proc e02a_stage {stage out_dir} {
#     report_timing_summary -delay_type min_max -max_paths 3 -file [file join $out_dir ${stage}_summary.rpt]
#     report_timing -max_paths 3 -nworst 1 -input_pins -delay_type max -file [file join $out_dir ${stage}_paths.rpt]
#     set p [lindex [get_timing_paths -delay_type max -max_paths 1] 0]
#     set h [lindex [get_timing_paths -delay_type min -max_paths 1] 0]
#     if {$p eq ""} {error "No constrained setup timing path at $stage"}
#     set wns [get_property SLACK $p]
#     set whs [get_property SLACK $h]
#     set start [get_property STARTPOINT_PIN $p]
#     set end [get_property ENDPOINT_PIN $p]
#     set line "$stage\t$wns\t$whs\t$start\t$end"
#     set f [open [file join $out_dir stages.tsv] a]
#     puts $f $line
#     close $f
#     puts "E02A_STAGE $line"
#     flush stdout
# }
E02A_CONFIG top=fc_mac_requant_ooc part=xc7z020clg400-1 period=10.000 mode=default
E02A_VERSION 2020.2
Command: synth_design -top fc_mac_requant_ooc -part xc7z020clg400-1 -mode out_of_context
Starting synth_design
Attempting to get a license for feature 'Synthesis' and/or device 'xc7z020'
INFO: [Common 17-349] Got license for feature 'Synthesis' and/or device 'xc7z020'
INFO: [Device 21-403] Loading part xc7z020clg400-1
INFO: [Synth 8-7079] Multithreading enabled for synth_design using a maximum of 2 processes.
INFO: [Synth 8-7078] Launching helper process for spawning children vivado processes
INFO: [Synth 8-7075] Helper process launched with PID 51056
---------------------------------------------------------------------------------
Starting RTL Elaboration : Time (s): cpu = 00:00:03 ; elapsed = 00:00:04 . Memory (MB): peak = 1109.555 ; gain = 0.000
---------------------------------------------------------------------------------
INFO: [Synth 8-6157] synthesizing module 'fc_mac_requant_ooc' [C:/Users/kccistc/AppData/Local/Temp/codex-e02a/fc_mac_requant_ooc.v:4]
INFO: [Synth 8-6157] synthesizing module 'fc_mac' [D:/2609_final_project/cnn_rtl/rtl/fc/fc_mac.v:6]
	Parameter IDLE bound to: 2'b00 
	Parameter ISSUE bound to: 2'b01 
	Parameter DRAIN bound to: 2'b10 
	Parameter DONE bound to: 2'b11 
INFO: [Synth 8-226] default block is never used [D:/2609_final_project/cnn_rtl/rtl/fc/fc_mac.v:151]
INFO: [Synth 8-6155] done synthesizing module 'fc_mac' (1#1) [D:/2609_final_project/cnn_rtl/rtl/fc/fc_mac.v:6]
INFO: [Synth 8-6157] synthesizing module 'requant_stage' [D:/2609_final_project/cnn_rtl/rtl/encoder/requant_stage.v:3]
	Parameter TAG_WIDTH bound to: 9 - type: integer 
	Parameter FC_MODE bound to: 1 - type: integer 
	Parameter PARAM_BASE0 bound to: 9'b000110000 
	Parameter PARAM_BASE1 bound to: 9'b010110000 
	Parameter PARAM_BASE2 bound to: 9'b100110000 
INFO: [Synth 8-6155] done synthesizing module 'requant_stage' (2#1) [D:/2609_final_project/cnn_rtl/rtl/encoder/requant_stage.v:3]
INFO: [Synth 8-6155] done synthesizing module 'fc_mac_requant_ooc' (3#1) [C:/Users/kccistc/AppData/Local/Temp/codex-e02a/fc_mac_requant_ooc.v:4]
---------------------------------------------------------------------------------
Finished RTL Elaboration : Time (s): cpu = 00:00:04 ; elapsed = 00:00:05 . Memory (MB): peak = 1109.555 ; gain = 0.000
---------------------------------------------------------------------------------
---------------------------------------------------------------------------------
Start Handling Custom Attributes
---------------------------------------------------------------------------------
---------------------------------------------------------------------------------
Finished Handling Custom Attributes : Time (s): cpu = 00:00:05 ; elapsed = 00:00:06 . Memory (MB): peak = 1109.555 ; gain = 0.000
---------------------------------------------------------------------------------
---------------------------------------------------------------------------------
Finished RTL Optimization Phase 1 : Time (s): cpu = 00:00:05 ; elapsed = 00:00:06 . Memory (MB): peak = 1109.555 ; gain = 0.000
---------------------------------------------------------------------------------
Netlist sorting complete. Time (s): cpu = 00:00:00 ; elapsed = 00:00:00.015 . Memory (MB): peak = 1109.555 ; gain = 0.000
INFO: [Project 1-570] Preparing netlist for logic optimization

Processing XDC Constraints
Initializing timing engine
Parsing XDC File [D:/2609_final_project/cnn_rtl/syn/timing_100mhz.xdc]
Finished Parsing XDC File [D:/2609_final_project/cnn_rtl/syn/timing_100mhz.xdc]
Completed Processing XDC Constraints

Netlist sorting complete. Time (s): cpu = 00:00:00 ; elapsed = 00:00:00.001 . Memory (MB): peak = 1203.523 ; gain = 0.000
INFO: [Project 1-111] Unisim Transformation Summary:
No Unisim elements were transformed.

Constraint Validation Runtime : Time (s): cpu = 00:00:00 ; elapsed = 00:00:00.021 . Memory (MB): peak = 1203.523 ; gain = 0.000
---------------------------------------------------------------------------------
Finished Constraint Validation : Time (s): cpu = 00:00:09 ; elapsed = 00:00:10 . Memory (MB): peak = 1203.523 ; gain = 93.969
---------------------------------------------------------------------------------
---------------------------------------------------------------------------------
Start Loading Part and Timing Information
---------------------------------------------------------------------------------
Loading part: xc7z020clg400-1
---------------------------------------------------------------------------------
Finished Loading Part and Timing Information : Time (s): cpu = 00:00:09 ; elapsed = 00:00:10 . Memory (MB): peak = 1203.523 ; gain = 93.969
---------------------------------------------------------------------------------
---------------------------------------------------------------------------------
Start Applying 'set_property' XDC Constraints
---------------------------------------------------------------------------------
---------------------------------------------------------------------------------
Finished applying 'set_property' XDC Constraints : Time (s): cpu = 00:00:09 ; elapsed = 00:00:11 . Memory (MB): peak = 1203.523 ; gain = 93.969
---------------------------------------------------------------------------------
---------------------------------------------------------------------------------
Finished RTL Optimization Phase 2 : Time (s): cpu = 00:00:10 ; elapsed = 00:00:11 . Memory (MB): peak = 1203.523 ; gain = 93.969
---------------------------------------------------------------------------------
---------------------------------------------------------------------------------
Start RTL Component Statistics 
---------------------------------------------------------------------------------
Detailed RTL Component Info : 
+---Adders : 
	   2 Input   64 Bit       Adders := 2     
	   3 Input   64 Bit       Adders := 1     
	   2 Input   32 Bit       Adders := 1     
	   2 Input   19 Bit       Adders := 1     
	   2 Input    9 Bit       Adders := 3     
	   2 Input    8 Bit       Adders := 1     
	   2 Input    7 Bit       Adders := 1     
	   2 Input    6 Bit       Adders := 1     
+---Registers : 
	               96 Bit    Registers := 2     
	               64 Bit    Registers := 5     
	               32 Bit    Registers := 1     
	               19 Bit    Registers := 1     
	               18 Bit    Registers := 2     
	               12 Bit    Registers := 6     
	                9 Bit    Registers := 6     
	                8 Bit    Registers := 8     
	                7 Bit    Registers := 1     
	                6 Bit    Registers := 1     
	                2 Bit    Registers := 2     
	                1 Bit    Registers := 6     
+---Multipliers : 
	              32x64  Multipliers := 1     
+---Muxes : 
	   2 Input   64 Bit        Muxes := 4     
	   2 Input   32 Bit        Muxes := 1     
	   2 Input   12 Bit        Muxes := 1     
	   4 Input    9 Bit        Muxes := 1     
	   2 Input    9 Bit        Muxes := 3     
	   3 Input    9 Bit        Muxes := 1     
	   3 Input    8 Bit        Muxes := 1     
	   2 Input    8 Bit        Muxes := 2     
	   4 Input    7 Bit        Muxes := 1     
	   2 Input    7 Bit        Muxes := 1     
	   2 Input    5 Bit        Muxes := 1     
	   6 Input    2 Bit        Muxes := 1     
	   4 Input    1 Bit        Muxes := 5     
	   2 Input    1 Bit        Muxes := 11    
---------------------------------------------------------------------------------
Finished RTL Component Statistics 
---------------------------------------------------------------------------------
---------------------------------------------------------------------------------
Start Part Resource Summary
---------------------------------------------------------------------------------
Part Resources:
DSPs: 220 (col length:60)
BRAMs: 280 (col length: RAMB18 60 RAMB36 30)
---------------------------------------------------------------------------------
Finished Part Resource Summary
---------------------------------------------------------------------------------
---------------------------------------------------------------------------------
Start Cross Boundary and Area Optimization
---------------------------------------------------------------------------------
DSP Report: Generating DSP acc_mult, operation Mode is: A2*B2.
DSP Report: register acc_mult is absorbed into DSP acc_mult.
DSP Report: register acc_mult is absorbed into DSP acc_mult.
DSP Report: operator acc_mult is absorbed into DSP acc_mult.
DSP Report: operator acc_mult is absorbed into DSP acc_mult.
DSP Report: Generating DSP acc_r3_reg, operation Mode is: (PCIN>>17)+A2*B2.
DSP Report: register acc_r3_reg is absorbed into DSP acc_r3_reg.
DSP Report: register acc_r3_reg is absorbed into DSP acc_r3_reg.
DSP Report: register acc_r3_reg is absorbed into DSP acc_r3_reg.
DSP Report: operator acc_mult is absorbed into DSP acc_r3_reg.
DSP Report: operator acc_mult is absorbed into DSP acc_r3_reg.
DSP Report: Generating DSP acc_mult, operation Mode is: A2*B2.
DSP Report: register acc_mult is absorbed into DSP acc_mult.
DSP Report: register acc_mult is absorbed into DSP acc_mult.
DSP Report: operator acc_mult is absorbed into DSP acc_mult.
DSP Report: operator acc_mult is absorbed into DSP acc_mult.
DSP Report: Generating DSP acc_mult, operation Mode is: PCIN+A2*B2.
DSP Report: register acc_mult is absorbed into DSP acc_mult.
DSP Report: register acc_mult is absorbed into DSP acc_mult.
DSP Report: operator acc_mult is absorbed into DSP acc_mult.
DSP Report: operator acc_mult is absorbed into DSP acc_mult.
DSP Report: Generating DSP acc_r3_reg, operation Mode is: (PCIN>>17)+A2*B2.
DSP Report: register acc_r3_reg is absorbed into DSP acc_r3_reg.
DSP Report: register acc_r3_reg is absorbed into DSP acc_r3_reg.
DSP Report: register acc_r3_reg is absorbed into DSP acc_r3_reg.
DSP Report: operator acc_mult is absorbed into DSP acc_r3_reg.
DSP Report: operator acc_mult is absorbed into DSP acc_r3_reg.
DSP Report: Generating DSP acc_mult, operation Mode is: A2*B2.
DSP Report: register acc_mult is absorbed into DSP acc_mult.
DSP Report: register acc_mult is absorbed into DSP acc_mult.
DSP Report: operator acc_mult is absorbed into DSP acc_mult.
DSP Report: operator acc_mult is absorbed into DSP acc_mult.
DSP Report: Generating DSP acc_mult, operation Mode is: (PCIN>>17)+A2*B2.
DSP Report: register acc_mult is absorbed into DSP acc_mult.
DSP Report: register acc_mult is absorbed into DSP acc_mult.
DSP Report: operator acc_mult is absorbed into DSP acc_mult.
DSP Report: operator acc_mult is absorbed into DSP acc_mult.
DSP Report: Generating DSP acc_r3_reg, operation Mode is: (PCIN+A2*B2)'.
DSP Report: register acc_r3_reg is absorbed into DSP acc_r3_reg.
DSP Report: register acc_r3_reg is absorbed into DSP acc_r3_reg.
DSP Report: register acc_r3_reg is absorbed into DSP acc_r3_reg.
DSP Report: operator acc_mult is absorbed into DSP acc_r3_reg.
DSP Report: operator acc_mult is absorbed into DSP acc_r3_reg.
---------------------------------------------------------------------------------
Finished Cross Boundary and Area Optimization : Time (s): cpu = 00:00:18 ; elapsed = 00:00:20 . Memory (MB): peak = 1203.523 ; gain = 93.969
---------------------------------------------------------------------------------
---------------------------------------------------------------------------------
Start ROM, RAM, DSP, Shift Register and Retiming Reporting
---------------------------------------------------------------------------------

DSP: Preliminary Mapping	Report (see note below)
+--------------+------------------+--------+--------+--------+--------+--------+------+------+------+------+-------+------+------+
|Module Name   | DSP Mapping      | A Size | B Size | C Size | D Size | P Size | AREG | BREG | CREG | DREG | ADREG | MREG | PREG | 
+--------------+------------------+--------+--------+--------+--------+--------+------+------+------+------+-------+------+------+
|requant_stage | A2*B2            | 18     | 13     | -      | -      | 48     | 1    | 1    | -    | -    | -     | 0    | 0    | 
|requant_stage | (PCIN>>17)+A2*B2 | 15     | 13     | -      | -      | 48     | 1    | 1    | -    | -    | -     | 0    | 1    | 
|requant_stage | A2*B2            | 18     | 15     | -      | -      | 48     | 1    | 1    | -    | -    | -     | 0    | 0    | 
|requant_stage | PCIN+A2*B2       | 18     | 18     | -      | -      | 48     | 1    | 1    | -    | -    | -     | 0    | 0    | 
|requant_stage | (PCIN>>17)+A2*B2 | 18     | 15     | -      | -      | 48     | 1    | 1    | -    | -    | -     | 0    | 1    | 
|requant_stage | A2*B2            | 18     | 18     | -      | -      | 48     | 1    | 1    | -    | -    | -     | 0    | 0    | 
|requant_stage | (PCIN>>17)+A2*B2 | 18     | 15     | -      | -      | 48     | 1    | 1    | -    | -    | -     | 0    | 0    | 
|requant_stage | (PCIN+A2*B2)'    | 18     | 18     | -      | -      | 48     | 1    | 1    | -    | -    | -     | 0    | 1    | 
+--------------+------------------+--------+--------+--------+--------+--------+------+------+------+------+-------+------+------+

Note: The table above is a preliminary report that shows the DSPs inferred at the current stage of the synthesis flow. Some DSP may be reimplemented as non DSP primitives later in the synthesis flow. Multiple instantiated DSPs are reported only once.
---------------------------------------------------------------------------------
Finished ROM, RAM, DSP, Shift Register and Retiming Reporting
---------------------------------------------------------------------------------
---------------------------------------------------------------------------------
Start Applying XDC Timing Constraints
---------------------------------------------------------------------------------
---------------------------------------------------------------------------------
Finished Applying XDC Timing Constraints : Time (s): cpu = 00:00:25 ; elapsed = 00:00:27 . Memory (MB): peak = 1236.559 ; gain = 127.004
---------------------------------------------------------------------------------
---------------------------------------------------------------------------------
Start Timing Optimization
---------------------------------------------------------------------------------
---------------------------------------------------------------------------------
Finished Timing Optimization : Time (s): cpu = 00:00:32 ; elapsed = 00:00:34 . Memory (MB): peak = 1402.258 ; gain = 292.703
---------------------------------------------------------------------------------
---------------------------------------------------------------------------------
Start Technology Mapping
---------------------------------------------------------------------------------
---------------------------------------------------------------------------------
Finished Technology Mapping : Time (s): cpu = 00:00:33 ; elapsed = 00:00:35 . Memory (MB): peak = 1412.352 ; gain = 302.797
---------------------------------------------------------------------------------
---------------------------------------------------------------------------------
Start IO Insertion
---------------------------------------------------------------------------------
---------------------------------------------------------------------------------
Start Flattening Before IO Insertion
---------------------------------------------------------------------------------
---------------------------------------------------------------------------------
Finished Flattening Before IO Insertion
---------------------------------------------------------------------------------
---------------------------------------------------------------------------------
Start Final Netlist Cleanup
---------------------------------------------------------------------------------
---------------------------------------------------------------------------------
Finished Final Netlist Cleanup
---------------------------------------------------------------------------------
---------------------------------------------------------------------------------
Finished IO Insertion : Time (s): cpu = 00:00:35 ; elapsed = 00:00:37 . Memory (MB): peak = 1412.352 ; gain = 302.797
---------------------------------------------------------------------------------
---------------------------------------------------------------------------------
Start Renaming Generated Instances
---------------------------------------------------------------------------------
---------------------------------------------------------------------------------
Finished Renaming Generated Instances : Time (s): cpu = 00:00:35 ; elapsed = 00:00:37 . Memory (MB): peak = 1412.352 ; gain = 302.797
---------------------------------------------------------------------------------
---------------------------------------------------------------------------------
Start Rebuilding User Hierarchy
---------------------------------------------------------------------------------
---------------------------------------------------------------------------------
Finished Rebuilding User Hierarchy : Time (s): cpu = 00:00:35 ; elapsed = 00:00:37 . Memory (MB): peak = 1412.352 ; gain = 302.797
---------------------------------------------------------------------------------
---------------------------------------------------------------------------------
Start Renaming Generated Ports
---------------------------------------------------------------------------------
---------------------------------------------------------------------------------
Finished Renaming Generated Ports : Time (s): cpu = 00:00:35 ; elapsed = 00:00:37 . Memory (MB): peak = 1412.352 ; gain = 302.797
---------------------------------------------------------------------------------
---------------------------------------------------------------------------------
Start Handling Custom Attributes
---------------------------------------------------------------------------------
---------------------------------------------------------------------------------
Finished Handling Custom Attributes : Time (s): cpu = 00:00:35 ; elapsed = 00:00:38 . Memory (MB): peak = 1412.352 ; gain = 302.797
---------------------------------------------------------------------------------
---------------------------------------------------------------------------------
Start Renaming Generated Nets
---------------------------------------------------------------------------------
---------------------------------------------------------------------------------
Finished Renaming Generated Nets : Time (s): cpu = 00:00:35 ; elapsed = 00:00:38 . Memory (MB): peak = 1412.352 ; gain = 302.797
---------------------------------------------------------------------------------
---------------------------------------------------------------------------------
Start ROM, RAM, DSP, Shift Register and Retiming Reporting
---------------------------------------------------------------------------------

Static Shift Register Report:
+-------------------+--------------------+--------+-------+--------------+--------------------+-------------------+--------+---------+
|Module Name        | RTL Name           | Length | Width | Reset Signal | Pull out first Reg | Pull out last Reg | SRL16E | SRLC32E | 
+-------------------+--------------------+--------+-------+--------------+--------------------+-------------------+--------+---------+
|fc_mac_requant_ooc | u_rq/rq_tag_reg[8] | 4      | 9     | NO           | NO                 | YES               | 9      | 0       | 
+-------------------+--------------------+--------+-------+--------------+--------------------+-------------------+--------+---------+

---------------------------------------------------------------------------------
Finished ROM, RAM, DSP, Shift Register and Retiming Reporting
---------------------------------------------------------------------------------
---------------------------------------------------------------------------------
Start Writing Synthesis Report
---------------------------------------------------------------------------------

Report BlackBoxes: 
+-+--------------+----------+
| |BlackBox name |Instances |
+-+--------------+----------+
+-+--------------+----------+

Report Cell Usage: 
+------+--------+------+
|      |Cell    |Count |
+------+--------+------+
|1     |CARRY4  |   232|
|2     |DSP48E1 |     7|
|4     |LUT1    |    42|
|5     |LUT2    |   393|
|6     |LUT3    |   293|
|7     |LUT4    |   283|
|8     |LUT5    |   297|
|9     |LUT6    |   777|
|10    |MUXF7   |    47|
|11    |SRL16E  |     9|
|12    |FDRE    |   772|
|13    |FDSE    |     1|
+------+--------+------+
---------------------------------------------------------------------------------
Finished Writing Synthesis Report : Time (s): cpu = 00:00:35 ; elapsed = 00:00:38 . Memory (MB): peak = 1412.352 ; gain = 302.797
---------------------------------------------------------------------------------
Synthesis finished with 0 errors, 0 critical warnings and 0 warnings.
Synthesis Optimization Runtime : Time (s): cpu = 00:00:29 ; elapsed = 00:00:36 . Memory (MB): peak = 1412.352 ; gain = 208.828
Synthesis Optimization Complete : Time (s): cpu = 00:00:35 ; elapsed = 00:00:38 . Memory (MB): peak = 1412.352 ; gain = 302.797
INFO: [Project 1-571] Translating synthesized netlist
Netlist sorting complete. Time (s): cpu = 00:00:00 ; elapsed = 00:00:00.022 . Memory (MB): peak = 1412.352 ; gain = 0.000
INFO: [Netlist 29-17] Analyzing 286 Unisim elements for replacement
INFO: [Netlist 29-28] Unisim Transformation completed in 0 CPU seconds
INFO: [Project 1-570] Preparing netlist for logic optimization
Parsing XDC File [D:/2609_final_project/cnn_rtl/syn/timing_100mhz.xdc]
Finished Parsing XDC File [D:/2609_final_project/cnn_rtl/syn/timing_100mhz.xdc]
INFO: [Opt 31-138] Pushed 0 inverter(s) to 0 load pin(s).
Netlist sorting complete. Time (s): cpu = 00:00:00 ; elapsed = 00:00:00.001 . Memory (MB): peak = 1412.352 ; gain = 0.000
INFO: [Project 1-111] Unisim Transformation Summary:
No Unisim elements were transformed.

INFO: [Common 17-83] Releasing license: Synthesis
21 Infos, 0 Warnings, 0 Critical Warnings and 0 Errors encountered.
synth_design completed successfully
synth_design: Time (s): cpu = 00:00:41 ; elapsed = 00:00:45 . Memory (MB): peak = 1412.352 ; gain = 302.797
INFO: [Timing 38-35] Done setting XDC timing constraints.
INFO: [Timing 38-91] UpdateTimingParams: Speed grade: -1, Delay Type: min_max.
INFO: [Timing 38-191] Multithreading enabled for timing update using a maximum of 2 CPUs
WARNING: [Timing 38-242] The property HD.CLK_SRC of clock port "clk" is not set. In out-of-context mode, this prevents timing estimation for clock delay/skew
Resolution: Set the HD.CLK_SRC property of the out-of-context port to the location of the clock buffer instance in the top-level design
INFO: [Timing 38-91] UpdateTimingParams: Speed grade: -1, Delay Type: max.
INFO: [Timing 38-191] Multithreading enabled for timing update using a maximum of 2 CPUs
INFO: [Timing 38-78] ReportTimingParams: -max_paths 3 -nworst 1 -delay_type max -sort_by slack.
E02A_STAGE post_synth	-3.494	0.219	u_rq/param3_reg[69]/C	u_rq/rq_reg[1]/R
Command: opt_design
Attempting to get a license for feature 'Implementation' and/or device 'xc7z020'
INFO: [Common 17-349] Got license for feature 'Implementation' and/or device 'xc7z020'
Running DRC as a precondition to command opt_design

Starting DRC Task
INFO: [DRC 23-27] Running DRC with 2 threads
INFO: [Project 1-461] DRC finished with 0 Errors
INFO: [Project 1-462] Please refer to the DRC report (report_drc) for more information.

Time (s): cpu = 00:00:01 ; elapsed = 00:00:00.834 . Memory (MB): peak = 1544.402 ; gain = 28.441

Starting Cache Timing Information Task
Ending Cache Timing Information Task | Checksum: 14bdef6a3

Time (s): cpu = 00:00:00 ; elapsed = 00:00:00.003 . Memory (MB): peak = 1544.402 ; gain = 0.000

Starting Logic Optimization Task

Phase 1 Retarget
INFO: [Opt 31-138] Pushed 0 inverter(s) to 0 load pin(s).
INFO: [Opt 31-49] Retargeted 0 cell(s).
Phase 1 Retarget | Checksum: 14bdef6a3

Time (s): cpu = 00:00:00 ; elapsed = 00:00:00.126 . Memory (MB): peak = 1727.207 ; gain = 0.000
INFO: [Opt 31-389] Phase Retarget created 0 cells and removed 0 cells

Phase 2 Constant propagation
INFO: [Opt 31-138] Pushed 0 inverter(s) to 0 load pin(s).
Phase 2 Constant propagation | Checksum: 166fea66e

Time (s): cpu = 00:00:00 ; elapsed = 00:00:00.159 . Memory (MB): peak = 1727.207 ; gain = 0.000
INFO: [Opt 31-389] Phase Constant propagation created 0 cells and removed 0 cells

Phase 3 Sweep
Phase 3 Sweep | Checksum: 1b0d39218

Time (s): cpu = 00:00:00 ; elapsed = 00:00:00.211 . Memory (MB): peak = 1727.207 ; gain = 0.000
INFO: [Opt 31-389] Phase Sweep created 0 cells and removed 0 cells

Phase 4 BUFG optimization
Phase 4 BUFG optimization | Checksum: 1b0d39218

Time (s): cpu = 00:00:00 ; elapsed = 00:00:00.221 . Memory (MB): peak = 1727.207 ; gain = 0.000
INFO: [Opt 31-662] Phase BUFG optimization created 0 cells of which 0 are BUFGs and removed 0 cells.

Phase 5 Shift Register Optimization
INFO: [Opt 31-1064] SRL Remap converted 0 SRLs to 0 registers and converted 0 registers of register chains to 0 SRLs
Phase 5 Shift Register Optimization | Checksum: 1b0d39218

Time (s): cpu = 00:00:00 ; elapsed = 00:00:00.226 . Memory (MB): peak = 1727.207 ; gain = 0.000
INFO: [Opt 31-389] Phase Shift Register Optimization created 0 cells and removed 0 cells

Phase 6 Post Processing Netlist
Phase 6 Post Processing Netlist | Checksum: 1b0d39218

Time (s): cpu = 00:00:00 ; elapsed = 00:00:00.235 . Memory (MB): peak = 1727.207 ; gain = 0.000
INFO: [Opt 31-389] Phase Post Processing Netlist created 0 cells and removed 0 cells
Opt_design Change Summary
=========================


-------------------------------------------------------------------------------------------------------------------------
|  Phase                        |  #Cells created  |  #Cells Removed  |  #Constrained objects preventing optimizations  |
-------------------------------------------------------------------------------------------------------------------------
|  Retarget                     |               0  |               0  |                                              0  |
|  Constant propagation         |               0  |               0  |                                              0  |
|  Sweep                        |               0  |               0  |                                              0  |
|  BUFG optimization            |               0  |               0  |                                              0  |
|  Shift Register Optimization  |               0  |               0  |                                              0  |
|  Post Processing Netlist      |               0  |               0  |                                              0  |
-------------------------------------------------------------------------------------------------------------------------



Starting Connectivity Check Task

Time (s): cpu = 00:00:00 ; elapsed = 00:00:00.004 . Memory (MB): peak = 1727.207 ; gain = 0.000
Ending Logic Optimization Task | Checksum: 1b87e31ea

Time (s): cpu = 00:00:00 ; elapsed = 00:00:00.328 . Memory (MB): peak = 1727.207 ; gain = 0.000

Starting Power Optimization Task
INFO: [Pwropt 34-132] Skipping clock gating for clocks with a period < 2.00 ns.
Ending Power Optimization Task | Checksum: 1b87e31ea

Time (s): cpu = 00:00:00 ; elapsed = 00:00:00.022 . Memory (MB): peak = 1727.207 ; gain = 0.000

Starting Final Cleanup Task
Ending Final Cleanup Task | Checksum: 1b87e31ea

Time (s): cpu = 00:00:00 ; elapsed = 00:00:00 . Memory (MB): peak = 1727.207 ; gain = 0.000

Starting Netlist Obfuscation Task
Netlist sorting complete. Time (s): cpu = 00:00:00 ; elapsed = 00:00:00.001 . Memory (MB): peak = 1727.207 ; gain = 0.000
Ending Netlist Obfuscation Task | Checksum: 1b87e31ea

Time (s): cpu = 00:00:00 ; elapsed = 00:00:00.001 . Memory (MB): peak = 1727.207 ; gain = 0.000
INFO: [Common 17-83] Releasing license: Implementation
43 Infos, 1 Warnings, 0 Critical Warnings and 0 Errors encountered.
opt_design completed successfully
Command: place_design
Attempting to get a license for feature 'Implementation' and/or device 'xc7z020'
INFO: [Common 17-349] Got license for feature 'Implementation' and/or device 'xc7z020'
INFO: [Timing 38-35] Done setting XDC timing constraints.
WARNING: [Timing 38-242] The property HD.CLK_SRC of clock port "clk" is not set. In out-of-context mode, this prevents timing estimation for clock delay/skew
Resolution: Set the HD.CLK_SRC property of the out-of-context port to the location of the clock buffer instance in the top-level design
INFO: [DRC 23-27] Running DRC with 2 threads
INFO: [Vivado_Tcl 4-198] DRC finished with 0 Errors
INFO: [Vivado_Tcl 4-199] Please refer to the DRC report (report_drc) for more information.
Running DRC as a precondition to command place_design
INFO: [DRC 23-27] Running DRC with 2 threads
INFO: [Vivado_Tcl 4-198] DRC finished with 0 Errors
INFO: [Vivado_Tcl 4-199] Please refer to the DRC report (report_drc) for more information.

Starting Placer Task
INFO: [Place 30-611] Multithreading enabled for place_design using a maximum of 2 CPUs

Phase 1 Placer Initialization

Phase 1.1 Placer Initialization Netlist Sorting
Netlist sorting complete. Time (s): cpu = 00:00:00 ; elapsed = 00:00:00.001 . Memory (MB): peak = 1754.387 ; gain = 0.000
Phase 1.1 Placer Initialization Netlist Sorting | Checksum: ccedeab9

Time (s): cpu = 00:00:00 ; elapsed = 00:00:00.025 . Memory (MB): peak = 1754.387 ; gain = 0.000
Netlist sorting complete. Time (s): cpu = 00:00:00 ; elapsed = 00:00:00.001 . Memory (MB): peak = 1754.387 ; gain = 0.000

Phase 1.2 IO Placement/ Clock Placement/ Build Placer Device
Phase 1.2 IO Placement/ Clock Placement/ Build Placer Device | Checksum: 4ebb8dc1

Time (s): cpu = 00:00:01 ; elapsed = 00:00:00.182 . Memory (MB): peak = 1754.387 ; gain = 0.000

Phase 1.3 Build Placer Netlist Model
Phase 1.3 Build Placer Netlist Model | Checksum: 9e842386

Time (s): cpu = 00:00:01 ; elapsed = 00:00:00.656 . Memory (MB): peak = 1754.387 ; gain = 0.000

Phase 1.4 Constrain Clocks/Macros
Phase 1.4 Constrain Clocks/Macros | Checksum: 9e842386

Time (s): cpu = 00:00:01 ; elapsed = 00:00:00.660 . Memory (MB): peak = 1754.387 ; gain = 0.000
Phase 1 Placer Initialization | Checksum: 9e842386

Time (s): cpu = 00:00:01 ; elapsed = 00:00:00.670 . Memory (MB): peak = 1754.387 ; gain = 0.000

Phase 2 Global Placement

Phase 2.1 Floorplanning
Phase 2.1 Floorplanning | Checksum: 1409a63b9

Time (s): cpu = 00:00:02 ; elapsed = 00:00:00.868 . Memory (MB): peak = 1754.387 ; gain = 0.000

Phase 2.2 Update Timing before SLR Path Opt
Phase 2.2 Update Timing before SLR Path Opt | Checksum: 1287b526d

Time (s): cpu = 00:00:02 ; elapsed = 00:00:00.957 . Memory (MB): peak = 1754.387 ; gain = 0.000

Phase 2.3 Global Placement Core

Phase 2.3.1 Physical Synthesis In Placer
INFO: [Physopt 32-1035] Found 36 LUTNM shape to break, 2 LUT instances to create LUTNM shape
INFO: [Physopt 32-1044] Break lutnm for timing: one critical 2, two critical 34, total 36, new lutff created 0
INFO: [Physopt 32-775] End 1 Pass. Optimized 37 nets or cells. Created 36 new cells, deleted 1 existing cell and moved 0 existing cell
INFO: [Physopt 32-65] No nets found for high-fanout optimization.
INFO: [Physopt 32-232] Optimized 0 net. Created 0 new instance.
INFO: [Physopt 32-775] End 1 Pass. Optimized 0 net or cell. Created 0 new cell, deleted 0 existing cell and moved 0 existing cell
INFO: [Physopt 32-457] Pass 1. Identified 3 candidate cells for DSP register optimization.
INFO: [Physopt 32-665] Processed cell u_rq/acc_mult. 13 registers were pushed out.
INFO: [Physopt 32-665] Processed cell u_rq/acc_r3_reg__0. 47 registers were pushed out.
INFO: [Physopt 32-665] Processed cell u_rq/acc_r3_reg. 13 registers were pushed out.
INFO: [Physopt 32-775] End 2 Pass. Optimized 3 nets or cells. Created 73 new cells, deleted 0 existing cell and moved 0 existing cell
Netlist sorting complete. Time (s): cpu = 00:00:00 ; elapsed = 00:00:00.007 . Memory (MB): peak = 1754.387 ; gain = 0.000
INFO: [Physopt 32-1123] No candidate cells found for Shift Register to Pipeline optimization
INFO: [Physopt 32-775] End 1 Pass. Optimized 0 net or cell. Created 0 new cell, deleted 0 existing cell and moved 0 existing cell
INFO: [Physopt 32-677] No candidate cells for Shift Register optimization found in the design
INFO: [Physopt 32-775] End 1 Pass. Optimized 0 net or cell. Created 0 new cell, deleted 0 existing cell and moved 0 existing cell
INFO: [Physopt 32-526] No candidate cells for BRAM register optimization found in the design
INFO: [Physopt 32-775] End 1 Pass. Optimized 0 net or cell. Created 0 new cell, deleted 0 existing cell and moved 0 existing cell
INFO: [Physopt 32-846] No candidate cells for URAM register optimization found in the design
INFO: [Physopt 32-775] End 2 Pass. Optimized 0 net or cell. Created 0 new cell, deleted 0 existing cell and moved 0 existing cell
INFO: [Physopt 32-949] No candidate nets found for dynamic/static region interface net replication
INFO: [Physopt 32-775] End 1 Pass. Optimized 0 net or cell. Created 0 new cell, deleted 0 existing cell and moved 0 existing cell
Netlist sorting complete. Time (s): cpu = 00:00:00 ; elapsed = 00:00:00.001 . Memory (MB): peak = 1754.387 ; gain = 0.000

Summary of Physical Synthesis Optimizations
============================================


-----------------------------------------------------------------------------------------------------------------------------------------------------------
|  Optimization                                     |  Added Cells  |  Removed Cells  |  Optimized Cells/Nets  |  Dont Touch  |  Iterations  |  Elapsed   |
-----------------------------------------------------------------------------------------------------------------------------------------------------------
|  LUT Combining                                    |           36  |              1  |                    37  |           0  |           1  |  00:00:00  |
|  Very High Fanout                                 |            0  |              0  |                     0  |           0  |           1  |  00:00:00  |
|  DSP Register                                     |           73  |              0  |                     3  |           0  |           1  |  00:00:00  |
|  Shift Register to Pipeline                       |            0  |              0  |                     0  |           0  |           1  |  00:00:00  |
|  Shift Register                                   |            0  |              0  |                     0  |           0  |           1  |  00:00:00  |
|  BRAM Register                                    |            0  |              0  |                     0  |           0  |           1  |  00:00:00  |
|  URAM Register                                    |            0  |              0  |                     0  |           0  |           1  |  00:00:00  |
|  Dynamic/Static Region Interface Net Replication  |            0  |              0  |                     0  |           0  |           1  |  00:00:00  |
|  Total                                            |          109  |              1  |                    40  |           0  |           8  |  00:00:00  |
-----------------------------------------------------------------------------------------------------------------------------------------------------------


Phase 2.3.1 Physical Synthesis In Placer | Checksum: 164227d34

Time (s): cpu = 00:00:08 ; elapsed = 00:00:05 . Memory (MB): peak = 1754.387 ; gain = 0.000
Phase 2.3 Global Placement Core | Checksum: 291e5af2e

Time (s): cpu = 00:00:08 ; elapsed = 00:00:05 . Memory (MB): peak = 1754.387 ; gain = 0.000
Phase 2 Global Placement | Checksum: 291e5af2e

Time (s): cpu = 00:00:08 ; elapsed = 00:00:05 . Memory (MB): peak = 1754.387 ; gain = 0.000

Phase 3 Detail Placement

Phase 3.1 Commit Multi Column Macros
Phase 3.1 Commit Multi Column Macros | Checksum: 1b4811466

Time (s): cpu = 00:00:08 ; elapsed = 00:00:05 . Memory (MB): peak = 1754.387 ; gain = 0.000

Phase 3.2 Commit Most Macros & LUTRAMs
Phase 3.2 Commit Most Macros & LUTRAMs | Checksum: f77ece79

Time (s): cpu = 00:00:09 ; elapsed = 00:00:05 . Memory (MB): peak = 1754.387 ; gain = 0.000

Phase 3.3 Area Swap Optimization
Phase 3.3 Area Swap Optimization | Checksum: 1a0ef08f9

Time (s): cpu = 00:00:09 ; elapsed = 00:00:05 . Memory (MB): peak = 1754.387 ; gain = 0.000

Phase 3.4 Pipeline Register Optimization
Phase 3.4 Pipeline Register Optimization | Checksum: 192e08356

Time (s): cpu = 00:00:09 ; elapsed = 00:00:05 . Memory (MB): peak = 1754.387 ; gain = 0.000

Phase 3.5 Fast Optimization
Phase 3.5 Fast Optimization | Checksum: 10bc29905

Time (s): cpu = 00:00:10 ; elapsed = 00:00:07 . Memory (MB): peak = 1754.387 ; gain = 0.000

Phase 3.6 Small Shape Detail Placement
Phase 3.6 Small Shape Detail Placement | Checksum: 1c4a94508

Time (s): cpu = 00:00:11 ; elapsed = 00:00:08 . Memory (MB): peak = 1754.387 ; gain = 0.000

Phase 3.7 Re-assign LUT pins
Phase 3.7 Re-assign LUT pins | Checksum: 290b9b330

Time (s): cpu = 00:00:11 ; elapsed = 00:00:08 . Memory (MB): peak = 1754.387 ; gain = 0.000

Phase 3.8 Pipeline Register Optimization
Phase 3.8 Pipeline Register Optimization | Checksum: 1eedb93d1

Time (s): cpu = 00:00:11 ; elapsed = 00:00:08 . Memory (MB): peak = 1754.387 ; gain = 0.000

Phase 3.9 Fast Optimization
Phase 3.9 Fast Optimization | Checksum: 1a65d57a6

Time (s): cpu = 00:00:14 ; elapsed = 00:00:12 . Memory (MB): peak = 1754.387 ; gain = 0.000
Phase 3 Detail Placement | Checksum: 1a65d57a6

Time (s): cpu = 00:00:14 ; elapsed = 00:00:12 . Memory (MB): peak = 1754.387 ; gain = 0.000

Phase 4 Post Placement Optimization and Clean-Up

Phase 4.1 Post Commit Optimization
INFO: [Timing 38-35] Done setting XDC timing constraints.

Phase 4.1.1 Post Placement Optimization
Post Placement Optimization Initialization | Checksum: 16e108eb3

Phase 4.1.1.1 BUFG Insertion

Starting Physical Synthesis Task

Phase 1 Physical Synthesis Initialization
INFO: [Physopt 32-721] Multithreading enabled for phys_opt_design using a maximum of 2 CPUs
INFO: [Physopt 32-619] Estimated Timing Summary | WNS=-2.253 | TNS=-32.393 |
Phase 1 Physical Synthesis Initialization | Checksum: 164ea2328

Time (s): cpu = 00:00:00 ; elapsed = 00:00:00.062 . Memory (MB): peak = 1754.387 ; gain = 0.000
INFO: [Place 46-56] BUFG insertion identified 0 candidate nets. Inserted BUFG: 0, Replicated BUFG Driver: 0, Skipped due to Placement/Routing Conflicts: 0, Skipped due to Timing Degradation: 0, Skipped due to Illegal Netlist: 0.
Ending Physical Synthesis Task | Checksum: 19a131ee4

Time (s): cpu = 00:00:00 ; elapsed = 00:00:00.068 . Memory (MB): peak = 1754.387 ; gain = 0.000
Phase 4.1.1.1 BUFG Insertion | Checksum: 16e108eb3

Time (s): cpu = 00:00:15 ; elapsed = 00:00:12 . Memory (MB): peak = 1754.387 ; gain = 0.000
INFO: [Place 30-746] Post Placement Timing Summary WNS=-1.787. For the most accurate timing information please run report_timing.

Time (s): cpu = 00:00:22 ; elapsed = 00:00:20 . Memory (MB): peak = 1754.387 ; gain = 0.000
Phase 4.1 Post Commit Optimization | Checksum: 1b2fae8e3

Time (s): cpu = 00:00:22 ; elapsed = 00:00:20 . Memory (MB): peak = 1754.387 ; gain = 0.000

Phase 4.2 Post Placement Cleanup
Phase 4.2 Post Placement Cleanup | Checksum: 1b2fae8e3

Time (s): cpu = 00:00:22 ; elapsed = 00:00:20 . Memory (MB): peak = 1754.387 ; gain = 0.000

Phase 4.3 Placer Reporting

Phase 4.3.1 Print Estimated Congestion
INFO: [Place 30-612] Post-Placement Estimated Congestion 
 ____________________________________________________
|           | Global Congestion | Short Congestion  |
| Direction | Region Size       | Region Size       |
|___________|___________________|___________________|
|      North|                1x1|                4x4|
|___________|___________________|___________________|
|      South|                1x1|                1x1|
|___________|___________________|___________________|
|       East|                1x1|                1x1|
|___________|___________________|___________________|
|       West|                1x1|                1x1|
|___________|___________________|___________________|

Phase 4.3.1 Print Estimated Congestion | Checksum: 1b2fae8e3

Time (s): cpu = 00:00:22 ; elapsed = 00:00:20 . Memory (MB): peak = 1754.387 ; gain = 0.000
Phase 4.3 Placer Reporting | Checksum: 1b2fae8e3

Time (s): cpu = 00:00:22 ; elapsed = 00:00:20 . Memory (MB): peak = 1754.387 ; gain = 0.000

Phase 4.4 Final Placement Cleanup
Netlist sorting complete. Time (s): cpu = 00:00:00 ; elapsed = 00:00:00.001 . Memory (MB): peak = 1754.387 ; gain = 0.000

Time (s): cpu = 00:00:22 ; elapsed = 00:00:20 . Memory (MB): peak = 1754.387 ; gain = 0.000
Phase 4 Post Placement Optimization and Clean-Up | Checksum: 1e090ec34

Time (s): cpu = 00:00:22 ; elapsed = 00:00:20 . Memory (MB): peak = 1754.387 ; gain = 0.000
Ending Placer Task | Checksum: 19924648d

Time (s): cpu = 00:00:22 ; elapsed = 00:00:20 . Memory (MB): peak = 1754.387 ; gain = 0.000
INFO: [Common 17-83] Releasing license: Implementation
80 Infos, 2 Warnings, 0 Critical Warnings and 0 Errors encountered.
place_design completed successfully
place_design: Time (s): cpu = 00:00:24 ; elapsed = 00:00:21 . Memory (MB): peak = 1754.387 ; gain = 27.180
WARNING: [Timing 38-242] The property HD.CLK_SRC of clock port "clk" is not set. In out-of-context mode, this prevents timing estimation for clock delay/skew
Resolution: Set the HD.CLK_SRC property of the out-of-context port to the location of the clock buffer instance in the top-level design
INFO: [Timing 38-78] ReportTimingParams: -max_paths 3 -nworst 1 -delay_type max -sort_by slack.
E02A_STAGE post_place	-1.718	0.122	u_rq/param3_reg[69]/C	u_rq/rq_reg[7]/D
Command: phys_opt_design
Attempting to get a license for feature 'Implementation' and/or device 'xc7z020'
INFO: [Common 17-349] Got license for feature 'Implementation' and/or device 'xc7z020'
Netlist sorting complete. Time (s): cpu = 00:00:00 ; elapsed = 00:00:00 . Memory (MB): peak = 1754.387 ; gain = 0.000

Starting Physical Synthesis Task

Phase 1 Physical Synthesis Initialization
INFO: [Physopt 32-721] Multithreading enabled for phys_opt_design using a maximum of 2 CPUs
WARNING: [Timing 38-242] The property HD.CLK_SRC of clock port "clk" is not set. In out-of-context mode, this prevents timing estimation for clock delay/skew
Resolution: Set the HD.CLK_SRC property of the out-of-context port to the location of the clock buffer instance in the top-level design
INFO: [Physopt 32-619] Estimated Timing Summary | WNS=-1.718 | TNS=-22.843 |
Phase 1 Physical Synthesis Initialization | Checksum: 25461bb9b

Time (s): cpu = 00:00:01 ; elapsed = 00:00:00.281 . Memory (MB): peak = 1754.387 ; gain = 0.000
INFO: [Physopt 32-619] Estimated Timing Summary | WNS=-1.718 | TNS=-22.843 |

Phase 2 DSP Register Optimization
INFO: [Physopt 32-456] No candidate cells for DSP register optimization found in the design.
INFO: [Physopt 32-775] End 2 Pass. Optimized 0 net or cell. Created 0 new cell, deleted 0 existing cell and moved 0 existing cell
Phase 2 DSP Register Optimization | Checksum: 25461bb9b

Time (s): cpu = 00:00:01 ; elapsed = 00:00:00.312 . Memory (MB): peak = 1754.387 ; gain = 0.000

Phase 3 Critical Path Optimization
INFO: [Physopt 32-619] Estimated Timing Summary | WNS=-1.718 | TNS=-22.843 |
INFO: [Physopt 32-702] Processed net u_rq/rq[7]. Optimizations did not improve timing on the net.
INFO: [Physopt 32-662] Processed net u_rq/p_0_in[5].  Did not re-place instance u_rq/param3_reg[69]
INFO: [Physopt 32-81] Processed net u_rq/p_0_in[5]. Replicated 2 times.
INFO: [Physopt 32-735] Processed net u_rq/p_0_in[5]. Optimization improves timing on the net.
INFO: [Physopt 32-619] Estimated Timing Summary | WNS=-1.718 | TNS=-22.843 |
INFO: [Physopt 32-662] Processed net u_rq/p_0_in[5].  Did not re-place instance u_rq/param3_reg[69]
INFO: [Physopt 32-572] Net u_rq/p_0_in[5] was not replicated.
Resolution: phys_opt_design can be forced to replicate a net driver using the option -force_replication_on_nets <list of net objects>.
INFO: [Physopt 32-702] Processed net u_rq/p_0_in[5]. Optimizations did not improve timing on the net.
INFO: [Physopt 32-702] Processed net u_rq/acc_sat2. Optimizations did not improve timing on the net.
INFO: [Physopt 32-702] Processed net u_rq/rq_reg[7]_i_35_n_0. Optimizations did not improve timing on the net.
INFO: [Physopt 32-702] Processed net u_rq/rq_reg[7]_i_98_n_0. Optimizations did not improve timing on the net.
INFO: [Physopt 32-702] Processed net u_rq/rq_reg[7]_i_229_n_0. Optimizations did not improve timing on the net.
INFO: [Physopt 32-702] Processed net u_rq/rq_reg[7]_i_379_n_0. Optimizations did not improve timing on the net.
INFO: [Physopt 32-702] Processed net u_rq/rq_reg[7]_i_585_n_0. Optimizations did not improve timing on the net.
INFO: [Physopt 32-702] Processed net u_rq/rq_reg[7]_i_693_n_0. Optimizations did not improve timing on the net.
INFO: [Physopt 32-662] Processed net u_rq/rq[7]_i_807_n_0.  Did not re-place instance u_rq/rq[7]_i_807
INFO: [Physopt 32-735] Processed net u_rq/rq[7]_i_807_n_0. Optimization improves timing on the net.
INFO: [Physopt 32-619] Estimated Timing Summary | WNS=-1.711 | TNS=-22.787 |
INFO: [Physopt 32-662] Processed net u_rq/rq[7]_i_383_n_0.  Did not re-place instance u_rq/rq[7]_i_383
INFO: [Physopt 32-735] Processed net u_rq/rq[7]_i_383_n_0. Optimization improves timing on the net.
INFO: [Physopt 32-619] Estimated Timing Summary | WNS=-1.685 | TNS=-22.579 |
INFO: [Physopt 32-662] Processed net u_rq/rq[7]_i_804_n_0.  Did not re-place instance u_rq/rq[7]_i_804
INFO: [Physopt 32-735] Processed net u_rq/rq[7]_i_804_n_0. Optimization improves timing on the net.
INFO: [Physopt 32-619] Estimated Timing Summary | WNS=-1.650 | TNS=-22.299 |
INFO: [Physopt 32-662] Processed net u_rq/rq[7]_i_806_n_0.  Did not re-place instance u_rq/rq[7]_i_806
INFO: [Physopt 32-702] Processed net u_rq/rq[7]_i_806_n_0. Optimizations did not improve timing on the net.
INFO: [Physopt 32-702] Processed net u_rq/rq_reg[7]_i_725_n_0. Optimizations did not improve timing on the net.
INFO: [Physopt 32-702] Processed net u_rq/rq[7]_i_857_n_0. Optimizations did not improve timing on the net.
INFO: [Physopt 32-662] Processed net u_rq/rq[7]_i_951_n_0.  Did not re-place instance u_rq/rq[7]_i_951
INFO: [Physopt 32-572] Net u_rq/rq[7]_i_951_n_0 was not replicated.
Resolution: phys_opt_design can be forced to replicate a net driver using the option -force_replication_on_nets <list of net objects>.
INFO: [Physopt 32-735] Processed net u_rq/rq[7]_i_951_n_0. Optimization improves timing on the net.
INFO: [Physopt 32-619] Estimated Timing Summary | WNS=-1.642 | TNS=-22.235 |
INFO: [Physopt 32-702] Processed net u_rq/rq_reg[7]_i_803_n_0. Optimizations did not improve timing on the net.
INFO: [Physopt 32-662] Processed net u_rq/rq[7]_i_901_n_0.  Did not re-place instance u_rq/rq[7]_i_901
INFO: [Physopt 32-702] Processed net u_rq/rq[7]_i_901_n_0. Optimizations did not improve timing on the net.
INFO: [Physopt 32-702] Processed net u_rq/rq_reg[7]_i_827_n_0. Optimizations did not improve timing on the net.
INFO: [Physopt 32-702] Processed net u_rq/rq[7]_i_926_n_0. Optimizations did not improve timing on the net.
INFO: [Physopt 32-662] Processed net u_rq/rq[7]_i_984_n_0.  Did not re-place instance u_rq/rq[7]_i_984
INFO: [Physopt 32-572] Net u_rq/rq[7]_i_984_n_0 was not replicated.
Resolution: phys_opt_design can be forced to replicate a net driver using the option -force_replication_on_nets <list of net objects>.
INFO: [Physopt 32-702] Processed net u_rq/rq[7]_i_984_n_0. Optimizations did not improve timing on the net.
INFO: [Physopt 32-662] Processed net u_rq/rq[7]_i_194_n_0.  Did not re-place instance u_rq/rq[7]_i_194
INFO: [Physopt 32-572] Net u_rq/rq[7]_i_194_n_0 was not replicated.
Resolution: phys_opt_design can be forced to replicate a net driver using the option -force_replication_on_nets <list of net objects>.
INFO: [Physopt 32-702] Processed net u_rq/rq[7]_i_194_n_0. Optimizations did not improve timing on the net.
INFO: [Physopt 32-702] Processed net u_rq/rq_reg[7]_i_369_n_6. Optimizations did not improve timing on the net.
INFO: [Physopt 32-702] Processed net u_rq/rq_reg[7]_i_366_n_0. Optimizations did not improve timing on the net.
INFO: [Physopt 32-702] Processed net u_rq/rq_reg[7]_i_372_n_0. Optimizations did not improve timing on the net.
INFO: [Physopt 32-702] Processed net u_rq/rq_reg[7]_i_362_n_0. Optimizations did not improve timing on the net.
INFO: [Physopt 32-702] Processed net u_rq/rq_reg[7]_i_368_n_0. Optimizations did not improve timing on the net.
INFO: [Physopt 32-702] Processed net u_rq/rq_reg[7]_i_365_n_0. Optimizations did not improve timing on the net.
INFO: [Physopt 32-702] Processed net u_rq/rq_reg[7]_i_371_n_0. Optimizations did not improve timing on the net.
INFO: [Physopt 32-702] Processed net u_rq/rq_reg[7]_i_364_n_0. Optimizations did not improve timing on the net.
INFO: [Physopt 32-702] Processed net u_rq/rq_reg[7]_i_370_n_0. Optimizations did not improve timing on the net.
INFO: [Physopt 32-702] Processed net u_rq/rq_reg[7]_i_367_n_0. Optimizations did not improve timing on the net.
INFO: [Physopt 32-702] Processed net u_rq/rq_reg[7]_i_373_n_0. Optimizations did not improve timing on the net.
INFO: [Physopt 32-702] Processed net u_rq/rq_reg[7]_i_374_n_0. Optimizations did not improve timing on the net.
INFO: [Physopt 32-702] Processed net u_rq/rq_reg[3]_i_12_n_0. Optimizations did not improve timing on the net.
INFO: [Physopt 32-702] Processed net u_rq/rq[3]_i_19_n_0. Optimizations did not improve timing on the net.
INFO: [Physopt 32-572] Net u_rq/rq[7]_i_692_n_0 was not replicated.
Resolution: phys_opt_design can be forced to replicate a net driver using the option -force_replication_on_nets <list of net objects>.
INFO: [Physopt 32-662] Processed net u_rq/rq[7]_i_692_n_0.  Did not re-place instance u_rq/rq[7]_i_692
INFO: [Physopt 32-710] Processed net u_rq/rq[3]_i_19_n_0. Critical path length was reduced through logic transformation on cell u_rq/rq[3]_i_19_comp.
INFO: [Physopt 32-735] Processed net u_rq/rq[7]_i_692_n_0. Optimization improves timing on the net.
INFO: [Physopt 32-619] Estimated Timing Summary | WNS=-1.624 | TNS=-21.965 |
INFO: [Physopt 32-702] Processed net u_rq/rq[3]_i_20_n_0. Optimizations did not improve timing on the net.
INFO: [Physopt 32-572] Net u_rq/rq[7]_i_692_n_0 was not replicated.
Resolution: phys_opt_design can be forced to replicate a net driver using the option -force_replication_on_nets <list of net objects>.
INFO: [Physopt 32-662] Processed net u_rq/rq[7]_i_692_n_0.  Did not re-place instance u_rq/rq[7]_i_692
INFO: [Physopt 32-710] Processed net u_rq/rq[3]_i_20_n_0. Critical path length was reduced through logic transformation on cell u_rq/rq[3]_i_20_comp.
INFO: [Physopt 32-735] Processed net u_rq/rq[7]_i_692_n_0. Optimization improves timing on the net.
INFO: [Physopt 32-619] Estimated Timing Summary | WNS=-1.603 | TNS=-21.356 |
INFO: [Physopt 32-662] Processed net u_rq/rq[7]_i_381_n_0.  Did not re-place instance u_rq/rq[7]_i_381
INFO: [Physopt 32-702] Processed net u_rq/rq[7]_i_381_n_0. Optimizations did not improve timing on the net.
INFO: [Physopt 32-702] Processed net u_rq/rq_reg[7]_i_256_n_0. Optimizations did not improve timing on the net.
INFO: [Physopt 32-735] Processed net u_rq/acc_sh10_in[42]. Optimization improves timing on the net.
INFO: [Physopt 32-619] Estimated Timing Summary | WNS=-1.546 | TNS=-20.900 |
INFO: [Physopt 32-81] Processed net u_rq/p_0_in[4]. Replicated 2 times.
INFO: [Physopt 32-735] Processed net u_rq/p_0_in[4]. Optimization improves timing on the net.
INFO: [Physopt 32-619] Estimated Timing Summary | WNS=-1.526 | TNS=-20.740 |
INFO: [Physopt 32-662] Processed net u_rq/rq[7]_i_900_n_0.  Did not re-place instance u_rq/rq[7]_i_900
INFO: [Physopt 32-735] Processed net u_rq/rq[7]_i_900_n_0. Optimization improves timing on the net.
INFO: [Physopt 32-619] Estimated Timing Summary | WNS=-1.523 | TNS=-20.716 |
INFO: [Physopt 32-663] Processed net u_rq/acc_r3_reg_n_103.  Re-placed instance u_rq/rq[7]_i_343_psdsp_2
INFO: [Physopt 32-735] Processed net u_rq/acc_r3_reg_n_103. Optimization improves timing on the net.
INFO: [Physopt 32-619] Estimated Timing Summary | WNS=-1.521 | TNS=-20.700 |
INFO: [Physopt 32-702] Processed net u_rq/rq[7]_i_583_n_0. Optimizations did not improve timing on the net.
INFO: [Physopt 32-572] Net u_rq/rq[7]_i_692_n_0 was not replicated.
Resolution: phys_opt_design can be forced to replicate a net driver using the option -force_replication_on_nets <list of net objects>.
INFO: [Physopt 32-662] Processed net u_rq/rq[7]_i_692_n_0.  Did not re-place instance u_rq/rq[7]_i_692
INFO: [Physopt 32-710] Processed net u_rq/rq[7]_i_583_n_0. Critical path length was reduced through logic transformation on cell u_rq/rq[7]_i_583_comp.
INFO: [Physopt 32-735] Processed net u_rq/rq[7]_i_692_n_0. Optimization improves timing on the net.
INFO: [Physopt 32-619] Estimated Timing Summary | WNS=-1.514 | TNS=-20.637 |
INFO: [Physopt 32-702] Processed net u_rq/rq_reg[7]_i_828_n_0. Optimizations did not improve timing on the net.
INFO: [Physopt 32-735] Processed net u_rq/acc_sh10_in[11]. Optimization improves timing on the net.
INFO: [Physopt 32-619] Estimated Timing Summary | WNS=-1.511 | TNS=-20.613 |
INFO: [Physopt 32-663] Processed net u_rq/acc_r3_reg__0_n_69.  Re-placed instance u_rq/rq[7]_i_343_psdsp_1
INFO: [Physopt 32-735] Processed net u_rq/acc_r3_reg__0_n_69. Optimization improves timing on the net.
INFO: [Physopt 32-619] Estimated Timing Summary | WNS=-1.505 | TNS=-20.565 |
INFO: [Physopt 32-663] Processed net u_rq/acc_mult_n_102.  Re-placed instance u_rq/rq[7]_i_342_psdsp
INFO: [Physopt 32-735] Processed net u_rq/acc_mult_n_102. Optimization improves timing on the net.
INFO: [Physopt 32-619] Estimated Timing Summary | WNS=-1.504 | TNS=-20.557 |
INFO: [Physopt 32-735] Processed net u_rq/acc_sh10_in[17]. Optimization improves timing on the net.
INFO: [Physopt 32-619] Estimated Timing Summary | WNS=-1.504 | TNS=-20.557 |
INFO: [Physopt 32-663] Processed net u_rq/acc_r3_reg__0_n_85.  Re-placed instance u_rq/rq[7]_i_678_psdsp
INFO: [Physopt 32-735] Processed net u_rq/acc_r3_reg__0_n_85. Optimization improves timing on the net.
INFO: [Physopt 32-619] Estimated Timing Summary | WNS=-1.503 | TNS=-20.549 |
INFO: [Physopt 32-702] Processed net u_rq/rq[7]_i_584_n_0. Optimizations did not improve timing on the net.
INFO: [Physopt 32-572] Net u_rq/rq[7]_i_692_n_0 was not replicated.
Resolution: phys_opt_design can be forced to replicate a net driver using the option -force_replication_on_nets <list of net objects>.
INFO: [Physopt 32-662] Processed net u_rq/rq[7]_i_692_n_0.  Did not re-place instance u_rq/rq[7]_i_692
INFO: [Physopt 32-710] Processed net u_rq/rq[7]_i_584_n_0. Critical path length was reduced through logic transformation on cell u_rq/rq[7]_i_584_comp.
INFO: [Physopt 32-735] Processed net u_rq/rq[7]_i_692_n_0. Optimization improves timing on the net.
INFO: [Physopt 32-619] Estimated Timing Summary | WNS=-1.488 | TNS=-20.415 |
INFO: [Physopt 32-702] Processed net u_rq/rq[3]_i_17_n_0. Optimizations did not improve timing on the net.
INFO: [Physopt 32-572] Net u_rq/rq[7]_i_692_n_0 was not replicated.
Resolution: phys_opt_design can be forced to replicate a net driver using the option -force_replication_on_nets <list of net objects>.
INFO: [Physopt 32-662] Processed net u_rq/rq[7]_i_692_n_0.  Did not re-place instance u_rq/rq[7]_i_692
INFO: [Physopt 32-710] Processed net u_rq/rq[3]_i_17_n_0. Critical path length was reduced through logic transformation on cell u_rq/rq[3]_i_17_comp.
INFO: [Physopt 32-735] Processed net u_rq/rq[7]_i_692_n_0. Optimization improves timing on the net.
INFO: [Physopt 32-619] Estimated Timing Summary | WNS=-1.484 | TNS=-20.376 |
INFO: [Physopt 32-735] Processed net u_rq/acc_sh10_in[42]. Optimization improves timing on the net.
INFO: [Physopt 32-619] Estimated Timing Summary | WNS=-1.481 | TNS=-20.352 |
INFO: [Physopt 32-702] Processed net u_rq/rq[3]_i_18_n_0. Optimizations did not improve timing on the net.
INFO: [Physopt 32-572] Net u_rq/rq[7]_i_692_n_0 was not replicated.
Resolution: phys_opt_design can be forced to replicate a net driver using the option -force_replication_on_nets <list of net objects>.
INFO: [Physopt 32-662] Processed net u_rq/rq[7]_i_692_n_0.  Did not re-place instance u_rq/rq[7]_i_692
INFO: [Physopt 32-710] Processed net u_rq/rq[3]_i_18_n_0. Critical path length was reduced through logic transformation on cell u_rq/rq[3]_i_18_comp.
INFO: [Physopt 32-735] Processed net u_rq/rq[7]_i_692_n_0. Optimization improves timing on the net.
INFO: [Physopt 32-619] Estimated Timing Summary | WNS=-1.474 | TNS=-20.275 |
INFO: [Physopt 32-662] Processed net u_rq/acc_mult_n_104.  Did not re-place instance u_rq/rq[7]_i_344_psdsp
INFO: [Physopt 32-81] Processed net u_rq/acc_mult_n_104. Replicated 1 times.
INFO: [Physopt 32-735] Processed net u_rq/acc_mult_n_104. Optimization improves timing on the net.
INFO: [Physopt 32-619] Estimated Timing Summary | WNS=-1.471 | TNS=-20.251 |
INFO: [Physopt 32-702] Processed net u_rq/rq_reg[7]_i_724_n_0. Optimizations did not improve timing on the net.
INFO: [Physopt 32-702] Processed net u_rq/acc_sh10_in[16]. Optimizations did not improve timing on the net.
INFO: [Physopt 32-662] Processed net u_rq/rq[7]_i_954_n_0.  Did not re-place instance u_rq/rq[7]_i_954
INFO: [Physopt 32-572] Net u_rq/rq[7]_i_954_n_0 was not replicated.
Resolution: phys_opt_design can be forced to replicate a net driver using the option -force_replication_on_nets <list of net objects>.
INFO: [Physopt 32-702] Processed net u_rq/rq[7]_i_954_n_0. Optimizations did not improve timing on the net.
INFO: [Physopt 32-662] Processed net u_rq/rq[7]_i_962_n_0.  Did not re-place instance u_rq/rq[7]_i_962
INFO: [Physopt 32-572] Net u_rq/rq[7]_i_962_n_0 was not replicated.
Resolution: phys_opt_design can be forced to replicate a net driver using the option -force_replication_on_nets <list of net objects>.
INFO: [Physopt 32-702] Processed net u_rq/rq[7]_i_962_n_0. Optimizations did not improve timing on the net.
INFO: [Physopt 32-702] Processed net u_rq/rq_reg[7]_i_133_n_4. Optimizations did not improve timing on the net.
INFO: [Physopt 32-702] Processed net u_rq/rq_reg[7]_i_292_n_0. Optimizations did not improve timing on the net.
INFO: [Physopt 32-702] Processed net u_rq/rq_reg[7]_i_350_n_0. Optimizations did not improve timing on the net.
INFO: [Physopt 32-702] Processed net u_rq/rq_reg[7]_i_356_n_0. Optimizations did not improve timing on the net.
INFO: [Physopt 32-702] Processed net u_rq/rq_reg[7]_i_353_n_0. Optimizations did not improve timing on the net.
INFO: [Physopt 32-702] Processed net u_rq/rq_reg[7]_i_359_n_0. Optimizations did not improve timing on the net.
INFO: [Physopt 32-702] Processed net u_rq/rq_reg[7]_i_349_n_0. Optimizations did not improve timing on the net.
INFO: [Physopt 32-702] Processed net u_rq/rq_reg[7]_i_355_n_0. Optimizations did not improve timing on the net.
INFO: [Physopt 32-702] Processed net u_rq/rq_reg[7]_i_352_n_0. Optimizations did not improve timing on the net.
INFO: [Physopt 32-702] Processed net u_rq/rq_reg[7]_i_358_n_0. Optimizations did not improve timing on the net.
INFO: [Physopt 32-702] Processed net u_rq/rq_reg[7]_i_351_n_0. Optimizations did not improve timing on the net.
INFO: [Physopt 32-702] Processed net u_rq/rq_reg[7]_i_357_n_0. Optimizations did not improve timing on the net.
INFO: [Physopt 32-702] Processed net u_rq/rq_reg[7]_i_354_n_0. Optimizations did not improve timing on the net.
INFO: [Physopt 32-702] Processed net u_rq/rq_reg[7]_i_360_n_0. Optimizations did not improve timing on the net.
INFO: [Physopt 32-702] Processed net u_rq/rq_reg[7]_i_361_n_0. Optimizations did not improve timing on the net.
INFO: [Physopt 32-702] Processed net u_rq/rq_reg[3]_i_11_n_0. Optimizations did not improve timing on the net.
INFO: [Physopt 32-702] Processed net u_rq/rq[3]_i_15_n_0. Optimizations did not improve timing on the net.
INFO: [Physopt 32-572] Net u_rq/rq[7]_i_692_n_0 was not replicated.
Resolution: phys_opt_design can be forced to replicate a net driver using the option -force_replication_on_nets <list of net objects>.
INFO: [Physopt 32-662] Processed net u_rq/rq[7]_i_692_n_0.  Did not re-place instance u_rq/rq[7]_i_692
INFO: [Physopt 32-134] Processed net u_rq/rq[7]_i_692_n_0. Rewiring did not optimize the net.
INFO: [Physopt 32-572] Net u_rq/rq[7]_i_692_n_0 was not replicated.
Resolution: phys_opt_design can be forced to replicate a net driver using the option -force_replication_on_nets <list of net objects>.
INFO: [Physopt 32-702] Processed net u_rq/rq[7]_i_692_n_0. Optimizations did not improve timing on the net.
INFO: [Physopt 32-702] Processed net u_rq/rq[7]_i_2_n_0. Optimizations did not improve timing on the net.
INFO: [Physopt 32-702] Processed net u_rq/rq[7]. Optimizations did not improve timing on the net.
INFO: [Physopt 32-662] Processed net u_rq/p_0_in[5].  Did not re-place instance u_rq/param3_reg[69]
INFO: [Physopt 32-702] Processed net u_rq/p_0_in[5]. Optimizations did not improve timing on the net.
INFO: [Physopt 32-702] Processed net u_rq/acc_sat2. Optimizations did not improve timing on the net.
INFO: [Physopt 32-662] Processed net u_rq/rq[7]_i_806_n_0.  Did not re-place instance u_rq/rq[7]_i_806
INFO: [Physopt 32-702] Processed net u_rq/rq[7]_i_806_n_0. Optimizations did not improve timing on the net.
INFO: [Physopt 32-702] Processed net u_rq/rq_reg[7]_i_724_n_0. Optimizations did not improve timing on the net.
INFO: [Physopt 32-702] Processed net u_rq/acc_sh10_in[16]. Optimizations did not improve timing on the net.
INFO: [Physopt 32-662] Processed net u_rq/rq[7]_i_954_n_0.  Did not re-place instance u_rq/rq[7]_i_954
INFO: [Physopt 32-702] Processed net u_rq/rq[7]_i_954_n_0. Optimizations did not improve timing on the net.
INFO: [Physopt 32-662] Processed net u_rq/rq[7]_i_962_n_0.  Did not re-place instance u_rq/rq[7]_i_962
INFO: [Physopt 32-702] Processed net u_rq/rq[7]_i_962_n_0. Optimizations did not improve timing on the net.
INFO: [Physopt 32-702] Processed net u_rq/rq_reg[7]_i_133_n_4. Optimizations did not improve timing on the net.
INFO: [Physopt 32-702] Processed net u_rq/rq[3]_i_15_n_0. Optimizations did not improve timing on the net.
INFO: [Physopt 32-662] Processed net u_rq/rq[7]_i_692_n_0.  Did not re-place instance u_rq/rq[7]_i_692
INFO: [Physopt 32-702] Processed net u_rq/rq[7]_i_692_n_0. Optimizations did not improve timing on the net.
INFO: [Physopt 32-702] Processed net u_rq/rq[7]_i_2_n_0. Optimizations did not improve timing on the net.
INFO: [Physopt 32-619] Estimated Timing Summary | WNS=-1.471 | TNS=-20.251 |
Phase 3 Critical Path Optimization | Checksum: 25461bb9b

Time (s): cpu = 00:00:09 ; elapsed = 00:00:05 . Memory (MB): peak = 1754.387 ; gain = 0.000

Phase 4 Critical Path Optimization
INFO: [Physopt 32-619] Estimated Timing Summary | WNS=-1.471 | TNS=-20.251 |
INFO: [Physopt 32-702] Processed net u_rq/rq[7]. Optimizations did not improve timing on the net.
INFO: [Physopt 32-572] Net u_rq/p_0_in[5] was not replicated.
Resolution: phys_opt_design can be forced to replicate a net driver using the option -force_replication_on_nets <list of net objects>.
INFO: [Physopt 32-662] Processed net u_rq/p_0_in[5].  Did not re-place instance u_rq/param3_reg[69]
INFO: [Physopt 32-702] Processed net u_rq/p_0_in[5]. Optimizations did not improve timing on the net.
INFO: [Physopt 32-702] Processed net u_rq/acc_sat2. Optimizations did not improve timing on the net.
INFO: [Physopt 32-702] Processed net u_rq/rq_reg[7]_i_35_n_0. Optimizations did not improve timing on the net.
INFO: [Physopt 32-702] Processed net u_rq/rq_reg[7]_i_98_n_0. Optimizations did not improve timing on the net.
INFO: [Physopt 32-702] Processed net u_rq/rq_reg[7]_i_229_n_0. Optimizations did not improve timing on the net.
INFO: [Physopt 32-702] Processed net u_rq/rq_reg[7]_i_379_n_0. Optimizations did not improve timing on the net.
INFO: [Physopt 32-702] Processed net u_rq/rq_reg[7]_i_585_n_0. Optimizations did not improve timing on the net.
INFO: [Physopt 32-702] Processed net u_rq/rq_reg[7]_i_693_n_0. Optimizations did not improve timing on the net.
INFO: [Physopt 32-662] Processed net u_rq/rq[7]_i_806_n_0.  Did not re-place instance u_rq/rq[7]_i_806
INFO: [Physopt 32-702] Processed net u_rq/rq[7]_i_806_n_0. Optimizations did not improve timing on the net.
INFO: [Physopt 32-702] Processed net u_rq/rq_reg[7]_i_724_n_0. Optimizations did not improve timing on the net.
INFO: [Physopt 32-702] Processed net u_rq/acc_sh10_in[16]. Optimizations did not improve timing on the net.
INFO: [Physopt 32-662] Processed net u_rq/rq[7]_i_954_n_0.  Did not re-place instance u_rq/rq[7]_i_954
INFO: [Physopt 32-572] Net u_rq/rq[7]_i_954_n_0 was not replicated.
Resolution: phys_opt_design can be forced to replicate a net driver using the option -force_replication_on_nets <list of net objects>.
INFO: [Physopt 32-702] Processed net u_rq/rq[7]_i_954_n_0. Optimizations did not improve timing on the net.
INFO: [Physopt 32-662] Processed net u_rq/rq[7]_i_962_n_0.  Did not re-place instance u_rq/rq[7]_i_962
INFO: [Physopt 32-572] Net u_rq/rq[7]_i_962_n_0 was not replicated.
Resolution: phys_opt_design can be forced to replicate a net driver using the option -force_replication_on_nets <list of net objects>.
INFO: [Physopt 32-702] Processed net u_rq/rq[7]_i_962_n_0. Optimizations did not improve timing on the net.
INFO: [Physopt 32-702] Processed net u_rq/rq_reg[7]_i_133_n_4. Optimizations did not improve timing on the net.
INFO: [Physopt 32-702] Processed net u_rq/rq_reg[7]_i_292_n_0. Optimizations did not improve timing on the net.
INFO: [Physopt 32-702] Processed net u_rq/rq_reg[7]_i_350_n_0. Optimizations did not improve timing on the net.
INFO: [Physopt 32-702] Processed net u_rq/rq_reg[7]_i_356_n_0. Optimizations did not improve timing on the net.
INFO: [Physopt 32-702] Processed net u_rq/rq_reg[7]_i_353_n_0. Optimizations did not improve timing on the net.
INFO: [Physopt 32-702] Processed net u_rq/rq_reg[7]_i_359_n_0. Optimizations did not improve timing on the net.
INFO: [Physopt 32-702] Processed net u_rq/rq_reg[7]_i_349_n_0. Optimizations did not improve timing on the net.
INFO: [Physopt 32-702] Processed net u_rq/rq_reg[7]_i_355_n_0. Optimizations did not improve timing on the net.
INFO: [Physopt 32-702] Processed net u_rq/rq_reg[7]_i_352_n_0. Optimizations did not improve timing on the net.
INFO: [Physopt 32-702] Processed net u_rq/rq_reg[7]_i_358_n_0. Optimizations did not improve timing on the net.
INFO: [Physopt 32-702] Processed net u_rq/rq_reg[7]_i_351_n_0. Optimizations did not improve timing on the net.
INFO: [Physopt 32-702] Processed net u_rq/rq_reg[7]_i_357_n_0. Optimizations did not improve timing on the net.
INFO: [Physopt 32-702] Processed net u_rq/rq_reg[7]_i_354_n_0. Optimizations did not improve timing on the net.
INFO: [Physopt 32-702] Processed net u_rq/rq_reg[7]_i_360_n_0. Optimizations did not improve timing on the net.
INFO: [Physopt 32-702] Processed net u_rq/rq_reg[7]_i_361_n_0. Optimizations did not improve timing on the net.
INFO: [Physopt 32-702] Processed net u_rq/rq_reg[3]_i_11_n_0. Optimizations did not improve timing on the net.
INFO: [Physopt 32-702] Processed net u_rq/rq[3]_i_15_n_0. Optimizations did not improve timing on the net.
INFO: [Physopt 32-572] Net u_rq/rq[7]_i_692_n_0 was not replicated.
Resolution: phys_opt_design can be forced to replicate a net driver using the option -force_replication_on_nets <list of net objects>.
INFO: [Physopt 32-662] Processed net u_rq/rq[7]_i_692_n_0.  Did not re-place instance u_rq/rq[7]_i_692
INFO: [Physopt 32-134] Processed net u_rq/rq[7]_i_692_n_0. Rewiring did not optimize the net.
INFO: [Physopt 32-572] Net u_rq/rq[7]_i_692_n_0 was not replicated.
Resolution: phys_opt_design can be forced to replicate a net driver using the option -force_replication_on_nets <list of net objects>.
INFO: [Physopt 32-702] Processed net u_rq/rq[7]_i_692_n_0. Optimizations did not improve timing on the net.
INFO: [Physopt 32-702] Processed net u_rq/rq[7]_i_2_n_0. Optimizations did not improve timing on the net.
INFO: [Physopt 32-702] Processed net u_rq/rq[7]. Optimizations did not improve timing on the net.
INFO: [Physopt 32-662] Processed net u_rq/p_0_in[5].  Did not re-place instance u_rq/param3_reg[69]
INFO: [Physopt 32-702] Processed net u_rq/p_0_in[5]. Optimizations did not improve timing on the net.
INFO: [Physopt 32-702] Processed net u_rq/acc_sat2. Optimizations did not improve timing on the net.
INFO: [Physopt 32-662] Processed net u_rq/rq[7]_i_806_n_0.  Did not re-place instance u_rq/rq[7]_i_806
INFO: [Physopt 32-702] Processed net u_rq/rq[7]_i_806_n_0. Optimizations did not improve timing on the net.
INFO: [Physopt 32-702] Processed net u_rq/rq_reg[7]_i_724_n_0. Optimizations did not improve timing on the net.
INFO: [Physopt 32-702] Processed net u_rq/acc_sh10_in[16]. Optimizations did not improve timing on the net.
INFO: [Physopt 32-662] Processed net u_rq/rq[7]_i_954_n_0.  Did not re-place instance u_rq/rq[7]_i_954
INFO: [Physopt 32-702] Processed net u_rq/rq[7]_i_954_n_0. Optimizations did not improve timing on the net.
INFO: [Physopt 32-662] Processed net u_rq/rq[7]_i_962_n_0.  Did not re-place instance u_rq/rq[7]_i_962
INFO: [Physopt 32-702] Processed net u_rq/rq[7]_i_962_n_0. Optimizations did not improve timing on the net.
INFO: [Physopt 32-702] Processed net u_rq/rq_reg[7]_i_133_n_4. Optimizations did not improve timing on the net.
INFO: [Physopt 32-702] Processed net u_rq/rq[3]_i_15_n_0. Optimizations did not improve timing on the net.
INFO: [Physopt 32-662] Processed net u_rq/rq[7]_i_692_n_0.  Did not re-place instance u_rq/rq[7]_i_692
INFO: [Physopt 32-702] Processed net u_rq/rq[7]_i_692_n_0. Optimizations did not improve timing on the net.
INFO: [Physopt 32-702] Processed net u_rq/rq[7]_i_2_n_0. Optimizations did not improve timing on the net.
INFO: [Physopt 32-619] Estimated Timing Summary | WNS=-1.471 | TNS=-20.251 |
Phase 4 Critical Path Optimization | Checksum: 25461bb9b

Time (s): cpu = 00:00:12 ; elapsed = 00:00:07 . Memory (MB): peak = 1754.387 ; gain = 0.000
Netlist sorting complete. Time (s): cpu = 00:00:00 ; elapsed = 00:00:00.007 . Memory (MB): peak = 1754.387 ; gain = 0.000
INFO: [Physopt 32-603] Post Physical Optimization Timing Summary | WNS=-1.471 | TNS=-20.251 |

Summary of Physical Synthesis Optimizations
============================================


-------------------------------------------------------------------------------------------------------------------------------------------------------------
|  Optimization   |  WNS Gain (ns)  |  TNS Gain (ns)  |  Added Cells  |  Removed Cells  |  Optimized Cells/Nets  |  Dont Touch  |  Iterations  |  Elapsed   |
-------------------------------------------------------------------------------------------------------------------------------------------------------------
|  DSP Register   |          0.000  |          0.000  |            0  |              0  |                     0  |           0  |           1  |  00:00:00  |
|  Critical Path  |          0.247  |          2.592  |            5  |              0  |                    22  |           0  |           2  |  00:00:07  |
|  Total          |          0.247  |          2.592  |            5  |              0  |                    22  |           0  |           3  |  00:00:07  |
-------------------------------------------------------------------------------------------------------------------------------------------------------------


Netlist sorting complete. Time (s): cpu = 00:00:00 ; elapsed = 00:00:00.001 . Memory (MB): peak = 1754.387 ; gain = 0.000
Ending Physical Synthesis Task | Checksum: 2228c0b1c

Time (s): cpu = 00:00:12 ; elapsed = 00:00:07 . Memory (MB): peak = 1754.387 ; gain = 0.000
INFO: [Common 17-83] Releasing license: Implementation
328 Infos, 4 Warnings, 0 Critical Warnings and 0 Errors encountered.
phys_opt_design completed successfully
phys_opt_design: Time (s): cpu = 00:00:12 ; elapsed = 00:00:07 . Memory (MB): peak = 1754.387 ; gain = 0.000
WARNING: [Timing 38-242] The property HD.CLK_SRC of clock port "clk" is not set. In out-of-context mode, this prevents timing estimation for clock delay/skew
Resolution: Set the HD.CLK_SRC property of the out-of-context port to the location of the clock buffer instance in the top-level design
INFO: [Timing 38-78] ReportTimingParams: -max_paths 3 -nworst 1 -delay_type max -sort_by slack.
E02A_STAGE post_phys_opt	-1.471	0.122	u_rq/param3_reg[69]/C	u_rq/rq_reg[7]/D
Command: route_design
Attempting to get a license for feature 'Implementation' and/or device 'xc7z020'
INFO: [Common 17-349] Got license for feature 'Implementation' and/or device 'xc7z020'
INFO: [DRC 23-27] Running DRC with 2 threads
INFO: [Vivado_Tcl 4-198] DRC finished with 0 Errors
INFO: [Vivado_Tcl 4-199] Please refer to the DRC report (report_drc) for more information.
Running DRC as a precondition to command route_design
INFO: [DRC 23-27] Running DRC with 2 threads
INFO: [Vivado_Tcl 4-198] DRC finished with 0 Errors
INFO: [Vivado_Tcl 4-199] Please refer to the DRC report (report_drc) for more information.


Starting Routing Task
INFO: [Route 35-254] Multithreading enabled for route_design using a maximum of 2 CPUs
Checksum: PlaceDB: b8e6e812 ConstDB: 0 ShapeSum: f2ae382e RouteDB: 0

Phase 1 Build RT Design
WARNING: [Route 35-198] Port "fc_param_rdata[63]" does not have an associated HD.PARTPIN_LOCS, which will prevent the partial routing of the signal "fc_param_rdata[63]". Without this partial route, timing analysis to/from this port will not be accurate, and no routing information for this port can be exported.
WARNING: [Route 35-198] Port "fc_param_rdata[62]" does not have an associated HD.PARTPIN_LOCS, which will prevent the partial routing of the signal "fc_param_rdata[62]". Without this partial route, timing analysis to/from this port will not be accurate, and no routing information for this port can be exported.
WARNING: [Route 35-198] Port "fc_param_rdata[61]" does not have an associated HD.PARTPIN_LOCS, which will prevent the partial routing of the signal "fc_param_rdata[61]". Without this partial route, timing analysis to/from this port will not be accurate, and no routing information for this port can be exported.
WARNING: [Route 35-198] Port "fc_param_rdata[60]" does not have an associated HD.PARTPIN_LOCS, which will prevent the partial routing of the signal "fc_param_rdata[60]". Without this partial route, timing analysis to/from this port will not be accurate, and no routing information for this port can be exported.
WARNING: [Route 35-198] Port "fc_param_rdata[59]" does not have an associated HD.PARTPIN_LOCS, which will prevent the partial routing of the signal "fc_param_rdata[59]". Without this partial route, timing analysis to/from this port will not be accurate, and no routing information for this port can be exported.
WARNING: [Route 35-198] Port "fc_param_rdata[58]" does not have an associated HD.PARTPIN_LOCS, which will prevent the partial routing of the signal "fc_param_rdata[58]". Without this partial route, timing analysis to/from this port will not be accurate, and no routing information for this port can be exported.
WARNING: [Route 35-198] Port "fc_param_rdata[57]" does not have an associated HD.PARTPIN_LOCS, which will prevent the partial routing of the signal "fc_param_rdata[57]". Without this partial route, timing analysis to/from this port will not be accurate, and no routing information for this port can be exported.
WARNING: [Route 35-198] Port "fc_param_rdata[56]" does not have an associated HD.PARTPIN_LOCS, which will prevent the partial routing of the signal "fc_param_rdata[56]". Without this partial route, timing analysis to/from this port will not be accurate, and no routing information for this port can be exported.
WARNING: [Route 35-198] Port "fc_param_rdata[55]" does not have an associated HD.PARTPIN_LOCS, which will prevent the partial routing of the signal "fc_param_rdata[55]". Without this partial route, timing analysis to/from this port will not be accurate, and no routing information for this port can be exported.
WARNING: [Route 35-198] Port "fc_param_rdata[54]" does not have an associated HD.PARTPIN_LOCS, which will prevent the partial routing of the signal "fc_param_rdata[54]". Without this partial route, timing analysis to/from this port will not be accurate, and no routing information for this port can be exported.
WARNING: [Route 35-198] Port "fc_param_rdata[53]" does not have an associated HD.PARTPIN_LOCS, which will prevent the partial routing of the signal "fc_param_rdata[53]". Without this partial route, timing analysis to/from this port will not be accurate, and no routing information for this port can be exported.
WARNING: [Route 35-198] Port "fc_param_rdata[52]" does not have an associated HD.PARTPIN_LOCS, which will prevent the partial routing of the signal "fc_param_rdata[52]". Without this partial route, timing analysis to/from this port will not be accurate, and no routing information for this port can be exported.
WARNING: [Route 35-198] Port "fc_param_rdata[51]" does not have an associated HD.PARTPIN_LOCS, which will prevent the partial routing of the signal "fc_param_rdata[51]". Without this partial route, timing analysis to/from this port will not be accurate, and no routing information for this port can be exported.
WARNING: [Route 35-198] Port "fc_param_rdata[50]" does not have an associated HD.PARTPIN_LOCS, which will prevent the partial routing of the signal "fc_param_rdata[50]". Without this partial route, timing analysis to/from this port will not be accurate, and no routing information for this port can be exported.
WARNING: [Route 35-198] Port "fc_param_rdata[49]" does not have an associated HD.PARTPIN_LOCS, which will prevent the partial routing of the signal "fc_param_rdata[49]". Without this partial route, timing analysis to/from this port will not be accurate, and no routing information for this port can be exported.
WARNING: [Route 35-198] Port "rst_n" does not have an associated HD.PARTPIN_LOCS, which will prevent the partial routing of the signal "rst_n". Without this partial route, timing analysis to/from this port will not be accurate, and no routing information for this port can be exported.
WARNING: [Route 35-197] Clock port "clk" does not have an associated HD.CLK_SRC. Without this constraint, timing analysis may not be accurate and upstream checks cannot be done to ensure correct clock placement.
WARNING: [Route 35-198] Port "fc_param_rdata[48]" does not have an associated HD.PARTPIN_LOCS, which will prevent the partial routing of the signal "fc_param_rdata[48]". Without this partial route, timing analysis to/from this port will not be accurate, and no routing information for this port can be exported.
WARNING: [Route 35-198] Port "fc_param_rdata[47]" does not have an associated HD.PARTPIN_LOCS, which will prevent the partial routing of the signal "fc_param_rdata[47]". Without this partial route, timing analysis to/from this port will not be accurate, and no routing information for this port can be exported.
WARNING: [Route 35-198] Port "fc_param_rdata[46]" does not have an associated HD.PARTPIN_LOCS, which will prevent the partial routing of the signal "fc_param_rdata[46]". Without this partial route, timing analysis to/from this port will not be accurate, and no routing information for this port can be exported.
WARNING: [Route 35-198] Port "fc_param_rdata[45]" does not have an associated HD.PARTPIN_LOCS, which will prevent the partial routing of the signal "fc_param_rdata[45]". Without this partial route, timing analysis to/from this port will not be accurate, and no routing information for this port can be exported.
WARNING: [Route 35-198] Port "fc_param_rdata[44]" does not have an associated HD.PARTPIN_LOCS, which will prevent the partial routing of the signal "fc_param_rdata[44]". Without this partial route, timing analysis to/from this port will not be accurate, and no routing information for this port can be exported.
WARNING: [Route 35-198] Port "fc_param_rdata[43]" does not have an associated HD.PARTPIN_LOCS, which will prevent the partial routing of the signal "fc_param_rdata[43]". Without this partial route, timing analysis to/from this port will not be accurate, and no routing information for this port can be exported.
WARNING: [Route 35-198] Port "fc_param_rdata[42]" does not have an associated HD.PARTPIN_LOCS, which will prevent the partial routing of the signal "fc_param_rdata[42]". Without this partial route, timing analysis to/from this port will not be accurate, and no routing information for this port can be exported.
WARNING: [Route 35-198] Port "fc_param_rdata[41]" does not have an associated HD.PARTPIN_LOCS, which will prevent the partial routing of the signal "fc_param_rdata[41]". Without this partial route, timing analysis to/from this port will not be accurate, and no routing information for this port can be exported.
WARNING: [Route 35-198] Port "fc_param_rdata[40]" does not have an associated HD.PARTPIN_LOCS, which will prevent the partial routing of the signal "fc_param_rdata[40]". Without this partial route, timing analysis to/from this port will not be accurate, and no routing information for this port can be exported.
WARNING: [Route 35-198] Port "fc_param_rdata[39]" does not have an associated HD.PARTPIN_LOCS, which will prevent the partial routing of the signal "fc_param_rdata[39]". Without this partial route, timing analysis to/from this port will not be accurate, and no routing information for this port can be exported.
WARNING: [Route 35-198] Port "fc_param_rdata[38]" does not have an associated HD.PARTPIN_LOCS, which will prevent the partial routing of the signal "fc_param_rdata[38]". Without this partial route, timing analysis to/from this port will not be accurate, and no routing information for this port can be exported.
WARNING: [Route 35-198] Port "fc_param_rdata[37]" does not have an associated HD.PARTPIN_LOCS, which will prevent the partial routing of the signal "fc_param_rdata[37]". Without this partial route, timing analysis to/from this port will not be accurate, and no routing information for this port can be exported.
WARNING: [Route 35-198] Port "fc_param_rdata[36]" does not have an associated HD.PARTPIN_LOCS, which will prevent the partial routing of the signal "fc_param_rdata[36]". Without this partial route, timing analysis to/from this port will not be accurate, and no routing information for this port can be exported.
WARNING: [Route 35-198] Port "fc_param_rdata[35]" does not have an associated HD.PARTPIN_LOCS, which will prevent the partial routing of the signal "fc_param_rdata[35]". Without this partial route, timing analysis to/from this port will not be accurate, and no routing information for this port can be exported.
WARNING: [Route 35-198] Port "fc_param_rdata[34]" does not have an associated HD.PARTPIN_LOCS, which will prevent the partial routing of the signal "fc_param_rdata[34]". Without this partial route, timing analysis to/from this port will not be accurate, and no routing information for this port can be exported.
WARNING: [Route 35-198] Port "fc_param_rdata[33]" does not have an associated HD.PARTPIN_LOCS, which will prevent the partial routing of the signal "fc_param_rdata[33]". Without this partial route, timing analysis to/from this port will not be accurate, and no routing information for this port can be exported.
WARNING: [Route 35-198] Port "fc_param_rdata[32]" does not have an associated HD.PARTPIN_LOCS, which will prevent the partial routing of the signal "fc_param_rdata[32]". Without this partial route, timing analysis to/from this port will not be accurate, and no routing information for this port can be exported.
WARNING: [Route 35-198] Port "fcw_rdata[29]" does not have an associated HD.PARTPIN_LOCS, which will prevent the partial routing of the signal "fcw_rdata[29]". Without this partial route, timing analysis to/from this port will not be accurate, and no routing information for this port can be exported.
WARNING: [Route 35-198] Port "fcw_rdata[28]" does not have an associated HD.PARTPIN_LOCS, which will prevent the partial routing of the signal "fcw_rdata[28]". Without this partial route, timing analysis to/from this port will not be accurate, and no routing information for this port can be exported.
WARNING: [Route 35-198] Port "fcw_rdata[27]" does not have an associated HD.PARTPIN_LOCS, which will prevent the partial routing of the signal "fcw_rdata[27]". Without this partial route, timing analysis to/from this port will not be accurate, and no routing information for this port can be exported.
WARNING: [Route 35-198] Port "fcw_rdata[26]" does not have an associated HD.PARTPIN_LOCS, which will prevent the partial routing of the signal "fcw_rdata[26]". Without this partial route, timing analysis to/from this port will not be accurate, and no routing information for this port can be exported.
WARNING: [Route 35-198] Port "flat_rdata[59]" does not have an associated HD.PARTPIN_LOCS, which will prevent the partial routing of the signal "flat_rdata[59]". Without this partial route, timing analysis to/from this port will not be accurate, and no routing information for this port can be exported.
WARNING: [Route 35-198] Port "hidden_rdata[59]" does not have an associated HD.PARTPIN_LOCS, which will prevent the partial routing of the signal "hidden_rdata[59]". Without this partial route, timing analysis to/from this port will not be accurate, and no routing information for this port can be exported.
WARNING: [Route 35-198] Port "flat_rdata[58]" does not have an associated HD.PARTPIN_LOCS, which will prevent the partial routing of the signal "flat_rdata[58]". Without this partial route, timing analysis to/from this port will not be accurate, and no routing information for this port can be exported.
WARNING: [Route 35-198] Port "hidden_rdata[58]" does not have an associated HD.PARTPIN_LOCS, which will prevent the partial routing of the signal "hidden_rdata[58]". Without this partial route, timing analysis to/from this port will not be accurate, and no routing information for this port can be exported.
WARNING: [Route 35-198] Port "flat_rdata[57]" does not have an associated HD.PARTPIN_LOCS, which will prevent the partial routing of the signal "flat_rdata[57]". Without this partial route, timing analysis to/from this port will not be accurate, and no routing information for this port can be exported.
WARNING: [Route 35-198] Port "hidden_rdata[57]" does not have an associated HD.PARTPIN_LOCS, which will prevent the partial routing of the signal "hidden_rdata[57]". Without this partial route, timing analysis to/from this port will not be accurate, and no routing information for this port can be exported.
WARNING: [Route 35-198] Port "flat_rdata[56]" does not have an associated HD.PARTPIN_LOCS, which will prevent the partial routing of the signal "flat_rdata[56]". Without this partial route, timing analysis to/from this port will not be accurate, and no routing information for this port can be exported.
WARNING: [Route 35-198] Port "hidden_rdata[56]" does not have an associated HD.PARTPIN_LOCS, which will prevent the partial routing of the signal "hidden_rdata[56]". Without this partial route, timing analysis to/from this port will not be accurate, and no routing information for this port can be exported.
WARNING: [Route 35-198] Port "fcw_rdata[59]" does not have an associated HD.PARTPIN_LOCS, which will prevent the partial routing of the signal "fcw_rdata[59]". Without this partial route, timing analysis to/from this port will not be accurate, and no routing information for this port can be exported.
WARNING: [Route 35-198] Port "fcw_rdata[58]" does not have an associated HD.PARTPIN_LOCS, which will prevent the partial routing of the signal "fcw_rdata[58]". Without this partial route, timing analysis to/from this port will not be accurate, and no routing information for this port can be exported.
WARNING: [Route 35-198] Port "fifo_rdata[58]" does not have an associated HD.PARTPIN_LOCS, which will prevent the partial routing of the signal "fifo_rdata[58]". Without this partial route, timing analysis to/from this port will not be accurate, and no routing information for this port can be exported.
WARNING: [Route 35-198] Port "fifo_rdata[59]" does not have an associated HD.PARTPIN_LOCS, which will prevent the partial routing of the signal "fifo_rdata[59]". Without this partial route, timing analysis to/from this port will not be accurate, and no routing information for this port can be exported.
WARNING: [Route 35-198] Port "fifo_rdata[60]" does not have an associated HD.PARTPIN_LOCS, which will prevent the partial routing of the signal "fifo_rdata[60]". Without this partial route, timing analysis to/from this port will not be accurate, and no routing information for this port can be exported.
WARNING: [Route 35-198] Port "fifo_rdata[61]" does not have an associated HD.PARTPIN_LOCS, which will prevent the partial routing of the signal "fifo_rdata[61]". Without this partial route, timing analysis to/from this port will not be accurate, and no routing information for this port can be exported.
WARNING: [Route 35-198] Port "fcw_rdata[61]" does not have an associated HD.PARTPIN_LOCS, which will prevent the partial routing of the signal "fcw_rdata[61]". Without this partial route, timing analysis to/from this port will not be accurate, and no routing information for this port can be exported.
WARNING: [Route 35-198] Port "fcw_rdata[60]" does not have an associated HD.PARTPIN_LOCS, which will prevent the partial routing of the signal "fcw_rdata[60]". Without this partial route, timing analysis to/from this port will not be accurate, and no routing information for this port can be exported.
WARNING: [Route 35-198] Port "fifo_rdata[28]" does not have an associated HD.PARTPIN_LOCS, which will prevent the partial routing of the signal "fifo_rdata[28]". Without this partial route, timing analysis to/from this port will not be accurate, and no routing information for this port can be exported.
WARNING: [Route 35-198] Port "fifo_rdata[29]" does not have an associated HD.PARTPIN_LOCS, which will prevent the partial routing of the signal "fifo_rdata[29]". Without this partial route, timing analysis to/from this port will not be accurate, and no routing information for this port can be exported.
WARNING: [Route 35-198] Port "fifo_rdata[26]" does not have an associated HD.PARTPIN_LOCS, which will prevent the partial routing of the signal "fifo_rdata[26]". Without this partial route, timing analysis to/from this port will not be accurate, and no routing information for this port can be exported.
WARNING: [Route 35-198] Port "fifo_rdata[27]" does not have an associated HD.PARTPIN_LOCS, which will prevent the partial routing of the signal "fifo_rdata[27]". Without this partial route, timing analysis to/from this port will not be accurate, and no routing information for this port can be exported.
WARNING: [Route 35-198] Port "fifo_rdata[56]" does not have an associated HD.PARTPIN_LOCS, which will prevent the partial routing of the signal "fifo_rdata[56]". Without this partial route, timing analysis to/from this port will not be accurate, and no routing information for this port can be exported.
WARNING: [Route 35-198] Port "fifo_rdata[57]" does not have an associated HD.PARTPIN_LOCS, which will prevent the partial routing of the signal "fifo_rdata[57]". Without this partial route, timing analysis to/from this port will not be accurate, and no routing information for this port can be exported.
WARNING: [Route 35-198] Port "fcw_rdata[62]" does not have an associated HD.PARTPIN_LOCS, which will prevent the partial routing of the signal "fcw_rdata[62]". Without this partial route, timing analysis to/from this port will not be accurate, and no routing information for this port can be exported.
WARNING: [Route 35-198] Port "fcw_rdata[63]" does not have an associated HD.PARTPIN_LOCS, which will prevent the partial routing of the signal "fcw_rdata[63]". Without this partial route, timing analysis to/from this port will not be accurate, and no routing information for this port can be exported.
WARNING: [Route 35-198] Port "fcw_rdata[57]" does not have an associated HD.PARTPIN_LOCS, which will prevent the partial routing of the signal "fcw_rdata[57]". Without this partial route, timing analysis to/from this port will not be accurate, and no routing information for this port can be exported.
WARNING: [Route 35-198] Port "fcw_rdata[56]" does not have an associated HD.PARTPIN_LOCS, which will prevent the partial routing of the signal "fcw_rdata[56]". Without this partial route, timing analysis to/from this port will not be accurate, and no routing information for this port can be exported.
WARNING: [Route 35-198] Port "flat_rdata[63]" does not have an associated HD.PARTPIN_LOCS, which will prevent the partial routing of the signal "flat_rdata[63]". Without this partial route, timing analysis to/from this port will not be accurate, and no routing information for this port can be exported.
WARNING: [Route 35-198] Port "hidden_rdata[63]" does not have an associated HD.PARTPIN_LOCS, which will prevent the partial routing of the signal "hidden_rdata[63]". Without this partial route, timing analysis to/from this port will not be accurate, and no routing information for this port can be exported.
WARNING: [Route 35-198] Port "flat_rdata[62]" does not have an associated HD.PARTPIN_LOCS, which will prevent the partial routing of the signal "flat_rdata[62]". Without this partial route, timing analysis to/from this port will not be accurate, and no routing information for this port can be exported.
WARNING: [Route 35-198] Port "hidden_rdata[62]" does not have an associated HD.PARTPIN_LOCS, which will prevent the partial routing of the signal "hidden_rdata[62]". Without this partial route, timing analysis to/from this port will not be accurate, and no routing information for this port can be exported.
WARNING: [Route 35-198] Port "fifo_rdata[62]" does not have an associated HD.PARTPIN_LOCS, which will prevent the partial routing of the signal "fifo_rdata[62]". Without this partial route, timing analysis to/from this port will not be accurate, and no routing information for this port can be exported.
WARNING: [Route 35-198] Port "fifo_rdata[63]" does not have an associated HD.PARTPIN_LOCS, which will prevent the partial routing of the signal "fifo_rdata[63]". Without this partial route, timing analysis to/from this port will not be accurate, and no routing information for this port can be exported.
WARNING: [Route 35-198] Port "mac_sel[0]" does not have an associated HD.PARTPIN_LOCS, which will prevent the partial routing of the signal "mac_sel[0]". Without this partial route, timing analysis to/from this port will not be accurate, and no routing information for this port can be exported.
WARNING: [Route 35-198] Port "mac_sel[1]" does not have an associated HD.PARTPIN_LOCS, which will prevent the partial routing of the signal "mac_sel[1]". Without this partial route, timing analysis to/from this port will not be accurate, and no routing information for this port can be exported.
WARNING: [Route 35-198] Port "mac_start" does not have an associated HD.PARTPIN_LOCS, which will prevent the partial routing of the signal "mac_start". Without this partial route, timing analysis to/from this port will not be accurate, and no routing information for this port can be exported.
WARNING: [Route 35-198] Port "fifo_empty" does not have an associated HD.PARTPIN_LOCS, which will prevent the partial routing of the signal "fifo_empty". Without this partial route, timing analysis to/from this port will not be accurate, and no routing information for this port can be exported.
WARNING: [Route 35-198] Port "flat_rdata[60]" does not have an associated HD.PARTPIN_LOCS, which will prevent the partial routing of the signal "flat_rdata[60]". Without this partial route, timing analysis to/from this port will not be accurate, and no routing information for this port can be exported.
WARNING: [Route 35-198] Port "hidden_rdata[60]" does not have an associated HD.PARTPIN_LOCS, which will prevent the partial routing of the signal "hidden_rdata[60]". Without this partial route, timing analysis to/from this port will not be accurate, and no routing information for this port can be exported.
WARNING: [Route 35-198] Port "flat_rdata[61]" does not have an associated HD.PARTPIN_LOCS, which will prevent the partial routing of the signal "flat_rdata[61]". Without this partial route, timing analysis to/from this port will not be accurate, and no routing information for this port can be exported.
WARNING: [Route 35-198] Port "hidden_rdata[61]" does not have an associated HD.PARTPIN_LOCS, which will prevent the partial routing of the signal "hidden_rdata[61]". Without this partial route, timing analysis to/from this port will not be accurate, and no routing information for this port can be exported.
WARNING: [Route 35-198] Port "flat_rdata[25]" does not have an associated HD.PARTPIN_LOCS, which will prevent the partial routing of the signal "flat_rdata[25]". Without this partial route, timing analysis to/from this port will not be accurate, and no routing information for this port can be exported.
WARNING: [Route 35-198] Port "hidden_rdata[25]" does not have an associated HD.PARTPIN_LOCS, which will prevent the partial routing of the signal "hidden_rdata[25]". Without this partial route, timing analysis to/from this port will not be accurate, and no routing information for this port can be exported.
WARNING: [Route 35-198] Port "flat_rdata[24]" does not have an associated HD.PARTPIN_LOCS, which will prevent the partial routing of the signal "flat_rdata[24]". Without this partial route, timing analysis to/from this port will not be accurate, and no routing information for this port can be exported.
WARNING: [Route 35-198] Port "hidden_rdata[24]" does not have an associated HD.PARTPIN_LOCS, which will prevent the partial routing of the signal "hidden_rdata[24]". Without this partial route, timing analysis to/from this port will not be accurate, and no routing information for this port can be exported.
WARNING: [Route 35-198] Port "flat_rdata[31]" does not have an associated HD.PARTPIN_LOCS, which will prevent the partial routing of the signal "flat_rdata[31]". Without this partial route, timing analysis to/from this port will not be accurate, and no routing information for this port can be exported.
WARNING: [Route 35-198] Port "hidden_rdata[31]" does not have an associated HD.PARTPIN_LOCS, which will prevent the partial routing of the signal "hidden_rdata[31]". Without this partial route, timing analysis to/from this port will not be accurate, and no routing information for this port can be exported.
WARNING: [Route 35-198] Port "flat_rdata[30]" does not have an associated HD.PARTPIN_LOCS, which will prevent the partial routing of the signal "flat_rdata[30]". Without this partial route, timing analysis to/from this port will not be accurate, and no routing information for this port can be exported.
WARNING: [Route 35-198] Port "hidden_rdata[30]" does not have an associated HD.PARTPIN_LOCS, which will prevent the partial routing of the signal "hidden_rdata[30]". Without this partial route, timing analysis to/from this port will not be accurate, and no routing information for this port can be exported.
WARNING: [Route 35-198] Port "fc_param_rdata[69]" does not have an associated HD.PARTPIN_LOCS, which will prevent the partial routing of the signal "fc_param_rdata[69]". Without this partial route, timing analysis to/from this port will not be accurate, and no routing information for this port can be exported.
WARNING: [Route 35-198] Port "fc_param_rdata[67]" does not have an associated HD.PARTPIN_LOCS, which will prevent the partial routing of the signal "fc_param_rdata[67]". Without this partial route, timing analysis to/from this port will not be accurate, and no routing information for this port can be exported.
WARNING: [Route 35-198] Port "fc_param_rdata[68]" does not have an associated HD.PARTPIN_LOCS, which will prevent the partial routing of the signal "fc_param_rdata[68]". Without this partial route, timing analysis to/from this port will not be accurate, and no routing information for this port can be exported.
WARNING: [Route 35-198] Port "flat_rdata[28]" does not have an associated HD.PARTPIN_LOCS, which will prevent the partial routing of the signal "flat_rdata[28]". Without this partial route, timing analysis to/from this port will not be accurate, and no routing information for this port can be exported.
WARNING: [Route 35-198] Port "hidden_rdata[28]" does not have an associated HD.PARTPIN_LOCS, which will prevent the partial routing of the signal "hidden_rdata[28]". Without this partial route, timing analysis to/from this port will not be accurate, and no routing information for this port can be exported.
WARNING: [Route 35-198] Port "flat_rdata[29]" does not have an associated HD.PARTPIN_LOCS, which will prevent the partial routing of the signal "flat_rdata[29]". Without this partial route, timing analysis to/from this port will not be accurate, and no routing information for this port can be exported.
WARNING: [Route 35-198] Port "hidden_rdata[29]" does not have an associated HD.PARTPIN_LOCS, which will prevent the partial routing of the signal "hidden_rdata[29]". Without this partial route, timing analysis to/from this port will not be accurate, and no routing information for this port can be exported.
WARNING: [Route 35-198] Port "fc_param_rdata[64]" does not have an associated HD.PARTPIN_LOCS, which will prevent the partial routing of the signal "fc_param_rdata[64]". Without this partial route, timing analysis to/from this port will not be accurate, and no routing information for this port can be exported.
WARNING: [Route 35-198] Port "fc_param_rdata[65]" does not have an associated HD.PARTPIN_LOCS, which will prevent the partial routing of the signal "fc_param_rdata[65]". Without this partial route, timing analysis to/from this port will not be accurate, and no routing information for this port can be exported.
WARNING: [Route 35-198] Port "fcw_rdata[25]" does not have an associated HD.PARTPIN_LOCS, which will prevent the partial routing of the signal "fcw_rdata[25]". Without this partial route, timing analysis to/from this port will not be accurate, and no routing information for this port can be exported.
WARNING: [Route 35-198] Port "fcw_rdata[24]" does not have an associated HD.PARTPIN_LOCS, which will prevent the partial routing of the signal "fcw_rdata[24]". Without this partial route, timing analysis to/from this port will not be accurate, and no routing information for this port can be exported.
WARNING: [Route 35-198] Port "flat_rdata[27]" does not have an associated HD.PARTPIN_LOCS, which will prevent the partial routing of the signal "flat_rdata[27]". Without this partial route, timing analysis to/from this port will not be accurate, and no routing information for this port can be exported.
WARNING: [Route 35-198] Port "hidden_rdata[27]" does not have an associated HD.PARTPIN_LOCS, which will prevent the partial routing of the signal "hidden_rdata[27]". Without this partial route, timing analysis to/from this port will not be accurate, and no routing information for this port can be exported.
WARNING: [Route 35-198] Port "flat_rdata[26]" does not have an associated HD.PARTPIN_LOCS, which will prevent the partial routing of the signal "flat_rdata[26]". Without this partial route, timing analysis to/from this port will not be accurate, and no routing information for this port can be exported.
WARNING: [Route 35-198] Port "hidden_rdata[26]" does not have an associated HD.PARTPIN_LOCS, which will prevent the partial routing of the signal "hidden_rdata[26]". Without this partial route, timing analysis to/from this port will not be accurate, and no routing information for this port can be exported.
INFO: [Common 17-14] Message 'Route 35-198' appears 100 times and further instances of the messages will be disabled. Use the Tcl command set_msg_config to change the current settings.
Phase 1 Build RT Design | Checksum: 15f516b1b

Time (s): cpu = 00:00:18 ; elapsed = 00:00:16 . Memory (MB): peak = 1776.109 ; gain = 21.223
Post Restoration Checksum: NetGraph: 8a4f8690 NumContArr: d501e48b Constraints: 0 Timing: 0

Phase 2 Router Initialization

Phase 2.1 Create Timer
Phase 2.1 Create Timer | Checksum: 15f516b1b

Time (s): cpu = 00:00:19 ; elapsed = 00:00:16 . Memory (MB): peak = 1800.930 ; gain = 46.043

Phase 2.2 Fix Topology Constraints
Phase 2.2 Fix Topology Constraints | Checksum: 15f516b1b

Time (s): cpu = 00:00:19 ; elapsed = 00:00:16 . Memory (MB): peak = 1800.930 ; gain = 46.043

Phase 2.3 Pre Route Cleanup
Phase 2.3 Pre Route Cleanup | Checksum: 15f516b1b

Time (s): cpu = 00:00:19 ; elapsed = 00:00:16 . Memory (MB): peak = 1800.930 ; gain = 46.043
 Number of Nodes with overlaps = 0

Phase 2.4 Update Timing
Phase 2.4 Update Timing | Checksum: 1168b8804

Time (s): cpu = 00:00:19 ; elapsed = 00:00:16 . Memory (MB): peak = 1800.930 ; gain = 46.043
INFO: [Route 35-416] Intermediate Timing Summary | WNS=-1.263 | TNS=-16.529| WHS=0.112  | THS=0.000  |

Phase 2 Router Initialization | Checksum: 13f8c0f46

Time (s): cpu = 00:00:20 ; elapsed = 00:00:17 . Memory (MB): peak = 1800.930 ; gain = 46.043

Router Utilization Summary
  Global Vertical Routing Utilization    = 0 %
  Global Horizontal Routing Utilization  = 0 %
  Routable Net Status*
  *Does not include unroutable nets such as driverless and loadless.
  Run report_route_status for detailed report.
  Number of Failed Nets               = 2709
    (Failed Nets is the sum of unrouted and partially routed nets)
  Number of Unrouted Nets             = 2709
  Number of Partially Routed Nets     = 0
  Number of Node Overlaps             = 0


Phase 3 Initial Routing

Phase 3.1 Global Routing
Phase 3.1 Global Routing | Checksum: 13f8c0f46

Time (s): cpu = 00:00:20 ; elapsed = 00:00:17 . Memory (MB): peak = 1800.930 ; gain = 46.043
Phase 3 Initial Routing | Checksum: 145ad0e0f

Time (s): cpu = 00:00:20 ; elapsed = 00:00:17 . Memory (MB): peak = 1800.930 ; gain = 46.043

Phase 4 Rip-up And Reroute

Phase 4.1 Global Iteration 0
 Number of Nodes with overlaps = 1444
 Number of Nodes with overlaps = 729
 Number of Nodes with overlaps = 464
 Number of Nodes with overlaps = 244
 Number of Nodes with overlaps = 134
 Number of Nodes with overlaps = 39
 Number of Nodes with overlaps = 14
 Number of Nodes with overlaps = 6
 Number of Nodes with overlaps = 5
 Number of Nodes with overlaps = 1
 Number of Nodes with overlaps = 0
INFO: [Route 35-416] Intermediate Timing Summary | WNS=-2.478 | TNS=-34.040| WHS=N/A    | THS=N/A    |

Phase 4.1 Global Iteration 0 | Checksum: 1a1fb5aa3

Time (s): cpu = 00:00:35 ; elapsed = 00:00:26 . Memory (MB): peak = 1800.930 ; gain = 46.043

Phase 4.2 Global Iteration 1
 Number of Nodes with overlaps = 870
 Number of Nodes with overlaps = 463
 Number of Nodes with overlaps = 236
 Number of Nodes with overlaps = 116
 Number of Nodes with overlaps = 87
 Number of Nodes with overlaps = 28
 Number of Nodes with overlaps = 7
 Number of Nodes with overlaps = 3
 Number of Nodes with overlaps = 1
 Number of Nodes with overlaps = 0
INFO: [Route 35-416] Intermediate Timing Summary | WNS=-2.476 | TNS=-33.614| WHS=N/A    | THS=N/A    |

Phase 4.2 Global Iteration 1 | Checksum: 13704e2e8

Time (s): cpu = 00:00:46 ; elapsed = 00:00:32 . Memory (MB): peak = 1800.930 ; gain = 46.043
Phase 4 Rip-up And Reroute | Checksum: 13704e2e8

Time (s): cpu = 00:00:46 ; elapsed = 00:00:32 . Memory (MB): peak = 1800.930 ; gain = 46.043

Phase 5 Delay and Skew Optimization

Phase 5.1 Delay CleanUp

Phase 5.1.1 Update Timing
Phase 5.1.1 Update Timing | Checksum: 13704e2e8

Time (s): cpu = 00:00:46 ; elapsed = 00:00:32 . Memory (MB): peak = 1800.930 ; gain = 46.043
INFO: [Route 35-416] Intermediate Timing Summary | WNS=-2.476 | TNS=-33.614| WHS=N/A    | THS=N/A    |

 Number of Nodes with overlaps = 0
Phase 5.1 Delay CleanUp | Checksum: 23ebe0c0f

Time (s): cpu = 00:00:46 ; elapsed = 00:00:32 . Memory (MB): peak = 1800.930 ; gain = 46.043

Phase 5.2 Clock Skew Optimization
Phase 5.2 Clock Skew Optimization | Checksum: 23ebe0c0f

Time (s): cpu = 00:00:46 ; elapsed = 00:00:32 . Memory (MB): peak = 1800.930 ; gain = 46.043
Phase 5 Delay and Skew Optimization | Checksum: 23ebe0c0f

Time (s): cpu = 00:00:46 ; elapsed = 00:00:32 . Memory (MB): peak = 1800.930 ; gain = 46.043

Phase 6 Post Hold Fix

Phase 6.1 Hold Fix Iter

Phase 6.1.1 Update Timing
Phase 6.1.1 Update Timing | Checksum: 236990224

Time (s): cpu = 00:00:46 ; elapsed = 00:00:32 . Memory (MB): peak = 1800.930 ; gain = 46.043
INFO: [Route 35-416] Intermediate Timing Summary | WNS=-2.413 | TNS=-33.472| WHS=0.097  | THS=0.000  |

Phase 6.1 Hold Fix Iter | Checksum: 236990224

Time (s): cpu = 00:00:46 ; elapsed = 00:00:33 . Memory (MB): peak = 1800.930 ; gain = 46.043
Phase 6 Post Hold Fix | Checksum: 236990224

Time (s): cpu = 00:00:46 ; elapsed = 00:00:33 . Memory (MB): peak = 1800.930 ; gain = 46.043

Phase 7 Route finalize

Router Utilization Summary
  Global Vertical Routing Utilization    = 0.614735 %
  Global Horizontal Routing Utilization  = 0.862745 %
  Routable Net Status*
  *Does not include unroutable nets such as driverless and loadless.
  Run report_route_status for detailed report.
  Number of Failed Nets               = 0
    (Failed Nets is the sum of unrouted and partially routed nets)
  Number of Unrouted Nets             = 0
  Number of Partially Routed Nets     = 0
  Number of Node Overlaps             = 0

Congestion Report
North Dir 1x1 Area, Max Cong = 33.3333%, No Congested Regions.
South Dir 1x1 Area, Max Cong = 63.0631%, No Congested Regions.
East Dir 1x1 Area, Max Cong = 51.4706%, No Congested Regions.
West Dir 1x1 Area, Max Cong = 58.8235%, No Congested Regions.

------------------------------
Reporting congestion hotspots
------------------------------
Direction: North
----------------
Congested clusters found at Level 0
Effective congestion level: 0 Aspect Ratio: 1 Sparse Ratio: 0
Direction: South
----------------
Congested clusters found at Level 0
Effective congestion level: 0 Aspect Ratio: 1 Sparse Ratio: 0
Direction: East
----------------
Congested clusters found at Level 0
Effective congestion level: 0 Aspect Ratio: 1 Sparse Ratio: 0
Direction: West
----------------
Congested clusters found at Level 0
Effective congestion level: 0 Aspect Ratio: 1 Sparse Ratio: 0

Phase 7 Route finalize | Checksum: 2251864b9

Time (s): cpu = 00:00:46 ; elapsed = 00:00:33 . Memory (MB): peak = 1800.930 ; gain = 46.043

Phase 8 Verifying routed nets

 Verification completed successfully
Phase 8 Verifying routed nets | Checksum: 2251864b9

Time (s): cpu = 00:00:46 ; elapsed = 00:00:33 . Memory (MB): peak = 1800.930 ; gain = 46.043

Phase 9 Depositing Routes
Phase 9 Depositing Routes | Checksum: 292f72757

Time (s): cpu = 00:00:47 ; elapsed = 00:00:33 . Memory (MB): peak = 1800.930 ; gain = 46.043

Phase 10 Post Router Timing
INFO: [Route 35-57] Estimated Timing Summary | WNS=-2.413 | TNS=-33.472| WHS=0.097  | THS=0.000  |

WARNING: [Route 35-328] Router estimated timing not met.
Resolution: For a complete and accurate timing signoff, report_timing_summary must be run after route_design. Alternatively, route_design can be run with the -timing_summary option to enable a complete timing signoff at the end of route_design.
Phase 10 Post Router Timing | Checksum: 292f72757

Time (s): cpu = 00:00:47 ; elapsed = 00:00:33 . Memory (MB): peak = 1800.930 ; gain = 46.043
INFO: [Route 35-16] Router Completed Successfully

Time (s): cpu = 00:00:47 ; elapsed = 00:00:33 . Memory (MB): peak = 1800.930 ; gain = 46.043

Routing Is Done.
INFO: [Common 17-83] Releasing license: Implementation
346 Infos, 107 Warnings, 0 Critical Warnings and 0 Errors encountered.
route_design completed successfully
route_design: Time (s): cpu = 00:00:48 ; elapsed = 00:00:34 . Memory (MB): peak = 1800.930 ; gain = 46.543
WARNING: [Timing 38-242] The property HD.CLK_SRC of clock port "clk" is not set. In out-of-context mode, this prevents timing estimation for clock delay/skew
Resolution: Set the HD.CLK_SRC property of the out-of-context port to the location of the clock buffer instance in the top-level design
INFO: [Timing 38-78] ReportTimingParams: -max_paths 3 -nworst 1 -delay_type max -sort_by slack.
E02A_STAGE post_route	-2.413	0.097	u_rq/param3_reg[69]/C	u_rq/rq_reg[1]/R
Command: report_drc -file D:/2609_final_project/cnn_rtl/docs/E-02a_runs/fc_default_10.000/drc.rpt
INFO: [IP_Flow 19-234] Refreshing IP repositories
INFO: [IP_Flow 19-1704] No user IP repositories specified
INFO: [IP_Flow 19-2313] Loaded Vivado IP repository 'C:/Xilinx/Vivado/2020.2/data/ip'.
INFO: [DRC 23-27] Running DRC with 2 threads
INFO: [Coretcl 2-168] The results of DRC are in file D:/2609_final_project/cnn_rtl/docs/E-02a_runs/fc_default_10.000/drc.rpt.
report_drc completed successfully
INFO: [Timing 38-480] Writing timing data to binary archive.
Writing placer database...
Writing XDEF routing.
Writing XDEF routing logical nets.
Writing XDEF routing special nets.
Write XDEF Complete: Time (s): cpu = 00:00:00 ; elapsed = 00:00:00.323 . Memory (MB): peak = 1869.039 ; gain = 0.000
INFO: [Common 17-1381] The checkpoint 'D:/2609_final_project/cnn_rtl/docs/E-02a_runs/fc_default_10.000/routed.dcp' has been generated.
# set status [catch {
#     puts "E02A_CONFIG top=$top part=$part period=$period mode=$mode"
#     puts "E02A_VERSION [version -short]"
#     foreach source $srcs {
#         # The optional E5 TB stub contains SystemVerilog, read unmodified.
#         if {[file tail $source] eq "fc_stub.v"} {read_verilog -sv $source} else {read_verilog $source}
#     }
#     read_xdc [file join [file dirname [info script]] timing_100mhz.xdc]
#     if {$period != 10.000} {
#         create_clock -period $period -name ACLK [get_ports -filter {NAME =~ *ACLK || NAME == clk}]
#     }
#     synth_design -top $top -part $part -mode out_of_context
#     report_clocks -file [file join $out_dir clocks.rpt]
#     e02a_stage post_synth $out_dir
#     if {$mode eq "performance"} {
#         opt_design -directive Explore
#         place_design -directive ExtraTimingOpt
#     } else {
#         opt_design
#         place_design
#     }
#     e02a_stage post_place $out_dir
#     if {$mode eq "performance"} {phys_opt_design -directive AggressiveExplore} else {phys_opt_design}
#     e02a_stage post_phys_opt $out_dir
#     if {$mode eq "performance"} {route_design -directive Explore} else {route_design}
#     e02a_stage post_route $out_dir
#     report_route_status -file [file join $out_dir route_status.rpt]
#     report_utilization -file [file join $out_dir utilization.rpt]
#     report_drc -file [file join $out_dir drc.rpt]
#     check_timing -verbose -file [file join $out_dir check_timing.rpt]
#     write_checkpoint -force [file join $out_dir routed.dcp]
#     write_verilog -force -mode funcsim [file join $out_dir routed_netlist.v]
#     # Preserve the actual timing points/properties for E6; do not infer RTL
#     # operation names solely from a synthesized LUT instance name.
#     set p [lindex [get_timing_paths -delay_type max -max_paths 1] 0]
#     set f [open [file join $out_dir path_properties.txt] w]
#     foreach prop [list_property $p] {puts $f "$prop\t[get_property $prop $p]"}
#     foreach pt [get_property TIMING_POINTS $p] {
#         puts $f "POINT $pt"
#         foreach prop [list_property $pt] {puts $f "$prop\t[get_property $prop $pt]"}
#     }
#     close $f
#     puts "E02A_IMPL_DONE top=$top period=$period mode=$mode"
# } detail options]
# if {$status} {
#     puts "E02A_IMPL_FAILED $detail"
#     puts [dict get $options -errorinfo]
#     exit 1
# }
E02A_IMPL_FAILED ERROR: [Common 17-54] The object 'timing_path' does not have a property 'TIMING_POINTS'.

ERROR: [Common 17-54] The object 'timing_path' does not have a property 'TIMING_POINTS'.

    while executing
"get_property TIMING_POINTS $p"
INFO: [Common 17-206] Exiting Vivado at Sat Sep 26 19:55:11 2026...

EXIT_CODE: 1
WALL_CLOCK_SECONDS: 125.405316
